index,suite,case,relative_input,source,algorithm,status,reason,wall_seconds,worker_seconds,exit_code,solver_status,placement_optimal,ilp_runtime_seconds,drc_passed,violation_count,control_required,control_passed,is_placed_and_routed,total_channel_manhattan_length,physical_area,padded_area,output_json,metrics_json,log,artifact_dir
1,lfr,lfr__CIDAR_Lab_Past_Devices__Chemostat_Chip__Chemostat_Chip_fromLFR,CIDAR_Lab_Past_Devices/Chemostat_Chip/Chemostat_Chip_fromLFR.json,/home/student/Desktop/Neptune_2026/Microfluidics-Benchmarks/Results/LFR-TestCases/CIDAR_Lab_Past_Devices/Chemostat_Chip/Chemostat_Chip_fromLFR.json,tree,timeout,exceeded 1800s,1800.119,,,,,,,,,,,,,,,,Microfluidics-Benchmarks/Results/tree_full_20260915_040013/logs/lfr__CIDAR_Lab_Past_Devices__Chemostat_Chip__Chemostat_Chip_fromLFR.log,Microfluidics-Benchmarks/Results/tree_full_20260915_040013/artifacts/lfr__CIDAR_Lab_Past_Devices__Chemostat_Chip__Chemostat_Chip_fromLFR
2,lfr,lfr__CIDAR_Lab_Past_Devices__Dna_Synthesizer__Dna_Synthesizer_fromLFR,CIDAR_Lab_Past_Devices/Dna_Synthesizer/Dna_Synthesizer_fromLFR.json,/home/student/Desktop/Neptune_2026/Microfluidics-Benchmarks/Results/LFR-TestCases/CIDAR_Lab_Past_Devices/Dna_Synthesizer/Dna_Synthesizer_fromLFR.json,tree,timeout,exceeded 1800s,1800.274,,,,,,,,,,,,,,,,Microfluidics-Benchmarks/Results/tree_full_20260915_040013/logs/lfr__CIDAR_Lab_Past_Devices__Dna_Synthesizer__Dna_Synthesizer_fromLFR.log,Microfluidics-Benchmarks/Results/tree_full_20260915_040013/artifacts/lfr__CIDAR_Lab_Past_Devices__Dna_Synthesizer__Dna_Synthesizer_fromLFR
3,lfr,lfr__CIDAR_Lab_Past_Devices__Dual_Lane_Droplet__Dual_Lane_Droplet_fromLFR,CIDAR_Lab_Past_Devices/Dual_Lane_Droplet/Dual_Lane_Droplet_fromLFR.json,/home/student/Desktop/Neptune_2026/Microfluidics-Benchmarks/Results/LFR-TestCases/CIDAR_Lab_Past_Devices/Dual_Lane_Droplet/Dual_Lane_Droplet_fromLFR.json,tree,success,,2.53,2.310839,0,,,,,,,,True,,,,/home/student/Desktop/Neptune_2026/Microfluidics-Benchmarks/Results/tree_full_20260915_040013/artifacts/lfr__CIDAR_Lab_Past_Devices__Dual_Lane_Droplet__Dual_Lane_Droplet_fromLFR/result.json,,Microfluidics-Benchmarks/Results/tree_full_20260915_040013/logs/lfr__CIDAR_Lab_Past_Devices__Dual_Lane_Droplet__Dual_Lane_Droplet_fromLFR.log,Microfluidics-Benchmarks/Results/tree_full_20260915_040013/artifacts/lfr__CIDAR_Lab_Past_Devices__Dual_Lane_Droplet__Dual_Lane_Droplet_fromLFR
4,lfr,lfr__CIDAR_Lab_Past_Devices__Genetic_Clock_Testing_Tool__Genetic_Clock_Testing_Tool_fromLFR,CIDAR_Lab_Past_Devices/Genetic_Clock_Testing_Tool/Genetic_Clock_Testing_Tool_fromLFR.json,/home/student/Desktop/Neptune_2026/Microfluidics-Benchmarks/Results/LFR-TestCases/CIDAR_Lab_Past_Devices/Genetic_Clock_Testing_Tool/Genetic_Clock_Testing_Tool_fromLFR.json,tree,success,,1.126,0.910539,0,,,,,,,,True,,,,/home/student/Desktop/Neptune_2026/Microfluidics-Benchmarks/Results/tree_full_20260915_040013/artifacts/lfr__CIDAR_Lab_Past_Devices__Genetic_Clock_Testing_Tool__Genetic_Clock_Testing_Tool_fromLFR/result.json,,Microfluidics-Benchmarks/Results/tree_full_20260915_040013/logs/lfr__CIDAR_Lab_Past_Devices__Genetic_Clock_Testing_Tool__Genetic_Clock_Testing_Tool_fromLFR.log,Microfluidics-Benchmarks/Results/tree_full_20260915_040013/artifacts/lfr__CIDAR_Lab_Past_Devices__Genetic_Clock_Testing_Tool__Genetic_Clock_Testing_Tool_fromLFR
5,lfr,lfr__CIDAR_Lab_Past_Devices__Glycoform__Glycoform_fromLFR,CIDAR_Lab_Past_Devices/Glycoform/Glycoform_fromLFR.json,/home/student/Desktop/Neptune_2026/Microfluidics-Benchmarks/Results/LFR-TestCases/CIDAR_Lab_Past_Devices/Glycoform/Glycoform_fromLFR.json,tree,success,,1.227,0.993457,0,,,,,,,,True,,,,/home/student/Desktop/Neptune_2026/Microfluidics-Benchmarks/Results/tree_full_20260915_040013/artifacts/lfr__CIDAR_Lab_Past_Devices__Glycoform__Glycoform_fromLFR/result.json,,Microfluidics-Benchmarks/Results/tree_full_20260915_040013/logs/lfr__CIDAR_Lab_Past_Devices__Glycoform__Glycoform_fromLFR.log,Microfluidics-Benchmarks/Results/tree_full_20260915_040013/artifacts/lfr__CIDAR_Lab_Past_Devices__Glycoform__Glycoform_fromLFR
6,lfr,lfr__CIDAR_Lab_Past_Devices__Grad_Cells__Grad_Cells_fromLFR,CIDAR_Lab_Past_Devices/Grad_Cells/Grad_Cells_fromLFR.json,/home/student/Desktop/Neptune_2026/Microfluidics-Benchmarks/Results/LFR-TestCases/CIDAR_Lab_Past_Devices/Grad_Cells/Grad_Cells_fromLFR.json,tree,success,,5.285,5.070565,0,,,,,,,,True,,,,/home/student/Desktop/Neptune_2026/Microfluidics-Benchmarks/Results/tree_full_20260915_040013/artifacts/lfr__CIDAR_Lab_Past_Devices__Grad_Cells__Grad_Cells_fromLFR/result.json,,Microfluidics-Benchmarks/Results/tree_full_20260915_040013/logs/lfr__CIDAR_Lab_Past_Devices__Grad_Cells__Grad_Cells_fromLFR.log,Microfluidics-Benchmarks/Results/tree_full_20260915_040013/artifacts/lfr__CIDAR_Lab_Past_Devices__Grad_Cells__Grad_Cells_fromLFR
7,lfr,lfr__CIDAR_Lab_Past_Devices__Gradient__Gradient_fromLFR,CIDAR_Lab_Past_Devices/Gradient/Gradient_fromLFR.json,/home/student/Desktop/Neptune_2026/Microfluidics-Benchmarks/Results/LFR-TestCases/CIDAR_Lab_Past_Devices/Gradient/Gradient_fromLFR.json,tree,timeout,exceeded 1800s,1800.02,,,,,,,,,,,,,,,,Microfluidics-Benchmarks/Results/tree_full_20260915_040013/logs/lfr__CIDAR_Lab_Past_Devices__Gradient__Gradient_fromLFR.log,Microfluidics-Benchmarks/Results/tree_full_20260915_040013/artifacts/lfr__CIDAR_Lab_Past_Devices__Gradient__Gradient_fromLFR
8,lfr,lfr__CIDAR_Lab_Past_Devices__Hasty_Cell_Traps__Hasty_Cell_Traps_fromLFR,CIDAR_Lab_Past_Devices/Hasty_Cell_Traps/Hasty_Cell_Traps_fromLFR.json,/home/student/Desktop/Neptune_2026/Microfluidics-Benchmarks/Results/LFR-TestCases/CIDAR_Lab_Past_Devices/Hasty_Cell_Traps/Hasty_Cell_Traps_fromLFR.json,tree,success,,1.077,0.835886,0,,,,,,,,True,,,,/home/student/Desktop/Neptune_2026/Microfluidics-Benchmarks/Results/tree_full_20260915_040013/artifacts/lfr__CIDAR_Lab_Past_Devices__Hasty_Cell_Traps__Hasty_Cell_Traps_fromLFR/result.json,,Microfluidics-Benchmarks/Results/tree_full_20260915_040013/logs/lfr__CIDAR_Lab_Past_Devices__Hasty_Cell_Traps__Hasty_Cell_Traps_fromLFR.log,Microfluidics-Benchmarks/Results/tree_full_20260915_040013/artifacts/lfr__CIDAR_Lab_Past_Devices__Hasty_Cell_Traps__Hasty_Cell_Traps_fromLFR
9,lfr,lfr__CIDAR_Lab_Past_Devices__Hmlp_Dual_Bank__Hmlp_Dual_Bank_fromLFR,CIDAR_Lab_Past_Devices/Hmlp_Dual_Bank/Hmlp_Dual_Bank_fromLFR.json,/home/student/Desktop/Neptune_2026/Microfluidics-Benchmarks/Results/LFR-TestCases/CIDAR_Lab_Past_Devices/Hmlp_Dual_Bank/Hmlp_Dual_Bank_fromLFR.json,tree,timeout,exceeded 1800s,1800.03,,,,,,,,,,,,,,,,Microfluidics-Benchmarks/Results/tree_full_20260915_040013/logs/lfr__CIDAR_Lab_Past_Devices__Hmlp_Dual_Bank__Hmlp_Dual_Bank_fromLFR.log,Microfluidics-Benchmarks/Results/tree_full_20260915_040013/artifacts/lfr__CIDAR_Lab_Past_Devices__Hmlp_Dual_Bank__Hmlp_Dual_Bank_fromLFR
10,lfr,lfr__CIDAR_Lab_Past_Devices__Incubator__Incubator_fromLFR,CIDAR_Lab_Past_Devices/Incubator/Incubator_fromLFR.json,/home/student/Desktop/Neptune_2026/Microfluidics-Benchmarks/Results/LFR-TestCases/CIDAR_Lab_Past_Devices/Incubator/Incubator_fromLFR.json,tree,success,,520.183,519.948448,0,,,,,,,,True,,,,/home/student/Desktop/Neptune_2026/Microfluidics-Benchmarks/Results/tree_full_20260915_040013/artifacts/lfr__CIDAR_Lab_Past_Devices__Incubator__Incubator_fromLFR/result.json,,Microfluidics-Benchmarks/Results/tree_full_20260915_040013/logs/lfr__CIDAR_Lab_Past_Devices__Incubator__Incubator_fromLFR.log,Microfluidics-Benchmarks/Results/tree_full_20260915_040013/artifacts/lfr__CIDAR_Lab_Past_Devices__Incubator__Incubator_fromLFR
11,lfr,lfr__CIDAR_Lab_Past_Devices__Inlet_16__Inlet_16_fromLFR,CIDAR_Lab_Past_Devices/Inlet_16/Inlet_16_fromLFR.json,/home/student/Desktop/Neptune_2026/Microfluidics-Benchmarks/Results/LFR-TestCases/CIDAR_Lab_Past_Devices/Inlet_16/Inlet_16_fromLFR.json,tree,timeout,exceeded 1800s,1800.066,,,,,,,,,,,,,,,,Microfluidics-Benchmarks/Results/tree_full_20260915_040013/logs/lfr__CIDAR_Lab_Past_Devices__Inlet_16__Inlet_16_fromLFR.log,Microfluidics-Benchmarks/Results/tree_full_20260915_040013/artifacts/lfr__CIDAR_Lab_Past_Devices__Inlet_16__Inlet_16_fromLFR
12,lfr,lfr__CIDAR_Lab_Past_Devices__Kinetics__Kinetics_fromLFR,CIDAR_Lab_Past_Devices/Kinetics/Kinetics_fromLFR.json,/home/student/Desktop/Neptune_2026/Microfluidics-Benchmarks/Results/LFR-TestCases/CIDAR_Lab_Past_Devices/Kinetics/Kinetics_fromLFR.json,tree,success,,1.021,0.808161,0,,,,,,,,True,,,,/home/student/Desktop/Neptune_2026/Microfluidics-Benchmarks/Results/tree_full_20260915_040013/artifacts/lfr__CIDAR_Lab_Past_Devices__Kinetics__Kinetics_fromLFR/result.json,,Microfluidics-Benchmarks/Results/tree_full_20260915_040013/logs/lfr__CIDAR_Lab_Past_Devices__Kinetics__Kinetics_fromLFR.log,Microfluidics-Benchmarks/Results/tree_full_20260915_040013/artifacts/lfr__CIDAR_Lab_Past_Devices__Kinetics__Kinetics_fromLFR
13,lfr,lfr__CIDAR_Lab_Past_Devices__Logic_04__Logic_04_fromLFR,CIDAR_Lab_Past_Devices/Logic_04/Logic_04_fromLFR.json,/home/student/Desktop/Neptune_2026/Microfluidics-Benchmarks/Results/LFR-TestCases/CIDAR_Lab_Past_Devices/Logic_04/Logic_04_fromLFR.json,tree,success,,333.926,333.704616,0,,,,,,,,True,,,,/home/student/Desktop/Neptune_2026/Microfluidics-Benchmarks/Results/tree_full_20260915_040013/artifacts/lfr__CIDAR_Lab_Past_Devices__Logic_04__Logic_04_fromLFR/result.json,,Microfluidics-Benchmarks/Results/tree_full_20260915_040013/logs/lfr__CIDAR_Lab_Past_Devices__Logic_04__Logic_04_fromLFR.log,Microfluidics-Benchmarks/Results/tree_full_20260915_040013/artifacts/lfr__CIDAR_Lab_Past_Devices__Logic_04__Logic_04_fromLFR
14,lfr,lfr__CIDAR_Lab_Past_Devices__Mfd_005_Chip__Mfd_005_Chip_fromLFR,CIDAR_Lab_Past_Devices/Mfd_005_Chip/Mfd_005_Chip_fromLFR.json,/home/student/Desktop/Neptune_2026/Microfluidics-Benchmarks/Results/LFR-TestCases/CIDAR_Lab_Past_Devices/Mfd_005_Chip/Mfd_005_Chip_fromLFR.json,tree,success,,1.225,0.988752,0,,,,,,,,True,,,,/home/student/Desktop/Neptune_2026/Microfluidics-Benchmarks/Results/tree_full_20260915_040013/artifacts/lfr__CIDAR_Lab_Past_Devices__Mfd_005_Chip__Mfd_005_Chip_fromLFR/result.json,,Microfluidics-Benchmarks/Results/tree_full_20260915_040013/logs/lfr__CIDAR_Lab_Past_Devices__Mfd_005_Chip__Mfd_005_Chip_fromLFR.log,Microfluidics-Benchmarks/Results/tree_full_20260915_040013/artifacts/lfr__CIDAR_Lab_Past_Devices__Mfd_005_Chip__Mfd_005_Chip_fromLFR
15,lfr,lfr__CIDAR_Lab_Past_Devices__Microalgal_Bioassay__Microalgal_Bioassay_fromLFR,CIDAR_Lab_Past_Devices/Microalgal_Bioassay/Microalgal_Bioassay_fromLFR.json,/home/student/Desktop/Neptune_2026/Microfluidics-Benchmarks/Results/LFR-TestCases/CIDAR_Lab_Past_Devices/Microalgal_Bioassay/Microalgal_Bioassay_fromLFR.json,tree,success,,1.218,0.991264,0,,,,,,,,True,,,,/home/student/Desktop/Neptune_2026/Microfluidics-Benchmarks/Results/tree_full_20260915_040013/artifacts/lfr__CIDAR_Lab_Past_Devices__Microalgal_Bioassay__Microalgal_Bioassay_fromLFR/result.json,,Microfluidics-Benchmarks/Results/tree_full_20260915_040013/logs/lfr__CIDAR_Lab_Past_Devices__Microalgal_Bioassay__Microalgal_Bioassay_fromLFR.log,Microfluidics-Benchmarks/Results/tree_full_20260915_040013/artifacts/lfr__CIDAR_Lab_Past_Devices__Microalgal_Bioassay__Microalgal_Bioassay_fromLFR
16,lfr,lfr__CIDAR_Lab_Past_Devices__Microdroplet__Microdroplet_fromLFR,CIDAR_Lab_Past_Devices/Microdroplet/Microdroplet_fromLFR.json,/home/student/Desktop/Neptune_2026/Microfluidics-Benchmarks/Results/LFR-TestCases/CIDAR_Lab_Past_Devices/Microdroplet/Microdroplet_fromLFR.json,tree,success,,221.021,220.724295,0,,,,,,,,True,,,,/home/student/Desktop/Neptune_2026/Microfluidics-Benchmarks/Results/tree_full_20260915_040013/artifacts/lfr__CIDAR_Lab_Past_Devices__Microdroplet__Microdroplet_fromLFR/result.json,,Microfluidics-Benchmarks/Results/tree_full_20260915_040013/logs/lfr__CIDAR_Lab_Past_Devices__Microdroplet__Microdroplet_fromLFR.log,Microfluidics-Benchmarks/Results/tree_full_20260915_040013/artifacts/lfr__CIDAR_Lab_Past_Devices__Microdroplet__Microdroplet_fromLFR
17,lfr,lfr__CIDAR_Lab_Past_Devices__Microreactor__Microreactor_fromLFR,CIDAR_Lab_Past_Devices/Microreactor/Microreactor_fromLFR.json,/home/student/Desktop/Neptune_2026/Microfluidics-Benchmarks/Results/LFR-TestCases/CIDAR_Lab_Past_Devices/Microreactor/Microreactor_fromLFR.json,tree,success,,72.223,71.943261,0,,,,,,,,True,,,,/home/student/Desktop/Neptune_2026/Microfluidics-Benchmarks/Results/tree_full_20260915_040013/artifacts/lfr__CIDAR_Lab_Past_Devices__Microreactor__Microreactor_fromLFR/result.json,,Microfluidics-Benchmarks/Results/tree_full_20260915_040013/logs/lfr__CIDAR_Lab_Past_Devices__Microreactor__Microreactor_fromLFR.log,Microfluidics-Benchmarks/Results/tree_full_20260915_040013/artifacts/lfr__CIDAR_Lab_Past_Devices__Microreactor__Microreactor_fromLFR
18,lfr,lfr__CIDAR_Lab_Past_Devices__Mix_Incubate_Express__Mix_Incubate_Express_fromLFR,CIDAR_Lab_Past_Devices/Mix_Incubate_Express/Mix_Incubate_Express_fromLFR.json,/home/student/Desktop/Neptune_2026/Microfluidics-Benchmarks/Results/LFR-TestCases/CIDAR_Lab_Past_Devices/Mix_Incubate_Express/Mix_Incubate_Express_fromLFR.json,tree,success,,0.966,0.791318,0,,,,,,,,True,,,,/home/student/Desktop/Neptune_2026/Microfluidics-Benchmarks/Results/tree_full_20260915_040013/artifacts/lfr__CIDAR_Lab_Past_Devices__Mix_Incubate_Express__Mix_Incubate_Express_fromLFR/result.json,,Microfluidics-Benchmarks/Results/tree_full_20260915_040013/logs/lfr__CIDAR_Lab_Past_Devices__Mix_Incubate_Express__Mix_Incubate_Express_fromLFR.log,Microfluidics-Benchmarks/Results/tree_full_20260915_040013/artifacts/lfr__CIDAR_Lab_Past_Devices__Mix_Incubate_Express__Mix_Incubate_Express_fromLFR
19,lfr,lfr__CIDAR_Lab_Past_Devices__Multi_Input__Multi_Input_fromLFR,CIDAR_Lab_Past_Devices/Multi_Input/Multi_Input_fromLFR.json,/home/student/Desktop/Neptune_2026/Microfluidics-Benchmarks/Results/LFR-TestCases/CIDAR_Lab_Past_Devices/Multi_Input/Multi_Input_fromLFR.json,tree,success,,51.418,51.195498,0,,,,,,,,True,,,,/home/student/Desktop/Neptune_2026/Microfluidics-Benchmarks/Results/tree_full_20260915_040013/artifacts/lfr__CIDAR_Lab_Past_Devices__Multi_Input__Multi_Input_fromLFR/result.json,,Microfluidics-Benchmarks/Results/tree_full_20260915_040013/logs/lfr__CIDAR_Lab_Past_Devices__Multi_Input__Multi_Input_fromLFR.log,Microfluidics-Benchmarks/Results/tree_full_20260915_040013/artifacts/lfr__CIDAR_Lab_Past_Devices__Multi_Input__Multi_Input_fromLFR
20,lfr,lfr__CIDAR_Lab_Past_Devices__Mux_96_Chambers__Mux_96_Chambers_fromLFR,CIDAR_Lab_Past_Devices/Mux_96_Chambers/Mux_96_Chambers_fromLFR.json,/home/student/Desktop/Neptune_2026/Microfluidics-Benchmarks/Results/LFR-TestCases/CIDAR_Lab_Past_Devices/Mux_96_Chambers/Mux_96_Chambers_fromLFR.json,tree,success,,10.135,9.845371,0,,,,,,,,True,,,,/home/student/Desktop/Neptune_2026/Microfluidics-Benchmarks/Results/tree_full_20260915_040013/artifacts/lfr__CIDAR_Lab_Past_Devices__Mux_96_Chambers__Mux_96_Chambers_fromLFR/result.json,,Microfluidics-Benchmarks/Results/tree_full_20260915_040013/logs/lfr__CIDAR_Lab_Past_Devices__Mux_96_Chambers__Mux_96_Chambers_fromLFR.log,Microfluidics-Benchmarks/Results/tree_full_20260915_040013/artifacts/lfr__CIDAR_Lab_Past_Devices__Mux_96_Chambers__Mux_96_Chambers_fromLFR
21,lfr,lfr__CIDAR_Lab_Past_Devices__Net_Mux__Net_Mux_fromLFR,CIDAR_Lab_Past_Devices/Net_Mux/Net_Mux_fromLFR.json,/home/student/Desktop/Neptune_2026/Microfluidics-Benchmarks/Results/LFR-TestCases/CIDAR_Lab_Past_Devices/Net_Mux/Net_Mux_fromLFR.json,tree,timeout,exceeded 1800s,1800.018,,,,,,,,,,,,,,,,Microfluidics-Benchmarks/Results/tree_full_20260915_040013/logs/lfr__CIDAR_Lab_Past_Devices__Net_Mux__Net_Mux_fromLFR.log,Microfluidics-Benchmarks/Results/tree_full_20260915_040013/artifacts/lfr__CIDAR_Lab_Past_Devices__Net_Mux__Net_Mux_fromLFR
22,lfr,lfr__CIDAR_Lab_Past_Devices__Nine_To_One_Mux__Nine_To_One_Mux_fromLFR,CIDAR_Lab_Past_Devices/Nine_To_One_Mux/Nine_To_One_Mux_fromLFR.json,/home/student/Desktop/Neptune_2026/Microfluidics-Benchmarks/Results/LFR-TestCases/CIDAR_Lab_Past_Devices/Nine_To_One_Mux/Nine_To_One_Mux_fromLFR.json,tree,success,,440.391,440.149398,0,,,,,,,,True,,,,/home/student/Desktop/Neptune_2026/Microfluidics-Benchmarks/Results/tree_full_20260915_040013/artifacts/lfr__CIDAR_Lab_Past_Devices__Nine_To_One_Mux__Nine_To_One_Mux_fromLFR/result.json,,Microfluidics-Benchmarks/Results/tree_full_20260915_040013/logs/lfr__CIDAR_Lab_Past_Devices__Nine_To_One_Mux__Nine_To_One_Mux_fromLFR.log,Microfluidics-Benchmarks/Results/tree_full_20260915_040013/artifacts/lfr__CIDAR_Lab_Past_Devices__Nine_To_One_Mux__Nine_To_One_Mux_fromLFR
23,lfr,lfr__CIDAR_Lab_Past_Devices__Number_Declarations__Number_Declarations_fromLFR,CIDAR_Lab_Past_Devices/Number_Declarations/Number_Declarations_fromLFR.json,/home/student/Desktop/Neptune_2026/Microfluidics-Benchmarks/Results/LFR-TestCases/CIDAR_Lab_Past_Devices/Number_Declarations/Number_Declarations_fromLFR.json,tree,success,,0.867,0.698951,0,,,,,,,,True,,,,/home/student/Desktop/Neptune_2026/Microfluidics-Benchmarks/Results/tree_full_20260915_040013/artifacts/lfr__CIDAR_Lab_Past_Devices__Number_Declarations__Number_Declarations_fromLFR/result.json,,Microfluidics-Benchmarks/Results/tree_full_20260915_040013/logs/lfr__CIDAR_Lab_Past_Devices__Number_Declarations__Number_Declarations_fromLFR.log,Microfluidics-Benchmarks/Results/tree_full_20260915_040013/artifacts/lfr__CIDAR_Lab_Past_Devices__Number_Declarations__Number_Declarations_fromLFR
24,lfr,lfr__CIDAR_Lab_Past_Devices__Olfactory__Olfactory_fromLFR,CIDAR_Lab_Past_Devices/Olfactory/Olfactory_fromLFR.json,/home/student/Desktop/Neptune_2026/Microfluidics-Benchmarks/Results/LFR-TestCases/CIDAR_Lab_Past_Devices/Olfactory/Olfactory_fromLFR.json,tree,success,,1.771,1.571217,0,,,,,,,,True,,,,/home/student/Desktop/Neptune_2026/Microfluidics-Benchmarks/Results/tree_full_20260915_040013/artifacts/lfr__CIDAR_Lab_Past_Devices__Olfactory__Olfactory_fromLFR/result.json,,Microfluidics-Benchmarks/Results/tree_full_20260915_040013/logs/lfr__CIDAR_Lab_Past_Devices__Olfactory__Olfactory_fromLFR.log,Microfluidics-Benchmarks/Results/tree_full_20260915_040013/artifacts/lfr__CIDAR_Lab_Past_Devices__Olfactory__Olfactory_fromLFR
25,lfr,lfr__CIDAR_Lab_Past_Devices__Pump_Passthrough__Pump_Passthrough_fromLFR,CIDAR_Lab_Past_Devices/Pump_Passthrough/Pump_Passthrough_fromLFR.json,/home/student/Desktop/Neptune_2026/Microfluidics-Benchmarks/Results/LFR-TestCases/CIDAR_Lab_Past_Devices/Pump_Passthrough/Pump_Passthrough_fromLFR.json,tree,success,,0.867,0.70729,0,,,,,,,,True,,,,/home/student/Desktop/Neptune_2026/Microfluidics-Benchmarks/Results/tree_full_20260915_040013/artifacts/lfr__CIDAR_Lab_Past_Devices__Pump_Passthrough__Pump_Passthrough_fromLFR/result.json,,Microfluidics-Benchmarks/Results/tree_full_20260915_040013/logs/lfr__CIDAR_Lab_Past_Devices__Pump_Passthrough__Pump_Passthrough_fromLFR.log,Microfluidics-Benchmarks/Results/tree_full_20260915_040013/artifacts/lfr__CIDAR_Lab_Past_Devices__Pump_Passthrough__Pump_Passthrough_fromLFR
26,lfr,lfr__CIDAR_Lab_Past_Devices__Ring__Ring_fromLFR,CIDAR_Lab_Past_Devices/Ring/Ring_fromLFR.json,/home/student/Desktop/Neptune_2026/Microfluidics-Benchmarks/Results/LFR-TestCases/CIDAR_Lab_Past_Devices/Ring/Ring_fromLFR.json,tree,success,,0.968,0.797459,0,,,,,,,,True,,,,/home/student/Desktop/Neptune_2026/Microfluidics-Benchmarks/Results/tree_full_20260915_040013/artifacts/lfr__CIDAR_Lab_Past_Devices__Ring__Ring_fromLFR/result.json,,Microfluidics-Benchmarks/Results/tree_full_20260915_040013/logs/lfr__CIDAR_Lab_Past_Devices__Ring__Ring_fromLFR.log,Microfluidics-Benchmarks/Results/tree_full_20260915_040013/artifacts/lfr__CIDAR_Lab_Past_Devices__Ring__Ring_fromLFR
27,lfr,lfr__CIDAR_Lab_Past_Devices__Root_Chip__Root_Chip_fromLFR,CIDAR_Lab_Past_Devices/Root_Chip/Root_Chip_fromLFR.json,/home/student/Desktop/Neptune_2026/Microfluidics-Benchmarks/Results/LFR-TestCases/CIDAR_Lab_Past_Devices/Root_Chip/Root_Chip_fromLFR.json,tree,success,,414.916,414.702588,0,,,,,,,,True,,,,/home/student/Desktop/Neptune_2026/Microfluidics-Benchmarks/Results/tree_full_20260915_040013/artifacts/lfr__CIDAR_Lab_Past_Devices__Root_Chip__Root_Chip_fromLFR/result.json,,Microfluidics-Benchmarks/Results/tree_full_20260915_040013/logs/lfr__CIDAR_Lab_Past_Devices__Root_Chip__Root_Chip_fromLFR.log,Microfluidics-Benchmarks/Results/tree_full_20260915_040013/artifacts/lfr__CIDAR_Lab_Past_Devices__Root_Chip__Root_Chip_fromLFR
28,lfr,lfr__CIDAR_Lab_Past_Devices__Rotary_16__Rotary_16_fromLFR,CIDAR_Lab_Past_Devices/Rotary_16/Rotary_16_fromLFR.json,/home/student/Desktop/Neptune_2026/Microfluidics-Benchmarks/Results/LFR-TestCases/CIDAR_Lab_Past_Devices/Rotary_16/Rotary_16_fromLFR.json,tree,timeout,exceeded 1800s,1800.017,,,,,,,,,,,,,,,,Microfluidics-Benchmarks/Results/tree_full_20260915_040013/logs/lfr__CIDAR_Lab_Past_Devices__Rotary_16__Rotary_16_fromLFR.log,Microfluidics-Benchmarks/Results/tree_full_20260915_040013/artifacts/lfr__CIDAR_Lab_Past_Devices__Rotary_16__Rotary_16_fromLFR
29,lfr,lfr__CIDAR_Lab_Past_Devices__Rotary_Cells__Rotary_Cells_fromLFR,CIDAR_Lab_Past_Devices/Rotary_Cells/Rotary_Cells_fromLFR.json,/home/student/Desktop/Neptune_2026/Microfluidics-Benchmarks/Results/LFR-TestCases/CIDAR_Lab_Past_Devices/Rotary_Cells/Rotary_Cells_fromLFR.json,tree,success,,54.879,54.686237,0,,,,,,,,True,,,,/home/student/Desktop/Neptune_2026/Microfluidics-Benchmarks/Results/tree_full_20260915_040013/artifacts/lfr__CIDAR_Lab_Past_Devices__Rotary_Cells__Rotary_Cells_fromLFR/result.json,,Microfluidics-Benchmarks/Results/tree_full_20260915_040013/logs/lfr__CIDAR_Lab_Past_Devices__Rotary_Cells__Rotary_Cells_fromLFR.log,Microfluidics-Benchmarks/Results/tree_full_20260915_040013/artifacts/lfr__CIDAR_Lab_Past_Devices__Rotary_Cells__Rotary_Cells_fromLFR
30,lfr,lfr__CIDAR_Lab_Past_Devices__Seeding__Seeding_fromLFR,CIDAR_Lab_Past_Devices/Seeding/Seeding_fromLFR.json,/home/student/Desktop/Neptune_2026/Microfluidics-Benchmarks/Results/LFR-TestCases/CIDAR_Lab_Past_Devices/Seeding/Seeding_fromLFR.json,tree,success,,355.269,355.070843,0,,,,,,,,True,,,,/home/student/Desktop/Neptune_2026/Microfluidics-Benchmarks/Results/tree_full_20260915_040013/artifacts/lfr__CIDAR_Lab_Past_Devices__Seeding__Seeding_fromLFR/result.json,,Microfluidics-Benchmarks/Results/tree_full_20260915_040013/logs/lfr__CIDAR_Lab_Past_Devices__Seeding__Seeding_fromLFR.log,Microfluidics-Benchmarks/Results/tree_full_20260915_040013/artifacts/lfr__CIDAR_Lab_Past_Devices__Seeding__Seeding_fromLFR
31,lfr,lfr__CIDAR_Lab_Past_Devices__Three_Reagent_Mix__Three_Reagent_Mix_fromLFR,CIDAR_Lab_Past_Devices/Three_Reagent_Mix/Three_Reagent_Mix_fromLFR.json,/home/student/Desktop/Neptune_2026/Microfluidics-Benchmarks/Results/LFR-TestCases/CIDAR_Lab_Past_Devices/Three_Reagent_Mix/Three_Reagent_Mix_fromLFR.json,tree,success,,1.119,0.891554,0,,,,,,,,True,,,,/home/student/Desktop/Neptune_2026/Microfluidics-Benchmarks/Results/tree_full_20260915_040013/artifacts/lfr__CIDAR_Lab_Past_Devices__Three_Reagent_Mix__Three_Reagent_Mix_fromLFR/result.json,,Microfluidics-Benchmarks/Results/tree_full_20260915_040013/logs/lfr__CIDAR_Lab_Past_Devices__Three_Reagent_Mix__Three_Reagent_Mix_fromLFR.log,Microfluidics-Benchmarks/Results/tree_full_20260915_040013/artifacts/lfr__CIDAR_Lab_Past_Devices__Three_Reagent_Mix__Three_Reagent_Mix_fromLFR
32,lfr,lfr__COVID__Aj_Rtpcr_8_Primer__Aj_Rtpcr_8_Primer_fromLFR,COVID/Aj_Rtpcr_8_Primer/Aj_Rtpcr_8_Primer_fromLFR.json,/home/student/Desktop/Neptune_2026/Microfluidics-Benchmarks/Results/LFR-TestCases/COVID/Aj_Rtpcr_8_Primer/Aj_Rtpcr_8_Primer_fromLFR.json,tree,success,,22.385,22.143945,0,,,,,,,,True,,,,/home/student/Desktop/Neptune_2026/Microfluidics-Benchmarks/Results/tree_full_20260915_040013/artifacts/lfr__COVID__Aj_Rtpcr_8_Primer__Aj_Rtpcr_8_Primer_fromLFR/result.json,,Microfluidics-Benchmarks/Results/tree_full_20260915_040013/logs/lfr__COVID__Aj_Rtpcr_8_Primer__Aj_Rtpcr_8_Primer_fromLFR.log,Microfluidics-Benchmarks/Results/tree_full_20260915_040013/artifacts/lfr__COVID__Aj_Rtpcr_8_Primer__Aj_Rtpcr_8_Primer_fromLFR
33,lfr,lfr__COVID__Arize__Arize_fromLFR,COVID/Arize/Arize_fromLFR.json,/home/student/Desktop/Neptune_2026/Microfluidics-Benchmarks/Results/LFR-TestCases/COVID/Arize/Arize_fromLFR.json,tree,success,,146.975,146.726918,0,,,,,,,,True,,,,/home/student/Desktop/Neptune_2026/Microfluidics-Benchmarks/Results/tree_full_20260915_040013/artifacts/lfr__COVID__Arize__Arize_fromLFR/result.json,,Microfluidics-Benchmarks/Results/tree_full_20260915_040013/logs/lfr__COVID__Arize__Arize_fromLFR.log,Microfluidics-Benchmarks/Results/tree_full_20260915_040013/artifacts/lfr__COVID__Arize__Arize_fromLFR
34,lfr,lfr__COVID__Covid_Crispr__Covid_Crispr_fromLFR,COVID/Covid_Crispr/Covid_Crispr_fromLFR.json,/home/student/Desktop/Neptune_2026/Microfluidics-Benchmarks/Results/LFR-TestCases/COVID/Covid_Crispr/Covid_Crispr_fromLFR.json,tree,success,,1.07,0.826361,0,,,,,,,,True,,,,/home/student/Desktop/Neptune_2026/Microfluidics-Benchmarks/Results/tree_full_20260915_040013/artifacts/lfr__COVID__Covid_Crispr__Covid_Crispr_fromLFR/result.json,,Microfluidics-Benchmarks/Results/tree_full_20260915_040013/logs/lfr__COVID__Covid_Crispr__Covid_Crispr_fromLFR.log,Microfluidics-Benchmarks/Results/tree_full_20260915_040013/artifacts/lfr__COVID__Covid_Crispr__Covid_Crispr_fromLFR
35,lfr,lfr__COVID__Crispr__Crispr_fromLFR,COVID/Crispr/Crispr_fromLFR.json,/home/student/Desktop/Neptune_2026/Microfluidics-Benchmarks/Results/LFR-TestCases/COVID/Crispr/Crispr_fromLFR.json,tree,success,,1.219,0.989191,0,,,,,,,,True,,,,/home/student/Desktop/Neptune_2026/Microfluidics-Benchmarks/Results/tree_full_20260915_040013/artifacts/lfr__COVID__Crispr__Crispr_fromLFR/result.json,,Microfluidics-Benchmarks/Results/tree_full_20260915_040013/logs/lfr__COVID__Crispr__Crispr_fromLFR.log,Microfluidics-Benchmarks/Results/tree_full_20260915_040013/artifacts/lfr__COVID__Crispr__Crispr_fromLFR
36,lfr,lfr__COVID__Detectr__Detectr_fromLFR,COVID/Detectr/Detectr_fromLFR.json,/home/student/Desktop/Neptune_2026/Microfluidics-Benchmarks/Results/LFR-TestCases/COVID/Detectr/Detectr_fromLFR.json,tree,success,,1.37,1.165841,0,,,,,,,,True,,,,/home/student/Desktop/Neptune_2026/Microfluidics-Benchmarks/Results/tree_full_20260915_040013/artifacts/lfr__COVID__Detectr__Detectr_fromLFR/result.json,,Microfluidics-Benchmarks/Results/tree_full_20260915_040013/logs/lfr__COVID__Detectr__Detectr_fromLFR.log,Microfluidics-Benchmarks/Results/tree_full_20260915_040013/artifacts/lfr__COVID__Detectr__Detectr_fromLFR
37,lfr,lfr__COVID__Elisa__Elisa_fromLFR,COVID/Elisa/Elisa_fromLFR.json,/home/student/Desktop/Neptune_2026/Microfluidics-Benchmarks/Results/LFR-TestCases/COVID/Elisa/Elisa_fromLFR.json,tree,success,,1.069,0.86,0,,,,,,,,True,,,,/home/student/Desktop/Neptune_2026/Microfluidics-Benchmarks/Results/tree_full_20260915_040013/artifacts/lfr__COVID__Elisa__Elisa_fromLFR/result.json,,Microfluidics-Benchmarks/Results/tree_full_20260915_040013/logs/lfr__COVID__Elisa__Elisa_fromLFR.log,Microfluidics-Benchmarks/Results/tree_full_20260915_040013/artifacts/lfr__COVID__Elisa__Elisa_fromLFR
38,lfr,lfr__COVID__Gel_Electrophoresis__Gel_Electrophoresis_fromLFR,COVID/Gel_Electrophoresis/Gel_Electrophoresis_fromLFR.json,/home/student/Desktop/Neptune_2026/Microfluidics-Benchmarks/Results/LFR-TestCases/COVID/Gel_Electrophoresis/Gel_Electrophoresis_fromLFR.json,tree,success,,1.269,1.014968,0,,,,,,,,True,,,,/home/student/Desktop/Neptune_2026/Microfluidics-Benchmarks/Results/tree_full_20260915_040013/artifacts/lfr__COVID__Gel_Electrophoresis__Gel_Electrophoresis_fromLFR/result.json,,Microfluidics-Benchmarks/Results/tree_full_20260915_040013/logs/lfr__COVID__Gel_Electrophoresis__Gel_Electrophoresis_fromLFR.log,Microfluidics-Benchmarks/Results/tree_full_20260915_040013/artifacts/lfr__COVID__Gel_Electrophoresis__Gel_Electrophoresis_fromLFR
39,lfr,lfr__COVID__Hybri_Detect__Hybri_Detect_fromLFR,COVID/Hybri_Detect/Hybri_Detect_fromLFR.json,/home/student/Desktop/Neptune_2026/Microfluidics-Benchmarks/Results/LFR-TestCases/COVID/Hybri_Detect/Hybri_Detect_fromLFR.json,tree,success,,1.169,0.941334,0,,,,,,,,True,,,,/home/student/Desktop/Neptune_2026/Microfluidics-Benchmarks/Results/tree_full_20260915_040013/artifacts/lfr__COVID__Hybri_Detect__Hybri_Detect_fromLFR/result.json,,Microfluidics-Benchmarks/Results/tree_full_20260915_040013/logs/lfr__COVID__Hybri_Detect__Hybri_Detect_fromLFR.log,Microfluidics-Benchmarks/Results/tree_full_20260915_040013/artifacts/lfr__COVID__Hybri_Detect__Hybri_Detect_fromLFR
40,lfr,lfr__COVID__Part_1_Rna_Prep__Part_1_Rna_Prep_fromLFR,COVID/Part_1_Rna_Prep/Part_1_Rna_Prep_fromLFR.json,/home/student/Desktop/Neptune_2026/Microfluidics-Benchmarks/Results/LFR-TestCases/COVID/Part_1_Rna_Prep/Part_1_Rna_Prep_fromLFR.json,tree,success,,1.22,0.944509,0,,,,,,,,True,,,,/home/student/Desktop/Neptune_2026/Microfluidics-Benchmarks/Results/tree_full_20260915_040013/artifacts/lfr__COVID__Part_1_Rna_Prep__Part_1_Rna_Prep_fromLFR/result.json,,Microfluidics-Benchmarks/Results/tree_full_20260915_040013/logs/lfr__COVID__Part_1_Rna_Prep__Part_1_Rna_Prep_fromLFR.log,Microfluidics-Benchmarks/Results/tree_full_20260915_040013/artifacts/lfr__COVID__Part_1_Rna_Prep__Part_1_Rna_Prep_fromLFR
41,lfr,lfr__COVID__Part_2_Rt_Step__Part_2_Rt_Step_fromLFR,COVID/Part_2_Rt_Step/Part_2_Rt_Step_fromLFR.json,/home/student/Desktop/Neptune_2026/Microfluidics-Benchmarks/Results/LFR-TestCases/COVID/Part_2_Rt_Step/Part_2_Rt_Step_fromLFR.json,tree,success,,1.12,0.91367,0,,,,,,,,True,,,,/home/student/Desktop/Neptune_2026/Microfluidics-Benchmarks/Results/tree_full_20260915_040013/artifacts/lfr__COVID__Part_2_Rt_Step__Part_2_Rt_Step_fromLFR/result.json,,Microfluidics-Benchmarks/Results/tree_full_20260915_040013/logs/lfr__COVID__Part_2_Rt_Step__Part_2_Rt_Step_fromLFR.log,Microfluidics-Benchmarks/Results/tree_full_20260915_040013/artifacts/lfr__COVID__Part_2_Rt_Step__Part_2_Rt_Step_fromLFR
42,lfr,lfr__COVID__Part_3_Gel__Part_3_Gel_fromLFR,COVID/Part_3_Gel/Part_3_Gel_fromLFR.json,/home/student/Desktop/Neptune_2026/Microfluidics-Benchmarks/Results/LFR-TestCases/COVID/Part_3_Gel/Part_3_Gel_fromLFR.json,tree,success,,1.169,0.986148,0,,,,,,,,True,,,,/home/student/Desktop/Neptune_2026/Microfluidics-Benchmarks/Results/tree_full_20260915_040013/artifacts/lfr__COVID__Part_3_Gel__Part_3_Gel_fromLFR/result.json,,Microfluidics-Benchmarks/Results/tree_full_20260915_040013/logs/lfr__COVID__Part_3_Gel__Part_3_Gel_fromLFR.log,Microfluidics-Benchmarks/Results/tree_full_20260915_040013/artifacts/lfr__COVID__Part_3_Gel__Part_3_Gel_fromLFR
43,lfr,lfr__COVID__Rt_Pcr__Rt_Pcr_fromLFR,COVID/Rt_Pcr/Rt_Pcr_fromLFR.json,/home/student/Desktop/Neptune_2026/Microfluidics-Benchmarks/Results/LFR-TestCases/COVID/Rt_Pcr/Rt_Pcr_fromLFR.json,tree,success,,0.969,0.78458,0,,,,,,,,True,,,,/home/student/Desktop/Neptune_2026/Microfluidics-Benchmarks/Results/tree_full_20260915_040013/artifacts/lfr__COVID__Rt_Pcr__Rt_Pcr_fromLFR/result.json,,Microfluidics-Benchmarks/Results/tree_full_20260915_040013/logs/lfr__COVID__Rt_Pcr__Rt_Pcr_fromLFR.log,Microfluidics-Benchmarks/Results/tree_full_20260915_040013/artifacts/lfr__COVID__Rt_Pcr__Rt_Pcr_fromLFR
44,lfr,lfr__Distribute_Expressions__And_Annotation_Test__And_Annotation_Test_fromLFR,Distribute_Expressions/And_Annotation_Test/And_Annotation_Test_fromLFR.json,/home/student/Desktop/Neptune_2026/Microfluidics-Benchmarks/Results/LFR-TestCases/Distribute_Expressions/And_Annotation_Test/And_Annotation_Test_fromLFR.json,tree,success,,3.677,3.404581,0,,,,,,,,True,,,,/home/student/Desktop/Neptune_2026/Microfluidics-Benchmarks/Results/tree_full_20260915_040013/artifacts/lfr__Distribute_Expressions__And_Annotation_Test__And_Annotation_Test_fromLFR/result.json,,Microfluidics-Benchmarks/Results/tree_full_20260915_040013/logs/lfr__Distribute_Expressions__And_Annotation_Test__And_Annotation_Test_fromLFR.log,Microfluidics-Benchmarks/Results/tree_full_20260915_040013/artifacts/lfr__Distribute_Expressions__And_Annotation_Test__And_Annotation_Test_fromLFR
45,lfr,lfr__Distribute_Expressions__Dist_Expression_1__Dist_Expression_1_fromLFR,Distribute_Expressions/Dist_Expression_1/Dist_Expression_1_fromLFR.json,/home/student/Desktop/Neptune_2026/Microfluidics-Benchmarks/Results/LFR-TestCases/Distribute_Expressions/Dist_Expression_1/Dist_Expression_1_fromLFR.json,tree,success,,0.968,0.744148,0,,,,,,,,True,,,,/home/student/Desktop/Neptune_2026/Microfluidics-Benchmarks/Results/tree_full_20260915_040013/artifacts/lfr__Distribute_Expressions__Dist_Expression_1__Dist_Expression_1_fromLFR/result.json,,Microfluidics-Benchmarks/Results/tree_full_20260915_040013/logs/lfr__Distribute_Expressions__Dist_Expression_1__Dist_Expression_1_fromLFR.log,Microfluidics-Benchmarks/Results/tree_full_20260915_040013/artifacts/lfr__Distribute_Expressions__Dist_Expression_1__Dist_Expression_1_fromLFR
46,lfr,lfr__Distribute_Expressions__Dist_Expression_2__Dist_Expression_2_fromLFR,Distribute_Expressions/Dist_Expression_2/Dist_Expression_2_fromLFR.json,/home/student/Desktop/Neptune_2026/Microfluidics-Benchmarks/Results/LFR-TestCases/Distribute_Expressions/Dist_Expression_2/Dist_Expression_2_fromLFR.json,tree,success,,1.07,0.809297,0,,,,,,,,True,,,,/home/student/Desktop/Neptune_2026/Microfluidics-Benchmarks/Results/tree_full_20260915_040013/artifacts/lfr__Distribute_Expressions__Dist_Expression_2__Dist_Expression_2_fromLFR/result.json,,Microfluidics-Benchmarks/Results/tree_full_20260915_040013/logs/lfr__Distribute_Expressions__Dist_Expression_2__Dist_Expression_2_fromLFR.log,Microfluidics-Benchmarks/Results/tree_full_20260915_040013/artifacts/lfr__Distribute_Expressions__Dist_Expression_2__Dist_Expression_2_fromLFR
47,lfr,lfr__Distribute_Expressions__Dist_Expression_3__Dist_Expression_3_fromLFR,Distribute_Expressions/Dist_Expression_3/Dist_Expression_3_fromLFR.json,/home/student/Desktop/Neptune_2026/Microfluidics-Benchmarks/Results/LFR-TestCases/Distribute_Expressions/Dist_Expression_3/Dist_Expression_3_fromLFR.json,tree,success,,1.12,0.880541,0,,,,,,,,True,,,,/home/student/Desktop/Neptune_2026/Microfluidics-Benchmarks/Results/tree_full_20260915_040013/artifacts/lfr__Distribute_Expressions__Dist_Expression_3__Dist_Expression_3_fromLFR/result.json,,Microfluidics-Benchmarks/Results/tree_full_20260915_040013/logs/lfr__Distribute_Expressions__Dist_Expression_3__Dist_Expression_3_fromLFR.log,Microfluidics-Benchmarks/Results/tree_full_20260915_040013/artifacts/lfr__Distribute_Expressions__Dist_Expression_3__Dist_Expression_3_fromLFR
48,lfr,lfr__Distribute_Library__Cell_Traps_4__Cell_Traps_4_fromLFR,Distribute_Library/Cell_Traps_4/Cell_Traps_4_fromLFR.json,/home/student/Desktop/Neptune_2026/Microfluidics-Benchmarks/Results/LFR-TestCases/Distribute_Library/Cell_Traps_4/Cell_Traps_4_fromLFR.json,tree,success,,1.069,0.789793,0,,,,,,,,True,,,,/home/student/Desktop/Neptune_2026/Microfluidics-Benchmarks/Results/tree_full_20260915_040013/artifacts/lfr__Distribute_Library__Cell_Traps_4__Cell_Traps_4_fromLFR/result.json,,Microfluidics-Benchmarks/Results/tree_full_20260915_040013/logs/lfr__Distribute_Library__Cell_Traps_4__Cell_Traps_4_fromLFR.log,Microfluidics-Benchmarks/Results/tree_full_20260915_040013/artifacts/lfr__Distribute_Library__Cell_Traps_4__Cell_Traps_4_fromLFR
49,lfr,lfr__Distribute_Library__Hv_Storage_Grid_04__Hv_Storage_Grid_04_fromLFR,Distribute_Library/Hv_Storage_Grid_04/Hv_Storage_Grid_04_fromLFR.json,/home/student/Desktop/Neptune_2026/Microfluidics-Benchmarks/Results/LFR-TestCases/Distribute_Library/Hv_Storage_Grid_04/Hv_Storage_Grid_04_fromLFR.json,tree,success,,1.019,0.766425,0,,,,,,,,True,,,,/home/student/Desktop/Neptune_2026/Microfluidics-Benchmarks/Results/tree_full_20260915_040013/artifacts/lfr__Distribute_Library__Hv_Storage_Grid_04__Hv_Storage_Grid_04_fromLFR/result.json,,Microfluidics-Benchmarks/Results/tree_full_20260915_040013/logs/lfr__Distribute_Library__Hv_Storage_Grid_04__Hv_Storage_Grid_04_fromLFR.log,Microfluidics-Benchmarks/Results/tree_full_20260915_040013/artifacts/lfr__Distribute_Library__Hv_Storage_Grid_04__Hv_Storage_Grid_04_fromLFR
50,lfr,lfr__Distribute_Library__Hv_Storage_Grid_08__Hv_Storage_Grid_08_fromLFR,Distribute_Library/Hv_Storage_Grid_08/Hv_Storage_Grid_08_fromLFR.json,/home/student/Desktop/Neptune_2026/Microfluidics-Benchmarks/Results/LFR-TestCases/Distribute_Library/Hv_Storage_Grid_08/Hv_Storage_Grid_08_fromLFR.json,tree,success,,0.968,0.758364,0,,,,,,,,True,,,,/home/student/Desktop/Neptune_2026/Microfluidics-Benchmarks/Results/tree_full_20260915_040013/artifacts/lfr__Distribute_Library__Hv_Storage_Grid_08__Hv_Storage_Grid_08_fromLFR/result.json,,Microfluidics-Benchmarks/Results/tree_full_20260915_040013/logs/lfr__Distribute_Library__Hv_Storage_Grid_08__Hv_Storage_Grid_08_fromLFR.log,Microfluidics-Benchmarks/Results/tree_full_20260915_040013/artifacts/lfr__Distribute_Library__Hv_Storage_Grid_08__Hv_Storage_Grid_08_fromLFR
51,lfr,lfr__Distribute_Library__Hv_Storage_Grid_16__Hv_Storage_Grid_16_fromLFR,Distribute_Library/Hv_Storage_Grid_16/Hv_Storage_Grid_16_fromLFR.json,/home/student/Desktop/Neptune_2026/Microfluidics-Benchmarks/Results/LFR-TestCases/Distribute_Library/Hv_Storage_Grid_16/Hv_Storage_Grid_16_fromLFR.json,tree,success,,0.969,0.758474,0,,,,,,,,True,,,,/home/student/Desktop/Neptune_2026/Microfluidics-Benchmarks/Results/tree_full_20260915_040013/artifacts/lfr__Distribute_Library__Hv_Storage_Grid_16__Hv_Storage_Grid_16_fromLFR/result.json,,Microfluidics-Benchmarks/Results/tree_full_20260915_040013/logs/lfr__Distribute_Library__Hv_Storage_Grid_16__Hv_Storage_Grid_16_fromLFR.log,Microfluidics-Benchmarks/Results/tree_full_20260915_040013/artifacts/lfr__Distribute_Library__Hv_Storage_Grid_16__Hv_Storage_Grid_16_fromLFR
52,lfr,lfr__Distribute_Library__Hv_Storage_Grid_32__Hv_Storage_Grid_32_fromLFR,Distribute_Library/Hv_Storage_Grid_32/Hv_Storage_Grid_32_fromLFR.json,/home/student/Desktop/Neptune_2026/Microfluidics-Benchmarks/Results/LFR-TestCases/Distribute_Library/Hv_Storage_Grid_32/Hv_Storage_Grid_32_fromLFR.json,tree,success,,0.918,0.725545,0,,,,,,,,True,,,,/home/student/Desktop/Neptune_2026/Microfluidics-Benchmarks/Results/tree_full_20260915_040013/artifacts/lfr__Distribute_Library__Hv_Storage_Grid_32__Hv_Storage_Grid_32_fromLFR/result.json,,Microfluidics-Benchmarks/Results/tree_full_20260915_040013/logs/lfr__Distribute_Library__Hv_Storage_Grid_32__Hv_Storage_Grid_32_fromLFR.log,Microfluidics-Benchmarks/Results/tree_full_20260915_040013/artifacts/lfr__Distribute_Library__Hv_Storage_Grid_32__Hv_Storage_Grid_32_fromLFR
53,lfr,lfr__Distribute_Library__Hv_Storage_Grid_64__Hv_Storage_Grid_64_fromLFR,Distribute_Library/Hv_Storage_Grid_64/Hv_Storage_Grid_64_fromLFR.json,/home/student/Desktop/Neptune_2026/Microfluidics-Benchmarks/Results/LFR-TestCases/Distribute_Library/Hv_Storage_Grid_64/Hv_Storage_Grid_64_fromLFR.json,tree,success,,0.968,0.71839,0,,,,,,,,True,,,,/home/student/Desktop/Neptune_2026/Microfluidics-Benchmarks/Results/tree_full_20260915_040013/artifacts/lfr__Distribute_Library__Hv_Storage_Grid_64__Hv_Storage_Grid_64_fromLFR/result.json,,Microfluidics-Benchmarks/Results/tree_full_20260915_040013/logs/lfr__Distribute_Library__Hv_Storage_Grid_64__Hv_Storage_Grid_64_fromLFR.log,Microfluidics-Benchmarks/Results/tree_full_20260915_040013/artifacts/lfr__Distribute_Library__Hv_Storage_Grid_64__Hv_Storage_Grid_64_fromLFR
54,lfr,lfr__Distribute_Library__Mux_02_In__Mux_02_In_fromLFR,Distribute_Library/Mux_02_In/Mux_02_In_fromLFR.json,/home/student/Desktop/Neptune_2026/Microfluidics-Benchmarks/Results/LFR-TestCases/Distribute_Library/Mux_02_In/Mux_02_In_fromLFR.json,tree,success,,2.123,1.935389,0,,,,,,,,True,,,,/home/student/Desktop/Neptune_2026/Microfluidics-Benchmarks/Results/tree_full_20260915_040013/artifacts/lfr__Distribute_Library__Mux_02_In__Mux_02_In_fromLFR/result.json,,Microfluidics-Benchmarks/Results/tree_full_20260915_040013/logs/lfr__Distribute_Library__Mux_02_In__Mux_02_In_fromLFR.log,Microfluidics-Benchmarks/Results/tree_full_20260915_040013/artifacts/lfr__Distribute_Library__Mux_02_In__Mux_02_In_fromLFR
55,lfr,lfr__Distribute_Library__Mux_02_Out__Mux_02_Out_fromLFR,Distribute_Library/Mux_02_Out/Mux_02_Out_fromLFR.json,/home/student/Desktop/Neptune_2026/Microfluidics-Benchmarks/Results/LFR-TestCases/Distribute_Library/Mux_02_Out/Mux_02_Out_fromLFR.json,tree,success,,2.122,1.930329,0,,,,,,,,True,,,,/home/student/Desktop/Neptune_2026/Microfluidics-Benchmarks/Results/tree_full_20260915_040013/artifacts/lfr__Distribute_Library__Mux_02_Out__Mux_02_Out_fromLFR/result.json,,Microfluidics-Benchmarks/Results/tree_full_20260915_040013/logs/lfr__Distribute_Library__Mux_02_Out__Mux_02_Out_fromLFR.log,Microfluidics-Benchmarks/Results/tree_full_20260915_040013/artifacts/lfr__Distribute_Library__Mux_02_Out__Mux_02_Out_fromLFR
56,lfr,lfr__Distribute_Library__Mux_04_In__Mux_04_In_fromLFR,Distribute_Library/Mux_04_In/Mux_04_In_fromLFR.json,/home/student/Desktop/Neptune_2026/Microfluidics-Benchmarks/Results/LFR-TestCases/Distribute_Library/Mux_04_In/Mux_04_In_fromLFR.json,tree,success,,5.384,5.187465,0,,,,,,,,True,,,,/home/student/Desktop/Neptune_2026/Microfluidics-Benchmarks/Results/tree_full_20260915_040013/artifacts/lfr__Distribute_Library__Mux_04_In__Mux_04_In_fromLFR/result.json,,Microfluidics-Benchmarks/Results/tree_full_20260915_040013/logs/lfr__Distribute_Library__Mux_04_In__Mux_04_In_fromLFR.log,Microfluidics-Benchmarks/Results/tree_full_20260915_040013/artifacts/lfr__Distribute_Library__Mux_04_In__Mux_04_In_fromLFR
57,lfr,lfr__Distribute_Library__Mux_04_Out__Mux_04_Out_fromLFR,Distribute_Library/Mux_04_Out/Mux_04_Out_fromLFR.json,/home/student/Desktop/Neptune_2026/Microfluidics-Benchmarks/Results/LFR-TestCases/Distribute_Library/Mux_04_Out/Mux_04_Out_fromLFR.json,tree,success,,5.382,5.166476,0,,,,,,,,True,,,,/home/student/Desktop/Neptune_2026/Microfluidics-Benchmarks/Results/tree_full_20260915_040013/artifacts/lfr__Distribute_Library__Mux_04_Out__Mux_04_Out_fromLFR/result.json,,Microfluidics-Benchmarks/Results/tree_full_20260915_040013/logs/lfr__Distribute_Library__Mux_04_Out__Mux_04_Out_fromLFR.log,Microfluidics-Benchmarks/Results/tree_full_20260915_040013/artifacts/lfr__Distribute_Library__Mux_04_Out__Mux_04_Out_fromLFR
58,lfr,lfr__Distribute_Library__Mux_08_In__Mux_08_In_fromLFR,Distribute_Library/Mux_08_In/Mux_08_In_fromLFR.json,/home/student/Desktop/Neptune_2026/Microfluidics-Benchmarks/Results/LFR-TestCases/Distribute_Library/Mux_08_In/Mux_08_In_fromLFR.json,tree,success,,17.553,17.314008,0,,,,,,,,True,,,,/home/student/Desktop/Neptune_2026/Microfluidics-Benchmarks/Results/tree_full_20260915_040013/artifacts/lfr__Distribute_Library__Mux_08_In__Mux_08_In_fromLFR/result.json,,Microfluidics-Benchmarks/Results/tree_full_20260915_040013/logs/lfr__Distribute_Library__Mux_08_In__Mux_08_In_fromLFR.log,Microfluidics-Benchmarks/Results/tree_full_20260915_040013/artifacts/lfr__Distribute_Library__Mux_08_In__Mux_08_In_fromLFR
59,lfr,lfr__Distribute_Library__Mux_08_Out__Mux_08_Out_fromLFR,Distribute_Library/Mux_08_Out/Mux_08_Out_fromLFR.json,/home/student/Desktop/Neptune_2026/Microfluidics-Benchmarks/Results/LFR-TestCases/Distribute_Library/Mux_08_Out/Mux_08_Out_fromLFR.json,tree,success,,16.616,16.363103,0,,,,,,,,True,,,,/home/student/Desktop/Neptune_2026/Microfluidics-Benchmarks/Results/tree_full_20260915_040013/artifacts/lfr__Distribute_Library__Mux_08_Out__Mux_08_Out_fromLFR/result.json,,Microfluidics-Benchmarks/Results/tree_full_20260915_040013/logs/lfr__Distribute_Library__Mux_08_Out__Mux_08_Out_fromLFR.log,Microfluidics-Benchmarks/Results/tree_full_20260915_040013/artifacts/lfr__Distribute_Library__Mux_08_Out__Mux_08_Out_fromLFR
60,lfr,lfr__Distribute_Library__Mux_16_In__Mux_16_In_fromLFR,Distribute_Library/Mux_16_In/Mux_16_In_fromLFR.json,/home/student/Desktop/Neptune_2026/Microfluidics-Benchmarks/Results/LFR-TestCases/Distribute_Library/Mux_16_In/Mux_16_In_fromLFR.json,tree,success,,68.314,68.054103,0,,,,,,,,True,,,,/home/student/Desktop/Neptune_2026/Microfluidics-Benchmarks/Results/tree_full_20260915_040013/artifacts/lfr__Distribute_Library__Mux_16_In__Mux_16_In_fromLFR/result.json,,Microfluidics-Benchmarks/Results/tree_full_20260915_040013/logs/lfr__Distribute_Library__Mux_16_In__Mux_16_In_fromLFR.log,Microfluidics-Benchmarks/Results/tree_full_20260915_040013/artifacts/lfr__Distribute_Library__Mux_16_In__Mux_16_In_fromLFR
61,lfr,lfr__Distribute_Library__Mux_16_Out__Mux_16_Out_fromLFR,Distribute_Library/Mux_16_Out/Mux_16_Out_fromLFR.json,/home/student/Desktop/Neptune_2026/Microfluidics-Benchmarks/Results/LFR-TestCases/Distribute_Library/Mux_16_Out/Mux_16_Out_fromLFR.json,tree,success,,62.212,61.974792,0,,,,,,,,True,,,,/home/student/Desktop/Neptune_2026/Microfluidics-Benchmarks/Results/tree_full_20260915_040013/artifacts/lfr__Distribute_Library__Mux_16_Out__Mux_16_Out_fromLFR/result.json,,Microfluidics-Benchmarks/Results/tree_full_20260915_040013/logs/lfr__Distribute_Library__Mux_16_Out__Mux_16_Out_fromLFR.log,Microfluidics-Benchmarks/Results/tree_full_20260915_040013/artifacts/lfr__Distribute_Library__Mux_16_Out__Mux_16_Out_fromLFR
62,lfr,lfr__Distribute_Library__Mux_32_In__Mux_32_In_fromLFR,Distribute_Library/Mux_32_In/Mux_32_In_fromLFR.json,/home/student/Desktop/Neptune_2026/Microfluidics-Benchmarks/Results/LFR-TestCases/Distribute_Library/Mux_32_In/Mux_32_In_fromLFR.json,tree,success,,307.319,307.003315,0,,,,,,,,True,,,,/home/student/Desktop/Neptune_2026/Microfluidics-Benchmarks/Results/tree_full_20260915_040013/artifacts/lfr__Distribute_Library__Mux_32_In__Mux_32_In_fromLFR/result.json,,Microfluidics-Benchmarks/Results/tree_full_20260915_040013/logs/lfr__Distribute_Library__Mux_32_In__Mux_32_In_fromLFR.log,Microfluidics-Benchmarks/Results/tree_full_20260915_040013/artifacts/lfr__Distribute_Library__Mux_32_In__Mux_32_In_fromLFR
63,lfr,lfr__Distribute_Library__Mux_32_Out__Mux_32_Out_fromLFR,Distribute_Library/Mux_32_Out/Mux_32_Out_fromLFR.json,/home/student/Desktop/Neptune_2026/Microfluidics-Benchmarks/Results/LFR-TestCases/Distribute_Library/Mux_32_Out/Mux_32_Out_fromLFR.json,tree,success,,301.359,301.116792,0,,,,,,,,True,,,,/home/student/Desktop/Neptune_2026/Microfluidics-Benchmarks/Results/tree_full_20260915_040013/artifacts/lfr__Distribute_Library__Mux_32_Out__Mux_32_Out_fromLFR/result.json,,Microfluidics-Benchmarks/Results/tree_full_20260915_040013/logs/lfr__Distribute_Library__Mux_32_Out__Mux_32_Out_fromLFR.log,Microfluidics-Benchmarks/Results/tree_full_20260915_040013/artifacts/lfr__Distribute_Library__Mux_32_Out__Mux_32_Out_fromLFR
64,lfr,lfr__Distribute_Library__Mux_64_In__Mux_64_In_fromLFR,Distribute_Library/Mux_64_In/Mux_64_In_fromLFR.json,/home/student/Desktop/Neptune_2026/Microfluidics-Benchmarks/Results/LFR-TestCases/Distribute_Library/Mux_64_In/Mux_64_In_fromLFR.json,tree,success,,1617.552,1617.345779,0,,,,,,,,True,,,,/home/student/Desktop/Neptune_2026/Microfluidics-Benchmarks/Results/tree_full_20260915_040013/artifacts/lfr__Distribute_Library__Mux_64_In__Mux_64_In_fromLFR/result.json,,Microfluidics-Benchmarks/Results/tree_full_20260915_040013/logs/lfr__Distribute_Library__Mux_64_In__Mux_64_In_fromLFR.log,Microfluidics-Benchmarks/Results/tree_full_20260915_040013/artifacts/lfr__Distribute_Library__Mux_64_In__Mux_64_In_fromLFR
65,lfr,lfr__Distribute_Library__Mux_64_Out__Mux_64_Out_fromLFR,Distribute_Library/Mux_64_Out/Mux_64_Out_fromLFR.json,/home/student/Desktop/Neptune_2026/Microfluidics-Benchmarks/Results/LFR-TestCases/Distribute_Library/Mux_64_Out/Mux_64_Out_fromLFR.json,tree,success,,1545.563,1545.316839,0,,,,,,,,True,,,,/home/student/Desktop/Neptune_2026/Microfluidics-Benchmarks/Results/tree_full_20260915_040013/artifacts/lfr__Distribute_Library__Mux_64_Out__Mux_64_Out_fromLFR/result.json,,Microfluidics-Benchmarks/Results/tree_full_20260915_040013/logs/lfr__Distribute_Library__Mux_64_Out__Mux_64_Out_fromLFR.log,Microfluidics-Benchmarks/Results/tree_full_20260915_040013/artifacts/lfr__Distribute_Library__Mux_64_Out__Mux_64_Out_fromLFR
66,lfr,lfr__Distribute_Library__Single_Storage_Grid_01__Single_Storage_Grid_01_fromLFR,Distribute_Library/Single_Storage_Grid_01/Single_Storage_Grid_01_fromLFR.json,/home/student/Desktop/Neptune_2026/Microfluidics-Benchmarks/Results/LFR-TestCases/Distribute_Library/Single_Storage_Grid_01/Single_Storage_Grid_01_fromLFR.json,tree,success,,0.971,0.747681,0,,,,,,,,True,,,,/home/student/Desktop/Neptune_2026/Microfluidics-Benchmarks/Results/tree_full_20260915_040013/artifacts/lfr__Distribute_Library__Single_Storage_Grid_01__Single_Storage_Grid_01_fromLFR/result.json,,Microfluidics-Benchmarks/Results/tree_full_20260915_040013/logs/lfr__Distribute_Library__Single_Storage_Grid_01__Single_Storage_Grid_01_fromLFR.log,Microfluidics-Benchmarks/Results/tree_full_20260915_040013/artifacts/lfr__Distribute_Library__Single_Storage_Grid_01__Single_Storage_Grid_01_fromLFR
67,lfr,lfr__Distribute_Library__Single_Storage_Grid_02__Single_Storage_Grid_02_fromLFR,Distribute_Library/Single_Storage_Grid_02/Single_Storage_Grid_02_fromLFR.json,/home/student/Desktop/Neptune_2026/Microfluidics-Benchmarks/Results/LFR-TestCases/Distribute_Library/Single_Storage_Grid_02/Single_Storage_Grid_02_fromLFR.json,tree,success,,0.92,0.703681,0,,,,,,,,True,,,,/home/student/Desktop/Neptune_2026/Microfluidics-Benchmarks/Results/tree_full_20260915_040013/artifacts/lfr__Distribute_Library__Single_Storage_Grid_02__Single_Storage_Grid_02_fromLFR/result.json,,Microfluidics-Benchmarks/Results/tree_full_20260915_040013/logs/lfr__Distribute_Library__Single_Storage_Grid_02__Single_Storage_Grid_02_fromLFR.log,Microfluidics-Benchmarks/Results/tree_full_20260915_040013/artifacts/lfr__Distribute_Library__Single_Storage_Grid_02__Single_Storage_Grid_02_fromLFR
68,lfr,lfr__Distribute_Library__Single_Storage_Grid_04__Single_Storage_Grid_04_fromLFR,Distribute_Library/Single_Storage_Grid_04/Single_Storage_Grid_04_fromLFR.json,/home/student/Desktop/Neptune_2026/Microfluidics-Benchmarks/Results/LFR-TestCases/Distribute_Library/Single_Storage_Grid_04/Single_Storage_Grid_04_fromLFR.json,tree,success,,0.92,0.722858,0,,,,,,,,True,,,,/home/student/Desktop/Neptune_2026/Microfluidics-Benchmarks/Results/tree_full_20260915_040013/artifacts/lfr__Distribute_Library__Single_Storage_Grid_04__Single_Storage_Grid_04_fromLFR/result.json,,Microfluidics-Benchmarks/Results/tree_full_20260915_040013/logs/lfr__Distribute_Library__Single_Storage_Grid_04__Single_Storage_Grid_04_fromLFR.log,Microfluidics-Benchmarks/Results/tree_full_20260915_040013/artifacts/lfr__Distribute_Library__Single_Storage_Grid_04__Single_Storage_Grid_04_fromLFR
69,lfr,lfr__Distribute_Library__Single_Storage_Grid_08__Single_Storage_Grid_08_fromLFR,Distribute_Library/Single_Storage_Grid_08/Single_Storage_Grid_08_fromLFR.json,/home/student/Desktop/Neptune_2026/Microfluidics-Benchmarks/Results/LFR-TestCases/Distribute_Library/Single_Storage_Grid_08/Single_Storage_Grid_08_fromLFR.json,tree,success,,1.019,0.771543,0,,,,,,,,True,,,,/home/student/Desktop/Neptune_2026/Microfluidics-Benchmarks/Results/tree_full_20260915_040013/artifacts/lfr__Distribute_Library__Single_Storage_Grid_08__Single_Storage_Grid_08_fromLFR/result.json,,Microfluidics-Benchmarks/Results/tree_full_20260915_040013/logs/lfr__Distribute_Library__Single_Storage_Grid_08__Single_Storage_Grid_08_fromLFR.log,Microfluidics-Benchmarks/Results/tree_full_20260915_040013/artifacts/lfr__Distribute_Library__Single_Storage_Grid_08__Single_Storage_Grid_08_fromLFR
70,lfr,lfr__Distribute_Library__Single_Storage_Grid_16__Single_Storage_Grid_16_fromLFR,Distribute_Library/Single_Storage_Grid_16/Single_Storage_Grid_16_fromLFR.json,/home/student/Desktop/Neptune_2026/Microfluidics-Benchmarks/Results/LFR-TestCases/Distribute_Library/Single_Storage_Grid_16/Single_Storage_Grid_16_fromLFR.json,tree,success,,0.918,0.719113,0,,,,,,,,True,,,,/home/student/Desktop/Neptune_2026/Microfluidics-Benchmarks/Results/tree_full_20260915_040013/artifacts/lfr__Distribute_Library__Single_Storage_Grid_16__Single_Storage_Grid_16_fromLFR/result.json,,Microfluidics-Benchmarks/Results/tree_full_20260915_040013/logs/lfr__Distribute_Library__Single_Storage_Grid_16__Single_Storage_Grid_16_fromLFR.log,Microfluidics-Benchmarks/Results/tree_full_20260915_040013/artifacts/lfr__Distribute_Library__Single_Storage_Grid_16__Single_Storage_Grid_16_fromLFR
71,lfr,lfr__Distribute_Library__Single_Storage_Grid_32__Single_Storage_Grid_32_fromLFR,Distribute_Library/Single_Storage_Grid_32/Single_Storage_Grid_32_fromLFR.json,/home/student/Desktop/Neptune_2026/Microfluidics-Benchmarks/Results/LFR-TestCases/Distribute_Library/Single_Storage_Grid_32/Single_Storage_Grid_32_fromLFR.json,tree,success,,0.918,0.713797,0,,,,,,,,True,,,,/home/student/Desktop/Neptune_2026/Microfluidics-Benchmarks/Results/tree_full_20260915_040013/artifacts/lfr__Distribute_Library__Single_Storage_Grid_32__Single_Storage_Grid_32_fromLFR/result.json,,Microfluidics-Benchmarks/Results/tree_full_20260915_040013/logs/lfr__Distribute_Library__Single_Storage_Grid_32__Single_Storage_Grid_32_fromLFR.log,Microfluidics-Benchmarks/Results/tree_full_20260915_040013/artifacts/lfr__Distribute_Library__Single_Storage_Grid_32__Single_Storage_Grid_32_fromLFR
72,lfr,lfr__Distribute_Library__Single_Storage_Grid_64__Single_Storage_Grid_64_fromLFR,Distribute_Library/Single_Storage_Grid_64/Single_Storage_Grid_64_fromLFR.json,/home/student/Desktop/Neptune_2026/Microfluidics-Benchmarks/Results/LFR-TestCases/Distribute_Library/Single_Storage_Grid_64/Single_Storage_Grid_64_fromLFR.json,tree,success,,0.97,0.755056,0,,,,,,,,True,,,,/home/student/Desktop/Neptune_2026/Microfluidics-Benchmarks/Results/tree_full_20260915_040013/artifacts/lfr__Distribute_Library__Single_Storage_Grid_64__Single_Storage_Grid_64_fromLFR/result.json,,Microfluidics-Benchmarks/Results/tree_full_20260915_040013/logs/lfr__Distribute_Library__Single_Storage_Grid_64__Single_Storage_Grid_64_fromLFR.log,Microfluidics-Benchmarks/Results/tree_full_20260915_040013/artifacts/lfr__Distribute_Library__Single_Storage_Grid_64__Single_Storage_Grid_64_fromLFR
73,lfr,lfr__Distribute_Library__Transposer_02__Transposer_02_fromLFR,Distribute_Library/Transposer_02/Transposer_02_fromLFR.json,/home/student/Desktop/Neptune_2026/Microfluidics-Benchmarks/Results/LFR-TestCases/Distribute_Library/Transposer_02/Transposer_02_fromLFR.json,tree,success,,5.686,5.453722,0,,,,,,,,True,,,,/home/student/Desktop/Neptune_2026/Microfluidics-Benchmarks/Results/tree_full_20260915_040013/artifacts/lfr__Distribute_Library__Transposer_02__Transposer_02_fromLFR/result.json,,Microfluidics-Benchmarks/Results/tree_full_20260915_040013/logs/lfr__Distribute_Library__Transposer_02__Transposer_02_fromLFR.log,Microfluidics-Benchmarks/Results/tree_full_20260915_040013/artifacts/lfr__Distribute_Library__Transposer_02__Transposer_02_fromLFR
74,lfr,lfr__Distribute_Library__Transposer_03__Transposer_03_fromLFR,Distribute_Library/Transposer_03/Transposer_03_fromLFR.json,/home/student/Desktop/Neptune_2026/Microfluidics-Benchmarks/Results/LFR-TestCases/Distribute_Library/Transposer_03/Transposer_03_fromLFR.json,tree,success,,12.308,12.112203,0,,,,,,,,True,,,,/home/student/Desktop/Neptune_2026/Microfluidics-Benchmarks/Results/tree_full_20260915_040013/artifacts/lfr__Distribute_Library__Transposer_03__Transposer_03_fromLFR/result.json,,Microfluidics-Benchmarks/Results/tree_full_20260915_040013/logs/lfr__Distribute_Library__Transposer_03__Transposer_03_fromLFR.log,Microfluidics-Benchmarks/Results/tree_full_20260915_040013/artifacts/lfr__Distribute_Library__Transposer_03__Transposer_03_fromLFR
75,lfr,lfr__Distribute_Library__Transposer_04__Transposer_04_fromLFR,Distribute_Library/Transposer_04/Transposer_04_fromLFR.json,/home/student/Desktop/Neptune_2026/Microfluidics-Benchmarks/Results/LFR-TestCases/Distribute_Library/Transposer_04/Transposer_04_fromLFR.json,tree,timeout,exceeded 1800s,1800.02,,,,,,,,,,,,,,,,Microfluidics-Benchmarks/Results/tree_full_20260915_040013/logs/lfr__Distribute_Library__Transposer_04__Transposer_04_fromLFR.log,Microfluidics-Benchmarks/Results/tree_full_20260915_040013/artifacts/lfr__Distribute_Library__Transposer_04__Transposer_04_fromLFR
76,lfr,lfr__Distribute_Library__Transposer_08__Transposer_08_fromLFR,Distribute_Library/Transposer_08/Transposer_08_fromLFR.json,/home/student/Desktop/Neptune_2026/Microfluidics-Benchmarks/Results/LFR-TestCases/Distribute_Library/Transposer_08/Transposer_08_fromLFR.json,tree,success,,0.868,0.695439,0,,,,,,,,True,,,,/home/student/Desktop/Neptune_2026/Microfluidics-Benchmarks/Results/tree_full_20260915_040013/artifacts/lfr__Distribute_Library__Transposer_08__Transposer_08_fromLFR/result.json,,Microfluidics-Benchmarks/Results/tree_full_20260915_040013/logs/lfr__Distribute_Library__Transposer_08__Transposer_08_fromLFR.log,Microfluidics-Benchmarks/Results/tree_full_20260915_040013/artifacts/lfr__Distribute_Library__Transposer_08__Transposer_08_fromLFR
77,lfr,lfr__Distribute_Library__Transposer_16__Transposer_16_fromLFR,Distribute_Library/Transposer_16/Transposer_16_fromLFR.json,/home/student/Desktop/Neptune_2026/Microfluidics-Benchmarks/Results/LFR-TestCases/Distribute_Library/Transposer_16/Transposer_16_fromLFR.json,tree,success,,0.868,0.699148,0,,,,,,,,True,,,,/home/student/Desktop/Neptune_2026/Microfluidics-Benchmarks/Results/tree_full_20260915_040013/artifacts/lfr__Distribute_Library__Transposer_16__Transposer_16_fromLFR/result.json,,Microfluidics-Benchmarks/Results/tree_full_20260915_040013/logs/lfr__Distribute_Library__Transposer_16__Transposer_16_fromLFR.log,Microfluidics-Benchmarks/Results/tree_full_20260915_040013/artifacts/lfr__Distribute_Library__Transposer_16__Transposer_16_fromLFR
78,lfr,lfr__Distribute_Library__Transposer_32__Transposer_32_fromLFR,Distribute_Library/Transposer_32/Transposer_32_fromLFR.json,/home/student/Desktop/Neptune_2026/Microfluidics-Benchmarks/Results/LFR-TestCases/Distribute_Library/Transposer_32/Transposer_32_fromLFR.json,tree,success,,0.868,0.716973,0,,,,,,,,True,,,,/home/student/Desktop/Neptune_2026/Microfluidics-Benchmarks/Results/tree_full_20260915_040013/artifacts/lfr__Distribute_Library__Transposer_32__Transposer_32_fromLFR/result.json,,Microfluidics-Benchmarks/Results/tree_full_20260915_040013/logs/lfr__Distribute_Library__Transposer_32__Transposer_32_fromLFR.log,Microfluidics-Benchmarks/Results/tree_full_20260915_040013/artifacts/lfr__Distribute_Library__Transposer_32__Transposer_32_fromLFR
79,lfr,lfr__Distribute_Library__Transposer_64__Transposer_64_fromLFR,Distribute_Library/Transposer_64/Transposer_64_fromLFR.json,/home/student/Desktop/Neptune_2026/Microfluidics-Benchmarks/Results/LFR-TestCases/Distribute_Library/Transposer_64/Transposer_64_fromLFR.json,tree,success,,0.869,0.706952,0,,,,,,,,True,,,,/home/student/Desktop/Neptune_2026/Microfluidics-Benchmarks/Results/tree_full_20260915_040013/artifacts/lfr__Distribute_Library__Transposer_64__Transposer_64_fromLFR/result.json,,Microfluidics-Benchmarks/Results/tree_full_20260915_040013/logs/lfr__Distribute_Library__Transposer_64__Transposer_64_fromLFR.log,Microfluidics-Benchmarks/Results/tree_full_20260915_040013/artifacts/lfr__Distribute_Library__Transposer_64__Transposer_64_fromLFR
80,lfr,lfr__Drop_Ref__Droplet_Generator_1__Droplet_Generator_1_fromLFR,Drop_Ref/Droplet_Generator_1/Droplet_Generator_1_fromLFR.json,/home/student/Desktop/Neptune_2026/Microfluidics-Benchmarks/Results/LFR-TestCases/Drop_Ref/Droplet_Generator_1/Droplet_Generator_1_fromLFR.json,tree,success,,1.019,0.785439,0,,,,,,,,True,,,,/home/student/Desktop/Neptune_2026/Microfluidics-Benchmarks/Results/tree_full_20260915_040013/artifacts/lfr__Drop_Ref__Droplet_Generator_1__Droplet_Generator_1_fromLFR/result.json,,Microfluidics-Benchmarks/Results/tree_full_20260915_040013/logs/lfr__Drop_Ref__Droplet_Generator_1__Droplet_Generator_1_fromLFR.log,Microfluidics-Benchmarks/Results/tree_full_20260915_040013/artifacts/lfr__Drop_Ref__Droplet_Generator_1__Droplet_Generator_1_fromLFR
81,lfr,lfr__Drop_Ref__Droplet_Generator_2__Droplet_Generator_2_fromLFR,Drop_Ref/Droplet_Generator_2/Droplet_Generator_2_fromLFR.json,/home/student/Desktop/Neptune_2026/Microfluidics-Benchmarks/Results/LFR-TestCases/Drop_Ref/Droplet_Generator_2/Droplet_Generator_2_fromLFR.json,tree,timeout,exceeded 1800s,1800.02,,,,,,,,,,,,,,,,Microfluidics-Benchmarks/Results/tree_full_20260915_040013/logs/lfr__Drop_Ref__Droplet_Generator_2__Droplet_Generator_2_fromLFR.log,Microfluidics-Benchmarks/Results/tree_full_20260915_040013/artifacts/lfr__Drop_Ref__Droplet_Generator_2__Droplet_Generator_2_fromLFR
82,lfr,lfr__Drop_Ref__Droplet_Generator_3__Droplet_Generator_3_fromLFR,Drop_Ref/Droplet_Generator_3/Droplet_Generator_3_fromLFR.json,/home/student/Desktop/Neptune_2026/Microfluidics-Benchmarks/Results/LFR-TestCases/Drop_Ref/Droplet_Generator_3/Droplet_Generator_3_fromLFR.json,tree,success,,1.32,1.144199,0,,,,,,,,True,,,,/home/student/Desktop/Neptune_2026/Microfluidics-Benchmarks/Results/tree_full_20260915_040013/artifacts/lfr__Drop_Ref__Droplet_Generator_3__Droplet_Generator_3_fromLFR/result.json,,Microfluidics-Benchmarks/Results/tree_full_20260915_040013/logs/lfr__Drop_Ref__Droplet_Generator_3__Droplet_Generator_3_fromLFR.log,Microfluidics-Benchmarks/Results/tree_full_20260915_040013/artifacts/lfr__Drop_Ref__Droplet_Generator_3__Droplet_Generator_3_fromLFR
83,lfr,lfr__Drop_Ref__Droplet_Generator_4__Droplet_Generator_4_fromLFR,Drop_Ref/Droplet_Generator_4/Droplet_Generator_4_fromLFR.json,/home/student/Desktop/Neptune_2026/Microfluidics-Benchmarks/Results/LFR-TestCases/Drop_Ref/Droplet_Generator_4/Droplet_Generator_4_fromLFR.json,tree,success,,1.221,1.025806,0,,,,,,,,True,,,,/home/student/Desktop/Neptune_2026/Microfluidics-Benchmarks/Results/tree_full_20260915_040013/artifacts/lfr__Drop_Ref__Droplet_Generator_4__Droplet_Generator_4_fromLFR/result.json,,Microfluidics-Benchmarks/Results/tree_full_20260915_040013/logs/lfr__Drop_Ref__Droplet_Generator_4__Droplet_Generator_4_fromLFR.log,Microfluidics-Benchmarks/Results/tree_full_20260915_040013/artifacts/lfr__Drop_Ref__Droplet_Generator_4__Droplet_Generator_4_fromLFR
84,lfr,lfr__Drop_Ref__Dropx_Test_1__Dropx_Test_1_fromLFR,Drop_Ref/Dropx_Test_1/Dropx_Test_1_fromLFR.json,/home/student/Desktop/Neptune_2026/Microfluidics-Benchmarks/Results/LFR-TestCases/Drop_Ref/Dropx_Test_1/Dropx_Test_1_fromLFR.json,tree,success,,0.919,0.748619,0,,,,,,,,True,,,,/home/student/Desktop/Neptune_2026/Microfluidics-Benchmarks/Results/tree_full_20260915_040013/artifacts/lfr__Drop_Ref__Dropx_Test_1__Dropx_Test_1_fromLFR/result.json,,Microfluidics-Benchmarks/Results/tree_full_20260915_040013/logs/lfr__Drop_Ref__Dropx_Test_1__Dropx_Test_1_fromLFR.log,Microfluidics-Benchmarks/Results/tree_full_20260915_040013/artifacts/lfr__Drop_Ref__Dropx_Test_1__Dropx_Test_1_fromLFR
85,lfr,lfr__Drop_Ref__Dropx_Test_2__Dropx_Test_2_fromLFR,Drop_Ref/Dropx_Test_2/Dropx_Test_2_fromLFR.json,/home/student/Desktop/Neptune_2026/Microfluidics-Benchmarks/Results/LFR-TestCases/Drop_Ref/Dropx_Test_2/Dropx_Test_2_fromLFR.json,tree,success,,1.019,0.862277,0,,,,,,,,True,,,,/home/student/Desktop/Neptune_2026/Microfluidics-Benchmarks/Results/tree_full_20260915_040013/artifacts/lfr__Drop_Ref__Dropx_Test_2__Dropx_Test_2_fromLFR/result.json,,Microfluidics-Benchmarks/Results/tree_full_20260915_040013/logs/lfr__Drop_Ref__Dropx_Test_2__Dropx_Test_2_fromLFR.log,Microfluidics-Benchmarks/Results/tree_full_20260915_040013/artifacts/lfr__Drop_Ref__Dropx_Test_2__Dropx_Test_2_fromLFR
86,lfr,lfr__Drop_Ref__Dropx_Test_3__Dropx_Test_3_fromLFR,Drop_Ref/Dropx_Test_3/Dropx_Test_3_fromLFR.json,/home/student/Desktop/Neptune_2026/Microfluidics-Benchmarks/Results/LFR-TestCases/Drop_Ref/Dropx_Test_3/Dropx_Test_3_fromLFR.json,tree,success,,1.119,0.945769,0,,,,,,,,True,,,,/home/student/Desktop/Neptune_2026/Microfluidics-Benchmarks/Results/tree_full_20260915_040013/artifacts/lfr__Drop_Ref__Dropx_Test_3__Dropx_Test_3_fromLFR/result.json,,Microfluidics-Benchmarks/Results/tree_full_20260915_040013/logs/lfr__Drop_Ref__Dropx_Test_3__Dropx_Test_3_fromLFR.log,Microfluidics-Benchmarks/Results/tree_full_20260915_040013/artifacts/lfr__Drop_Ref__Dropx_Test_3__Dropx_Test_3_fromLFR
87,lfr,lfr__Drop_Ref__Dropx_Test_4__Dropx_Test_4_fromLFR,Drop_Ref/Dropx_Test_4/Dropx_Test_4_fromLFR.json,/home/student/Desktop/Neptune_2026/Microfluidics-Benchmarks/Results/LFR-TestCases/Drop_Ref/Dropx_Test_4/Dropx_Test_4_fromLFR.json,tree,success,,1.019,0.827343,0,,,,,,,,True,,,,/home/student/Desktop/Neptune_2026/Microfluidics-Benchmarks/Results/tree_full_20260915_040013/artifacts/lfr__Drop_Ref__Dropx_Test_4__Dropx_Test_4_fromLFR/result.json,,Microfluidics-Benchmarks/Results/tree_full_20260915_040013/logs/lfr__Drop_Ref__Dropx_Test_4__Dropx_Test_4_fromLFR.log,Microfluidics-Benchmarks/Results/tree_full_20260915_040013/artifacts/lfr__Drop_Ref__Dropx_Test_4__Dropx_Test_4_fromLFR
88,lfr,lfr__Drop_Ref__Dx_1__Dx_1_fromLFR,Drop_Ref/Dx_1/Dx_1_fromLFR.json,/home/student/Desktop/Neptune_2026/Microfluidics-Benchmarks/Results/LFR-TestCases/Drop_Ref/Dx_1/Dx_1_fromLFR.json,tree,success,,1.023,0.854939,0,,,,,,,,True,,,,/home/student/Desktop/Neptune_2026/Microfluidics-Benchmarks/Results/tree_full_20260915_040013/artifacts/lfr__Drop_Ref__Dx_1__Dx_1_fromLFR/result.json,,Microfluidics-Benchmarks/Results/tree_full_20260915_040013/logs/lfr__Drop_Ref__Dx_1__Dx_1_fromLFR.log,Microfluidics-Benchmarks/Results/tree_full_20260915_040013/artifacts/lfr__Drop_Ref__Dx_1__Dx_1_fromLFR
89,lfr,lfr__Drop_Ref__Dx_10__Dx_10_fromLFR,Drop_Ref/Dx_10/Dx_10_fromLFR.json,/home/student/Desktop/Neptune_2026/Microfluidics-Benchmarks/Results/LFR-TestCases/Drop_Ref/Dx_10/Dx_10_fromLFR.json,tree,success,,1.02,0.829213,0,,,,,,,,True,,,,/home/student/Desktop/Neptune_2026/Microfluidics-Benchmarks/Results/tree_full_20260915_040013/artifacts/lfr__Drop_Ref__Dx_10__Dx_10_fromLFR/result.json,,Microfluidics-Benchmarks/Results/tree_full_20260915_040013/logs/lfr__Drop_Ref__Dx_10__Dx_10_fromLFR.log,Microfluidics-Benchmarks/Results/tree_full_20260915_040013/artifacts/lfr__Drop_Ref__Dx_10__Dx_10_fromLFR
90,lfr,lfr__Drop_Ref__Dx_11__Dx_11_fromLFR,Drop_Ref/Dx_11/Dx_11_fromLFR.json,/home/student/Desktop/Neptune_2026/Microfluidics-Benchmarks/Results/LFR-TestCases/Drop_Ref/Dx_11/Dx_11_fromLFR.json,tree,success,,1.171,0.991639,0,,,,,,,,True,,,,/home/student/Desktop/Neptune_2026/Microfluidics-Benchmarks/Results/tree_full_20260915_040013/artifacts/lfr__Drop_Ref__Dx_11__Dx_11_fromLFR/result.json,,Microfluidics-Benchmarks/Results/tree_full_20260915_040013/logs/lfr__Drop_Ref__Dx_11__Dx_11_fromLFR.log,Microfluidics-Benchmarks/Results/tree_full_20260915_040013/artifacts/lfr__Drop_Ref__Dx_11__Dx_11_fromLFR
91,lfr,lfr__Drop_Ref__Dx_12__Dx_12_fromLFR,Drop_Ref/Dx_12/Dx_12_fromLFR.json,/home/student/Desktop/Neptune_2026/Microfluidics-Benchmarks/Results/LFR-TestCases/Drop_Ref/Dx_12/Dx_12_fromLFR.json,tree,success,,1.12,0.92674,0,,,,,,,,True,,,,/home/student/Desktop/Neptune_2026/Microfluidics-Benchmarks/Results/tree_full_20260915_040013/artifacts/lfr__Drop_Ref__Dx_12__Dx_12_fromLFR/result.json,,Microfluidics-Benchmarks/Results/tree_full_20260915_040013/logs/lfr__Drop_Ref__Dx_12__Dx_12_fromLFR.log,Microfluidics-Benchmarks/Results/tree_full_20260915_040013/artifacts/lfr__Drop_Ref__Dx_12__Dx_12_fromLFR
92,lfr,lfr__Drop_Ref__Dx_13__Dx_13_fromLFR,Drop_Ref/Dx_13/Dx_13_fromLFR.json,/home/student/Desktop/Neptune_2026/Microfluidics-Benchmarks/Results/LFR-TestCases/Drop_Ref/Dx_13/Dx_13_fromLFR.json,tree,success,,1.22,1.065497,0,,,,,,,,True,,,,/home/student/Desktop/Neptune_2026/Microfluidics-Benchmarks/Results/tree_full_20260915_040013/artifacts/lfr__Drop_Ref__Dx_13__Dx_13_fromLFR/result.json,,Microfluidics-Benchmarks/Results/tree_full_20260915_040013/logs/lfr__Drop_Ref__Dx_13__Dx_13_fromLFR.log,Microfluidics-Benchmarks/Results/tree_full_20260915_040013/artifacts/lfr__Drop_Ref__Dx_13__Dx_13_fromLFR
93,lfr,lfr__Drop_Ref__Dx_14__Dx_14_fromLFR,Drop_Ref/Dx_14/Dx_14_fromLFR.json,/home/student/Desktop/Neptune_2026/Microfluidics-Benchmarks/Results/LFR-TestCases/Drop_Ref/Dx_14/Dx_14_fromLFR.json,tree,success,,1.019,0.838406,0,,,,,,,,True,,,,/home/student/Desktop/Neptune_2026/Microfluidics-Benchmarks/Results/tree_full_20260915_040013/artifacts/lfr__Drop_Ref__Dx_14__Dx_14_fromLFR/result.json,,Microfluidics-Benchmarks/Results/tree_full_20260915_040013/logs/lfr__Drop_Ref__Dx_14__Dx_14_fromLFR.log,Microfluidics-Benchmarks/Results/tree_full_20260915_040013/artifacts/lfr__Drop_Ref__Dx_14__Dx_14_fromLFR
94,lfr,lfr__Drop_Ref__Dx_15__Dx_15_fromLFR,Drop_Ref/Dx_15/Dx_15_fromLFR.json,/home/student/Desktop/Neptune_2026/Microfluidics-Benchmarks/Results/LFR-TestCases/Drop_Ref/Dx_15/Dx_15_fromLFR.json,tree,success,,1.019,0.823296,0,,,,,,,,True,,,,/home/student/Desktop/Neptune_2026/Microfluidics-Benchmarks/Results/tree_full_20260915_040013/artifacts/lfr__Drop_Ref__Dx_15__Dx_15_fromLFR/result.json,,Microfluidics-Benchmarks/Results/tree_full_20260915_040013/logs/lfr__Drop_Ref__Dx_15__Dx_15_fromLFR.log,Microfluidics-Benchmarks/Results/tree_full_20260915_040013/artifacts/lfr__Drop_Ref__Dx_15__Dx_15_fromLFR
95,lfr,lfr__Drop_Ref__Dx_2__Dx_2_fromLFR,Drop_Ref/Dx_2/Dx_2_fromLFR.json,/home/student/Desktop/Neptune_2026/Microfluidics-Benchmarks/Results/LFR-TestCases/Drop_Ref/Dx_2/Dx_2_fromLFR.json,tree,success,,1.12,0.960846,0,,,,,,,,True,,,,/home/student/Desktop/Neptune_2026/Microfluidics-Benchmarks/Results/tree_full_20260915_040013/artifacts/lfr__Drop_Ref__Dx_2__Dx_2_fromLFR/result.json,,Microfluidics-Benchmarks/Results/tree_full_20260915_040013/logs/lfr__Drop_Ref__Dx_2__Dx_2_fromLFR.log,Microfluidics-Benchmarks/Results/tree_full_20260915_040013/artifacts/lfr__Drop_Ref__Dx_2__Dx_2_fromLFR
96,lfr,lfr__Drop_Ref__Dx_3__Dx_3_fromLFR,Drop_Ref/Dx_3/Dx_3_fromLFR.json,/home/student/Desktop/Neptune_2026/Microfluidics-Benchmarks/Results/LFR-TestCases/Drop_Ref/Dx_3/Dx_3_fromLFR.json,tree,success,,1.071,0.915597,0,,,,,,,,True,,,,/home/student/Desktop/Neptune_2026/Microfluidics-Benchmarks/Results/tree_full_20260915_040013/artifacts/lfr__Drop_Ref__Dx_3__Dx_3_fromLFR/result.json,,Microfluidics-Benchmarks/Results/tree_full_20260915_040013/logs/lfr__Drop_Ref__Dx_3__Dx_3_fromLFR.log,Microfluidics-Benchmarks/Results/tree_full_20260915_040013/artifacts/lfr__Drop_Ref__Dx_3__Dx_3_fromLFR
97,lfr,lfr__Drop_Ref__Dx_4__Dx_4_fromLFR,Drop_Ref/Dx_4/Dx_4_fromLFR.json,/home/student/Desktop/Neptune_2026/Microfluidics-Benchmarks/Results/LFR-TestCases/Drop_Ref/Dx_4/Dx_4_fromLFR.json,tree,success,,1.321,1.119331,0,,,,,,,,True,,,,/home/student/Desktop/Neptune_2026/Microfluidics-Benchmarks/Results/tree_full_20260915_040013/artifacts/lfr__Drop_Ref__Dx_4__Dx_4_fromLFR/result.json,,Microfluidics-Benchmarks/Results/tree_full_20260915_040013/logs/lfr__Drop_Ref__Dx_4__Dx_4_fromLFR.log,Microfluidics-Benchmarks/Results/tree_full_20260915_040013/artifacts/lfr__Drop_Ref__Dx_4__Dx_4_fromLFR
98,lfr,lfr__Drop_Ref__Dx_5__Dx_5_fromLFR,Drop_Ref/Dx_5/Dx_5_fromLFR.json,/home/student/Desktop/Neptune_2026/Microfluidics-Benchmarks/Results/LFR-TestCases/Drop_Ref/Dx_5/Dx_5_fromLFR.json,tree,success,,1.221,1.024601,0,,,,,,,,True,,,,/home/student/Desktop/Neptune_2026/Microfluidics-Benchmarks/Results/tree_full_20260915_040013/artifacts/lfr__Drop_Ref__Dx_5__Dx_5_fromLFR/result.json,,Microfluidics-Benchmarks/Results/tree_full_20260915_040013/logs/lfr__Drop_Ref__Dx_5__Dx_5_fromLFR.log,Microfluidics-Benchmarks/Results/tree_full_20260915_040013/artifacts/lfr__Drop_Ref__Dx_5__Dx_5_fromLFR
99,lfr,lfr__Drop_Ref__Dx_6__Dx_6_fromLFR,Drop_Ref/Dx_6/Dx_6_fromLFR.json,/home/student/Desktop/Neptune_2026/Microfluidics-Benchmarks/Results/LFR-TestCases/Drop_Ref/Dx_6/Dx_6_fromLFR.json,tree,success,,1.019,0.837169,0,,,,,,,,True,,,,/home/student/Desktop/Neptune_2026/Microfluidics-Benchmarks/Results/tree_full_20260915_040013/artifacts/lfr__Drop_Ref__Dx_6__Dx_6_fromLFR/result.json,,Microfluidics-Benchmarks/Results/tree_full_20260915_040013/logs/lfr__Drop_Ref__Dx_6__Dx_6_fromLFR.log,Microfluidics-Benchmarks/Results/tree_full_20260915_040013/artifacts/lfr__Drop_Ref__Dx_6__Dx_6_fromLFR
100,lfr,lfr__Drop_Ref__Dx_7__Dx_7_fromLFR,Drop_Ref/Dx_7/Dx_7_fromLFR.json,/home/student/Desktop/Neptune_2026/Microfluidics-Benchmarks/Results/LFR-TestCases/Drop_Ref/Dx_7/Dx_7_fromLFR.json,tree,success,,1.221,1.025099,0,,,,,,,,True,,,,/home/student/Desktop/Neptune_2026/Microfluidics-Benchmarks/Results/tree_full_20260915_040013/artifacts/lfr__Drop_Ref__Dx_7__Dx_7_fromLFR/result.json,,Microfluidics-Benchmarks/Results/tree_full_20260915_040013/logs/lfr__Drop_Ref__Dx_7__Dx_7_fromLFR.log,Microfluidics-Benchmarks/Results/tree_full_20260915_040013/artifacts/lfr__Drop_Ref__Dx_7__Dx_7_fromLFR
101,lfr,lfr__Drop_Ref__Dx_8__Dx_8_fromLFR,Drop_Ref/Dx_8/Dx_8_fromLFR.json,/home/student/Desktop/Neptune_2026/Microfluidics-Benchmarks/Results/LFR-TestCases/Drop_Ref/Dx_8/Dx_8_fromLFR.json,tree,success,,1.269,1.091021,0,,,,,,,,True,,,,/home/student/Desktop/Neptune_2026/Microfluidics-Benchmarks/Results/tree_full_20260915_040013/artifacts/lfr__Drop_Ref__Dx_8__Dx_8_fromLFR/result.json,,Microfluidics-Benchmarks/Results/tree_full_20260915_040013/logs/lfr__Drop_Ref__Dx_8__Dx_8_fromLFR.log,Microfluidics-Benchmarks/Results/tree_full_20260915_040013/artifacts/lfr__Drop_Ref__Dx_8__Dx_8_fromLFR
102,lfr,lfr__Drop_Ref__Dx_9__Dx_9_fromLFR,Drop_Ref/Dx_9/Dx_9_fromLFR.json,/home/student/Desktop/Neptune_2026/Microfluidics-Benchmarks/Results/LFR-TestCases/Drop_Ref/Dx_9/Dx_9_fromLFR.json,tree,success,,1.319,1.040023,0,,,,,,,,True,,,,/home/student/Desktop/Neptune_2026/Microfluidics-Benchmarks/Results/tree_full_20260915_040013/artifacts/lfr__Drop_Ref__Dx_9__Dx_9_fromLFR/result.json,,Microfluidics-Benchmarks/Results/tree_full_20260915_040013/logs/lfr__Drop_Ref__Dx_9__Dx_9_fromLFR.log,Microfluidics-Benchmarks/Results/tree_full_20260915_040013/artifacts/lfr__Drop_Ref__Dx_9__Dx_9_fromLFR
103,lfr,lfr__Expressions__Expression_1__Expression_1_fromLFR,Expressions/Expression_1/Expression_1_fromLFR.json,/home/student/Desktop/Neptune_2026/Microfluidics-Benchmarks/Results/LFR-TestCases/Expressions/Expression_1/Expression_1_fromLFR.json,tree,success,,1.07,0.891991,0,,,,,,,,True,,,,/home/student/Desktop/Neptune_2026/Microfluidics-Benchmarks/Results/tree_full_20260915_040013/artifacts/lfr__Expressions__Expression_1__Expression_1_fromLFR/result.json,,Microfluidics-Benchmarks/Results/tree_full_20260915_040013/logs/lfr__Expressions__Expression_1__Expression_1_fromLFR.log,Microfluidics-Benchmarks/Results/tree_full_20260915_040013/artifacts/lfr__Expressions__Expression_1__Expression_1_fromLFR
104,lfr,lfr__Expressions__Expression_10__Expression_10_fromLFR,Expressions/Expression_10/Expression_10_fromLFR.json,/home/student/Desktop/Neptune_2026/Microfluidics-Benchmarks/Results/LFR-TestCases/Expressions/Expression_10/Expression_10_fromLFR.json,tree,success,,1.025,0.833579,0,,,,,,,,True,,,,/home/student/Desktop/Neptune_2026/Microfluidics-Benchmarks/Results/tree_full_20260915_040013/artifacts/lfr__Expressions__Expression_10__Expression_10_fromLFR/result.json,,Microfluidics-Benchmarks/Results/tree_full_20260915_040013/logs/lfr__Expressions__Expression_10__Expression_10_fromLFR.log,Microfluidics-Benchmarks/Results/tree_full_20260915_040013/artifacts/lfr__Expressions__Expression_10__Expression_10_fromLFR
105,lfr,lfr__Expressions__Expression_11__Expression_11_fromLFR,Expressions/Expression_11/Expression_11_fromLFR.json,/home/student/Desktop/Neptune_2026/Microfluidics-Benchmarks/Results/LFR-TestCases/Expressions/Expression_11/Expression_11_fromLFR.json,tree,success,,1.024,0.813311,0,,,,,,,,True,,,,/home/student/Desktop/Neptune_2026/Microfluidics-Benchmarks/Results/tree_full_20260915_040013/artifacts/lfr__Expressions__Expression_11__Expression_11_fromLFR/result.json,,Microfluidics-Benchmarks/Results/tree_full_20260915_040013/logs/lfr__Expressions__Expression_11__Expression_11_fromLFR.log,Microfluidics-Benchmarks/Results/tree_full_20260915_040013/artifacts/lfr__Expressions__Expression_11__Expression_11_fromLFR
106,lfr,lfr__Expressions__Expression_12__Expression_12_fromLFR,Expressions/Expression_12/Expression_12_fromLFR.json,/home/student/Desktop/Neptune_2026/Microfluidics-Benchmarks/Results/LFR-TestCases/Expressions/Expression_12/Expression_12_fromLFR.json,tree,success,,1.525,1.347675,0,,,,,,,,True,,,,/home/student/Desktop/Neptune_2026/Microfluidics-Benchmarks/Results/tree_full_20260915_040013/artifacts/lfr__Expressions__Expression_12__Expression_12_fromLFR/result.json,,Microfluidics-Benchmarks/Results/tree_full_20260915_040013/logs/lfr__Expressions__Expression_12__Expression_12_fromLFR.log,Microfluidics-Benchmarks/Results/tree_full_20260915_040013/artifacts/lfr__Expressions__Expression_12__Expression_12_fromLFR
107,lfr,lfr__Expressions__Expression_13__Expression_13_fromLFR,Expressions/Expression_13/Expression_13_fromLFR.json,/home/student/Desktop/Neptune_2026/Microfluidics-Benchmarks/Results/LFR-TestCases/Expressions/Expression_13/Expression_13_fromLFR.json,tree,success,,0.969,0.769803,0,,,,,,,,True,,,,/home/student/Desktop/Neptune_2026/Microfluidics-Benchmarks/Results/tree_full_20260915_040013/artifacts/lfr__Expressions__Expression_13__Expression_13_fromLFR/result.json,,Microfluidics-Benchmarks/Results/tree_full_20260915_040013/logs/lfr__Expressions__Expression_13__Expression_13_fromLFR.log,Microfluidics-Benchmarks/Results/tree_full_20260915_040013/artifacts/lfr__Expressions__Expression_13__Expression_13_fromLFR
108,lfr,lfr__Expressions__Expression_14__Expression_14_fromLFR,Expressions/Expression_14/Expression_14_fromLFR.json,/home/student/Desktop/Neptune_2026/Microfluidics-Benchmarks/Results/LFR-TestCases/Expressions/Expression_14/Expression_14_fromLFR.json,tree,success,,2.625,2.431601,0,,,,,,,,True,,,,/home/student/Desktop/Neptune_2026/Microfluidics-Benchmarks/Results/tree_full_20260915_040013/artifacts/lfr__Expressions__Expression_14__Expression_14_fromLFR/result.json,,Microfluidics-Benchmarks/Results/tree_full_20260915_040013/logs/lfr__Expressions__Expression_14__Expression_14_fromLFR.log,Microfluidics-Benchmarks/Results/tree_full_20260915_040013/artifacts/lfr__Expressions__Expression_14__Expression_14_fromLFR
109,lfr,lfr__Expressions__Expression_15__Expression_15_fromLFR,Expressions/Expression_15/Expression_15_fromLFR.json,/home/student/Desktop/Neptune_2026/Microfluidics-Benchmarks/Results/LFR-TestCases/Expressions/Expression_15/Expression_15_fromLFR.json,tree,success,,1.27,1.084943,0,,,,,,,,True,,,,/home/student/Desktop/Neptune_2026/Microfluidics-Benchmarks/Results/tree_full_20260915_040013/artifacts/lfr__Expressions__Expression_15__Expression_15_fromLFR/result.json,,Microfluidics-Benchmarks/Results/tree_full_20260915_040013/logs/lfr__Expressions__Expression_15__Expression_15_fromLFR.log,Microfluidics-Benchmarks/Results/tree_full_20260915_040013/artifacts/lfr__Expressions__Expression_15__Expression_15_fromLFR
110,lfr,lfr__Expressions__Expression_2__Expression_2_fromLFR,Expressions/Expression_2/Expression_2_fromLFR.json,/home/student/Desktop/Neptune_2026/Microfluidics-Benchmarks/Results/LFR-TestCases/Expressions/Expression_2/Expression_2_fromLFR.json,tree,success,,1.07,0.842625,0,,,,,,,,True,,,,/home/student/Desktop/Neptune_2026/Microfluidics-Benchmarks/Results/tree_full_20260915_040013/artifacts/lfr__Expressions__Expression_2__Expression_2_fromLFR/result.json,,Microfluidics-Benchmarks/Results/tree_full_20260915_040013/logs/lfr__Expressions__Expression_2__Expression_2_fromLFR.log,Microfluidics-Benchmarks/Results/tree_full_20260915_040013/artifacts/lfr__Expressions__Expression_2__Expression_2_fromLFR
111,lfr,lfr__Expressions__Expression_3__Expression_3_fromLFR,Expressions/Expression_3/Expression_3_fromLFR.json,/home/student/Desktop/Neptune_2026/Microfluidics-Benchmarks/Results/LFR-TestCases/Expressions/Expression_3/Expression_3_fromLFR.json,tree,success,,1.12,0.87631,0,,,,,,,,True,,,,/home/student/Desktop/Neptune_2026/Microfluidics-Benchmarks/Results/tree_full_20260915_040013/artifacts/lfr__Expressions__Expression_3__Expression_3_fromLFR/result.json,,Microfluidics-Benchmarks/Results/tree_full_20260915_040013/logs/lfr__Expressions__Expression_3__Expression_3_fromLFR.log,Microfluidics-Benchmarks/Results/tree_full_20260915_040013/artifacts/lfr__Expressions__Expression_3__Expression_3_fromLFR
112,lfr,lfr__Expressions__Expression_4__Expression_4_fromLFR,Expressions/Expression_4/Expression_4_fromLFR.json,/home/student/Desktop/Neptune_2026/Microfluidics-Benchmarks/Results/LFR-TestCases/Expressions/Expression_4/Expression_4_fromLFR.json,tree,success,,1.023,0.817121,0,,,,,,,,True,,,,/home/student/Desktop/Neptune_2026/Microfluidics-Benchmarks/Results/tree_full_20260915_040013/artifacts/lfr__Expressions__Expression_4__Expression_4_fromLFR/result.json,,Microfluidics-Benchmarks/Results/tree_full_20260915_040013/logs/lfr__Expressions__Expression_4__Expression_4_fromLFR.log,Microfluidics-Benchmarks/Results/tree_full_20260915_040013/artifacts/lfr__Expressions__Expression_4__Expression_4_fromLFR
113,lfr,lfr__Expressions__Expression_5__Expression_5_fromLFR,Expressions/Expression_5/Expression_5_fromLFR.json,/home/student/Desktop/Neptune_2026/Microfluidics-Benchmarks/Results/LFR-TestCases/Expressions/Expression_5/Expression_5_fromLFR.json,tree,success,,1.12,0.870656,0,,,,,,,,True,,,,/home/student/Desktop/Neptune_2026/Microfluidics-Benchmarks/Results/tree_full_20260915_040013/artifacts/lfr__Expressions__Expression_5__Expression_5_fromLFR/result.json,,Microfluidics-Benchmarks/Results/tree_full_20260915_040013/logs/lfr__Expressions__Expression_5__Expression_5_fromLFR.log,Microfluidics-Benchmarks/Results/tree_full_20260915_040013/artifacts/lfr__Expressions__Expression_5__Expression_5_fromLFR
114,lfr,lfr__Expressions__Expression_6__Expression_6_fromLFR,Expressions/Expression_6/Expression_6_fromLFR.json,/home/student/Desktop/Neptune_2026/Microfluidics-Benchmarks/Results/LFR-TestCases/Expressions/Expression_6/Expression_6_fromLFR.json,tree,success,,1.171,0.960326,0,,,,,,,,True,,,,/home/student/Desktop/Neptune_2026/Microfluidics-Benchmarks/Results/tree_full_20260915_040013/artifacts/lfr__Expressions__Expression_6__Expression_6_fromLFR/result.json,,Microfluidics-Benchmarks/Results/tree_full_20260915_040013/logs/lfr__Expressions__Expression_6__Expression_6_fromLFR.log,Microfluidics-Benchmarks/Results/tree_full_20260915_040013/artifacts/lfr__Expressions__Expression_6__Expression_6_fromLFR
115,lfr,lfr__Expressions__Expression_7__Expression_7_fromLFR,Expressions/Expression_7/Expression_7_fromLFR.json,/home/student/Desktop/Neptune_2026/Microfluidics-Benchmarks/Results/LFR-TestCases/Expressions/Expression_7/Expression_7_fromLFR.json,tree,success,,1.221,0.988301,0,,,,,,,,True,,,,/home/student/Desktop/Neptune_2026/Microfluidics-Benchmarks/Results/tree_full_20260915_040013/artifacts/lfr__Expressions__Expression_7__Expression_7_fromLFR/result.json,,Microfluidics-Benchmarks/Results/tree_full_20260915_040013/logs/lfr__Expressions__Expression_7__Expression_7_fromLFR.log,Microfluidics-Benchmarks/Results/tree_full_20260915_040013/artifacts/lfr__Expressions__Expression_7__Expression_7_fromLFR
116,lfr,lfr__Expressions__Expression_8__Expression_8_fromLFR,Expressions/Expression_8/Expression_8_fromLFR.json,/home/student/Desktop/Neptune_2026/Microfluidics-Benchmarks/Results/LFR-TestCases/Expressions/Expression_8/Expression_8_fromLFR.json,tree,success,,1.119,0.888859,0,,,,,,,,True,,,,/home/student/Desktop/Neptune_2026/Microfluidics-Benchmarks/Results/tree_full_20260915_040013/artifacts/lfr__Expressions__Expression_8__Expression_8_fromLFR/result.json,,Microfluidics-Benchmarks/Results/tree_full_20260915_040013/logs/lfr__Expressions__Expression_8__Expression_8_fromLFR.log,Microfluidics-Benchmarks/Results/tree_full_20260915_040013/artifacts/lfr__Expressions__Expression_8__Expression_8_fromLFR
117,lfr,lfr__Expressions__Expression_9__Expression_9_fromLFR,Expressions/Expression_9/Expression_9_fromLFR.json,/home/student/Desktop/Neptune_2026/Microfluidics-Benchmarks/Results/LFR-TestCases/Expressions/Expression_9/Expression_9_fromLFR.json,tree,success,,1.12,0.880748,0,,,,,,,,True,,,,/home/student/Desktop/Neptune_2026/Microfluidics-Benchmarks/Results/tree_full_20260915_040013/artifacts/lfr__Expressions__Expression_9__Expression_9_fromLFR/result.json,,Microfluidics-Benchmarks/Results/tree_full_20260915_040013/logs/lfr__Expressions__Expression_9__Expression_9_fromLFR.log,Microfluidics-Benchmarks/Results/tree_full_20260915_040013/artifacts/lfr__Expressions__Expression_9__Expression_9_fromLFR
118,lfr,lfr__Ghissues__Issue_10__Issue_10_fromLFR,Ghissues/Issue_10/Issue_10_fromLFR.json,/home/student/Desktop/Neptune_2026/Microfluidics-Benchmarks/Results/LFR-TestCases/Ghissues/Issue_10/Issue_10_fromLFR.json,tree,timeout,exceeded 1800s,1800.018,,,,,,,,,,,,,,,,Microfluidics-Benchmarks/Results/tree_full_20260915_040013/logs/lfr__Ghissues__Issue_10__Issue_10_fromLFR.log,Microfluidics-Benchmarks/Results/tree_full_20260915_040013/artifacts/lfr__Ghissues__Issue_10__Issue_10_fromLFR
119,lfr,lfr__Ghissues__Issue_15__Issue_15_fromLFR,Ghissues/Issue_15/Issue_15_fromLFR.json,/home/student/Desktop/Neptune_2026/Microfluidics-Benchmarks/Results/LFR-TestCases/Ghissues/Issue_15/Issue_15_fromLFR.json,tree,success,,1.17,0.905282,0,,,,,,,,True,,,,/home/student/Desktop/Neptune_2026/Microfluidics-Benchmarks/Results/tree_full_20260915_040013/artifacts/lfr__Ghissues__Issue_15__Issue_15_fromLFR/result.json,,Microfluidics-Benchmarks/Results/tree_full_20260915_040013/logs/lfr__Ghissues__Issue_15__Issue_15_fromLFR.log,Microfluidics-Benchmarks/Results/tree_full_20260915_040013/artifacts/lfr__Ghissues__Issue_15__Issue_15_fromLFR
120,lfr,lfr__Ghissues__Issue_2__Issue_2_fromLFR,Ghissues/Issue_2/Issue_2_fromLFR.json,/home/student/Desktop/Neptune_2026/Microfluidics-Benchmarks/Results/LFR-TestCases/Ghissues/Issue_2/Issue_2_fromLFR.json,tree,success,,0.919,0.715089,0,,,,,,,,True,,,,/home/student/Desktop/Neptune_2026/Microfluidics-Benchmarks/Results/tree_full_20260915_040013/artifacts/lfr__Ghissues__Issue_2__Issue_2_fromLFR/result.json,,Microfluidics-Benchmarks/Results/tree_full_20260915_040013/logs/lfr__Ghissues__Issue_2__Issue_2_fromLFR.log,Microfluidics-Benchmarks/Results/tree_full_20260915_040013/artifacts/lfr__Ghissues__Issue_2__Issue_2_fromLFR
121,lfr,lfr__Ghissues__Issue_3__Issue_3_fromLFR,Ghissues/Issue_3/Issue_3_fromLFR.json,/home/student/Desktop/Neptune_2026/Microfluidics-Benchmarks/Results/LFR-TestCases/Ghissues/Issue_3/Issue_3_fromLFR.json,tree,timeout,exceeded 1800s,1800.018,,,,,,,,,,,,,,,,Microfluidics-Benchmarks/Results/tree_full_20260915_040013/logs/lfr__Ghissues__Issue_3__Issue_3_fromLFR.log,Microfluidics-Benchmarks/Results/tree_full_20260915_040013/artifacts/lfr__Ghissues__Issue_3__Issue_3_fromLFR
122,lfr,lfr__Ghissues__Issue_6__Issue_6_fromLFR,Ghissues/Issue_6/Issue_6_fromLFR.json,/home/student/Desktop/Neptune_2026/Microfluidics-Benchmarks/Results/LFR-TestCases/Ghissues/Issue_6/Issue_6_fromLFR.json,tree,timeout,exceeded 1800s,1800.022,,,,,,,,,,,,,,,,Microfluidics-Benchmarks/Results/tree_full_20260915_040013/logs/lfr__Ghissues__Issue_6__Issue_6_fromLFR.log,Microfluidics-Benchmarks/Results/tree_full_20260915_040013/artifacts/lfr__Ghissues__Issue_6__Issue_6_fromLFR
123,lfr,lfr__Ghissues__Issue_7__Issue_7_fromLFR,Ghissues/Issue_7/Issue_7_fromLFR.json,/home/student/Desktop/Neptune_2026/Microfluidics-Benchmarks/Results/LFR-TestCases/Ghissues/Issue_7/Issue_7_fromLFR.json,tree,timeout,exceeded 1800s,1800.009,,,,,,,,,,,,,,,,Microfluidics-Benchmarks/Results/tree_full_20260915_040013/logs/lfr__Ghissues__Issue_7__Issue_7_fromLFR.log,Microfluidics-Benchmarks/Results/tree_full_20260915_040013/artifacts/lfr__Ghissues__Issue_7__Issue_7_fromLFR
124,lfr,lfr__Ghissues__Issue_8__Issue_8_fromLFR,Ghissues/Issue_8/Issue_8_fromLFR.json,/home/student/Desktop/Neptune_2026/Microfluidics-Benchmarks/Results/LFR-TestCases/Ghissues/Issue_8/Issue_8_fromLFR.json,tree,timeout,exceeded 1800s,1800.011,,,,,,,,,,,,,,,,Microfluidics-Benchmarks/Results/tree_full_20260915_040013/logs/lfr__Ghissues__Issue_8__Issue_8_fromLFR.log,Microfluidics-Benchmarks/Results/tree_full_20260915_040013/artifacts/lfr__Ghissues__Issue_8__Issue_8_fromLFR
125,lfr,lfr__Ghissues__Issue_9__Issue_9_fromLFR,Ghissues/Issue_9/Issue_9_fromLFR.json,/home/student/Desktop/Neptune_2026/Microfluidics-Benchmarks/Results/LFR-TestCases/Ghissues/Issue_9/Issue_9_fromLFR.json,tree,success,,281.668,281.47407,0,,,,,,,,True,,,,/home/student/Desktop/Neptune_2026/Microfluidics-Benchmarks/Results/tree_full_20260915_040013/artifacts/lfr__Ghissues__Issue_9__Issue_9_fromLFR/result.json,,Microfluidics-Benchmarks/Results/tree_full_20260915_040013/logs/lfr__Ghissues__Issue_9__Issue_9_fromLFR.log,Microfluidics-Benchmarks/Results/tree_full_20260915_040013/artifacts/lfr__Ghissues__Issue_9__Issue_9_fromLFR
126,lfr,lfr__Graph_Coverage__Tree_Fanin__Tree_Fanin_fromLFR,Graph_Coverage/Tree_Fanin/Tree_Fanin_fromLFR.json,/home/student/Desktop/Neptune_2026/Microfluidics-Benchmarks/Results/LFR-TestCases/Graph_Coverage/Tree_Fanin/Tree_Fanin_fromLFR.json,tree,success,,1.123,0.934507,0,,,,,,,,True,,,,/home/student/Desktop/Neptune_2026/Microfluidics-Benchmarks/Results/tree_full_20260915_040013/artifacts/lfr__Graph_Coverage__Tree_Fanin__Tree_Fanin_fromLFR/result.json,,Microfluidics-Benchmarks/Results/tree_full_20260915_040013/logs/lfr__Graph_Coverage__Tree_Fanin__Tree_Fanin_fromLFR.log,Microfluidics-Benchmarks/Results/tree_full_20260915_040013/artifacts/lfr__Graph_Coverage__Tree_Fanin__Tree_Fanin_fromLFR
127,lfr,lfr__Graph_Coverage__Tree_Fanout__Tree_Fanout_fromLFR,Graph_Coverage/Tree_Fanout/Tree_Fanout_fromLFR.json,/home/student/Desktop/Neptune_2026/Microfluidics-Benchmarks/Results/LFR-TestCases/Graph_Coverage/Tree_Fanout/Tree_Fanout_fromLFR.json,tree,success,,1.126,0.921357,0,,,,,,,,True,,,,/home/student/Desktop/Neptune_2026/Microfluidics-Benchmarks/Results/tree_full_20260915_040013/artifacts/lfr__Graph_Coverage__Tree_Fanout__Tree_Fanout_fromLFR/result.json,,Microfluidics-Benchmarks/Results/tree_full_20260915_040013/logs/lfr__Graph_Coverage__Tree_Fanout__Tree_Fanout_fromLFR.log,Microfluidics-Benchmarks/Results/tree_full_20260915_040013/artifacts/lfr__Graph_Coverage__Tree_Fanout__Tree_Fanout_fromLFR
128,lfr,lfr__Literature_Benchmarks__Device_1_Sc_Rna_Seq__Device_1_Sc_Rna_Seq_fromLFR,Literature_Benchmarks/Device_1_Sc_Rna_Seq/Device_1_Sc_Rna_Seq_fromLFR.json,/home/student/Desktop/Neptune_2026/Microfluidics-Benchmarks/Results/LFR-TestCases/Literature_Benchmarks/Device_1_Sc_Rna_Seq/Device_1_Sc_Rna_Seq_fromLFR.json,tree,success,,1.068,0.866486,0,,,,,,,,True,,,,/home/student/Desktop/Neptune_2026/Microfluidics-Benchmarks/Results/tree_full_20260915_040013/artifacts/lfr__Literature_Benchmarks__Device_1_Sc_Rna_Seq__Device_1_Sc_Rna_Seq_fromLFR/result.json,,Microfluidics-Benchmarks/Results/tree_full_20260915_040013/logs/lfr__Literature_Benchmarks__Device_1_Sc_Rna_Seq__Device_1_Sc_Rna_Seq_fromLFR.log,Microfluidics-Benchmarks/Results/tree_full_20260915_040013/artifacts/lfr__Literature_Benchmarks__Device_1_Sc_Rna_Seq__Device_1_Sc_Rna_Seq_fromLFR
129,lfr,lfr__Literature_Benchmarks__Device_2_Artificial_Cells__Device_2_Artificial_Cells_fromLFR,Literature_Benchmarks/Device_2_Artificial_Cells/Device_2_Artificial_Cells_fromLFR.json,/home/student/Desktop/Neptune_2026/Microfluidics-Benchmarks/Results/LFR-TestCases/Literature_Benchmarks/Device_2_Artificial_Cells/Device_2_Artificial_Cells_fromLFR.json,tree,timeout,exceeded 1800s,1800.01,,,,,,,,,,,,,,,,Microfluidics-Benchmarks/Results/tree_full_20260915_040013/logs/lfr__Literature_Benchmarks__Device_2_Artificial_Cells__Device_2_Artificial_Cells_fromLFR.log,Microfluidics-Benchmarks/Results/tree_full_20260915_040013/artifacts/lfr__Literature_Benchmarks__Device_2_Artificial_Cells__Device_2_Artificial_Cells_fromLFR
130,lfr,lfr__Literature_Benchmarks__Device_4_Molecular_Diagnostics__Device_4_Molecular_Diagnostics_fromLFR,Literature_Benchmarks/Device_4_Molecular_Diagnostics/Device_4_Molecular_Diagnostics_fromLFR.json,/home/student/Desktop/Neptune_2026/Microfluidics-Benchmarks/Results/LFR-TestCases/Literature_Benchmarks/Device_4_Molecular_Diagnostics/Device_4_Molecular_Diagnostics_fromLFR.json,tree,success,,1.173,0.978763,0,,,,,,,,True,,,,/home/student/Desktop/Neptune_2026/Microfluidics-Benchmarks/Results/tree_full_20260915_040013/artifacts/lfr__Literature_Benchmarks__Device_4_Molecular_Diagnostics__Device_4_Molecular_Diagnostics_fromLFR/result.json,,Microfluidics-Benchmarks/Results/tree_full_20260915_040013/logs/lfr__Literature_Benchmarks__Device_4_Molecular_Diagnostics__Device_4_Molecular_Diagnostics_fromLFR.log,Microfluidics-Benchmarks/Results/tree_full_20260915_040013/artifacts/lfr__Literature_Benchmarks__Device_4_Molecular_Diagnostics__Device_4_Molecular_Diagnostics_fromLFR
131,lfr,lfr__Literature_Benchmarks__Device_5_Bacteria_Diagnostics__Device_5_Bacteria_Diagnostics_fromLFR,Literature_Benchmarks/Device_5_Bacteria_Diagnostics/Device_5_Bacteria_Diagnostics_fromLFR.json,/home/student/Desktop/Neptune_2026/Microfluidics-Benchmarks/Results/LFR-TestCases/Literature_Benchmarks/Device_5_Bacteria_Diagnostics/Device_5_Bacteria_Diagnostics_fromLFR.json,tree,success,,13.252,13.009479,0,,,,,,,,True,,,,/home/student/Desktop/Neptune_2026/Microfluidics-Benchmarks/Results/tree_full_20260915_040013/artifacts/lfr__Literature_Benchmarks__Device_5_Bacteria_Diagnostics__Device_5_Bacteria_Diagnostics_fromLFR/result.json,,Microfluidics-Benchmarks/Results/tree_full_20260915_040013/logs/lfr__Literature_Benchmarks__Device_5_Bacteria_Diagnostics__Device_5_Bacteria_Diagnostics_fromLFR.log,Microfluidics-Benchmarks/Results/tree_full_20260915_040013/artifacts/lfr__Literature_Benchmarks__Device_5_Bacteria_Diagnostics__Device_5_Bacteria_Diagnostics_fromLFR
132,lfr,lfr__Literature_Benchmarks__Device_6_Organic_Chemical_Synthesis__Device_6_Organic_Chemical_Synthesis_fromLFR,Literature_Benchmarks/Device_6_Organic_Chemical_Synthesis/Device_6_Organic_Chemical_Synthesis_fromLFR.json,/home/student/Desktop/Neptune_2026/Microfluidics-Benchmarks/Results/LFR-TestCases/Literature_Benchmarks/Device_6_Organic_Chemical_Synthesis/Device_6_Organic_Chemical_Synthesis_fromLFR.json,tree,success,,657.941,657.732855,0,,,,,,,,True,,,,/home/student/Desktop/Neptune_2026/Microfluidics-Benchmarks/Results/tree_full_20260915_040013/artifacts/lfr__Literature_Benchmarks__Device_6_Organic_Chemical_Synthesis__Device_6_Organic_Chemical_Synthesis_fromLFR/result.json,,Microfluidics-Benchmarks/Results/tree_full_20260915_040013/logs/lfr__Literature_Benchmarks__Device_6_Organic_Chemical_Synthesis__Device_6_Organic_Chemical_Synthesis_fromLFR.log,Microfluidics-Benchmarks/Results/tree_full_20260915_040013/artifacts/lfr__Literature_Benchmarks__Device_6_Organic_Chemical_Synthesis__Device_6_Organic_Chemical_Synthesis_fromLFR
133,lfr,lfr__Literature_Benchmarks__Device_7_Enzyme_Screening__Device_7_Enzyme_Screening_fromLFR,Literature_Benchmarks/Device_7_Enzyme_Screening/Device_7_Enzyme_Screening_fromLFR.json,/home/student/Desktop/Neptune_2026/Microfluidics-Benchmarks/Results/LFR-TestCases/Literature_Benchmarks/Device_7_Enzyme_Screening/Device_7_Enzyme_Screening_fromLFR.json,tree,success,,188.563,188.339108,0,,,,,,,,True,,,,/home/student/Desktop/Neptune_2026/Microfluidics-Benchmarks/Results/tree_full_20260915_040013/artifacts/lfr__Literature_Benchmarks__Device_7_Enzyme_Screening__Device_7_Enzyme_Screening_fromLFR/result.json,,Microfluidics-Benchmarks/Results/tree_full_20260915_040013/logs/lfr__Literature_Benchmarks__Device_7_Enzyme_Screening__Device_7_Enzyme_Screening_fromLFR.log,Microfluidics-Benchmarks/Results/tree_full_20260915_040013/artifacts/lfr__Literature_Benchmarks__Device_7_Enzyme_Screening__Device_7_Enzyme_Screening_fromLFR
134,lfr,lfr__Mars__Antibiotic_Resistance__Antibiotic_Resistance_fromLFR,Mars/Antibiotic_Resistance/Antibiotic_Resistance_fromLFR.json,/home/student/Desktop/Neptune_2026/Microfluidics-Benchmarks/Results/LFR-TestCases/Mars/Antibiotic_Resistance/Antibiotic_Resistance_fromLFR.json,tree,success,,1.219,1.010855,0,,,,,,,,True,,,,/home/student/Desktop/Neptune_2026/Microfluidics-Benchmarks/Results/tree_full_20260915_040013/artifacts/lfr__Mars__Antibiotic_Resistance__Antibiotic_Resistance_fromLFR/result.json,,Microfluidics-Benchmarks/Results/tree_full_20260915_040013/logs/lfr__Mars__Antibiotic_Resistance__Antibiotic_Resistance_fromLFR.log,Microfluidics-Benchmarks/Results/tree_full_20260915_040013/artifacts/lfr__Mars__Antibiotic_Resistance__Antibiotic_Resistance_fromLFR
135,lfr,lfr__Mars__Cell_Lysis__Cell_Lysis_fromLFR,Mars/Cell_Lysis/Cell_Lysis_fromLFR.json,/home/student/Desktop/Neptune_2026/Microfluidics-Benchmarks/Results/LFR-TestCases/Mars/Cell_Lysis/Cell_Lysis_fromLFR.json,tree,success,,1.12,0.91048,0,,,,,,,,True,,,,/home/student/Desktop/Neptune_2026/Microfluidics-Benchmarks/Results/tree_full_20260915_040013/artifacts/lfr__Mars__Cell_Lysis__Cell_Lysis_fromLFR/result.json,,Microfluidics-Benchmarks/Results/tree_full_20260915_040013/logs/lfr__Mars__Cell_Lysis__Cell_Lysis_fromLFR.log,Microfluidics-Benchmarks/Results/tree_full_20260915_040013/artifacts/lfr__Mars__Cell_Lysis__Cell_Lysis_fromLFR
136,lfr,lfr__Mars__Dna_Digest__Dna_Digest_fromLFR,Mars/Dna_Digest/Dna_Digest_fromLFR.json,/home/student/Desktop/Neptune_2026/Microfluidics-Benchmarks/Results/LFR-TestCases/Mars/Dna_Digest/Dna_Digest_fromLFR.json,tree,success,,2.378,2.144711,0,,,,,,,,True,,,,/home/student/Desktop/Neptune_2026/Microfluidics-Benchmarks/Results/tree_full_20260915_040013/artifacts/lfr__Mars__Dna_Digest__Dna_Digest_fromLFR/result.json,,Microfluidics-Benchmarks/Results/tree_full_20260915_040013/logs/lfr__Mars__Dna_Digest__Dna_Digest_fromLFR.log,Microfluidics-Benchmarks/Results/tree_full_20260915_040013/artifacts/lfr__Mars__Dna_Digest__Dna_Digest_fromLFR
137,lfr,lfr__Mars__Fluorescence__Fluorescence_fromLFR,Mars/Fluorescence/Fluorescence_fromLFR.json,/home/student/Desktop/Neptune_2026/Microfluidics-Benchmarks/Results/LFR-TestCases/Mars/Fluorescence/Fluorescence_fromLFR.json,tree,success,,1.571,1.38509,0,,,,,,,,True,,,,/home/student/Desktop/Neptune_2026/Microfluidics-Benchmarks/Results/tree_full_20260915_040013/artifacts/lfr__Mars__Fluorescence__Fluorescence_fromLFR/result.json,,Microfluidics-Benchmarks/Results/tree_full_20260915_040013/logs/lfr__Mars__Fluorescence__Fluorescence_fromLFR.log,Microfluidics-Benchmarks/Results/tree_full_20260915_040013/artifacts/lfr__Mars__Fluorescence__Fluorescence_fromLFR
138,lfr,lfr__Mars__Ligation__Ligation_fromLFR,Mars/Ligation/Ligation_fromLFR.json,/home/student/Desktop/Neptune_2026/Microfluidics-Benchmarks/Results/LFR-TestCases/Mars/Ligation/Ligation_fromLFR.json,tree,timeout,exceeded 1800s,1800.01,,,,,,,,,,,,,,,,Microfluidics-Benchmarks/Results/tree_full_20260915_040013/logs/lfr__Mars__Ligation__Ligation_fromLFR.log,Microfluidics-Benchmarks/Results/tree_full_20260915_040013/artifacts/lfr__Mars__Ligation__Ligation_fromLFR
139,lfr,lfr__Mars__Pcr__Pcr_fromLFR,Mars/Pcr/Pcr_fromLFR.json,/home/student/Desktop/Neptune_2026/Microfluidics-Benchmarks/Results/LFR-TestCases/Mars/Pcr/Pcr_fromLFR.json,tree,success,,1.37,1.173854,0,,,,,,,,True,,,,/home/student/Desktop/Neptune_2026/Microfluidics-Benchmarks/Results/tree_full_20260915_040013/artifacts/lfr__Mars__Pcr__Pcr_fromLFR/result.json,,Microfluidics-Benchmarks/Results/tree_full_20260915_040013/logs/lfr__Mars__Pcr__Pcr_fromLFR.log,Microfluidics-Benchmarks/Results/tree_full_20260915_040013/artifacts/lfr__Mars__Pcr__Pcr_fromLFR
140,lfr,lfr__Mars__Sorting__Sorting_fromLFR,Mars/Sorting/Sorting_fromLFR.json,/home/student/Desktop/Neptune_2026/Microfluidics-Benchmarks/Results/LFR-TestCases/Mars/Sorting/Sorting_fromLFR.json,tree,success,,1.02,0.812305,0,,,,,,,,True,,,,/home/student/Desktop/Neptune_2026/Microfluidics-Benchmarks/Results/tree_full_20260915_040013/artifacts/lfr__Mars__Sorting__Sorting_fromLFR/result.json,,Microfluidics-Benchmarks/Results/tree_full_20260915_040013/logs/lfr__Mars__Sorting__Sorting_fromLFR.log,Microfluidics-Benchmarks/Results/tree_full_20260915_040013/artifacts/lfr__Mars__Sorting__Sorting_fromLFR
141,lfr,lfr__Mars__Transformation__Transformation_fromLFR,Mars/Transformation/Transformation_fromLFR.json,/home/student/Desktop/Neptune_2026/Microfluidics-Benchmarks/Results/LFR-TestCases/Mars/Transformation/Transformation_fromLFR.json,tree,success,,1.121,0.929349,0,,,,,,,,True,,,,/home/student/Desktop/Neptune_2026/Microfluidics-Benchmarks/Results/tree_full_20260915_040013/artifacts/lfr__Mars__Transformation__Transformation_fromLFR/result.json,,Microfluidics-Benchmarks/Results/tree_full_20260915_040013/logs/lfr__Mars__Transformation__Transformation_fromLFR.log,Microfluidics-Benchmarks/Results/tree_full_20260915_040013/artifacts/lfr__Mars__Transformation__Transformation_fromLFR
142,lfr,lfr__Protocols__Cell_Sorting__Cell_Sorting_fromLFR,Protocols/Cell_Sorting/Cell_Sorting_fromLFR.json,/home/student/Desktop/Neptune_2026/Microfluidics-Benchmarks/Results/LFR-TestCases/Protocols/Cell_Sorting/Cell_Sorting_fromLFR.json,tree,success,,0.926,0.740368,0,,,,,,,,True,,,,/home/student/Desktop/Neptune_2026/Microfluidics-Benchmarks/Results/tree_full_20260915_040013/artifacts/lfr__Protocols__Cell_Sorting__Cell_Sorting_fromLFR/result.json,,Microfluidics-Benchmarks/Results/tree_full_20260915_040013/logs/lfr__Protocols__Cell_Sorting__Cell_Sorting_fromLFR.log,Microfluidics-Benchmarks/Results/tree_full_20260915_040013/artifacts/lfr__Protocols__Cell_Sorting__Cell_Sorting_fromLFR
143,lfr,lfr__Protocols__Directed_Evolution__Directed_Evolution_fromLFR,Protocols/Directed_Evolution/Directed_Evolution_fromLFR.json,/home/student/Desktop/Neptune_2026/Microfluidics-Benchmarks/Results/LFR-TestCases/Protocols/Directed_Evolution/Directed_Evolution_fromLFR.json,tree,timeout,exceeded 1800s,1800.01,,,,,,,,,,,,,,,,Microfluidics-Benchmarks/Results/tree_full_20260915_040013/logs/lfr__Protocols__Directed_Evolution__Directed_Evolution_fromLFR.log,Microfluidics-Benchmarks/Results/tree_full_20260915_040013/artifacts/lfr__Protocols__Directed_Evolution__Directed_Evolution_fromLFR
144,lfr,lfr__Technology_Mapping__Cycle__Cycle_fromLFR,Technology_Mapping/Cycle/Cycle_fromLFR.json,/home/student/Desktop/Neptune_2026/Microfluidics-Benchmarks/Results/LFR-TestCases/Technology_Mapping/Cycle/Cycle_fromLFR.json,tree,success,,0.968,0.792086,0,,,,,,,,True,,,,/home/student/Desktop/Neptune_2026/Microfluidics-Benchmarks/Results/tree_full_20260915_040013/artifacts/lfr__Technology_Mapping__Cycle__Cycle_fromLFR/result.json,,Microfluidics-Benchmarks/Results/tree_full_20260915_040013/logs/lfr__Technology_Mapping__Cycle__Cycle_fromLFR.log,Microfluidics-Benchmarks/Results/tree_full_20260915_040013/artifacts/lfr__Technology_Mapping__Cycle__Cycle_fromLFR
145,lfr,lfr__Technology_Mapping__Instance_Mapping__Instance_Mapping_fromLFR,Technology_Mapping/Instance_Mapping/Instance_Mapping_fromLFR.json,/home/student/Desktop/Neptune_2026/Microfluidics-Benchmarks/Results/LFR-TestCases/Technology_Mapping/Instance_Mapping/Instance_Mapping_fromLFR.json,tree,success,,0.922,0.727347,0,,,,,,,,True,,,,/home/student/Desktop/Neptune_2026/Microfluidics-Benchmarks/Results/tree_full_20260915_040013/artifacts/lfr__Technology_Mapping__Instance_Mapping__Instance_Mapping_fromLFR/result.json,,Microfluidics-Benchmarks/Results/tree_full_20260915_040013/logs/lfr__Technology_Mapping__Instance_Mapping__Instance_Mapping_fromLFR.log,Microfluidics-Benchmarks/Results/tree_full_20260915_040013/artifacts/lfr__Technology_Mapping__Instance_Mapping__Instance_Mapping_fromLFR
146,lfr,lfr__Technology_Mapping__N_Greater_M_Map__N_Greater_M_Map_fromLFR,Technology_Mapping/N_Greater_M_Map/N_Greater_M_Map_fromLFR.json,/home/student/Desktop/Neptune_2026/Microfluidics-Benchmarks/Results/LFR-TestCases/Technology_Mapping/N_Greater_M_Map/N_Greater_M_Map_fromLFR.json,tree,success,,1.126,0.946941,0,,,,,,,,True,,,,/home/student/Desktop/Neptune_2026/Microfluidics-Benchmarks/Results/tree_full_20260915_040013/artifacts/lfr__Technology_Mapping__N_Greater_M_Map__N_Greater_M_Map_fromLFR/result.json,,Microfluidics-Benchmarks/Results/tree_full_20260915_040013/logs/lfr__Technology_Mapping__N_Greater_M_Map__N_Greater_M_Map_fromLFR.log,Microfluidics-Benchmarks/Results/tree_full_20260915_040013/artifacts/lfr__Technology_Mapping__N_Greater_M_Map__N_Greater_M_Map_fromLFR
147,lfr,lfr__Technology_Mapping__N_Less_M_Map__N_Less_M_Map_fromLFR,Technology_Mapping/N_Less_M_Map/N_Less_M_Map_fromLFR.json,/home/student/Desktop/Neptune_2026/Microfluidics-Benchmarks/Results/LFR-TestCases/Technology_Mapping/N_Less_M_Map/N_Less_M_Map_fromLFR.json,tree,success,,1.07,0.898989,0,,,,,,,,True,,,,/home/student/Desktop/Neptune_2026/Microfluidics-Benchmarks/Results/tree_full_20260915_040013/artifacts/lfr__Technology_Mapping__N_Less_M_Map__N_Less_M_Map_fromLFR/result.json,,Microfluidics-Benchmarks/Results/tree_full_20260915_040013/logs/lfr__Technology_Mapping__N_Less_M_Map__N_Less_M_Map_fromLFR.log,Microfluidics-Benchmarks/Results/tree_full_20260915_040013/artifacts/lfr__Technology_Mapping__N_Less_M_Map__N_Less_M_Map_fromLFR
148,lfr,lfr__Technology_Mapping__One_To_One_Mapping__One_To_One_Mapping_fromLFR,Technology_Mapping/One_To_One_Mapping/One_To_One_Mapping_fromLFR.json,/home/student/Desktop/Neptune_2026/Microfluidics-Benchmarks/Results/LFR-TestCases/Technology_Mapping/One_To_One_Mapping/One_To_One_Mapping_fromLFR.json,tree,success,,0.92,0.735846,0,,,,,,,,True,,,,/home/student/Desktop/Neptune_2026/Microfluidics-Benchmarks/Results/tree_full_20260915_040013/artifacts/lfr__Technology_Mapping__One_To_One_Mapping__One_To_One_Mapping_fromLFR/result.json,,Microfluidics-Benchmarks/Results/tree_full_20260915_040013/logs/lfr__Technology_Mapping__One_To_One_Mapping__One_To_One_Mapping_fromLFR.log,Microfluidics-Benchmarks/Results/tree_full_20260915_040013/artifacts/lfr__Technology_Mapping__One_To_One_Mapping__One_To_One_Mapping_fromLFR
149,lfr,lfr__Technology_Mapping__Tree_Bus__Tree_Bus_fromLFR,Technology_Mapping/Tree_Bus/Tree_Bus_fromLFR.json,/home/student/Desktop/Neptune_2026/Microfluidics-Benchmarks/Results/LFR-TestCases/Technology_Mapping/Tree_Bus/Tree_Bus_fromLFR.json,tree,success,,1.12,0.955696,0,,,,,,,,True,,,,/home/student/Desktop/Neptune_2026/Microfluidics-Benchmarks/Results/tree_full_20260915_040013/artifacts/lfr__Technology_Mapping__Tree_Bus__Tree_Bus_fromLFR/result.json,,Microfluidics-Benchmarks/Results/tree_full_20260915_040013/logs/lfr__Technology_Mapping__Tree_Bus__Tree_Bus_fromLFR.log,Microfluidics-Benchmarks/Results/tree_full_20260915_040013/artifacts/lfr__Technology_Mapping__Tree_Bus__Tree_Bus_fromLFR
150,lfr,lfr__Technology_Mapping__Tree_Fanin_Mapping__Tree_Fanin_Mapping_fromLFR,Technology_Mapping/Tree_Fanin_Mapping/Tree_Fanin_Mapping_fromLFR.json,/home/student/Desktop/Neptune_2026/Microfluidics-Benchmarks/Results/LFR-TestCases/Technology_Mapping/Tree_Fanin_Mapping/Tree_Fanin_Mapping_fromLFR.json,tree,success,,1.172,0.979154,0,,,,,,,,True,,,,/home/student/Desktop/Neptune_2026/Microfluidics-Benchmarks/Results/tree_full_20260915_040013/artifacts/lfr__Technology_Mapping__Tree_Fanin_Mapping__Tree_Fanin_Mapping_fromLFR/result.json,,Microfluidics-Benchmarks/Results/tree_full_20260915_040013/logs/lfr__Technology_Mapping__Tree_Fanin_Mapping__Tree_Fanin_Mapping_fromLFR.log,Microfluidics-Benchmarks/Results/tree_full_20260915_040013/artifacts/lfr__Technology_Mapping__Tree_Fanin_Mapping__Tree_Fanin_Mapping_fromLFR
151,lfr,lfr__Technology_Mapping__Tree_Fanout_Mapping_1__Tree_Fanout_Mapping_1_fromLFR,Technology_Mapping/Tree_Fanout_Mapping_1/Tree_Fanout_Mapping_1_fromLFR.json,/home/student/Desktop/Neptune_2026/Microfluidics-Benchmarks/Results/LFR-TestCases/Technology_Mapping/Tree_Fanout_Mapping_1/Tree_Fanout_Mapping_1_fromLFR.json,tree,success,,1.17,0.982314,0,,,,,,,,True,,,,/home/student/Desktop/Neptune_2026/Microfluidics-Benchmarks/Results/tree_full_20260915_040013/artifacts/lfr__Technology_Mapping__Tree_Fanout_Mapping_1__Tree_Fanout_Mapping_1_fromLFR/result.json,,Microfluidics-Benchmarks/Results/tree_full_20260915_040013/logs/lfr__Technology_Mapping__Tree_Fanout_Mapping_1__Tree_Fanout_Mapping_1_fromLFR.log,Microfluidics-Benchmarks/Results/tree_full_20260915_040013/artifacts/lfr__Technology_Mapping__Tree_Fanout_Mapping_1__Tree_Fanout_Mapping_1_fromLFR
152,lfr,lfr__Technology_Mapping__Tree_Fanout_Mapping_2__Tree_Fanout_Mapping_2_fromLFR,Technology_Mapping/Tree_Fanout_Mapping_2/Tree_Fanout_Mapping_2_fromLFR.json,/home/student/Desktop/Neptune_2026/Microfluidics-Benchmarks/Results/LFR-TestCases/Technology_Mapping/Tree_Fanout_Mapping_2/Tree_Fanout_Mapping_2_fromLFR.json,tree,success,,1.123,0.942058,0,,,,,,,,True,,,,/home/student/Desktop/Neptune_2026/Microfluidics-Benchmarks/Results/tree_full_20260915_040013/artifacts/lfr__Technology_Mapping__Tree_Fanout_Mapping_2__Tree_Fanout_Mapping_2_fromLFR/result.json,,Microfluidics-Benchmarks/Results/tree_full_20260915_040013/logs/lfr__Technology_Mapping__Tree_Fanout_Mapping_2__Tree_Fanout_Mapping_2_fromLFR.log,Microfluidics-Benchmarks/Results/tree_full_20260915_040013/artifacts/lfr__Technology_Mapping__Tree_Fanout_Mapping_2__Tree_Fanout_Mapping_2_fromLFR
153,lfr,lfr__Technology_Mapping__Tree_Fanout_Mapping_3__Tree_Fanout_Mapping_3_fromLFR,Technology_Mapping/Tree_Fanout_Mapping_3/Tree_Fanout_Mapping_3_fromLFR.json,/home/student/Desktop/Neptune_2026/Microfluidics-Benchmarks/Results/LFR-TestCases/Technology_Mapping/Tree_Fanout_Mapping_3/Tree_Fanout_Mapping_3_fromLFR.json,tree,success,,1.178,0.973937,0,,,,,,,,True,,,,/home/student/Desktop/Neptune_2026/Microfluidics-Benchmarks/Results/tree_full_20260915_040013/artifacts/lfr__Technology_Mapping__Tree_Fanout_Mapping_3__Tree_Fanout_Mapping_3_fromLFR/result.json,,Microfluidics-Benchmarks/Results/tree_full_20260915_040013/logs/lfr__Technology_Mapping__Tree_Fanout_Mapping_3__Tree_Fanout_Mapping_3_fromLFR.log,Microfluidics-Benchmarks/Results/tree_full_20260915_040013/artifacts/lfr__Technology_Mapping__Tree_Fanout_Mapping_3__Tree_Fanout_Mapping_3_fromLFR
154,lfr,lfr__Technology_Mapping__Tree_Storage_Bus_Mapping__Tree_Storage_Bus_Mapping_fromLFR,Technology_Mapping/Tree_Storage_Bus_Mapping/Tree_Storage_Bus_Mapping_fromLFR.json,/home/student/Desktop/Neptune_2026/Microfluidics-Benchmarks/Results/LFR-TestCases/Technology_Mapping/Tree_Storage_Bus_Mapping/Tree_Storage_Bus_Mapping_fromLFR.json,tree,success,,2.475,2.27242,0,,,,,,,,True,,,,/home/student/Desktop/Neptune_2026/Microfluidics-Benchmarks/Results/tree_full_20260915_040013/artifacts/lfr__Technology_Mapping__Tree_Storage_Bus_Mapping__Tree_Storage_Bus_Mapping_fromLFR/result.json,,Microfluidics-Benchmarks/Results/tree_full_20260915_040013/logs/lfr__Technology_Mapping__Tree_Storage_Bus_Mapping__Tree_Storage_Bus_Mapping_fromLFR.log,Microfluidics-Benchmarks/Results/tree_full_20260915_040013/artifacts/lfr__Technology_Mapping__Tree_Storage_Bus_Mapping__Tree_Storage_Bus_Mapping_fromLFR
155,lfr,lfr__Transport_Networks__Distribute_Network_Examples__Distribute_Network_Examples_fromLFR,Transport_Networks/Distribute_Network_Examples/Distribute_Network_Examples_fromLFR.json,/home/student/Desktop/Neptune_2026/Microfluidics-Benchmarks/Results/LFR-TestCases/Transport_Networks/Distribute_Network_Examples/Distribute_Network_Examples_fromLFR.json,tree,success,,17.171,17.003769,0,,,,,,,,True,,,,/home/student/Desktop/Neptune_2026/Microfluidics-Benchmarks/Results/tree_full_20260915_040013/artifacts/lfr__Transport_Networks__Distribute_Network_Examples__Distribute_Network_Examples_fromLFR/result.json,,Microfluidics-Benchmarks/Results/tree_full_20260915_040013/logs/lfr__Transport_Networks__Distribute_Network_Examples__Distribute_Network_Examples_fromLFR.log,Microfluidics-Benchmarks/Results/tree_full_20260915_040013/artifacts/lfr__Transport_Networks__Distribute_Network_Examples__Distribute_Network_Examples_fromLFR
156,lfr,lfr__Transport_Networks__One_To_8__One_To_8_fromLFR,Transport_Networks/One_To_8/One_To_8_fromLFR.json,/home/student/Desktop/Neptune_2026/Microfluidics-Benchmarks/Results/LFR-TestCases/Transport_Networks/One_To_8/One_To_8_fromLFR.json,tree,success,,16.696,16.500787,0,,,,,,,,True,,,,/home/student/Desktop/Neptune_2026/Microfluidics-Benchmarks/Results/tree_full_20260915_040013/artifacts/lfr__Transport_Networks__One_To_8__One_To_8_fromLFR/result.json,,Microfluidics-Benchmarks/Results/tree_full_20260915_040013/logs/lfr__Transport_Networks__One_To_8__One_To_8_fromLFR.log,Microfluidics-Benchmarks/Results/tree_full_20260915_040013/artifacts/lfr__Transport_Networks__One_To_8__One_To_8_fromLFR
157,lfr,lfr__Transport_Networks__One_To_One__One_To_One_fromLFR,Transport_Networks/One_To_One/One_To_One_fromLFR.json,/home/student/Desktop/Neptune_2026/Microfluidics-Benchmarks/Results/LFR-TestCases/Transport_Networks/One_To_One/One_To_One_fromLFR.json,tree,success,,0.97,0.765686,0,,,,,,,,True,,,,/home/student/Desktop/Neptune_2026/Microfluidics-Benchmarks/Results/tree_full_20260915_040013/artifacts/lfr__Transport_Networks__One_To_One__One_To_One_fromLFR/result.json,,Microfluidics-Benchmarks/Results/tree_full_20260915_040013/logs/lfr__Transport_Networks__One_To_One__One_To_One_fromLFR.log,Microfluidics-Benchmarks/Results/tree_full_20260915_040013/artifacts/lfr__Transport_Networks__One_To_One__One_To_One_fromLFR
158,mint,mint__Base__Crossing_H__Crossing_H_fromMINT,Base/Crossing_H/Crossing_H_fromMINT.json,/home/student/Desktop/Neptune_2026/Microfluidics-Benchmarks/Results/MINT-TestCases/Base/Crossing_H/Crossing_H_fromMINT.json,tree,success,,4.388,4.163659,0,,,,,,,,True,,,,/home/student/Desktop/Neptune_2026/Microfluidics-Benchmarks/Results/tree_full_20260915_040013/artifacts/mint__Base__Crossing_H__Crossing_H_fromMINT/result.json,,Microfluidics-Benchmarks/Results/tree_full_20260915_040013/logs/mint__Base__Crossing_H__Crossing_H_fromMINT.log,Microfluidics-Benchmarks/Results/tree_full_20260915_040013/artifacts/mint__Base__Crossing_H__Crossing_H_fromMINT
159,mint,mint__Base__Crossing_V__Crossing_V_fromMINT,Base/Crossing_V/Crossing_V_fromMINT.json,/home/student/Desktop/Neptune_2026/Microfluidics-Benchmarks/Results/MINT-TestCases/Base/Crossing_V/Crossing_V_fromMINT.json,tree,success,,1.422,1.243935,0,,,,,,,,True,,,,/home/student/Desktop/Neptune_2026/Microfluidics-Benchmarks/Results/tree_full_20260915_040013/artifacts/mint__Base__Crossing_V__Crossing_V_fromMINT/result.json,,Microfluidics-Benchmarks/Results/tree_full_20260915_040013/logs/mint__Base__Crossing_V__Crossing_V_fromMINT.log,Microfluidics-Benchmarks/Results/tree_full_20260915_040013/artifacts/mint__Base__Crossing_V__Crossing_V_fromMINT
160,mint,mint__Base__Grad_Gen_H__Grad_Gen_H_fromMINT,Base/Grad_Gen_H/Grad_Gen_H_fromMINT.json,/home/student/Desktop/Neptune_2026/Microfluidics-Benchmarks/Results/MINT-TestCases/Base/Grad_Gen_H/Grad_Gen_H_fromMINT.json,tree,success,,1.328,1.085071,0,,,,,,,,True,,,,/home/student/Desktop/Neptune_2026/Microfluidics-Benchmarks/Results/tree_full_20260915_040013/artifacts/mint__Base__Grad_Gen_H__Grad_Gen_H_fromMINT/result.json,,Microfluidics-Benchmarks/Results/tree_full_20260915_040013/logs/mint__Base__Grad_Gen_H__Grad_Gen_H_fromMINT.log,Microfluidics-Benchmarks/Results/tree_full_20260915_040013/artifacts/mint__Base__Grad_Gen_H__Grad_Gen_H_fromMINT
161,mint,mint__Base__Grad_Gen_V__Grad_Gen_V_fromMINT,Base/Grad_Gen_V/Grad_Gen_V_fromMINT.json,/home/student/Desktop/Neptune_2026/Microfluidics-Benchmarks/Results/MINT-TestCases/Base/Grad_Gen_V/Grad_Gen_V_fromMINT.json,tree,success,,1.221,1.04935,0,,,,,,,,True,,,,/home/student/Desktop/Neptune_2026/Microfluidics-Benchmarks/Results/tree_full_20260915_040013/artifacts/mint__Base__Grad_Gen_V__Grad_Gen_V_fromMINT/result.json,,Microfluidics-Benchmarks/Results/tree_full_20260915_040013/logs/mint__Base__Grad_Gen_V__Grad_Gen_V_fromMINT.log,Microfluidics-Benchmarks/Results/tree_full_20260915_040013/artifacts/mint__Base__Grad_Gen_V__Grad_Gen_V_fromMINT
162,mint,mint__Base__Grid_4_Mixer__Grid_4_Mixer_fromMINT,Base/Grid_4_Mixer/Grid_4_Mixer_fromMINT.json,/home/student/Desktop/Neptune_2026/Microfluidics-Benchmarks/Results/MINT-TestCases/Base/Grid_4_Mixer/Grid_4_Mixer_fromMINT.json,tree,success,,483.857,483.580794,0,,,,,,,,True,,,,/home/student/Desktop/Neptune_2026/Microfluidics-Benchmarks/Results/tree_full_20260915_040013/artifacts/mint__Base__Grid_4_Mixer__Grid_4_Mixer_fromMINT/result.json,,Microfluidics-Benchmarks/Results/tree_full_20260915_040013/logs/mint__Base__Grid_4_Mixer__Grid_4_Mixer_fromMINT.log,Microfluidics-Benchmarks/Results/tree_full_20260915_040013/artifacts/mint__Base__Grid_4_Mixer__Grid_4_Mixer_fromMINT
163,mint,mint__Base__Horizontal_Mux_01__Horizontal_Mux_01_fromMINT,Base/Horizontal_Mux_01/Horizontal_Mux_01_fromMINT.json,/home/student/Desktop/Neptune_2026/Microfluidics-Benchmarks/Results/MINT-TestCases/Base/Horizontal_Mux_01/Horizontal_Mux_01_fromMINT.json,tree,success,,1.174,0.956077,0,,,,,,,,True,,,,/home/student/Desktop/Neptune_2026/Microfluidics-Benchmarks/Results/tree_full_20260915_040013/artifacts/mint__Base__Horizontal_Mux_01__Horizontal_Mux_01_fromMINT/result.json,,Microfluidics-Benchmarks/Results/tree_full_20260915_040013/logs/mint__Base__Horizontal_Mux_01__Horizontal_Mux_01_fromMINT.log,Microfluidics-Benchmarks/Results/tree_full_20260915_040013/artifacts/mint__Base__Horizontal_Mux_01__Horizontal_Mux_01_fromMINT
164,mint,mint__Base__Logic_Test_01__Logic_Test_01_fromMINT,Base/Logic_Test_01/Logic_Test_01_fromMINT.json,/home/student/Desktop/Neptune_2026/Microfluidics-Benchmarks/Results/MINT-TestCases/Base/Logic_Test_01/Logic_Test_01_fromMINT.json,tree,success,,1.017,0.81859,0,,,,,,,,True,,,,/home/student/Desktop/Neptune_2026/Microfluidics-Benchmarks/Results/tree_full_20260915_040013/artifacts/mint__Base__Logic_Test_01__Logic_Test_01_fromMINT/result.json,,Microfluidics-Benchmarks/Results/tree_full_20260915_040013/logs/mint__Base__Logic_Test_01__Logic_Test_01_fromMINT.log,Microfluidics-Benchmarks/Results/tree_full_20260915_040013/artifacts/mint__Base__Logic_Test_01__Logic_Test_01_fromMINT
165,mint,mint__Base__Logic_Test_02__Logic_Test_02_fromMINT,Base/Logic_Test_02/Logic_Test_02_fromMINT.json,/home/student/Desktop/Neptune_2026/Microfluidics-Benchmarks/Results/MINT-TestCases/Base/Logic_Test_02/Logic_Test_02_fromMINT.json,tree,success,,1.221,1.038086,0,,,,,,,,True,,,,/home/student/Desktop/Neptune_2026/Microfluidics-Benchmarks/Results/tree_full_20260915_040013/artifacts/mint__Base__Logic_Test_02__Logic_Test_02_fromMINT/result.json,,Microfluidics-Benchmarks/Results/tree_full_20260915_040013/logs/mint__Base__Logic_Test_02__Logic_Test_02_fromMINT.log,Microfluidics-Benchmarks/Results/tree_full_20260915_040013/artifacts/mint__Base__Logic_Test_02__Logic_Test_02_fromMINT
166,mint,mint__Base__Logic_Test_03__Logic_Test_03_fromMINT,Base/Logic_Test_03/Logic_Test_03_fromMINT.json,/home/student/Desktop/Neptune_2026/Microfluidics-Benchmarks/Results/MINT-TestCases/Base/Logic_Test_03/Logic_Test_03_fromMINT.json,tree,success,,1.371,1.173838,0,,,,,,,,True,,,,/home/student/Desktop/Neptune_2026/Microfluidics-Benchmarks/Results/tree_full_20260915_040013/artifacts/mint__Base__Logic_Test_03__Logic_Test_03_fromMINT/result.json,,Microfluidics-Benchmarks/Results/tree_full_20260915_040013/logs/mint__Base__Logic_Test_03__Logic_Test_03_fromMINT.log,Microfluidics-Benchmarks/Results/tree_full_20260915_040013/artifacts/mint__Base__Logic_Test_03__Logic_Test_03_fromMINT
167,mint,mint__Base__Long_Cell_Trap_Two_Port__Long_Cell_Trap_Two_Port_fromMINT,Base/Long_Cell_Trap_Two_Port/Long_Cell_Trap_Two_Port_fromMINT.json,/home/student/Desktop/Neptune_2026/Microfluidics-Benchmarks/Results/MINT-TestCases/Base/Long_Cell_Trap_Two_Port/Long_Cell_Trap_Two_Port_fromMINT.json,tree,success,,0.919,0.721006,0,,,,,,,,True,,,,/home/student/Desktop/Neptune_2026/Microfluidics-Benchmarks/Results/tree_full_20260915_040013/artifacts/mint__Base__Long_Cell_Trap_Two_Port__Long_Cell_Trap_Two_Port_fromMINT/result.json,,Microfluidics-Benchmarks/Results/tree_full_20260915_040013/logs/mint__Base__Long_Cell_Trap_Two_Port__Long_Cell_Trap_Two_Port_fromMINT.log,Microfluidics-Benchmarks/Results/tree_full_20260915_040013/artifacts/mint__Base__Long_Cell_Trap_Two_Port__Long_Cell_Trap_Two_Port_fromMINT
168,mint,mint__Base__Mux_8__Mux_8_fromMINT,Base/Mux_8/Mux_8_fromMINT.json,/home/student/Desktop/Neptune_2026/Microfluidics-Benchmarks/Results/MINT-TestCases/Base/Mux_8/Mux_8_fromMINT.json,tree,success,,1.125,0.936822,0,,,,,,,,True,,,,/home/student/Desktop/Neptune_2026/Microfluidics-Benchmarks/Results/tree_full_20260915_040013/artifacts/mint__Base__Mux_8__Mux_8_fromMINT/result.json,,Microfluidics-Benchmarks/Results/tree_full_20260915_040013/logs/mint__Base__Mux_8__Mux_8_fromMINT.log,Microfluidics-Benchmarks/Results/tree_full_20260915_040013/artifacts/mint__Base__Mux_8__Mux_8_fromMINT
169,mint,mint__Base__Net_Multi_Test__Net_Multi_Test_fromMINT,Base/Net_Multi_Test/Net_Multi_Test_fromMINT.json,/home/student/Desktop/Neptune_2026/Microfluidics-Benchmarks/Results/MINT-TestCases/Base/Net_Multi_Test/Net_Multi_Test_fromMINT.json,tree,success,,1.872,1.625541,0,,,,,,,,True,,,,/home/student/Desktop/Neptune_2026/Microfluidics-Benchmarks/Results/tree_full_20260915_040013/artifacts/mint__Base__Net_Multi_Test__Net_Multi_Test_fromMINT/result.json,,Microfluidics-Benchmarks/Results/tree_full_20260915_040013/logs/mint__Base__Net_Multi_Test__Net_Multi_Test_fromMINT.log,Microfluidics-Benchmarks/Results/tree_full_20260915_040013/artifacts/mint__Base__Net_Multi_Test__Net_Multi_Test_fromMINT
170,mint,mint__Base__Net_Test__Net_Test_fromMINT,Base/Net_Test/Net_Test_fromMINT.json,/home/student/Desktop/Neptune_2026/Microfluidics-Benchmarks/Results/MINT-TestCases/Base/Net_Test/Net_Test_fromMINT.json,tree,success,,0.919,0.763985,0,,,,,,,,True,,,,/home/student/Desktop/Neptune_2026/Microfluidics-Benchmarks/Results/tree_full_20260915_040013/artifacts/mint__Base__Net_Test__Net_Test_fromMINT/result.json,,Microfluidics-Benchmarks/Results/tree_full_20260915_040013/logs/mint__Base__Net_Test__Net_Test_fromMINT.log,Microfluidics-Benchmarks/Results/tree_full_20260915_040013/artifacts/mint__Base__Net_Test__Net_Test_fromMINT
171,mint,mint__Base__Net_Valve_Test__Net_Valve_Test_fromMINT,Base/Net_Valve_Test/Net_Valve_Test_fromMINT.json,/home/student/Desktop/Neptune_2026/Microfluidics-Benchmarks/Results/MINT-TestCases/Base/Net_Valve_Test/Net_Valve_Test_fromMINT.json,tree,success,,5.031,4.855121,0,,,,,,,,True,,,,/home/student/Desktop/Neptune_2026/Microfluidics-Benchmarks/Results/tree_full_20260915_040013/artifacts/mint__Base__Net_Valve_Test__Net_Valve_Test_fromMINT/result.json,,Microfluidics-Benchmarks/Results/tree_full_20260915_040013/logs/mint__Base__Net_Valve_Test__Net_Valve_Test_fromMINT.log,Microfluidics-Benchmarks/Results/tree_full_20260915_040013/artifacts/mint__Base__Net_Valve_Test__Net_Valve_Test_fromMINT
172,mint,mint__Base__Node_Long_Cell_Trap_01__Node_Long_Cell_Trap_01_fromMINT,Base/Node_Long_Cell_Trap_01/Node_Long_Cell_Trap_01_fromMINT.json,/home/student/Desktop/Neptune_2026/Microfluidics-Benchmarks/Results/MINT-TestCases/Base/Node_Long_Cell_Trap_01/Node_Long_Cell_Trap_01_fromMINT.json,tree,success,,1.171,1.004128,0,,,,,,,,True,,,,/home/student/Desktop/Neptune_2026/Microfluidics-Benchmarks/Results/tree_full_20260915_040013/artifacts/mint__Base__Node_Long_Cell_Trap_01__Node_Long_Cell_Trap_01_fromMINT/result.json,,Microfluidics-Benchmarks/Results/tree_full_20260915_040013/logs/mint__Base__Node_Long_Cell_Trap_01__Node_Long_Cell_Trap_01_fromMINT.log,Microfluidics-Benchmarks/Results/tree_full_20260915_040013/artifacts/mint__Base__Node_Long_Cell_Trap_01__Node_Long_Cell_Trap_01_fromMINT
173,mint,mint__Base__Node_Long_Cell_Trap_02__Node_Long_Cell_Trap_02_fromMINT,Base/Node_Long_Cell_Trap_02/Node_Long_Cell_Trap_02_fromMINT.json,/home/student/Desktop/Neptune_2026/Microfluidics-Benchmarks/Results/MINT-TestCases/Base/Node_Long_Cell_Trap_02/Node_Long_Cell_Trap_02_fromMINT.json,tree,success,,1.227,1.01721,0,,,,,,,,True,,,,/home/student/Desktop/Neptune_2026/Microfluidics-Benchmarks/Results/tree_full_20260915_040013/artifacts/mint__Base__Node_Long_Cell_Trap_02__Node_Long_Cell_Trap_02_fromMINT/result.json,,Microfluidics-Benchmarks/Results/tree_full_20260915_040013/logs/mint__Base__Node_Long_Cell_Trap_02__Node_Long_Cell_Trap_02_fromMINT.log,Microfluidics-Benchmarks/Results/tree_full_20260915_040013/artifacts/mint__Base__Node_Long_Cell_Trap_02__Node_Long_Cell_Trap_02_fromMINT
174,mint,mint__Base__Node_Long_Cell_Trap_03__Node_Long_Cell_Trap_03_fromMINT,Base/Node_Long_Cell_Trap_03/Node_Long_Cell_Trap_03_fromMINT.json,/home/student/Desktop/Neptune_2026/Microfluidics-Benchmarks/Results/MINT-TestCases/Base/Node_Long_Cell_Trap_03/Node_Long_Cell_Trap_03_fromMINT.json,tree,success,,1.271,1.046976,0,,,,,,,,True,,,,/home/student/Desktop/Neptune_2026/Microfluidics-Benchmarks/Results/tree_full_20260915_040013/artifacts/mint__Base__Node_Long_Cell_Trap_03__Node_Long_Cell_Trap_03_fromMINT/result.json,,Microfluidics-Benchmarks/Results/tree_full_20260915_040013/logs/mint__Base__Node_Long_Cell_Trap_03__Node_Long_Cell_Trap_03_fromMINT.log,Microfluidics-Benchmarks/Results/tree_full_20260915_040013/artifacts/mint__Base__Node_Long_Cell_Trap_03__Node_Long_Cell_Trap_03_fromMINT
175,mint,mint__Base__Node_Long_Cell_Trap_04__Node_Long_Cell_Trap_04_fromMINT,Base/Node_Long_Cell_Trap_04/Node_Long_Cell_Trap_04_fromMINT.json,/home/student/Desktop/Neptune_2026/Microfluidics-Benchmarks/Results/MINT-TestCases/Base/Node_Long_Cell_Trap_04/Node_Long_Cell_Trap_04_fromMINT.json,tree,success,,1.125,0.914602,0,,,,,,,,True,,,,/home/student/Desktop/Neptune_2026/Microfluidics-Benchmarks/Results/tree_full_20260915_040013/artifacts/mint__Base__Node_Long_Cell_Trap_04__Node_Long_Cell_Trap_04_fromMINT/result.json,,Microfluidics-Benchmarks/Results/tree_full_20260915_040013/logs/mint__Base__Node_Long_Cell_Trap_04__Node_Long_Cell_Trap_04_fromMINT.log,Microfluidics-Benchmarks/Results/tree_full_20260915_040013/artifacts/mint__Base__Node_Long_Cell_Trap_04__Node_Long_Cell_Trap_04_fromMINT
176,mint,mint__Base__Node_Test_01__Node_Test_01_fromMINT,Base/Node_Test_01/Node_Test_01_fromMINT.json,/home/student/Desktop/Neptune_2026/Microfluidics-Benchmarks/Results/MINT-TestCases/Base/Node_Test_01/Node_Test_01_fromMINT.json,tree,success,,1.829,1.618022,0,,,,,,,,True,,,,/home/student/Desktop/Neptune_2026/Microfluidics-Benchmarks/Results/tree_full_20260915_040013/artifacts/mint__Base__Node_Test_01__Node_Test_01_fromMINT/result.json,,Microfluidics-Benchmarks/Results/tree_full_20260915_040013/logs/mint__Base__Node_Test_01__Node_Test_01_fromMINT.log,Microfluidics-Benchmarks/Results/tree_full_20260915_040013/artifacts/mint__Base__Node_Test_01__Node_Test_01_fromMINT
177,mint,mint__Base__Nonplanar__Nonplanar_fromMINT,Base/Nonplanar/Nonplanar_fromMINT.json,/home/student/Desktop/Neptune_2026/Microfluidics-Benchmarks/Results/MINT-TestCases/Base/Nonplanar/Nonplanar_fromMINT.json,tree,success,,0.921,0.735261,0,,,,,,,,True,,,,/home/student/Desktop/Neptune_2026/Microfluidics-Benchmarks/Results/tree_full_20260915_040013/artifacts/mint__Base__Nonplanar__Nonplanar_fromMINT/result.json,,Microfluidics-Benchmarks/Results/tree_full_20260915_040013/logs/mint__Base__Nonplanar__Nonplanar_fromMINT.log,Microfluidics-Benchmarks/Results/tree_full_20260915_040013/artifacts/mint__Base__Nonplanar__Nonplanar_fromMINT
178,mint,mint__Base__Port_Bank_01__Port_Bank_01_fromMINT,Base/Port_Bank_01/Port_Bank_01_fromMINT.json,/home/student/Desktop/Neptune_2026/Microfluidics-Benchmarks/Results/MINT-TestCases/Base/Port_Bank_01/Port_Bank_01_fromMINT.json,tree,success,,0.768,0.598551,0,,,,,,,,True,,,,/home/student/Desktop/Neptune_2026/Microfluidics-Benchmarks/Results/tree_full_20260915_040013/artifacts/mint__Base__Port_Bank_01__Port_Bank_01_fromMINT/result.json,,Microfluidics-Benchmarks/Results/tree_full_20260915_040013/logs/mint__Base__Port_Bank_01__Port_Bank_01_fromMINT.log,Microfluidics-Benchmarks/Results/tree_full_20260915_040013/artifacts/mint__Base__Port_Bank_01__Port_Bank_01_fromMINT
179,mint,mint__Base__Port_Multi_Connection__Port_Multi_Connection_fromMINT,Base/Port_Multi_Connection/Port_Multi_Connection_fromMINT.json,/home/student/Desktop/Neptune_2026/Microfluidics-Benchmarks/Results/MINT-TestCases/Base/Port_Multi_Connection/Port_Multi_Connection_fromMINT.json,tree,success,,1.026,0.795683,0,,,,,,,,True,,,,/home/student/Desktop/Neptune_2026/Microfluidics-Benchmarks/Results/tree_full_20260915_040013/artifacts/mint__Base__Port_Multi_Connection__Port_Multi_Connection_fromMINT/result.json,,Microfluidics-Benchmarks/Results/tree_full_20260915_040013/logs/mint__Base__Port_Multi_Connection__Port_Multi_Connection_fromMINT.log,Microfluidics-Benchmarks/Results/tree_full_20260915_040013/artifacts/mint__Base__Port_Multi_Connection__Port_Multi_Connection_fromMINT
180,mint,mint__Base__Square_Cell_Trap_Chambers__Square_Cell_Trap_Chambers_fromMINT,Base/Square_Cell_Trap_Chambers/Square_Cell_Trap_Chambers_fromMINT.json,/home/student/Desktop/Neptune_2026/Microfluidics-Benchmarks/Results/MINT-TestCases/Base/Square_Cell_Trap_Chambers/Square_Cell_Trap_Chambers_fromMINT.json,tree,success,,6.487,6.274418,0,,,,,,,,True,,,,/home/student/Desktop/Neptune_2026/Microfluidics-Benchmarks/Results/tree_full_20260915_040013/artifacts/mint__Base__Square_Cell_Trap_Chambers__Square_Cell_Trap_Chambers_fromMINT/result.json,,Microfluidics-Benchmarks/Results/tree_full_20260915_040013/logs/mint__Base__Square_Cell_Trap_Chambers__Square_Cell_Trap_Chambers_fromMINT.log,Microfluidics-Benchmarks/Results/tree_full_20260915_040013/artifacts/mint__Base__Square_Cell_Trap_Chambers__Square_Cell_Trap_Chambers_fromMINT
181,mint,mint__Base__Square_Cell_Trap_Ports__Square_Cell_Trap_Ports_fromMINT,Base/Square_Cell_Trap_Ports/Square_Cell_Trap_Ports_fromMINT.json,/home/student/Desktop/Neptune_2026/Microfluidics-Benchmarks/Results/MINT-TestCases/Base/Square_Cell_Trap_Ports/Square_Cell_Trap_Ports_fromMINT.json,tree,success,,2.524,2.296785,0,,,,,,,,True,,,,/home/student/Desktop/Neptune_2026/Microfluidics-Benchmarks/Results/tree_full_20260915_040013/artifacts/mint__Base__Square_Cell_Trap_Ports__Square_Cell_Trap_Ports_fromMINT/result.json,,Microfluidics-Benchmarks/Results/tree_full_20260915_040013/logs/mint__Base__Square_Cell_Trap_Ports__Square_Cell_Trap_Ports_fromMINT.log,Microfluidics-Benchmarks/Results/tree_full_20260915_040013/artifacts/mint__Base__Square_Cell_Trap_Ports__Square_Cell_Trap_Ports_fromMINT
182,mint,mint__Base__Super_Mux_1024__Super_Mux_1024_fromMINT,Base/Super_Mux_1024/Super_Mux_1024_fromMINT.json,/home/student/Desktop/Neptune_2026/Microfluidics-Benchmarks/Results/MINT-TestCases/Base/Super_Mux_1024/Super_Mux_1024_fromMINT.json,tree,fail,ValueError: cannot convert float NaN to integer,17.022,16.40288,1,,,,,,,,,,,,,,Microfluidics-Benchmarks/Results/tree_full_20260915_040013/logs/mint__Base__Super_Mux_1024__Super_Mux_1024_fromMINT.log,Microfluidics-Benchmarks/Results/tree_full_20260915_040013/artifacts/mint__Base__Super_Mux_1024__Super_Mux_1024_fromMINT
183,mint,mint__Base__Super_Mux_128__Super_Mux_128_fromMINT,Base/Super_Mux_128/Super_Mux_128_fromMINT.json,/home/student/Desktop/Neptune_2026/Microfluidics-Benchmarks/Results/MINT-TestCases/Base/Super_Mux_128/Super_Mux_128_fromMINT.json,tree,success,,4.483,4.258811,0,,,,,,,,True,,,,/home/student/Desktop/Neptune_2026/Microfluidics-Benchmarks/Results/tree_full_20260915_040013/artifacts/mint__Base__Super_Mux_128__Super_Mux_128_fromMINT/result.json,,Microfluidics-Benchmarks/Results/tree_full_20260915_040013/logs/mint__Base__Super_Mux_128__Super_Mux_128_fromMINT.log,Microfluidics-Benchmarks/Results/tree_full_20260915_040013/artifacts/mint__Base__Super_Mux_128__Super_Mux_128_fromMINT
184,mint,mint__Base__Super_Mux_16__Super_Mux_16_fromMINT,Base/Super_Mux_16/Super_Mux_16_fromMINT.json,/home/student/Desktop/Neptune_2026/Microfluidics-Benchmarks/Results/MINT-TestCases/Base/Super_Mux_16/Super_Mux_16_fromMINT.json,tree,success,,1.422,1.184158,0,,,,,,,,True,,,,/home/student/Desktop/Neptune_2026/Microfluidics-Benchmarks/Results/tree_full_20260915_040013/artifacts/mint__Base__Super_Mux_16__Super_Mux_16_fromMINT/result.json,,Microfluidics-Benchmarks/Results/tree_full_20260915_040013/logs/mint__Base__Super_Mux_16__Super_Mux_16_fromMINT.log,Microfluidics-Benchmarks/Results/tree_full_20260915_040013/artifacts/mint__Base__Super_Mux_16__Super_Mux_16_fromMINT
185,mint,mint__Base__Super_Mux_2__Super_Mux_2_fromMINT,Base/Super_Mux_2/Super_Mux_2_fromMINT.json,/home/student/Desktop/Neptune_2026/Microfluidics-Benchmarks/Results/MINT-TestCases/Base/Super_Mux_2/Super_Mux_2_fromMINT.json,tree,success,,0.977,0.784239,0,,,,,,,,True,,,,/home/student/Desktop/Neptune_2026/Microfluidics-Benchmarks/Results/tree_full_20260915_040013/artifacts/mint__Base__Super_Mux_2__Super_Mux_2_fromMINT/result.json,,Microfluidics-Benchmarks/Results/tree_full_20260915_040013/logs/mint__Base__Super_Mux_2__Super_Mux_2_fromMINT.log,Microfluidics-Benchmarks/Results/tree_full_20260915_040013/artifacts/mint__Base__Super_Mux_2__Super_Mux_2_fromMINT
186,mint,mint__Base__Super_Mux_256__Super_Mux_256_fromMINT,Base/Super_Mux_256/Super_Mux_256_fromMINT.json,/home/student/Desktop/Neptune_2026/Microfluidics-Benchmarks/Results/MINT-TestCases/Base/Super_Mux_256/Super_Mux_256_fromMINT.json,tree,fail,ValueError: cannot convert float NaN to integer,4.33,4.06823,1,,,,,,,,,,,,,,Microfluidics-Benchmarks/Results/tree_full_20260915_040013/logs/mint__Base__Super_Mux_256__Super_Mux_256_fromMINT.log,Microfluidics-Benchmarks/Results/tree_full_20260915_040013/artifacts/mint__Base__Super_Mux_256__Super_Mux_256_fromMINT
187,mint,mint__Base__Super_Mux_32__Super_Mux_32_fromMINT,Base/Super_Mux_32/Super_Mux_32_fromMINT.json,/home/student/Desktop/Neptune_2026/Microfluidics-Benchmarks/Results/MINT-TestCases/Base/Super_Mux_32/Super_Mux_32_fromMINT.json,tree,success,,1.721,1.534862,0,,,,,,,,True,,,,/home/student/Desktop/Neptune_2026/Microfluidics-Benchmarks/Results/tree_full_20260915_040013/artifacts/mint__Base__Super_Mux_32__Super_Mux_32_fromMINT/result.json,,Microfluidics-Benchmarks/Results/tree_full_20260915_040013/logs/mint__Base__Super_Mux_32__Super_Mux_32_fromMINT.log,Microfluidics-Benchmarks/Results/tree_full_20260915_040013/artifacts/mint__Base__Super_Mux_32__Super_Mux_32_fromMINT
188,mint,mint__Base__Super_Mux_4__Super_Mux_4_fromMINT,Base/Super_Mux_4/Super_Mux_4_fromMINT.json,/home/student/Desktop/Neptune_2026/Microfluidics-Benchmarks/Results/MINT-TestCases/Base/Super_Mux_4/Super_Mux_4_fromMINT.json,tree,success,,0.969,0.783879,0,,,,,,,,True,,,,/home/student/Desktop/Neptune_2026/Microfluidics-Benchmarks/Results/tree_full_20260915_040013/artifacts/mint__Base__Super_Mux_4__Super_Mux_4_fromMINT/result.json,,Microfluidics-Benchmarks/Results/tree_full_20260915_040013/logs/mint__Base__Super_Mux_4__Super_Mux_4_fromMINT.log,Microfluidics-Benchmarks/Results/tree_full_20260915_040013/artifacts/mint__Base__Super_Mux_4__Super_Mux_4_fromMINT
189,mint,mint__Base__Super_Mux_512__Super_Mux_512_fromMINT,Base/Super_Mux_512/Super_Mux_512_fromMINT.json,/home/student/Desktop/Neptune_2026/Microfluidics-Benchmarks/Results/MINT-TestCases/Base/Super_Mux_512/Super_Mux_512_fromMINT.json,tree,fail,ValueError: cannot convert float NaN to integer,8.15,7.727899,1,,,,,,,,,,,,,,Microfluidics-Benchmarks/Results/tree_full_20260915_040013/logs/mint__Base__Super_Mux_512__Super_Mux_512_fromMINT.log,Microfluidics-Benchmarks/Results/tree_full_20260915_040013/artifacts/mint__Base__Super_Mux_512__Super_Mux_512_fromMINT
190,mint,mint__Base__Super_Mux_64__Super_Mux_64_fromMINT,Base/Super_Mux_64/Super_Mux_64_fromMINT.json,/home/student/Desktop/Neptune_2026/Microfluidics-Benchmarks/Results/MINT-TestCases/Base/Super_Mux_64/Super_Mux_64_fromMINT.json,tree,success,,2.725,2.51809,0,,,,,,,,True,,,,/home/student/Desktop/Neptune_2026/Microfluidics-Benchmarks/Results/tree_full_20260915_040013/artifacts/mint__Base__Super_Mux_64__Super_Mux_64_fromMINT/result.json,,Microfluidics-Benchmarks/Results/tree_full_20260915_040013/logs/mint__Base__Super_Mux_64__Super_Mux_64_fromMINT.log,Microfluidics-Benchmarks/Results/tree_full_20260915_040013/artifacts/mint__Base__Super_Mux_64__Super_Mux_64_fromMINT
191,mint,mint__Base__Super_Mux_8__Super_Mux_8_fromMINT,Base/Super_Mux_8/Super_Mux_8_fromMINT.json,/home/student/Desktop/Neptune_2026/Microfluidics-Benchmarks/Results/MINT-TestCases/Base/Super_Mux_8/Super_Mux_8_fromMINT.json,tree,success,,1.122,0.945793,0,,,,,,,,True,,,,/home/student/Desktop/Neptune_2026/Microfluidics-Benchmarks/Results/tree_full_20260915_040013/artifacts/mint__Base__Super_Mux_8__Super_Mux_8_fromMINT/result.json,,Microfluidics-Benchmarks/Results/tree_full_20260915_040013/logs/mint__Base__Super_Mux_8__Super_Mux_8_fromMINT.log,Microfluidics-Benchmarks/Results/tree_full_20260915_040013/artifacts/mint__Base__Super_Mux_8__Super_Mux_8_fromMINT
192,mint,mint__Base__Test_Mux_01__Test_Mux_01_fromMINT,Base/Test_Mux_01/Test_Mux_01_fromMINT.json,/home/student/Desktop/Neptune_2026/Microfluidics-Benchmarks/Results/MINT-TestCases/Base/Test_Mux_01/Test_Mux_01_fromMINT.json,tree,success,,2.878,2.67452,0,,,,,,,,True,,,,/home/student/Desktop/Neptune_2026/Microfluidics-Benchmarks/Results/tree_full_20260915_040013/artifacts/mint__Base__Test_Mux_01__Test_Mux_01_fromMINT/result.json,,Microfluidics-Benchmarks/Results/tree_full_20260915_040013/logs/mint__Base__Test_Mux_01__Test_Mux_01_fromMINT.log,Microfluidics-Benchmarks/Results/tree_full_20260915_040013/artifacts/mint__Base__Test_Mux_01__Test_Mux_01_fromMINT
193,mint,mint__Base__Test_Mux_02__Test_Mux_02_fromMINT,Base/Test_Mux_02/Test_Mux_02_fromMINT.json,/home/student/Desktop/Neptune_2026/Microfluidics-Benchmarks/Results/MINT-TestCases/Base/Test_Mux_02/Test_Mux_02_fromMINT.json,tree,success,,1.271,1.050285,0,,,,,,,,True,,,,/home/student/Desktop/Neptune_2026/Microfluidics-Benchmarks/Results/tree_full_20260915_040013/artifacts/mint__Base__Test_Mux_02__Test_Mux_02_fromMINT/result.json,,Microfluidics-Benchmarks/Results/tree_full_20260915_040013/logs/mint__Base__Test_Mux_02__Test_Mux_02_fromMINT.log,Microfluidics-Benchmarks/Results/tree_full_20260915_040013/artifacts/mint__Base__Test_Mux_02__Test_Mux_02_fromMINT
194,mint,mint__Base__Three_Port_Channel__Three_Port_Channel_fromMINT,Base/Three_Port_Channel/Three_Port_Channel_fromMINT.json,/home/student/Desktop/Neptune_2026/Microfluidics-Benchmarks/Results/MINT-TestCases/Base/Three_Port_Channel/Three_Port_Channel_fromMINT.json,tree,success,,0.922,0.75294,0,,,,,,,,True,,,,/home/student/Desktop/Neptune_2026/Microfluidics-Benchmarks/Results/tree_full_20260915_040013/artifacts/mint__Base__Three_Port_Channel__Three_Port_Channel_fromMINT/result.json,,Microfluidics-Benchmarks/Results/tree_full_20260915_040013/logs/mint__Base__Three_Port_Channel__Three_Port_Channel_fromMINT.log,Microfluidics-Benchmarks/Results/tree_full_20260915_040013/artifacts/mint__Base__Three_Port_Channel__Three_Port_Channel_fromMINT
195,mint,mint__Base__Transposer_Test__Transposer_Test_fromMINT,Base/Transposer_Test/Transposer_Test_fromMINT.json,/home/student/Desktop/Neptune_2026/Microfluidics-Benchmarks/Results/MINT-TestCases/Base/Transposer_Test/Transposer_Test_fromMINT.json,tree,success,,6.738,6.518023,0,,,,,,,,True,,,,/home/student/Desktop/Neptune_2026/Microfluidics-Benchmarks/Results/tree_full_20260915_040013/artifacts/mint__Base__Transposer_Test__Transposer_Test_fromMINT/result.json,,Microfluidics-Benchmarks/Results/tree_full_20260915_040013/logs/mint__Base__Transposer_Test__Transposer_Test_fromMINT.log,Microfluidics-Benchmarks/Results/tree_full_20260915_040013/artifacts/mint__Base__Transposer_Test__Transposer_Test_fromMINT
196,mint,mint__Base__Tree_Test_01__Tree_Test_01_fromMINT,Base/Tree_Test_01/Tree_Test_01_fromMINT.json,/home/student/Desktop/Neptune_2026/Microfluidics-Benchmarks/Results/MINT-TestCases/Base/Tree_Test_01/Tree_Test_01_fromMINT.json,tree,success,,2.08,1.882591,0,,,,,,,,True,,,,/home/student/Desktop/Neptune_2026/Microfluidics-Benchmarks/Results/tree_full_20260915_040013/artifacts/mint__Base__Tree_Test_01__Tree_Test_01_fromMINT/result.json,,Microfluidics-Benchmarks/Results/tree_full_20260915_040013/logs/mint__Base__Tree_Test_01__Tree_Test_01_fromMINT.log,Microfluidics-Benchmarks/Results/tree_full_20260915_040013/artifacts/mint__Base__Tree_Test_01__Tree_Test_01_fromMINT
197,mint,mint__Base__Tree_Test_02__Tree_Test_02_fromMINT,Base/Tree_Test_02/Tree_Test_02_fromMINT.json,/home/student/Desktop/Neptune_2026/Microfluidics-Benchmarks/Results/MINT-TestCases/Base/Tree_Test_02/Tree_Test_02_fromMINT.json,tree,success,,1.022,0.802455,0,,,,,,,,True,,,,/home/student/Desktop/Neptune_2026/Microfluidics-Benchmarks/Results/tree_full_20260915_040013/artifacts/mint__Base__Tree_Test_02__Tree_Test_02_fromMINT/result.json,,Microfluidics-Benchmarks/Results/tree_full_20260915_040013/logs/mint__Base__Tree_Test_02__Tree_Test_02_fromMINT.log,Microfluidics-Benchmarks/Results/tree_full_20260915_040013/artifacts/mint__Base__Tree_Test_02__Tree_Test_02_fromMINT
198,mint,mint__Base__Tree_Valve_Test__Tree_Valve_Test_fromMINT,Base/Tree_Valve_Test/Tree_Valve_Test_fromMINT.json,/home/student/Desktop/Neptune_2026/Microfluidics-Benchmarks/Results/MINT-TestCases/Base/Tree_Valve_Test/Tree_Valve_Test_fromMINT.json,tree,success,,3.434,3.202497,0,,,,,,,,True,,,,/home/student/Desktop/Neptune_2026/Microfluidics-Benchmarks/Results/tree_full_20260915_040013/artifacts/mint__Base__Tree_Valve_Test__Tree_Valve_Test_fromMINT/result.json,,Microfluidics-Benchmarks/Results/tree_full_20260915_040013/logs/mint__Base__Tree_Valve_Test__Tree_Valve_Test_fromMINT.log,Microfluidics-Benchmarks/Results/tree_full_20260915_040013/artifacts/mint__Base__Tree_Valve_Test__Tree_Valve_Test_fromMINT
199,mint,mint__CIDAR_Lab_Past_Devices__Chemostat_Chip__Chemostat_Chip_fromMINT,CIDAR_Lab_Past_Devices/Chemostat_Chip/Chemostat_Chip_fromMINT.json,/home/student/Desktop/Neptune_2026/Microfluidics-Benchmarks/Results/MINT-TestCases/CIDAR_Lab_Past_Devices/Chemostat_Chip/Chemostat_Chip_fromMINT.json,tree,success,,1524.425,1524.172278,0,,,,,,,,True,,,,/home/student/Desktop/Neptune_2026/Microfluidics-Benchmarks/Results/tree_full_20260915_040013/artifacts/mint__CIDAR_Lab_Past_Devices__Chemostat_Chip__Chemostat_Chip_fromMINT/result.json,,Microfluidics-Benchmarks/Results/tree_full_20260915_040013/logs/mint__CIDAR_Lab_Past_Devices__Chemostat_Chip__Chemostat_Chip_fromMINT.log,Microfluidics-Benchmarks/Results/tree_full_20260915_040013/artifacts/mint__CIDAR_Lab_Past_Devices__Chemostat_Chip__Chemostat_Chip_fromMINT
200,mint,mint__CIDAR_Lab_Past_Devices__Dna_Synthesizer__Dna_Synthesizer_fromMINT,CIDAR_Lab_Past_Devices/Dna_Synthesizer/Dna_Synthesizer_fromMINT.json,/home/student/Desktop/Neptune_2026/Microfluidics-Benchmarks/Results/MINT-TestCases/CIDAR_Lab_Past_Devices/Dna_Synthesizer/Dna_Synthesizer_fromMINT.json,tree,timeout,exceeded 1800s,1800.174,,,,,,,,,,,,,,,,Microfluidics-Benchmarks/Results/tree_full_20260915_040013/logs/mint__CIDAR_Lab_Past_Devices__Dna_Synthesizer__Dna_Synthesizer_fromMINT.log,Microfluidics-Benchmarks/Results/tree_full_20260915_040013/artifacts/mint__CIDAR_Lab_Past_Devices__Dna_Synthesizer__Dna_Synthesizer_fromMINT
201,mint,mint__CIDAR_Lab_Past_Devices__Droplet_Merger_Simple__Droplet_Merger_Simple_fromMINT,CIDAR_Lab_Past_Devices/Droplet_Merger_Simple/Droplet_Merger_Simple_fromMINT.json,/home/student/Desktop/Neptune_2026/Microfluidics-Benchmarks/Results/MINT-TestCases/CIDAR_Lab_Past_Devices/Droplet_Merger_Simple/Droplet_Merger_Simple_fromMINT.json,tree,success,,1.179,0.956861,0,,,,,,,,True,,,,/home/student/Desktop/Neptune_2026/Microfluidics-Benchmarks/Results/tree_full_20260915_040013/artifacts/mint__CIDAR_Lab_Past_Devices__Droplet_Merger_Simple__Droplet_Merger_Simple_fromMINT/result.json,,Microfluidics-Benchmarks/Results/tree_full_20260915_040013/logs/mint__CIDAR_Lab_Past_Devices__Droplet_Merger_Simple__Droplet_Merger_Simple_fromMINT.log,Microfluidics-Benchmarks/Results/tree_full_20260915_040013/artifacts/mint__CIDAR_Lab_Past_Devices__Droplet_Merger_Simple__Droplet_Merger_Simple_fromMINT
202,mint,mint__CIDAR_Lab_Past_Devices__Dual_Lane_Droplet__Dual_Lane_Droplet_fromMINT,CIDAR_Lab_Past_Devices/Dual_Lane_Droplet/Dual_Lane_Droplet_fromMINT.json,/home/student/Desktop/Neptune_2026/Microfluidics-Benchmarks/Results/MINT-TestCases/CIDAR_Lab_Past_Devices/Dual_Lane_Droplet/Dual_Lane_Droplet_fromMINT.json,tree,success,,2.327,2.054397,0,,,,,,,,True,,,,/home/student/Desktop/Neptune_2026/Microfluidics-Benchmarks/Results/tree_full_20260915_040013/artifacts/mint__CIDAR_Lab_Past_Devices__Dual_Lane_Droplet__Dual_Lane_Droplet_fromMINT/result.json,,Microfluidics-Benchmarks/Results/tree_full_20260915_040013/logs/mint__CIDAR_Lab_Past_Devices__Dual_Lane_Droplet__Dual_Lane_Droplet_fromMINT.log,Microfluidics-Benchmarks/Results/tree_full_20260915_040013/artifacts/mint__CIDAR_Lab_Past_Devices__Dual_Lane_Droplet__Dual_Lane_Droplet_fromMINT
203,mint,mint__CIDAR_Lab_Past_Devices__Flow_Focus__Flow_Focus_fromMINT,CIDAR_Lab_Past_Devices/Flow_Focus/Flow_Focus_fromMINT.json,/home/student/Desktop/Neptune_2026/Microfluidics-Benchmarks/Results/MINT-TestCases/CIDAR_Lab_Past_Devices/Flow_Focus/Flow_Focus_fromMINT.json,tree,success,,0.971,0.7553,0,,,,,,,,True,,,,/home/student/Desktop/Neptune_2026/Microfluidics-Benchmarks/Results/tree_full_20260915_040013/artifacts/mint__CIDAR_Lab_Past_Devices__Flow_Focus__Flow_Focus_fromMINT/result.json,,Microfluidics-Benchmarks/Results/tree_full_20260915_040013/logs/mint__CIDAR_Lab_Past_Devices__Flow_Focus__Flow_Focus_fromMINT.log,Microfluidics-Benchmarks/Results/tree_full_20260915_040013/artifacts/mint__CIDAR_Lab_Past_Devices__Flow_Focus__Flow_Focus_fromMINT
204,mint,mint__CIDAR_Lab_Past_Devices__Genetic_Clock_Testing_Tool__Genetic_Clock_Testing_Tool_fromMINT,CIDAR_Lab_Past_Devices/Genetic_Clock_Testing_Tool/Genetic_Clock_Testing_Tool_fromMINT.json,/home/student/Desktop/Neptune_2026/Microfluidics-Benchmarks/Results/MINT-TestCases/CIDAR_Lab_Past_Devices/Genetic_Clock_Testing_Tool/Genetic_Clock_Testing_Tool_fromMINT.json,tree,success,,1.076,0.888445,0,,,,,,,,True,,,,/home/student/Desktop/Neptune_2026/Microfluidics-Benchmarks/Results/tree_full_20260915_040013/artifacts/mint__CIDAR_Lab_Past_Devices__Genetic_Clock_Testing_Tool__Genetic_Clock_Testing_Tool_fromMINT/result.json,,Microfluidics-Benchmarks/Results/tree_full_20260915_040013/logs/mint__CIDAR_Lab_Past_Devices__Genetic_Clock_Testing_Tool__Genetic_Clock_Testing_Tool_fromMINT.log,Microfluidics-Benchmarks/Results/tree_full_20260915_040013/artifacts/mint__CIDAR_Lab_Past_Devices__Genetic_Clock_Testing_Tool__Genetic_Clock_Testing_Tool_fromMINT
205,mint,mint__CIDAR_Lab_Past_Devices__Glycoform__Glycoform_fromMINT,CIDAR_Lab_Past_Devices/Glycoform/Glycoform_fromMINT.json,/home/student/Desktop/Neptune_2026/Microfluidics-Benchmarks/Results/MINT-TestCases/CIDAR_Lab_Past_Devices/Glycoform/Glycoform_fromMINT.json,tree,success,,1.276,1.00613,0,,,,,,,,True,,,,/home/student/Desktop/Neptune_2026/Microfluidics-Benchmarks/Results/tree_full_20260915_040013/artifacts/mint__CIDAR_Lab_Past_Devices__Glycoform__Glycoform_fromMINT/result.json,,Microfluidics-Benchmarks/Results/tree_full_20260915_040013/logs/mint__CIDAR_Lab_Past_Devices__Glycoform__Glycoform_fromMINT.log,Microfluidics-Benchmarks/Results/tree_full_20260915_040013/artifacts/mint__CIDAR_Lab_Past_Devices__Glycoform__Glycoform_fromMINT
206,mint,mint__CIDAR_Lab_Past_Devices__Grad_Cells__Grad_Cells_fromMINT,CIDAR_Lab_Past_Devices/Grad_Cells/Grad_Cells_fromMINT.json,/home/student/Desktop/Neptune_2026/Microfluidics-Benchmarks/Results/MINT-TestCases/CIDAR_Lab_Past_Devices/Grad_Cells/Grad_Cells_fromMINT.json,tree,success,,8.101,7.888536,0,,,,,,,,True,,,,/home/student/Desktop/Neptune_2026/Microfluidics-Benchmarks/Results/tree_full_20260915_040013/artifacts/mint__CIDAR_Lab_Past_Devices__Grad_Cells__Grad_Cells_fromMINT/result.json,,Microfluidics-Benchmarks/Results/tree_full_20260915_040013/logs/mint__CIDAR_Lab_Past_Devices__Grad_Cells__Grad_Cells_fromMINT.log,Microfluidics-Benchmarks/Results/tree_full_20260915_040013/artifacts/mint__CIDAR_Lab_Past_Devices__Grad_Cells__Grad_Cells_fromMINT
207,mint,mint__CIDAR_Lab_Past_Devices__Gradient__Gradient_fromMINT,CIDAR_Lab_Past_Devices/Gradient/Gradient_fromMINT.json,/home/student/Desktop/Neptune_2026/Microfluidics-Benchmarks/Results/MINT-TestCases/CIDAR_Lab_Past_Devices/Gradient/Gradient_fromMINT.json,tree,timeout,exceeded 1800s,1800.016,,,,,,,,,,,,,,,,Microfluidics-Benchmarks/Results/tree_full_20260915_040013/logs/mint__CIDAR_Lab_Past_Devices__Gradient__Gradient_fromMINT.log,Microfluidics-Benchmarks/Results/tree_full_20260915_040013/artifacts/mint__CIDAR_Lab_Past_Devices__Gradient__Gradient_fromMINT
208,mint,mint__CIDAR_Lab_Past_Devices__Grid_02__Grid_02_fromMINT,CIDAR_Lab_Past_Devices/Grid_02/Grid_02_fromMINT.json,/home/student/Desktop/Neptune_2026/Microfluidics-Benchmarks/Results/MINT-TestCases/CIDAR_Lab_Past_Devices/Grid_02/Grid_02_fromMINT.json,tree,success,,11.637,11.444059,0,,,,,,,,True,,,,/home/student/Desktop/Neptune_2026/Microfluidics-Benchmarks/Results/tree_full_20260915_040013/artifacts/mint__CIDAR_Lab_Past_Devices__Grid_02__Grid_02_fromMINT/result.json,,Microfluidics-Benchmarks/Results/tree_full_20260915_040013/logs/mint__CIDAR_Lab_Past_Devices__Grid_02__Grid_02_fromMINT.log,Microfluidics-Benchmarks/Results/tree_full_20260915_040013/artifacts/mint__CIDAR_Lab_Past_Devices__Grid_02__Grid_02_fromMINT
209,mint,mint__CIDAR_Lab_Past_Devices__Hasty_Cell_Traps__Hasty_Cell_Traps_fromMINT,CIDAR_Lab_Past_Devices/Hasty_Cell_Traps/Hasty_Cell_Traps_fromMINT.json,/home/student/Desktop/Neptune_2026/Microfluidics-Benchmarks/Results/MINT-TestCases/CIDAR_Lab_Past_Devices/Hasty_Cell_Traps/Hasty_Cell_Traps_fromMINT.json,tree,success,,0.973,0.798334,0,,,,,,,,True,,,,/home/student/Desktop/Neptune_2026/Microfluidics-Benchmarks/Results/tree_full_20260915_040013/artifacts/mint__CIDAR_Lab_Past_Devices__Hasty_Cell_Traps__Hasty_Cell_Traps_fromMINT/result.json,,Microfluidics-Benchmarks/Results/tree_full_20260915_040013/logs/mint__CIDAR_Lab_Past_Devices__Hasty_Cell_Traps__Hasty_Cell_Traps_fromMINT.log,Microfluidics-Benchmarks/Results/tree_full_20260915_040013/artifacts/mint__CIDAR_Lab_Past_Devices__Hasty_Cell_Traps__Hasty_Cell_Traps_fromMINT
210,mint,mint__CIDAR_Lab_Past_Devices__Hmlp_Dual_Bank__Hmlp_Dual_Bank_fromMINT,CIDAR_Lab_Past_Devices/Hmlp_Dual_Bank/Hmlp_Dual_Bank_fromMINT.json,/home/student/Desktop/Neptune_2026/Microfluidics-Benchmarks/Results/MINT-TestCases/CIDAR_Lab_Past_Devices/Hmlp_Dual_Bank/Hmlp_Dual_Bank_fromMINT.json,tree,timeout,exceeded 1800s,1800.016,,,,,,,,,,,,,,,,Microfluidics-Benchmarks/Results/tree_full_20260915_040013/logs/mint__CIDAR_Lab_Past_Devices__Hmlp_Dual_Bank__Hmlp_Dual_Bank_fromMINT.log,Microfluidics-Benchmarks/Results/tree_full_20260915_040013/artifacts/mint__CIDAR_Lab_Past_Devices__Hmlp_Dual_Bank__Hmlp_Dual_Bank_fromMINT
211,mint,mint__CIDAR_Lab_Past_Devices__Incubator__Incubator_fromMINT,CIDAR_Lab_Past_Devices/Incubator/Incubator_fromMINT.json,/home/student/Desktop/Neptune_2026/Microfluidics-Benchmarks/Results/MINT-TestCases/CIDAR_Lab_Past_Devices/Incubator/Incubator_fromMINT.json,tree,success,,201.97,201.761883,0,,,,,,,,True,,,,/home/student/Desktop/Neptune_2026/Microfluidics-Benchmarks/Results/tree_full_20260915_040013/artifacts/mint__CIDAR_Lab_Past_Devices__Incubator__Incubator_fromMINT/result.json,,Microfluidics-Benchmarks/Results/tree_full_20260915_040013/logs/mint__CIDAR_Lab_Past_Devices__Incubator__Incubator_fromMINT.log,Microfluidics-Benchmarks/Results/tree_full_20260915_040013/artifacts/mint__CIDAR_Lab_Past_Devices__Incubator__Incubator_fromMINT
212,mint,mint__CIDAR_Lab_Past_Devices__Inlet_16__Inlet_16_fromMINT,CIDAR_Lab_Past_Devices/Inlet_16/Inlet_16_fromMINT.json,/home/student/Desktop/Neptune_2026/Microfluidics-Benchmarks/Results/MINT-TestCases/CIDAR_Lab_Past_Devices/Inlet_16/Inlet_16_fromMINT.json,tree,timeout,exceeded 1800s,1800.021,,,,,,,,,,,,,,,,Microfluidics-Benchmarks/Results/tree_full_20260915_040013/logs/mint__CIDAR_Lab_Past_Devices__Inlet_16__Inlet_16_fromMINT.log,Microfluidics-Benchmarks/Results/tree_full_20260915_040013/artifacts/mint__CIDAR_Lab_Past_Devices__Inlet_16__Inlet_16_fromMINT
213,mint,mint__CIDAR_Lab_Past_Devices__Kinetics__Kinetics_fromMINT,CIDAR_Lab_Past_Devices/Kinetics/Kinetics_fromMINT.json,/home/student/Desktop/Neptune_2026/Microfluidics-Benchmarks/Results/MINT-TestCases/CIDAR_Lab_Past_Devices/Kinetics/Kinetics_fromMINT.json,tree,success,,1.023,0.817198,0,,,,,,,,True,,,,/home/student/Desktop/Neptune_2026/Microfluidics-Benchmarks/Results/tree_full_20260915_040013/artifacts/mint__CIDAR_Lab_Past_Devices__Kinetics__Kinetics_fromMINT/result.json,,Microfluidics-Benchmarks/Results/tree_full_20260915_040013/logs/mint__CIDAR_Lab_Past_Devices__Kinetics__Kinetics_fromMINT.log,Microfluidics-Benchmarks/Results/tree_full_20260915_040013/artifacts/mint__CIDAR_Lab_Past_Devices__Kinetics__Kinetics_fromMINT
214,mint,mint__CIDAR_Lab_Past_Devices__Logic_04__Logic_04_fromMINT,CIDAR_Lab_Past_Devices/Logic_04/Logic_04_fromMINT.json,/home/student/Desktop/Neptune_2026/Microfluidics-Benchmarks/Results/MINT-TestCases/CIDAR_Lab_Past_Devices/Logic_04/Logic_04_fromMINT.json,tree,success,,323.643,323.397042,0,,,,,,,,True,,,,/home/student/Desktop/Neptune_2026/Microfluidics-Benchmarks/Results/tree_full_20260915_040013/artifacts/mint__CIDAR_Lab_Past_Devices__Logic_04__Logic_04_fromMINT/result.json,,Microfluidics-Benchmarks/Results/tree_full_20260915_040013/logs/mint__CIDAR_Lab_Past_Devices__Logic_04__Logic_04_fromMINT.log,Microfluidics-Benchmarks/Results/tree_full_20260915_040013/artifacts/mint__CIDAR_Lab_Past_Devices__Logic_04__Logic_04_fromMINT
215,mint,mint__CIDAR_Lab_Past_Devices__Mfd_005_Chip__Mfd_005_Chip_fromMINT,CIDAR_Lab_Past_Devices/Mfd_005_Chip/Mfd_005_Chip_fromMINT.json,/home/student/Desktop/Neptune_2026/Microfluidics-Benchmarks/Results/MINT-TestCases/CIDAR_Lab_Past_Devices/Mfd_005_Chip/Mfd_005_Chip_fromMINT.json,tree,success,,1.171,0.949754,0,,,,,,,,True,,,,/home/student/Desktop/Neptune_2026/Microfluidics-Benchmarks/Results/tree_full_20260915_040013/artifacts/mint__CIDAR_Lab_Past_Devices__Mfd_005_Chip__Mfd_005_Chip_fromMINT/result.json,,Microfluidics-Benchmarks/Results/tree_full_20260915_040013/logs/mint__CIDAR_Lab_Past_Devices__Mfd_005_Chip__Mfd_005_Chip_fromMINT.log,Microfluidics-Benchmarks/Results/tree_full_20260915_040013/artifacts/mint__CIDAR_Lab_Past_Devices__Mfd_005_Chip__Mfd_005_Chip_fromMINT
216,mint,mint__CIDAR_Lab_Past_Devices__Microalgal_Bioassay__Microalgal_Bioassay_fromMINT,CIDAR_Lab_Past_Devices/Microalgal_Bioassay/Microalgal_Bioassay_fromMINT.json,/home/student/Desktop/Neptune_2026/Microfluidics-Benchmarks/Results/MINT-TestCases/CIDAR_Lab_Past_Devices/Microalgal_Bioassay/Microalgal_Bioassay_fromMINT.json,tree,success,,1.175,1.007422,0,,,,,,,,True,,,,/home/student/Desktop/Neptune_2026/Microfluidics-Benchmarks/Results/tree_full_20260915_040013/artifacts/mint__CIDAR_Lab_Past_Devices__Microalgal_Bioassay__Microalgal_Bioassay_fromMINT/result.json,,Microfluidics-Benchmarks/Results/tree_full_20260915_040013/logs/mint__CIDAR_Lab_Past_Devices__Microalgal_Bioassay__Microalgal_Bioassay_fromMINT.log,Microfluidics-Benchmarks/Results/tree_full_20260915_040013/artifacts/mint__CIDAR_Lab_Past_Devices__Microalgal_Bioassay__Microalgal_Bioassay_fromMINT
217,mint,mint__CIDAR_Lab_Past_Devices__Microdroplet__Microdroplet_fromMINT,CIDAR_Lab_Past_Devices/Microdroplet/Microdroplet_fromMINT.json,/home/student/Desktop/Neptune_2026/Microfluidics-Benchmarks/Results/MINT-TestCases/CIDAR_Lab_Past_Devices/Microdroplet/Microdroplet_fromMINT.json,tree,success,,148.817,148.615924,0,,,,,,,,True,,,,/home/student/Desktop/Neptune_2026/Microfluidics-Benchmarks/Results/tree_full_20260915_040013/artifacts/mint__CIDAR_Lab_Past_Devices__Microdroplet__Microdroplet_fromMINT/result.json,,Microfluidics-Benchmarks/Results/tree_full_20260915_040013/logs/mint__CIDAR_Lab_Past_Devices__Microdroplet__Microdroplet_fromMINT.log,Microfluidics-Benchmarks/Results/tree_full_20260915_040013/artifacts/mint__CIDAR_Lab_Past_Devices__Microdroplet__Microdroplet_fromMINT
218,mint,mint__CIDAR_Lab_Past_Devices__Microreactor__Microreactor_fromMINT,CIDAR_Lab_Past_Devices/Microreactor/Microreactor_fromMINT.json,/home/student/Desktop/Neptune_2026/Microfluidics-Benchmarks/Results/MINT-TestCases/CIDAR_Lab_Past_Devices/Microreactor/Microreactor_fromMINT.json,tree,success,,57.016,56.856047,0,,,,,,,,True,,,,/home/student/Desktop/Neptune_2026/Microfluidics-Benchmarks/Results/tree_full_20260915_040013/artifacts/mint__CIDAR_Lab_Past_Devices__Microreactor__Microreactor_fromMINT/result.json,,Microfluidics-Benchmarks/Results/tree_full_20260915_040013/logs/mint__CIDAR_Lab_Past_Devices__Microreactor__Microreactor_fromMINT.log,Microfluidics-Benchmarks/Results/tree_full_20260915_040013/artifacts/mint__CIDAR_Lab_Past_Devices__Microreactor__Microreactor_fromMINT
219,mint,mint__CIDAR_Lab_Past_Devices__Mix_Incubate_Express__Mix_Incubate_Express_fromMINT,CIDAR_Lab_Past_Devices/Mix_Incubate_Express/Mix_Incubate_Express_fromMINT.json,/home/student/Desktop/Neptune_2026/Microfluidics-Benchmarks/Results/MINT-TestCases/CIDAR_Lab_Past_Devices/Mix_Incubate_Express/Mix_Incubate_Express_fromMINT.json,tree,success,,1.07,0.860096,0,,,,,,,,True,,,,/home/student/Desktop/Neptune_2026/Microfluidics-Benchmarks/Results/tree_full_20260915_040013/artifacts/mint__CIDAR_Lab_Past_Devices__Mix_Incubate_Express__Mix_Incubate_Express_fromMINT/result.json,,Microfluidics-Benchmarks/Results/tree_full_20260915_040013/logs/mint__CIDAR_Lab_Past_Devices__Mix_Incubate_Express__Mix_Incubate_Express_fromMINT.log,Microfluidics-Benchmarks/Results/tree_full_20260915_040013/artifacts/mint__CIDAR_Lab_Past_Devices__Mix_Incubate_Express__Mix_Incubate_Express_fromMINT
220,mint,mint__CIDAR_Lab_Past_Devices__Mixer_Trap_Simple__Mixer_Trap_Simple_fromMINT,CIDAR_Lab_Past_Devices/Mixer_Trap_Simple/Mixer_Trap_Simple_fromMINT.json,/home/student/Desktop/Neptune_2026/Microfluidics-Benchmarks/Results/MINT-TestCases/CIDAR_Lab_Past_Devices/Mixer_Trap_Simple/Mixer_Trap_Simple_fromMINT.json,tree,success,,0.918,0.747079,0,,,,,,,,True,,,,/home/student/Desktop/Neptune_2026/Microfluidics-Benchmarks/Results/tree_full_20260915_040013/artifacts/mint__CIDAR_Lab_Past_Devices__Mixer_Trap_Simple__Mixer_Trap_Simple_fromMINT/result.json,,Microfluidics-Benchmarks/Results/tree_full_20260915_040013/logs/mint__CIDAR_Lab_Past_Devices__Mixer_Trap_Simple__Mixer_Trap_Simple_fromMINT.log,Microfluidics-Benchmarks/Results/tree_full_20260915_040013/artifacts/mint__CIDAR_Lab_Past_Devices__Mixer_Trap_Simple__Mixer_Trap_Simple_fromMINT
221,mint,mint__CIDAR_Lab_Past_Devices__Multi_Input__Multi_Input_fromMINT,CIDAR_Lab_Past_Devices/Multi_Input/Multi_Input_fromMINT.json,/home/student/Desktop/Neptune_2026/Microfluidics-Benchmarks/Results/MINT-TestCases/CIDAR_Lab_Past_Devices/Multi_Input/Multi_Input_fromMINT.json,tree,success,,31.967,31.766004,0,,,,,,,,True,,,,/home/student/Desktop/Neptune_2026/Microfluidics-Benchmarks/Results/tree_full_20260915_040013/artifacts/mint__CIDAR_Lab_Past_Devices__Multi_Input__Multi_Input_fromMINT/result.json,,Microfluidics-Benchmarks/Results/tree_full_20260915_040013/logs/mint__CIDAR_Lab_Past_Devices__Multi_Input__Multi_Input_fromMINT.log,Microfluidics-Benchmarks/Results/tree_full_20260915_040013/artifacts/mint__CIDAR_Lab_Past_Devices__Multi_Input__Multi_Input_fromMINT
222,mint,mint__CIDAR_Lab_Past_Devices__Mux_96_Chambers__Mux_96_Chambers_fromMINT,CIDAR_Lab_Past_Devices/Mux_96_Chambers/Mux_96_Chambers_fromMINT.json,/home/student/Desktop/Neptune_2026/Microfluidics-Benchmarks/Results/MINT-TestCases/CIDAR_Lab_Past_Devices/Mux_96_Chambers/Mux_96_Chambers_fromMINT.json,tree,timeout,exceeded 1800s,1800.021,,,,,,,,,,,,,,,,Microfluidics-Benchmarks/Results/tree_full_20260915_040013/logs/mint__CIDAR_Lab_Past_Devices__Mux_96_Chambers__Mux_96_Chambers_fromMINT.log,Microfluidics-Benchmarks/Results/tree_full_20260915_040013/artifacts/mint__CIDAR_Lab_Past_Devices__Mux_96_Chambers__Mux_96_Chambers_fromMINT
223,mint,mint__CIDAR_Lab_Past_Devices__Net_Mux__Net_Mux_fromMINT,CIDAR_Lab_Past_Devices/Net_Mux/Net_Mux_fromMINT.json,/home/student/Desktop/Neptune_2026/Microfluidics-Benchmarks/Results/MINT-TestCases/CIDAR_Lab_Past_Devices/Net_Mux/Net_Mux_fromMINT.json,tree,timeout,exceeded 1800s,1800.01,,,,,,,,,,,,,,,,Microfluidics-Benchmarks/Results/tree_full_20260915_040013/logs/mint__CIDAR_Lab_Past_Devices__Net_Mux__Net_Mux_fromMINT.log,Microfluidics-Benchmarks/Results/tree_full_20260915_040013/artifacts/mint__CIDAR_Lab_Past_Devices__Net_Mux__Net_Mux_fromMINT
224,mint,mint__CIDAR_Lab_Past_Devices__Nine_To_One_Mux__Nine_To_One_Mux_fromMINT,CIDAR_Lab_Past_Devices/Nine_To_One_Mux/Nine_To_One_Mux_fromMINT.json,/home/student/Desktop/Neptune_2026/Microfluidics-Benchmarks/Results/MINT-TestCases/CIDAR_Lab_Past_Devices/Nine_To_One_Mux/Nine_To_One_Mux_fromMINT.json,tree,success,,322.825,322.55631,0,,,,,,,,True,,,,/home/student/Desktop/Neptune_2026/Microfluidics-Benchmarks/Results/tree_full_20260915_040013/artifacts/mint__CIDAR_Lab_Past_Devices__Nine_To_One_Mux__Nine_To_One_Mux_fromMINT/result.json,,Microfluidics-Benchmarks/Results/tree_full_20260915_040013/logs/mint__CIDAR_Lab_Past_Devices__Nine_To_One_Mux__Nine_To_One_Mux_fromMINT.log,Microfluidics-Benchmarks/Results/tree_full_20260915_040013/artifacts/mint__CIDAR_Lab_Past_Devices__Nine_To_One_Mux__Nine_To_One_Mux_fromMINT
225,mint,mint__CIDAR_Lab_Past_Devices__Number_Declarations__Number_Declarations_fromMINT,CIDAR_Lab_Past_Devices/Number_Declarations/Number_Declarations_fromMINT.json,/home/student/Desktop/Neptune_2026/Microfluidics-Benchmarks/Results/MINT-TestCases/CIDAR_Lab_Past_Devices/Number_Declarations/Number_Declarations_fromMINT.json,tree,success,,0.923,0.71998,0,,,,,,,,True,,,,/home/student/Desktop/Neptune_2026/Microfluidics-Benchmarks/Results/tree_full_20260915_040013/artifacts/mint__CIDAR_Lab_Past_Devices__Number_Declarations__Number_Declarations_fromMINT/result.json,,Microfluidics-Benchmarks/Results/tree_full_20260915_040013/logs/mint__CIDAR_Lab_Past_Devices__Number_Declarations__Number_Declarations_fromMINT.log,Microfluidics-Benchmarks/Results/tree_full_20260915_040013/artifacts/mint__CIDAR_Lab_Past_Devices__Number_Declarations__Number_Declarations_fromMINT
226,mint,mint__CIDAR_Lab_Past_Devices__Olfactory__Olfactory_fromMINT,CIDAR_Lab_Past_Devices/Olfactory/Olfactory_fromMINT.json,/home/student/Desktop/Neptune_2026/Microfluidics-Benchmarks/Results/MINT-TestCases/CIDAR_Lab_Past_Devices/Olfactory/Olfactory_fromMINT.json,tree,success,,1.723,1.527364,0,,,,,,,,True,,,,/home/student/Desktop/Neptune_2026/Microfluidics-Benchmarks/Results/tree_full_20260915_040013/artifacts/mint__CIDAR_Lab_Past_Devices__Olfactory__Olfactory_fromMINT/result.json,,Microfluidics-Benchmarks/Results/tree_full_20260915_040013/logs/mint__CIDAR_Lab_Past_Devices__Olfactory__Olfactory_fromMINT.log,Microfluidics-Benchmarks/Results/tree_full_20260915_040013/artifacts/mint__CIDAR_Lab_Past_Devices__Olfactory__Olfactory_fromMINT
227,mint,mint__CIDAR_Lab_Past_Devices__Pump_Passthrough__Pump_Passthrough_fromMINT,CIDAR_Lab_Past_Devices/Pump_Passthrough/Pump_Passthrough_fromMINT.json,/home/student/Desktop/Neptune_2026/Microfluidics-Benchmarks/Results/MINT-TestCases/CIDAR_Lab_Past_Devices/Pump_Passthrough/Pump_Passthrough_fromMINT.json,tree,success,,0.922,0.698776,0,,,,,,,,True,,,,/home/student/Desktop/Neptune_2026/Microfluidics-Benchmarks/Results/tree_full_20260915_040013/artifacts/mint__CIDAR_Lab_Past_Devices__Pump_Passthrough__Pump_Passthrough_fromMINT/result.json,,Microfluidics-Benchmarks/Results/tree_full_20260915_040013/logs/mint__CIDAR_Lab_Past_Devices__Pump_Passthrough__Pump_Passthrough_fromMINT.log,Microfluidics-Benchmarks/Results/tree_full_20260915_040013/artifacts/mint__CIDAR_Lab_Past_Devices__Pump_Passthrough__Pump_Passthrough_fromMINT
228,mint,mint__CIDAR_Lab_Past_Devices__Ring__Ring_fromMINT,CIDAR_Lab_Past_Devices/Ring/Ring_fromMINT.json,/home/student/Desktop/Neptune_2026/Microfluidics-Benchmarks/Results/MINT-TestCases/CIDAR_Lab_Past_Devices/Ring/Ring_fromMINT.json,tree,success,,1.02,0.814498,0,,,,,,,,True,,,,/home/student/Desktop/Neptune_2026/Microfluidics-Benchmarks/Results/tree_full_20260915_040013/artifacts/mint__CIDAR_Lab_Past_Devices__Ring__Ring_fromMINT/result.json,,Microfluidics-Benchmarks/Results/tree_full_20260915_040013/logs/mint__CIDAR_Lab_Past_Devices__Ring__Ring_fromMINT.log,Microfluidics-Benchmarks/Results/tree_full_20260915_040013/artifacts/mint__CIDAR_Lab_Past_Devices__Ring__Ring_fromMINT
229,mint,mint__CIDAR_Lab_Past_Devices__Root_Chip__Root_Chip_fromMINT,CIDAR_Lab_Past_Devices/Root_Chip/Root_Chip_fromMINT.json,/home/student/Desktop/Neptune_2026/Microfluidics-Benchmarks/Results/MINT-TestCases/CIDAR_Lab_Past_Devices/Root_Chip/Root_Chip_fromMINT.json,tree,success,,295.42,295.232264,0,,,,,,,,True,,,,/home/student/Desktop/Neptune_2026/Microfluidics-Benchmarks/Results/tree_full_20260915_040013/artifacts/mint__CIDAR_Lab_Past_Devices__Root_Chip__Root_Chip_fromMINT/result.json,,Microfluidics-Benchmarks/Results/tree_full_20260915_040013/logs/mint__CIDAR_Lab_Past_Devices__Root_Chip__Root_Chip_fromMINT.log,Microfluidics-Benchmarks/Results/tree_full_20260915_040013/artifacts/mint__CIDAR_Lab_Past_Devices__Root_Chip__Root_Chip_fromMINT
230,mint,mint__CIDAR_Lab_Past_Devices__Rotary_16__Rotary_16_fromMINT,CIDAR_Lab_Past_Devices/Rotary_16/Rotary_16_fromMINT.json,/home/student/Desktop/Neptune_2026/Microfluidics-Benchmarks/Results/MINT-TestCases/CIDAR_Lab_Past_Devices/Rotary_16/Rotary_16_fromMINT.json,tree,timeout,exceeded 1800s,1800.014,,,,,,,,,,,,,,,,Microfluidics-Benchmarks/Results/tree_full_20260915_040013/logs/mint__CIDAR_Lab_Past_Devices__Rotary_16__Rotary_16_fromMINT.log,Microfluidics-Benchmarks/Results/tree_full_20260915_040013/artifacts/mint__CIDAR_Lab_Past_Devices__Rotary_16__Rotary_16_fromMINT
231,mint,mint__CIDAR_Lab_Past_Devices__Rotary_Cells__Rotary_Cells_fromMINT,CIDAR_Lab_Past_Devices/Rotary_Cells/Rotary_Cells_fromMINT.json,/home/student/Desktop/Neptune_2026/Microfluidics-Benchmarks/Results/MINT-TestCases/CIDAR_Lab_Past_Devices/Rotary_Cells/Rotary_Cells_fromMINT.json,tree,success,,33.016,32.831663,0,,,,,,,,True,,,,/home/student/Desktop/Neptune_2026/Microfluidics-Benchmarks/Results/tree_full_20260915_040013/artifacts/mint__CIDAR_Lab_Past_Devices__Rotary_Cells__Rotary_Cells_fromMINT/result.json,,Microfluidics-Benchmarks/Results/tree_full_20260915_040013/logs/mint__CIDAR_Lab_Past_Devices__Rotary_Cells__Rotary_Cells_fromMINT.log,Microfluidics-Benchmarks/Results/tree_full_20260915_040013/artifacts/mint__CIDAR_Lab_Past_Devices__Rotary_Cells__Rotary_Cells_fromMINT
232,mint,mint__CIDAR_Lab_Past_Devices__Seeding__Seeding_fromMINT,CIDAR_Lab_Past_Devices/Seeding/Seeding_fromMINT.json,/home/student/Desktop/Neptune_2026/Microfluidics-Benchmarks/Results/MINT-TestCases/CIDAR_Lab_Past_Devices/Seeding/Seeding_fromMINT.json,tree,success,,241.492,241.275002,0,,,,,,,,True,,,,/home/student/Desktop/Neptune_2026/Microfluidics-Benchmarks/Results/tree_full_20260915_040013/artifacts/mint__CIDAR_Lab_Past_Devices__Seeding__Seeding_fromMINT/result.json,,Microfluidics-Benchmarks/Results/tree_full_20260915_040013/logs/mint__CIDAR_Lab_Past_Devices__Seeding__Seeding_fromMINT.log,Microfluidics-Benchmarks/Results/tree_full_20260915_040013/artifacts/mint__CIDAR_Lab_Past_Devices__Seeding__Seeding_fromMINT
233,mint,mint__CIDAR_Lab_Past_Devices__Single_Port__Single_Port_fromMINT,CIDAR_Lab_Past_Devices/Single_Port/Single_Port_fromMINT.json,/home/student/Desktop/Neptune_2026/Microfluidics-Benchmarks/Results/MINT-TestCases/CIDAR_Lab_Past_Devices/Single_Port/Single_Port_fromMINT.json,tree,success,,0.973,0.731082,0,,,,,,,,True,,,,/home/student/Desktop/Neptune_2026/Microfluidics-Benchmarks/Results/tree_full_20260915_040013/artifacts/mint__CIDAR_Lab_Past_Devices__Single_Port__Single_Port_fromMINT/result.json,,Microfluidics-Benchmarks/Results/tree_full_20260915_040013/logs/mint__CIDAR_Lab_Past_Devices__Single_Port__Single_Port_fromMINT.log,Microfluidics-Benchmarks/Results/tree_full_20260915_040013/artifacts/mint__CIDAR_Lab_Past_Devices__Single_Port__Single_Port_fromMINT
234,mint,mint__CIDAR_Lab_Past_Devices__Three_Reagent_Mix__Three_Reagent_Mix_fromMINT,CIDAR_Lab_Past_Devices/Three_Reagent_Mix/Three_Reagent_Mix_fromMINT.json,/home/student/Desktop/Neptune_2026/Microfluidics-Benchmarks/Results/MINT-TestCases/CIDAR_Lab_Past_Devices/Three_Reagent_Mix/Three_Reagent_Mix_fromMINT.json,tree,success,,1.225,0.953267,0,,,,,,,,True,,,,/home/student/Desktop/Neptune_2026/Microfluidics-Benchmarks/Results/tree_full_20260915_040013/artifacts/mint__CIDAR_Lab_Past_Devices__Three_Reagent_Mix__Three_Reagent_Mix_fromMINT/result.json,,Microfluidics-Benchmarks/Results/tree_full_20260915_040013/logs/mint__CIDAR_Lab_Past_Devices__Three_Reagent_Mix__Three_Reagent_Mix_fromMINT.log,Microfluidics-Benchmarks/Results/tree_full_20260915_040013/artifacts/mint__CIDAR_Lab_Past_Devices__Three_Reagent_Mix__Three_Reagent_Mix_fromMINT
235,mint,mint__Constraints__Array_Constraint__Array_Constraint_fromMINT,Constraints/Array_Constraint/Array_Constraint_fromMINT.json,/home/student/Desktop/Neptune_2026/Microfluidics-Benchmarks/Results/MINT-TestCases/Constraints/Array_Constraint/Array_Constraint_fromMINT.json,tree,success,,3.381,3.17053,0,,,,,,,,True,,,,/home/student/Desktop/Neptune_2026/Microfluidics-Benchmarks/Results/tree_full_20260915_040013/artifacts/mint__Constraints__Array_Constraint__Array_Constraint_fromMINT/result.json,,Microfluidics-Benchmarks/Results/tree_full_20260915_040013/logs/mint__Constraints__Array_Constraint__Array_Constraint_fromMINT.log,Microfluidics-Benchmarks/Results/tree_full_20260915_040013/artifacts/mint__Constraints__Array_Constraint__Array_Constraint_fromMINT
236,mint,mint__Constraints__Orthogonal_Constraint__Orthogonal_Constraint_fromMINT,Constraints/Orthogonal_Constraint/Orthogonal_Constraint_fromMINT.json,/home/student/Desktop/Neptune_2026/Microfluidics-Benchmarks/Results/MINT-TestCases/Constraints/Orthogonal_Constraint/Orthogonal_Constraint_fromMINT.json,tree,success,,1.07,0.84092,0,,,,,,,,True,,,,/home/student/Desktop/Neptune_2026/Microfluidics-Benchmarks/Results/tree_full_20260915_040013/artifacts/mint__Constraints__Orthogonal_Constraint__Orthogonal_Constraint_fromMINT/result.json,,Microfluidics-Benchmarks/Results/tree_full_20260915_040013/logs/mint__Constraints__Orthogonal_Constraint__Orthogonal_Constraint_fromMINT.log,Microfluidics-Benchmarks/Results/tree_full_20260915_040013/artifacts/mint__Constraints__Orthogonal_Constraint__Orthogonal_Constraint_fromMINT
237,mint,mint__Constraints__Orthogonal_Constraint_Large__Orthogonal_Constraint_Large_fromMINT,Constraints/Orthogonal_Constraint_Large/Orthogonal_Constraint_Large_fromMINT.json,/home/student/Desktop/Neptune_2026/Microfluidics-Benchmarks/Results/MINT-TestCases/Constraints/Orthogonal_Constraint_Large/Orthogonal_Constraint_Large_fromMINT.json,tree,success,,1.824,1.575963,0,,,,,,,,True,,,,/home/student/Desktop/Neptune_2026/Microfluidics-Benchmarks/Results/tree_full_20260915_040013/artifacts/mint__Constraints__Orthogonal_Constraint_Large__Orthogonal_Constraint_Large_fromMINT/result.json,,Microfluidics-Benchmarks/Results/tree_full_20260915_040013/logs/mint__Constraints__Orthogonal_Constraint_Large__Orthogonal_Constraint_Large_fromMINT.log,Microfluidics-Benchmarks/Results/tree_full_20260915_040013/artifacts/mint__Constraints__Orthogonal_Constraint_Large__Orthogonal_Constraint_Large_fromMINT
238,mint,mint__Constraints__Position_Constraint__Position_Constraint_fromMINT,Constraints/Position_Constraint/Position_Constraint_fromMINT.json,/home/student/Desktop/Neptune_2026/Microfluidics-Benchmarks/Results/MINT-TestCases/Constraints/Position_Constraint/Position_Constraint_fromMINT.json,tree,success,,0.926,0.73546,0,,,,,,,,True,,,,/home/student/Desktop/Neptune_2026/Microfluidics-Benchmarks/Results/tree_full_20260915_040013/artifacts/mint__Constraints__Position_Constraint__Position_Constraint_fromMINT/result.json,,Microfluidics-Benchmarks/Results/tree_full_20260915_040013/logs/mint__Constraints__Position_Constraint__Position_Constraint_fromMINT.log,Microfluidics-Benchmarks/Results/tree_full_20260915_040013/artifacts/mint__Constraints__Position_Constraint__Position_Constraint_fromMINT
239,mint,mint__Constraints__Relative_Orientation_Constraint__Relative_Orientation_Constraint_fromMINT,Constraints/Relative_Orientation_Constraint/Relative_Orientation_Constraint_fromMINT.json,/home/student/Desktop/Neptune_2026/Microfluidics-Benchmarks/Results/MINT-TestCases/Constraints/Relative_Orientation_Constraint/Relative_Orientation_Constraint_fromMINT.json,tree,success,,0.92,0.744529,0,,,,,,,,True,,,,/home/student/Desktop/Neptune_2026/Microfluidics-Benchmarks/Results/tree_full_20260915_040013/artifacts/mint__Constraints__Relative_Orientation_Constraint__Relative_Orientation_Constraint_fromMINT/result.json,,Microfluidics-Benchmarks/Results/tree_full_20260915_040013/logs/mint__Constraints__Relative_Orientation_Constraint__Relative_Orientation_Constraint_fromMINT.log,Microfluidics-Benchmarks/Results/tree_full_20260915_040013/artifacts/mint__Constraints__Relative_Orientation_Constraint__Relative_Orientation_Constraint_fromMINT
240,mint,mint__Constraints__Tree_Constraint__Tree_Constraint_fromMINT,Constraints/Tree_Constraint/Tree_Constraint_fromMINT.json,/home/student/Desktop/Neptune_2026/Microfluidics-Benchmarks/Results/MINT-TestCases/Constraints/Tree_Constraint/Tree_Constraint_fromMINT.json,tree,success,,1.075,0.841542,0,,,,,,,,True,,,,/home/student/Desktop/Neptune_2026/Microfluidics-Benchmarks/Results/tree_full_20260915_040013/artifacts/mint__Constraints__Tree_Constraint__Tree_Constraint_fromMINT/result.json,,Microfluidics-Benchmarks/Results/tree_full_20260915_040013/logs/mint__Constraints__Tree_Constraint__Tree_Constraint_fromMINT.log,Microfluidics-Benchmarks/Results/tree_full_20260915_040013/artifacts/mint__Constraints__Tree_Constraint__Tree_Constraint_fromMINT
241,mint,mint__COVID__Aj_Rtpcr_8_Primer__Aj_Rtpcr_8_Primer_fromMINT,COVID/Aj_Rtpcr_8_Primer/Aj_Rtpcr_8_Primer_fromMINT.json,/home/student/Desktop/Neptune_2026/Microfluidics-Benchmarks/Results/MINT-TestCases/COVID/Aj_Rtpcr_8_Primer/Aj_Rtpcr_8_Primer_fromMINT.json,tree,success,,21.248,20.961715,0,,,,,,,,True,,,,/home/student/Desktop/Neptune_2026/Microfluidics-Benchmarks/Results/tree_full_20260915_040013/artifacts/mint__COVID__Aj_Rtpcr_8_Primer__Aj_Rtpcr_8_Primer_fromMINT/result.json,,Microfluidics-Benchmarks/Results/tree_full_20260915_040013/logs/mint__COVID__Aj_Rtpcr_8_Primer__Aj_Rtpcr_8_Primer_fromMINT.log,Microfluidics-Benchmarks/Results/tree_full_20260915_040013/artifacts/mint__COVID__Aj_Rtpcr_8_Primer__Aj_Rtpcr_8_Primer_fromMINT
242,mint,mint__COVID__Arize__Arize_fromMINT,COVID/Arize/Arize_fromMINT.json,/home/student/Desktop/Neptune_2026/Microfluidics-Benchmarks/Results/MINT-TestCases/COVID/Arize/Arize_fromMINT.json,tree,success,,148.038,147.728775,0,,,,,,,,True,,,,/home/student/Desktop/Neptune_2026/Microfluidics-Benchmarks/Results/tree_full_20260915_040013/artifacts/mint__COVID__Arize__Arize_fromMINT/result.json,,Microfluidics-Benchmarks/Results/tree_full_20260915_040013/logs/mint__COVID__Arize__Arize_fromMINT.log,Microfluidics-Benchmarks/Results/tree_full_20260915_040013/artifacts/mint__COVID__Arize__Arize_fromMINT
243,mint,mint__COVID__Covid_Crispr__Covid_Crispr_fromMINT,COVID/Covid_Crispr/Covid_Crispr_fromMINT.json,/home/student/Desktop/Neptune_2026/Microfluidics-Benchmarks/Results/MINT-TestCases/COVID/Covid_Crispr/Covid_Crispr_fromMINT.json,tree,success,,1.071,0.841813,0,,,,,,,,True,,,,/home/student/Desktop/Neptune_2026/Microfluidics-Benchmarks/Results/tree_full_20260915_040013/artifacts/mint__COVID__Covid_Crispr__Covid_Crispr_fromMINT/result.json,,Microfluidics-Benchmarks/Results/tree_full_20260915_040013/logs/mint__COVID__Covid_Crispr__Covid_Crispr_fromMINT.log,Microfluidics-Benchmarks/Results/tree_full_20260915_040013/artifacts/mint__COVID__Covid_Crispr__Covid_Crispr_fromMINT
244,mint,mint__COVID__Crispr__Crispr_fromMINT,COVID/Crispr/Crispr_fromMINT.json,/home/student/Desktop/Neptune_2026/Microfluidics-Benchmarks/Results/MINT-TestCases/COVID/Crispr/Crispr_fromMINT.json,tree,success,,1.22,0.993958,0,,,,,,,,True,,,,/home/student/Desktop/Neptune_2026/Microfluidics-Benchmarks/Results/tree_full_20260915_040013/artifacts/mint__COVID__Crispr__Crispr_fromMINT/result.json,,Microfluidics-Benchmarks/Results/tree_full_20260915_040013/logs/mint__COVID__Crispr__Crispr_fromMINT.log,Microfluidics-Benchmarks/Results/tree_full_20260915_040013/artifacts/mint__COVID__Crispr__Crispr_fromMINT
245,mint,mint__COVID__Detectr__Detectr_fromMINT,COVID/Detectr/Detectr_fromMINT.json,/home/student/Desktop/Neptune_2026/Microfluidics-Benchmarks/Results/MINT-TestCases/COVID/Detectr/Detectr_fromMINT.json,tree,success,,1.43,1.185171,0,,,,,,,,True,,,,/home/student/Desktop/Neptune_2026/Microfluidics-Benchmarks/Results/tree_full_20260915_040013/artifacts/mint__COVID__Detectr__Detectr_fromMINT/result.json,,Microfluidics-Benchmarks/Results/tree_full_20260915_040013/logs/mint__COVID__Detectr__Detectr_fromMINT.log,Microfluidics-Benchmarks/Results/tree_full_20260915_040013/artifacts/mint__COVID__Detectr__Detectr_fromMINT
246,mint,mint__COVID__Elisa__Elisa_fromMINT,COVID/Elisa/Elisa_fromMINT.json,/home/student/Desktop/Neptune_2026/Microfluidics-Benchmarks/Results/MINT-TestCases/COVID/Elisa/Elisa_fromMINT.json,tree,success,,1.125,0.859664,0,,,,,,,,True,,,,/home/student/Desktop/Neptune_2026/Microfluidics-Benchmarks/Results/tree_full_20260915_040013/artifacts/mint__COVID__Elisa__Elisa_fromMINT/result.json,,Microfluidics-Benchmarks/Results/tree_full_20260915_040013/logs/mint__COVID__Elisa__Elisa_fromMINT.log,Microfluidics-Benchmarks/Results/tree_full_20260915_040013/artifacts/mint__COVID__Elisa__Elisa_fromMINT
247,mint,mint__COVID__Gel_Electrophoresis__Gel_Electrophoresis_fromMINT,COVID/Gel_Electrophoresis/Gel_Electrophoresis_fromMINT.json,/home/student/Desktop/Neptune_2026/Microfluidics-Benchmarks/Results/MINT-TestCases/COVID/Gel_Electrophoresis/Gel_Electrophoresis_fromMINT.json,tree,success,,1.325,1.035547,0,,,,,,,,True,,,,/home/student/Desktop/Neptune_2026/Microfluidics-Benchmarks/Results/tree_full_20260915_040013/artifacts/mint__COVID__Gel_Electrophoresis__Gel_Electrophoresis_fromMINT/result.json,,Microfluidics-Benchmarks/Results/tree_full_20260915_040013/logs/mint__COVID__Gel_Electrophoresis__Gel_Electrophoresis_fromMINT.log,Microfluidics-Benchmarks/Results/tree_full_20260915_040013/artifacts/mint__COVID__Gel_Electrophoresis__Gel_Electrophoresis_fromMINT
248,mint,mint__COVID__Hybri_Detect__Hybri_Detect_fromMINT,COVID/Hybri_Detect/Hybri_Detect_fromMINT.json,/home/student/Desktop/Neptune_2026/Microfluidics-Benchmarks/Results/MINT-TestCases/COVID/Hybri_Detect/Hybri_Detect_fromMINT.json,tree,success,,1.075,0.881273,0,,,,,,,,True,,,,/home/student/Desktop/Neptune_2026/Microfluidics-Benchmarks/Results/tree_full_20260915_040013/artifacts/mint__COVID__Hybri_Detect__Hybri_Detect_fromMINT/result.json,,Microfluidics-Benchmarks/Results/tree_full_20260915_040013/logs/mint__COVID__Hybri_Detect__Hybri_Detect_fromMINT.log,Microfluidics-Benchmarks/Results/tree_full_20260915_040013/artifacts/mint__COVID__Hybri_Detect__Hybri_Detect_fromMINT
249,mint,mint__COVID__Part_1_Rna_Prep__Part_1_Rna_Prep_fromMINT,COVID/Part_1_Rna_Prep/Part_1_Rna_Prep_fromMINT.json,/home/student/Desktop/Neptune_2026/Microfluidics-Benchmarks/Results/MINT-TestCases/COVID/Part_1_Rna_Prep/Part_1_Rna_Prep_fromMINT.json,tree,success,,1.125,0.890847,0,,,,,,,,True,,,,/home/student/Desktop/Neptune_2026/Microfluidics-Benchmarks/Results/tree_full_20260915_040013/artifacts/mint__COVID__Part_1_Rna_Prep__Part_1_Rna_Prep_fromMINT/result.json,,Microfluidics-Benchmarks/Results/tree_full_20260915_040013/logs/mint__COVID__Part_1_Rna_Prep__Part_1_Rna_Prep_fromMINT.log,Microfluidics-Benchmarks/Results/tree_full_20260915_040013/artifacts/mint__COVID__Part_1_Rna_Prep__Part_1_Rna_Prep_fromMINT
250,mint,mint__COVID__Part_2_Rt_Step__Part_2_Rt_Step_fromMINT,COVID/Part_2_Rt_Step/Part_2_Rt_Step_fromMINT.json,/home/student/Desktop/Neptune_2026/Microfluidics-Benchmarks/Results/MINT-TestCases/COVID/Part_2_Rt_Step/Part_2_Rt_Step_fromMINT.json,tree,success,,1.069,0.861753,0,,,,,,,,True,,,,/home/student/Desktop/Neptune_2026/Microfluidics-Benchmarks/Results/tree_full_20260915_040013/artifacts/mint__COVID__Part_2_Rt_Step__Part_2_Rt_Step_fromMINT/result.json,,Microfluidics-Benchmarks/Results/tree_full_20260915_040013/logs/mint__COVID__Part_2_Rt_Step__Part_2_Rt_Step_fromMINT.log,Microfluidics-Benchmarks/Results/tree_full_20260915_040013/artifacts/mint__COVID__Part_2_Rt_Step__Part_2_Rt_Step_fromMINT
251,mint,mint__COVID__Part_3_Gel__Part_3_Gel_fromMINT,COVID/Part_3_Gel/Part_3_Gel_fromMINT.json,/home/student/Desktop/Neptune_2026/Microfluidics-Benchmarks/Results/MINT-TestCases/COVID/Part_3_Gel/Part_3_Gel_fromMINT.json,tree,success,,1.279,1.019428,0,,,,,,,,True,,,,/home/student/Desktop/Neptune_2026/Microfluidics-Benchmarks/Results/tree_full_20260915_040013/artifacts/mint__COVID__Part_3_Gel__Part_3_Gel_fromMINT/result.json,,Microfluidics-Benchmarks/Results/tree_full_20260915_040013/logs/mint__COVID__Part_3_Gel__Part_3_Gel_fromMINT.log,Microfluidics-Benchmarks/Results/tree_full_20260915_040013/artifacts/mint__COVID__Part_3_Gel__Part_3_Gel_fromMINT
252,mint,mint__COVID__Rt_Pcr__Rt_Pcr_fromMINT,COVID/Rt_Pcr/Rt_Pcr_fromMINT.json,/home/student/Desktop/Neptune_2026/Microfluidics-Benchmarks/Results/MINT-TestCases/COVID/Rt_Pcr/Rt_Pcr_fromMINT.json,tree,success,,1.02,0.81787,0,,,,,,,,True,,,,/home/student/Desktop/Neptune_2026/Microfluidics-Benchmarks/Results/tree_full_20260915_040013/artifacts/mint__COVID__Rt_Pcr__Rt_Pcr_fromMINT/result.json,,Microfluidics-Benchmarks/Results/tree_full_20260915_040013/logs/mint__COVID__Rt_Pcr__Rt_Pcr_fromMINT.log,Microfluidics-Benchmarks/Results/tree_full_20260915_040013/artifacts/mint__COVID__Rt_Pcr__Rt_Pcr_fromMINT
253,mint,mint__Distribute_Expressions__And_Annotation_Test__And_Annotation_Test_fromMINT,Distribute_Expressions/And_Annotation_Test/And_Annotation_Test_fromMINT.json,/home/student/Desktop/Neptune_2026/Microfluidics-Benchmarks/Results/MINT-TestCases/Distribute_Expressions/And_Annotation_Test/And_Annotation_Test_fromMINT.json,tree,success,,2.784,2.513362,0,,,,,,,,True,,,,/home/student/Desktop/Neptune_2026/Microfluidics-Benchmarks/Results/tree_full_20260915_040013/artifacts/mint__Distribute_Expressions__And_Annotation_Test__And_Annotation_Test_fromMINT/result.json,,Microfluidics-Benchmarks/Results/tree_full_20260915_040013/logs/mint__Distribute_Expressions__And_Annotation_Test__And_Annotation_Test_fromMINT.log,Microfluidics-Benchmarks/Results/tree_full_20260915_040013/artifacts/mint__Distribute_Expressions__And_Annotation_Test__And_Annotation_Test_fromMINT
254,mint,mint__Distribute_Expressions__Dist_Expression_1__Dist_Expression_1_fromMINT,Distribute_Expressions/Dist_Expression_1/Dist_Expression_1_fromMINT.json,/home/student/Desktop/Neptune_2026/Microfluidics-Benchmarks/Results/MINT-TestCases/Distribute_Expressions/Dist_Expression_1/Dist_Expression_1_fromMINT.json,tree,success,,1.071,0.795228,0,,,,,,,,True,,,,/home/student/Desktop/Neptune_2026/Microfluidics-Benchmarks/Results/tree_full_20260915_040013/artifacts/mint__Distribute_Expressions__Dist_Expression_1__Dist_Expression_1_fromMINT/result.json,,Microfluidics-Benchmarks/Results/tree_full_20260915_040013/logs/mint__Distribute_Expressions__Dist_Expression_1__Dist_Expression_1_fromMINT.log,Microfluidics-Benchmarks/Results/tree_full_20260915_040013/artifacts/mint__Distribute_Expressions__Dist_Expression_1__Dist_Expression_1_fromMINT
255,mint,mint__Distribute_Expressions__Dist_Expression_2__Dist_Expression_2_fromMINT,Distribute_Expressions/Dist_Expression_2/Dist_Expression_2_fromMINT.json,/home/student/Desktop/Neptune_2026/Microfluidics-Benchmarks/Results/MINT-TestCases/Distribute_Expressions/Dist_Expression_2/Dist_Expression_2_fromMINT.json,tree,success,,1.02,0.800261,0,,,,,,,,True,,,,/home/student/Desktop/Neptune_2026/Microfluidics-Benchmarks/Results/tree_full_20260915_040013/artifacts/mint__Distribute_Expressions__Dist_Expression_2__Dist_Expression_2_fromMINT/result.json,,Microfluidics-Benchmarks/Results/tree_full_20260915_040013/logs/mint__Distribute_Expressions__Dist_Expression_2__Dist_Expression_2_fromMINT.log,Microfluidics-Benchmarks/Results/tree_full_20260915_040013/artifacts/mint__Distribute_Expressions__Dist_Expression_2__Dist_Expression_2_fromMINT
256,mint,mint__Distribute_Expressions__Dist_Expression_3__Dist_Expression_3_fromMINT,Distribute_Expressions/Dist_Expression_3/Dist_Expression_3_fromMINT.json,/home/student/Desktop/Neptune_2026/Microfluidics-Benchmarks/Results/MINT-TestCases/Distribute_Expressions/Dist_Expression_3/Dist_Expression_3_fromMINT.json,tree,success,,0.975,0.789985,0,,,,,,,,True,,,,/home/student/Desktop/Neptune_2026/Microfluidics-Benchmarks/Results/tree_full_20260915_040013/artifacts/mint__Distribute_Expressions__Dist_Expression_3__Dist_Expression_3_fromMINT/result.json,,Microfluidics-Benchmarks/Results/tree_full_20260915_040013/logs/mint__Distribute_Expressions__Dist_Expression_3__Dist_Expression_3_fromMINT.log,Microfluidics-Benchmarks/Results/tree_full_20260915_040013/artifacts/mint__Distribute_Expressions__Dist_Expression_3__Dist_Expression_3_fromMINT
257,mint,mint__Distribute_Library__Cell_Traps_4__Cell_Traps_4_fromMINT,Distribute_Library/Cell_Traps_4/Cell_Traps_4_fromMINT.json,/home/student/Desktop/Neptune_2026/Microfluidics-Benchmarks/Results/MINT-TestCases/Distribute_Library/Cell_Traps_4/Cell_Traps_4_fromMINT.json,tree,success,,0.971,0.72652,0,,,,,,,,True,,,,/home/student/Desktop/Neptune_2026/Microfluidics-Benchmarks/Results/tree_full_20260915_040013/artifacts/mint__Distribute_Library__Cell_Traps_4__Cell_Traps_4_fromMINT/result.json,,Microfluidics-Benchmarks/Results/tree_full_20260915_040013/logs/mint__Distribute_Library__Cell_Traps_4__Cell_Traps_4_fromMINT.log,Microfluidics-Benchmarks/Results/tree_full_20260915_040013/artifacts/mint__Distribute_Library__Cell_Traps_4__Cell_Traps_4_fromMINT
258,mint,mint__Distribute_Library__Hv_Storage_Grid_04__Hv_Storage_Grid_04_fromMINT,Distribute_Library/Hv_Storage_Grid_04/Hv_Storage_Grid_04_fromMINT.json,/home/student/Desktop/Neptune_2026/Microfluidics-Benchmarks/Results/MINT-TestCases/Distribute_Library/Hv_Storage_Grid_04/Hv_Storage_Grid_04_fromMINT.json,tree,success,,1.026,0.779529,0,,,,,,,,True,,,,/home/student/Desktop/Neptune_2026/Microfluidics-Benchmarks/Results/tree_full_20260915_040013/artifacts/mint__Distribute_Library__Hv_Storage_Grid_04__Hv_Storage_Grid_04_fromMINT/result.json,,Microfluidics-Benchmarks/Results/tree_full_20260915_040013/logs/mint__Distribute_Library__Hv_Storage_Grid_04__Hv_Storage_Grid_04_fromMINT.log,Microfluidics-Benchmarks/Results/tree_full_20260915_040013/artifacts/mint__Distribute_Library__Hv_Storage_Grid_04__Hv_Storage_Grid_04_fromMINT
259,mint,mint__Distribute_Library__Hv_Storage_Grid_08__Hv_Storage_Grid_08_fromMINT,Distribute_Library/Hv_Storage_Grid_08/Hv_Storage_Grid_08_fromMINT.json,/home/student/Desktop/Neptune_2026/Microfluidics-Benchmarks/Results/MINT-TestCases/Distribute_Library/Hv_Storage_Grid_08/Hv_Storage_Grid_08_fromMINT.json,tree,success,,1.02,0.773292,0,,,,,,,,True,,,,/home/student/Desktop/Neptune_2026/Microfluidics-Benchmarks/Results/tree_full_20260915_040013/artifacts/mint__Distribute_Library__Hv_Storage_Grid_08__Hv_Storage_Grid_08_fromMINT/result.json,,Microfluidics-Benchmarks/Results/tree_full_20260915_040013/logs/mint__Distribute_Library__Hv_Storage_Grid_08__Hv_Storage_Grid_08_fromMINT.log,Microfluidics-Benchmarks/Results/tree_full_20260915_040013/artifacts/mint__Distribute_Library__Hv_Storage_Grid_08__Hv_Storage_Grid_08_fromMINT
260,mint,mint__Distribute_Library__Hv_Storage_Grid_16__Hv_Storage_Grid_16_fromMINT,Distribute_Library/Hv_Storage_Grid_16/Hv_Storage_Grid_16_fromMINT.json,/home/student/Desktop/Neptune_2026/Microfluidics-Benchmarks/Results/MINT-TestCases/Distribute_Library/Hv_Storage_Grid_16/Hv_Storage_Grid_16_fromMINT.json,tree,success,,0.929,0.725863,0,,,,,,,,True,,,,/home/student/Desktop/Neptune_2026/Microfluidics-Benchmarks/Results/tree_full_20260915_040013/artifacts/mint__Distribute_Library__Hv_Storage_Grid_16__Hv_Storage_Grid_16_fromMINT/result.json,,Microfluidics-Benchmarks/Results/tree_full_20260915_040013/logs/mint__Distribute_Library__Hv_Storage_Grid_16__Hv_Storage_Grid_16_fromMINT.log,Microfluidics-Benchmarks/Results/tree_full_20260915_040013/artifacts/mint__Distribute_Library__Hv_Storage_Grid_16__Hv_Storage_Grid_16_fromMINT
261,mint,mint__Distribute_Library__Hv_Storage_Grid_32__Hv_Storage_Grid_32_fromMINT,Distribute_Library/Hv_Storage_Grid_32/Hv_Storage_Grid_32_fromMINT.json,/home/student/Desktop/Neptune_2026/Microfluidics-Benchmarks/Results/MINT-TestCases/Distribute_Library/Hv_Storage_Grid_32/Hv_Storage_Grid_32_fromMINT.json,tree,success,,1.026,0.782953,0,,,,,,,,True,,,,/home/student/Desktop/Neptune_2026/Microfluidics-Benchmarks/Results/tree_full_20260915_040013/artifacts/mint__Distribute_Library__Hv_Storage_Grid_32__Hv_Storage_Grid_32_fromMINT/result.json,,Microfluidics-Benchmarks/Results/tree_full_20260915_040013/logs/mint__Distribute_Library__Hv_Storage_Grid_32__Hv_Storage_Grid_32_fromMINT.log,Microfluidics-Benchmarks/Results/tree_full_20260915_040013/artifacts/mint__Distribute_Library__Hv_Storage_Grid_32__Hv_Storage_Grid_32_fromMINT
262,mint,mint__Distribute_Library__Hv_Storage_Grid_64__Hv_Storage_Grid_64_fromMINT,Distribute_Library/Hv_Storage_Grid_64/Hv_Storage_Grid_64_fromMINT.json,/home/student/Desktop/Neptune_2026/Microfluidics-Benchmarks/Results/MINT-TestCases/Distribute_Library/Hv_Storage_Grid_64/Hv_Storage_Grid_64_fromMINT.json,tree,success,,0.93,0.705754,0,,,,,,,,True,,,,/home/student/Desktop/Neptune_2026/Microfluidics-Benchmarks/Results/tree_full_20260915_040013/artifacts/mint__Distribute_Library__Hv_Storage_Grid_64__Hv_Storage_Grid_64_fromMINT/result.json,,Microfluidics-Benchmarks/Results/tree_full_20260915_040013/logs/mint__Distribute_Library__Hv_Storage_Grid_64__Hv_Storage_Grid_64_fromMINT.log,Microfluidics-Benchmarks/Results/tree_full_20260915_040013/artifacts/mint__Distribute_Library__Hv_Storage_Grid_64__Hv_Storage_Grid_64_fromMINT
263,mint,mint__Distribute_Library__Mux_02_In__Mux_02_In_fromMINT,Distribute_Library/Mux_02_In/Mux_02_In_fromMINT.json,/home/student/Desktop/Neptune_2026/Microfluidics-Benchmarks/Results/MINT-TestCases/Distribute_Library/Mux_02_In/Mux_02_In_fromMINT.json,tree,success,,1.883,1.587811,0,,,,,,,,True,,,,/home/student/Desktop/Neptune_2026/Microfluidics-Benchmarks/Results/tree_full_20260915_040013/artifacts/mint__Distribute_Library__Mux_02_In__Mux_02_In_fromMINT/result.json,,Microfluidics-Benchmarks/Results/tree_full_20260915_040013/logs/mint__Distribute_Library__Mux_02_In__Mux_02_In_fromMINT.log,Microfluidics-Benchmarks/Results/tree_full_20260915_040013/artifacts/mint__Distribute_Library__Mux_02_In__Mux_02_In_fromMINT
264,mint,mint__Distribute_Library__Mux_02_Out__Mux_02_Out_fromMINT,Distribute_Library/Mux_02_Out/Mux_02_Out_fromMINT.json,/home/student/Desktop/Neptune_2026/Microfluidics-Benchmarks/Results/MINT-TestCases/Distribute_Library/Mux_02_Out/Mux_02_Out_fromMINT.json,tree,success,,1.823,1.60091,0,,,,,,,,True,,,,/home/student/Desktop/Neptune_2026/Microfluidics-Benchmarks/Results/tree_full_20260915_040013/artifacts/mint__Distribute_Library__Mux_02_Out__Mux_02_Out_fromMINT/result.json,,Microfluidics-Benchmarks/Results/tree_full_20260915_040013/logs/mint__Distribute_Library__Mux_02_Out__Mux_02_Out_fromMINT.log,Microfluidics-Benchmarks/Results/tree_full_20260915_040013/artifacts/mint__Distribute_Library__Mux_02_Out__Mux_02_Out_fromMINT
265,mint,mint__Distribute_Library__Mux_04_In__Mux_04_In_fromMINT,Distribute_Library/Mux_04_In/Mux_04_In_fromMINT.json,/home/student/Desktop/Neptune_2026/Microfluidics-Benchmarks/Results/MINT-TestCases/Distribute_Library/Mux_04_In/Mux_04_In_fromMINT.json,tree,success,,4.332,4.064177,0,,,,,,,,True,,,,/home/student/Desktop/Neptune_2026/Microfluidics-Benchmarks/Results/tree_full_20260915_040013/artifacts/mint__Distribute_Library__Mux_04_In__Mux_04_In_fromMINT/result.json,,Microfluidics-Benchmarks/Results/tree_full_20260915_040013/logs/mint__Distribute_Library__Mux_04_In__Mux_04_In_fromMINT.log,Microfluidics-Benchmarks/Results/tree_full_20260915_040013/artifacts/mint__Distribute_Library__Mux_04_In__Mux_04_In_fromMINT
266,mint,mint__Distribute_Library__Mux_04_Out__Mux_04_Out_fromMINT,Distribute_Library/Mux_04_Out/Mux_04_Out_fromMINT.json,/home/student/Desktop/Neptune_2026/Microfluidics-Benchmarks/Results/MINT-TestCases/Distribute_Library/Mux_04_Out/Mux_04_Out_fromMINT.json,tree,success,,4.13,3.850881,0,,,,,,,,True,,,,/home/student/Desktop/Neptune_2026/Microfluidics-Benchmarks/Results/tree_full_20260915_040013/artifacts/mint__Distribute_Library__Mux_04_Out__Mux_04_Out_fromMINT/result.json,,Microfluidics-Benchmarks/Results/tree_full_20260915_040013/logs/mint__Distribute_Library__Mux_04_Out__Mux_04_Out_fromMINT.log,Microfluidics-Benchmarks/Results/tree_full_20260915_040013/artifacts/mint__Distribute_Library__Mux_04_Out__Mux_04_Out_fromMINT
267,mint,mint__Distribute_Library__Mux_08_In__Mux_08_In_fromMINT,Distribute_Library/Mux_08_In/Mux_08_In_fromMINT.json,/home/student/Desktop/Neptune_2026/Microfluidics-Benchmarks/Results/MINT-TestCases/Distribute_Library/Mux_08_In/Mux_08_In_fromMINT.json,tree,success,,12.911,12.666946,0,,,,,,,,True,,,,/home/student/Desktop/Neptune_2026/Microfluidics-Benchmarks/Results/tree_full_20260915_040013/artifacts/mint__Distribute_Library__Mux_08_In__Mux_08_In_fromMINT/result.json,,Microfluidics-Benchmarks/Results/tree_full_20260915_040013/logs/mint__Distribute_Library__Mux_08_In__Mux_08_In_fromMINT.log,Microfluidics-Benchmarks/Results/tree_full_20260915_040013/artifacts/mint__Distribute_Library__Mux_08_In__Mux_08_In_fromMINT
268,mint,mint__Distribute_Library__Mux_08_Out__Mux_08_Out_fromMINT,Distribute_Library/Mux_08_Out/Mux_08_Out_fromMINT.json,/home/student/Desktop/Neptune_2026/Microfluidics-Benchmarks/Results/MINT-TestCases/Distribute_Library/Mux_08_Out/Mux_08_Out_fromMINT.json,tree,success,,13.058,12.816548,0,,,,,,,,True,,,,/home/student/Desktop/Neptune_2026/Microfluidics-Benchmarks/Results/tree_full_20260915_040013/artifacts/mint__Distribute_Library__Mux_08_Out__Mux_08_Out_fromMINT/result.json,,Microfluidics-Benchmarks/Results/tree_full_20260915_040013/logs/mint__Distribute_Library__Mux_08_Out__Mux_08_Out_fromMINT.log,Microfluidics-Benchmarks/Results/tree_full_20260915_040013/artifacts/mint__Distribute_Library__Mux_08_Out__Mux_08_Out_fromMINT
269,mint,mint__Distribute_Library__Mux_16_In__Mux_16_In_fromMINT,Distribute_Library/Mux_16_In/Mux_16_In_fromMINT.json,/home/student/Desktop/Neptune_2026/Microfluidics-Benchmarks/Results/MINT-TestCases/Distribute_Library/Mux_16_In/Mux_16_In_fromMINT.json,tree,success,,51.873,51.709721,0,,,,,,,,True,,,,/home/student/Desktop/Neptune_2026/Microfluidics-Benchmarks/Results/tree_full_20260915_040013/artifacts/mint__Distribute_Library__Mux_16_In__Mux_16_In_fromMINT/result.json,,Microfluidics-Benchmarks/Results/tree_full_20260915_040013/logs/mint__Distribute_Library__Mux_16_In__Mux_16_In_fromMINT.log,Microfluidics-Benchmarks/Results/tree_full_20260915_040013/artifacts/mint__Distribute_Library__Mux_16_In__Mux_16_In_fromMINT
270,mint,mint__Distribute_Library__Mux_16_Out__Mux_16_Out_fromMINT,Distribute_Library/Mux_16_Out/Mux_16_Out_fromMINT.json,/home/student/Desktop/Neptune_2026/Microfluidics-Benchmarks/Results/MINT-TestCases/Distribute_Library/Mux_16_Out/Mux_16_Out_fromMINT.json,tree,success,,49.167,49.000753,0,,,,,,,,True,,,,/home/student/Desktop/Neptune_2026/Microfluidics-Benchmarks/Results/tree_full_20260915_040013/artifacts/mint__Distribute_Library__Mux_16_Out__Mux_16_Out_fromMINT/result.json,,Microfluidics-Benchmarks/Results/tree_full_20260915_040013/logs/mint__Distribute_Library__Mux_16_Out__Mux_16_Out_fromMINT.log,Microfluidics-Benchmarks/Results/tree_full_20260915_040013/artifacts/mint__Distribute_Library__Mux_16_Out__Mux_16_Out_fromMINT
271,mint,mint__Distribute_Library__Mux_32_In__Mux_32_In_fromMINT,Distribute_Library/Mux_32_In/Mux_32_In_fromMINT.json,/home/student/Desktop/Neptune_2026/Microfluidics-Benchmarks/Results/MINT-TestCases/Distribute_Library/Mux_32_In/Mux_32_In_fromMINT.json,tree,success,,235.22,234.99243,0,,,,,,,,True,,,,/home/student/Desktop/Neptune_2026/Microfluidics-Benchmarks/Results/tree_full_20260915_040013/artifacts/mint__Distribute_Library__Mux_32_In__Mux_32_In_fromMINT/result.json,,Microfluidics-Benchmarks/Results/tree_full_20260915_040013/logs/mint__Distribute_Library__Mux_32_In__Mux_32_In_fromMINT.log,Microfluidics-Benchmarks/Results/tree_full_20260915_040013/artifacts/mint__Distribute_Library__Mux_32_In__Mux_32_In_fromMINT
272,mint,mint__Distribute_Library__Mux_32_Out__Mux_32_Out_fromMINT,Distribute_Library/Mux_32_Out/Mux_32_Out_fromMINT.json,/home/student/Desktop/Neptune_2026/Microfluidics-Benchmarks/Results/MINT-TestCases/Distribute_Library/Mux_32_Out/Mux_32_Out_fromMINT.json,tree,success,,237.556,237.306654,0,,,,,,,,True,,,,/home/student/Desktop/Neptune_2026/Microfluidics-Benchmarks/Results/tree_full_20260915_040013/artifacts/mint__Distribute_Library__Mux_32_Out__Mux_32_Out_fromMINT/result.json,,Microfluidics-Benchmarks/Results/tree_full_20260915_040013/logs/mint__Distribute_Library__Mux_32_Out__Mux_32_Out_fromMINT.log,Microfluidics-Benchmarks/Results/tree_full_20260915_040013/artifacts/mint__Distribute_Library__Mux_32_Out__Mux_32_Out_fromMINT
273,mint,mint__Distribute_Library__Mux_64_In__Mux_64_In_fromMINT,Distribute_Library/Mux_64_In/Mux_64_In_fromMINT.json,/home/student/Desktop/Neptune_2026/Microfluidics-Benchmarks/Results/MINT-TestCases/Distribute_Library/Mux_64_In/Mux_64_In_fromMINT.json,tree,success,,1237.802,1237.513251,0,,,,,,,,True,,,,/home/student/Desktop/Neptune_2026/Microfluidics-Benchmarks/Results/tree_full_20260915_040013/artifacts/mint__Distribute_Library__Mux_64_In__Mux_64_In_fromMINT/result.json,,Microfluidics-Benchmarks/Results/tree_full_20260915_040013/logs/mint__Distribute_Library__Mux_64_In__Mux_64_In_fromMINT.log,Microfluidics-Benchmarks/Results/tree_full_20260915_040013/artifacts/mint__Distribute_Library__Mux_64_In__Mux_64_In_fromMINT
274,mint,mint__Distribute_Library__Mux_64_Out__Mux_64_Out_fromMINT,Distribute_Library/Mux_64_Out/Mux_64_Out_fromMINT.json,/home/student/Desktop/Neptune_2026/Microfluidics-Benchmarks/Results/MINT-TestCases/Distribute_Library/Mux_64_Out/Mux_64_Out_fromMINT.json,tree,success,,1252.416,1252.198967,0,,,,,,,,True,,,,/home/student/Desktop/Neptune_2026/Microfluidics-Benchmarks/Results/tree_full_20260915_040013/artifacts/mint__Distribute_Library__Mux_64_Out__Mux_64_Out_fromMINT/result.json,,Microfluidics-Benchmarks/Results/tree_full_20260915_040013/logs/mint__Distribute_Library__Mux_64_Out__Mux_64_Out_fromMINT.log,Microfluidics-Benchmarks/Results/tree_full_20260915_040013/artifacts/mint__Distribute_Library__Mux_64_Out__Mux_64_Out_fromMINT
275,mint,mint__Distribute_Library__Single_Storage_Grid_01__Single_Storage_Grid_01_fromMINT,Distribute_Library/Single_Storage_Grid_01/Single_Storage_Grid_01_fromMINT.json,/home/student/Desktop/Neptune_2026/Microfluidics-Benchmarks/Results/MINT-TestCases/Distribute_Library/Single_Storage_Grid_01/Single_Storage_Grid_01_fromMINT.json,tree,success,,0.87,0.703391,0,,,,,,,,True,,,,/home/student/Desktop/Neptune_2026/Microfluidics-Benchmarks/Results/tree_full_20260915_040013/artifacts/mint__Distribute_Library__Single_Storage_Grid_01__Single_Storage_Grid_01_fromMINT/result.json,,Microfluidics-Benchmarks/Results/tree_full_20260915_040013/logs/mint__Distribute_Library__Single_Storage_Grid_01__Single_Storage_Grid_01_fromMINT.log,Microfluidics-Benchmarks/Results/tree_full_20260915_040013/artifacts/mint__Distribute_Library__Single_Storage_Grid_01__Single_Storage_Grid_01_fromMINT
276,mint,mint__Distribute_Library__Single_Storage_Grid_02__Single_Storage_Grid_02_fromMINT,Distribute_Library/Single_Storage_Grid_02/Single_Storage_Grid_02_fromMINT.json,/home/student/Desktop/Neptune_2026/Microfluidics-Benchmarks/Results/MINT-TestCases/Distribute_Library/Single_Storage_Grid_02/Single_Storage_Grid_02_fromMINT.json,tree,success,,0.87,0.703169,0,,,,,,,,True,,,,/home/student/Desktop/Neptune_2026/Microfluidics-Benchmarks/Results/tree_full_20260915_040013/artifacts/mint__Distribute_Library__Single_Storage_Grid_02__Single_Storage_Grid_02_fromMINT/result.json,,Microfluidics-Benchmarks/Results/tree_full_20260915_040013/logs/mint__Distribute_Library__Single_Storage_Grid_02__Single_Storage_Grid_02_fromMINT.log,Microfluidics-Benchmarks/Results/tree_full_20260915_040013/artifacts/mint__Distribute_Library__Single_Storage_Grid_02__Single_Storage_Grid_02_fromMINT
277,mint,mint__Distribute_Library__Single_Storage_Grid_04__Single_Storage_Grid_04_fromMINT,Distribute_Library/Single_Storage_Grid_04/Single_Storage_Grid_04_fromMINT.json,/home/student/Desktop/Neptune_2026/Microfluidics-Benchmarks/Results/MINT-TestCases/Distribute_Library/Single_Storage_Grid_04/Single_Storage_Grid_04_fromMINT.json,tree,success,,0.869,0.717366,0,,,,,,,,True,,,,/home/student/Desktop/Neptune_2026/Microfluidics-Benchmarks/Results/tree_full_20260915_040013/artifacts/mint__Distribute_Library__Single_Storage_Grid_04__Single_Storage_Grid_04_fromMINT/result.json,,Microfluidics-Benchmarks/Results/tree_full_20260915_040013/logs/mint__Distribute_Library__Single_Storage_Grid_04__Single_Storage_Grid_04_fromMINT.log,Microfluidics-Benchmarks/Results/tree_full_20260915_040013/artifacts/mint__Distribute_Library__Single_Storage_Grid_04__Single_Storage_Grid_04_fromMINT
278,mint,mint__Distribute_Library__Single_Storage_Grid_08__Single_Storage_Grid_08_fromMINT,Distribute_Library/Single_Storage_Grid_08/Single_Storage_Grid_08_fromMINT.json,/home/student/Desktop/Neptune_2026/Microfluidics-Benchmarks/Results/MINT-TestCases/Distribute_Library/Single_Storage_Grid_08/Single_Storage_Grid_08_fromMINT.json,tree,success,,0.924,0.740618,0,,,,,,,,True,,,,/home/student/Desktop/Neptune_2026/Microfluidics-Benchmarks/Results/tree_full_20260915_040013/artifacts/mint__Distribute_Library__Single_Storage_Grid_08__Single_Storage_Grid_08_fromMINT/result.json,,Microfluidics-Benchmarks/Results/tree_full_20260915_040013/logs/mint__Distribute_Library__Single_Storage_Grid_08__Single_Storage_Grid_08_fromMINT.log,Microfluidics-Benchmarks/Results/tree_full_20260915_040013/artifacts/mint__Distribute_Library__Single_Storage_Grid_08__Single_Storage_Grid_08_fromMINT
279,mint,mint__Distribute_Library__Single_Storage_Grid_16__Single_Storage_Grid_16_fromMINT,Distribute_Library/Single_Storage_Grid_16/Single_Storage_Grid_16_fromMINT.json,/home/student/Desktop/Neptune_2026/Microfluidics-Benchmarks/Results/MINT-TestCases/Distribute_Library/Single_Storage_Grid_16/Single_Storage_Grid_16_fromMINT.json,tree,success,,0.868,0.700108,0,,,,,,,,True,,,,/home/student/Desktop/Neptune_2026/Microfluidics-Benchmarks/Results/tree_full_20260915_040013/artifacts/mint__Distribute_Library__Single_Storage_Grid_16__Single_Storage_Grid_16_fromMINT/result.json,,Microfluidics-Benchmarks/Results/tree_full_20260915_040013/logs/mint__Distribute_Library__Single_Storage_Grid_16__Single_Storage_Grid_16_fromMINT.log,Microfluidics-Benchmarks/Results/tree_full_20260915_040013/artifacts/mint__Distribute_Library__Single_Storage_Grid_16__Single_Storage_Grid_16_fromMINT
280,mint,mint__Distribute_Library__Single_Storage_Grid_32__Single_Storage_Grid_32_fromMINT,Distribute_Library/Single_Storage_Grid_32/Single_Storage_Grid_32_fromMINT.json,/home/student/Desktop/Neptune_2026/Microfluidics-Benchmarks/Results/MINT-TestCases/Distribute_Library/Single_Storage_Grid_32/Single_Storage_Grid_32_fromMINT.json,tree,success,,0.869,0.696125,0,,,,,,,,True,,,,/home/student/Desktop/Neptune_2026/Microfluidics-Benchmarks/Results/tree_full_20260915_040013/artifacts/mint__Distribute_Library__Single_Storage_Grid_32__Single_Storage_Grid_32_fromMINT/result.json,,Microfluidics-Benchmarks/Results/tree_full_20260915_040013/logs/mint__Distribute_Library__Single_Storage_Grid_32__Single_Storage_Grid_32_fromMINT.log,Microfluidics-Benchmarks/Results/tree_full_20260915_040013/artifacts/mint__Distribute_Library__Single_Storage_Grid_32__Single_Storage_Grid_32_fromMINT
281,mint,mint__Distribute_Library__Single_Storage_Grid_64__Single_Storage_Grid_64_fromMINT,Distribute_Library/Single_Storage_Grid_64/Single_Storage_Grid_64_fromMINT.json,/home/student/Desktop/Neptune_2026/Microfluidics-Benchmarks/Results/MINT-TestCases/Distribute_Library/Single_Storage_Grid_64/Single_Storage_Grid_64_fromMINT.json,tree,success,,0.925,0.731937,0,,,,,,,,True,,,,/home/student/Desktop/Neptune_2026/Microfluidics-Benchmarks/Results/tree_full_20260915_040013/artifacts/mint__Distribute_Library__Single_Storage_Grid_64__Single_Storage_Grid_64_fromMINT/result.json,,Microfluidics-Benchmarks/Results/tree_full_20260915_040013/logs/mint__Distribute_Library__Single_Storage_Grid_64__Single_Storage_Grid_64_fromMINT.log,Microfluidics-Benchmarks/Results/tree_full_20260915_040013/artifacts/mint__Distribute_Library__Single_Storage_Grid_64__Single_Storage_Grid_64_fromMINT
282,mint,mint__Distribute_Library__Transposer_02__Transposer_02_fromMINT,Distribute_Library/Transposer_02/Transposer_02_fromMINT.json,/home/student/Desktop/Neptune_2026/Microfluidics-Benchmarks/Results/MINT-TestCases/Distribute_Library/Transposer_02/Transposer_02_fromMINT.json,tree,success,,4.685,4.464295,0,,,,,,,,True,,,,/home/student/Desktop/Neptune_2026/Microfluidics-Benchmarks/Results/tree_full_20260915_040013/artifacts/mint__Distribute_Library__Transposer_02__Transposer_02_fromMINT/result.json,,Microfluidics-Benchmarks/Results/tree_full_20260915_040013/logs/mint__Distribute_Library__Transposer_02__Transposer_02_fromMINT.log,Microfluidics-Benchmarks/Results/tree_full_20260915_040013/artifacts/mint__Distribute_Library__Transposer_02__Transposer_02_fromMINT
283,mint,mint__Distribute_Library__Transposer_03__Transposer_03_fromMINT,Distribute_Library/Transposer_03/Transposer_03_fromMINT.json,/home/student/Desktop/Neptune_2026/Microfluidics-Benchmarks/Results/MINT-TestCases/Distribute_Library/Transposer_03/Transposer_03_fromMINT.json,tree,success,,10.308,10.079646,0,,,,,,,,True,,,,/home/student/Desktop/Neptune_2026/Microfluidics-Benchmarks/Results/tree_full_20260915_040013/artifacts/mint__Distribute_Library__Transposer_03__Transposer_03_fromMINT/result.json,,Microfluidics-Benchmarks/Results/tree_full_20260915_040013/logs/mint__Distribute_Library__Transposer_03__Transposer_03_fromMINT.log,Microfluidics-Benchmarks/Results/tree_full_20260915_040013/artifacts/mint__Distribute_Library__Transposer_03__Transposer_03_fromMINT
284,mint,mint__Distribute_Library__Transposer_04__Transposer_04_fromMINT,Distribute_Library/Transposer_04/Transposer_04_fromMINT.json,/home/student/Desktop/Neptune_2026/Microfluidics-Benchmarks/Results/MINT-TestCases/Distribute_Library/Transposer_04/Transposer_04_fromMINT.json,tree,timeout,exceeded 1800s,1800.01,,,,,,,,,,,,,,,,Microfluidics-Benchmarks/Results/tree_full_20260915_040013/logs/mint__Distribute_Library__Transposer_04__Transposer_04_fromMINT.log,Microfluidics-Benchmarks/Results/tree_full_20260915_040013/artifacts/mint__Distribute_Library__Transposer_04__Transposer_04_fromMINT
285,mint,mint__Distribute_Library__Transposer_08__Transposer_08_fromMINT,Distribute_Library/Transposer_08/Transposer_08_fromMINT.json,/home/student/Desktop/Neptune_2026/Microfluidics-Benchmarks/Results/MINT-TestCases/Distribute_Library/Transposer_08/Transposer_08_fromMINT.json,tree,success,,0.969,0.73208,0,,,,,,,,True,,,,/home/student/Desktop/Neptune_2026/Microfluidics-Benchmarks/Results/tree_full_20260915_040013/artifacts/mint__Distribute_Library__Transposer_08__Transposer_08_fromMINT/result.json,,Microfluidics-Benchmarks/Results/tree_full_20260915_040013/logs/mint__Distribute_Library__Transposer_08__Transposer_08_fromMINT.log,Microfluidics-Benchmarks/Results/tree_full_20260915_040013/artifacts/mint__Distribute_Library__Transposer_08__Transposer_08_fromMINT
286,mint,mint__Distribute_Library__Transposer_16__Transposer_16_fromMINT,Distribute_Library/Transposer_16/Transposer_16_fromMINT.json,/home/student/Desktop/Neptune_2026/Microfluidics-Benchmarks/Results/MINT-TestCases/Distribute_Library/Transposer_16/Transposer_16_fromMINT.json,tree,success,,0.925,0.722806,0,,,,,,,,True,,,,/home/student/Desktop/Neptune_2026/Microfluidics-Benchmarks/Results/tree_full_20260915_040013/artifacts/mint__Distribute_Library__Transposer_16__Transposer_16_fromMINT/result.json,,Microfluidics-Benchmarks/Results/tree_full_20260915_040013/logs/mint__Distribute_Library__Transposer_16__Transposer_16_fromMINT.log,Microfluidics-Benchmarks/Results/tree_full_20260915_040013/artifacts/mint__Distribute_Library__Transposer_16__Transposer_16_fromMINT
287,mint,mint__Distribute_Library__Transposer_32__Transposer_32_fromMINT,Distribute_Library/Transposer_32/Transposer_32_fromMINT.json,/home/student/Desktop/Neptune_2026/Microfluidics-Benchmarks/Results/MINT-TestCases/Distribute_Library/Transposer_32/Transposer_32_fromMINT.json,tree,success,,0.924,0.714712,0,,,,,,,,True,,,,/home/student/Desktop/Neptune_2026/Microfluidics-Benchmarks/Results/tree_full_20260915_040013/artifacts/mint__Distribute_Library__Transposer_32__Transposer_32_fromMINT/result.json,,Microfluidics-Benchmarks/Results/tree_full_20260915_040013/logs/mint__Distribute_Library__Transposer_32__Transposer_32_fromMINT.log,Microfluidics-Benchmarks/Results/tree_full_20260915_040013/artifacts/mint__Distribute_Library__Transposer_32__Transposer_32_fromMINT
288,mint,mint__Distribute_Library__Transposer_64__Transposer_64_fromMINT,Distribute_Library/Transposer_64/Transposer_64_fromMINT.json,/home/student/Desktop/Neptune_2026/Microfluidics-Benchmarks/Results/MINT-TestCases/Distribute_Library/Transposer_64/Transposer_64_fromMINT.json,tree,success,,0.919,0.706415,0,,,,,,,,True,,,,/home/student/Desktop/Neptune_2026/Microfluidics-Benchmarks/Results/tree_full_20260915_040013/artifacts/mint__Distribute_Library__Transposer_64__Transposer_64_fromMINT/result.json,,Microfluidics-Benchmarks/Results/tree_full_20260915_040013/logs/mint__Distribute_Library__Transposer_64__Transposer_64_fromMINT.log,Microfluidics-Benchmarks/Results/tree_full_20260915_040013/artifacts/mint__Distribute_Library__Transposer_64__Transposer_64_fromMINT
289,mint,mint__Drop_Ref__Droplet_Generator_1__Droplet_Generator_1_fromMINT,Drop_Ref/Droplet_Generator_1/Droplet_Generator_1_fromMINT.json,/home/student/Desktop/Neptune_2026/Microfluidics-Benchmarks/Results/MINT-TestCases/Drop_Ref/Droplet_Generator_1/Droplet_Generator_1_fromMINT.json,tree,success,,1.026,0.773561,0,,,,,,,,True,,,,/home/student/Desktop/Neptune_2026/Microfluidics-Benchmarks/Results/tree_full_20260915_040013/artifacts/mint__Drop_Ref__Droplet_Generator_1__Droplet_Generator_1_fromMINT/result.json,,Microfluidics-Benchmarks/Results/tree_full_20260915_040013/logs/mint__Drop_Ref__Droplet_Generator_1__Droplet_Generator_1_fromMINT.log,Microfluidics-Benchmarks/Results/tree_full_20260915_040013/artifacts/mint__Drop_Ref__Droplet_Generator_1__Droplet_Generator_1_fromMINT
290,mint,mint__Drop_Ref__Droplet_Generator_2__Droplet_Generator_2_fromMINT,Drop_Ref/Droplet_Generator_2/Droplet_Generator_2_fromMINT.json,/home/student/Desktop/Neptune_2026/Microfluidics-Benchmarks/Results/MINT-TestCases/Drop_Ref/Droplet_Generator_2/Droplet_Generator_2_fromMINT.json,tree,success,,1.286,1.090592,0,,,,,,,,True,,,,/home/student/Desktop/Neptune_2026/Microfluidics-Benchmarks/Results/tree_full_20260915_040013/artifacts/mint__Drop_Ref__Droplet_Generator_2__Droplet_Generator_2_fromMINT/result.json,,Microfluidics-Benchmarks/Results/tree_full_20260915_040013/logs/mint__Drop_Ref__Droplet_Generator_2__Droplet_Generator_2_fromMINT.log,Microfluidics-Benchmarks/Results/tree_full_20260915_040013/artifacts/mint__Drop_Ref__Droplet_Generator_2__Droplet_Generator_2_fromMINT
291,mint,mint__Drop_Ref__Droplet_Generator_3__Droplet_Generator_3_fromMINT,Drop_Ref/Droplet_Generator_3/Droplet_Generator_3_fromMINT.json,/home/student/Desktop/Neptune_2026/Microfluidics-Benchmarks/Results/MINT-TestCases/Drop_Ref/Droplet_Generator_3/Droplet_Generator_3_fromMINT.json,tree,success,,1.382,1.170726,0,,,,,,,,True,,,,/home/student/Desktop/Neptune_2026/Microfluidics-Benchmarks/Results/tree_full_20260915_040013/artifacts/mint__Drop_Ref__Droplet_Generator_3__Droplet_Generator_3_fromMINT/result.json,,Microfluidics-Benchmarks/Results/tree_full_20260915_040013/logs/mint__Drop_Ref__Droplet_Generator_3__Droplet_Generator_3_fromMINT.log,Microfluidics-Benchmarks/Results/tree_full_20260915_040013/artifacts/mint__Drop_Ref__Droplet_Generator_3__Droplet_Generator_3_fromMINT
292,mint,mint__Drop_Ref__Droplet_Generator_4__Droplet_Generator_4_fromMINT,Drop_Ref/Droplet_Generator_4/Droplet_Generator_4_fromMINT.json,/home/student/Desktop/Neptune_2026/Microfluidics-Benchmarks/Results/MINT-TestCases/Drop_Ref/Droplet_Generator_4/Droplet_Generator_4_fromMINT.json,tree,success,,1.232,1.049272,0,,,,,,,,True,,,,/home/student/Desktop/Neptune_2026/Microfluidics-Benchmarks/Results/tree_full_20260915_040013/artifacts/mint__Drop_Ref__Droplet_Generator_4__Droplet_Generator_4_fromMINT/result.json,,Microfluidics-Benchmarks/Results/tree_full_20260915_040013/logs/mint__Drop_Ref__Droplet_Generator_4__Droplet_Generator_4_fromMINT.log,Microfluidics-Benchmarks/Results/tree_full_20260915_040013/artifacts/mint__Drop_Ref__Droplet_Generator_4__Droplet_Generator_4_fromMINT
293,mint,mint__Drop_Ref__Dropx_Test_1__Dropx_Test_1_fromMINT,Drop_Ref/Dropx_Test_1/Dropx_Test_1_fromMINT.json,/home/student/Desktop/Neptune_2026/Microfluidics-Benchmarks/Results/MINT-TestCases/Drop_Ref/Dropx_Test_1/Dropx_Test_1_fromMINT.json,tree,success,,1.019,0.777676,0,,,,,,,,True,,,,/home/student/Desktop/Neptune_2026/Microfluidics-Benchmarks/Results/tree_full_20260915_040013/artifacts/mint__Drop_Ref__Dropx_Test_1__Dropx_Test_1_fromMINT/result.json,,Microfluidics-Benchmarks/Results/tree_full_20260915_040013/logs/mint__Drop_Ref__Dropx_Test_1__Dropx_Test_1_fromMINT.log,Microfluidics-Benchmarks/Results/tree_full_20260915_040013/artifacts/mint__Drop_Ref__Dropx_Test_1__Dropx_Test_1_fromMINT
294,mint,mint__Drop_Ref__Dropx_Test_2__Dropx_Test_2_fromMINT,Drop_Ref/Dropx_Test_2/Dropx_Test_2_fromMINT.json,/home/student/Desktop/Neptune_2026/Microfluidics-Benchmarks/Results/MINT-TestCases/Drop_Ref/Dropx_Test_2/Dropx_Test_2_fromMINT.json,tree,success,,1.181,0.929999,0,,,,,,,,True,,,,/home/student/Desktop/Neptune_2026/Microfluidics-Benchmarks/Results/tree_full_20260915_040013/artifacts/mint__Drop_Ref__Dropx_Test_2__Dropx_Test_2_fromMINT/result.json,,Microfluidics-Benchmarks/Results/tree_full_20260915_040013/logs/mint__Drop_Ref__Dropx_Test_2__Dropx_Test_2_fromMINT.log,Microfluidics-Benchmarks/Results/tree_full_20260915_040013/artifacts/mint__Drop_Ref__Dropx_Test_2__Dropx_Test_2_fromMINT
295,mint,mint__Drop_Ref__Dropx_Test_3__Dropx_Test_3_fromMINT,Drop_Ref/Dropx_Test_3/Dropx_Test_3_fromMINT.json,/home/student/Desktop/Neptune_2026/Microfluidics-Benchmarks/Results/MINT-TestCases/Drop_Ref/Dropx_Test_3/Dropx_Test_3_fromMINT.json,tree,success,,1.226,1.040426,0,,,,,,,,True,,,,/home/student/Desktop/Neptune_2026/Microfluidics-Benchmarks/Results/tree_full_20260915_040013/artifacts/mint__Drop_Ref__Dropx_Test_3__Dropx_Test_3_fromMINT/result.json,,Microfluidics-Benchmarks/Results/tree_full_20260915_040013/logs/mint__Drop_Ref__Dropx_Test_3__Dropx_Test_3_fromMINT.log,Microfluidics-Benchmarks/Results/tree_full_20260915_040013/artifacts/mint__Drop_Ref__Dropx_Test_3__Dropx_Test_3_fromMINT
296,mint,mint__Drop_Ref__Dropx_Test_4__Dropx_Test_4_fromMINT,Drop_Ref/Dropx_Test_4/Dropx_Test_4_fromMINT.json,/home/student/Desktop/Neptune_2026/Microfluidics-Benchmarks/Results/MINT-TestCases/Drop_Ref/Dropx_Test_4/Dropx_Test_4_fromMINT.json,tree,success,,1.08,0.872214,0,,,,,,,,True,,,,/home/student/Desktop/Neptune_2026/Microfluidics-Benchmarks/Results/tree_full_20260915_040013/artifacts/mint__Drop_Ref__Dropx_Test_4__Dropx_Test_4_fromMINT/result.json,,Microfluidics-Benchmarks/Results/tree_full_20260915_040013/logs/mint__Drop_Ref__Dropx_Test_4__Dropx_Test_4_fromMINT.log,Microfluidics-Benchmarks/Results/tree_full_20260915_040013/artifacts/mint__Drop_Ref__Dropx_Test_4__Dropx_Test_4_fromMINT
297,mint,mint__Drop_Ref__Dx_1__Dx_1_fromMINT,Drop_Ref/Dx_1/Dx_1_fromMINT.json,/home/student/Desktop/Neptune_2026/Microfluidics-Benchmarks/Results/MINT-TestCases/Drop_Ref/Dx_1/Dx_1_fromMINT.json,tree,success,,1.077,0.878578,0,,,,,,,,True,,,,/home/student/Desktop/Neptune_2026/Microfluidics-Benchmarks/Results/tree_full_20260915_040013/artifacts/mint__Drop_Ref__Dx_1__Dx_1_fromMINT/result.json,,Microfluidics-Benchmarks/Results/tree_full_20260915_040013/logs/mint__Drop_Ref__Dx_1__Dx_1_fromMINT.log,Microfluidics-Benchmarks/Results/tree_full_20260915_040013/artifacts/mint__Drop_Ref__Dx_1__Dx_1_fromMINT
298,mint,mint__Drop_Ref__Dx_10__Dx_10_fromMINT,Drop_Ref/Dx_10/Dx_10_fromMINT.json,/home/student/Desktop/Neptune_2026/Microfluidics-Benchmarks/Results/MINT-TestCases/Drop_Ref/Dx_10/Dx_10_fromMINT.json,tree,success,,1.07,0.858661,0,,,,,,,,True,,,,/home/student/Desktop/Neptune_2026/Microfluidics-Benchmarks/Results/tree_full_20260915_040013/artifacts/mint__Drop_Ref__Dx_10__Dx_10_fromMINT/result.json,,Microfluidics-Benchmarks/Results/tree_full_20260915_040013/logs/mint__Drop_Ref__Dx_10__Dx_10_fromMINT.log,Microfluidics-Benchmarks/Results/tree_full_20260915_040013/artifacts/mint__Drop_Ref__Dx_10__Dx_10_fromMINT
299,mint,mint__Drop_Ref__Dx_10_Ref__Dx_10_Ref_fromMINT,Drop_Ref/Dx_10_Ref/Dx_10_Ref_fromMINT.json,/home/student/Desktop/Neptune_2026/Microfluidics-Benchmarks/Results/MINT-TestCases/Drop_Ref/Dx_10_Ref/Dx_10_Ref_fromMINT.json,tree,success,,1.12,0.925364,0,,,,,,,,True,,,,/home/student/Desktop/Neptune_2026/Microfluidics-Benchmarks/Results/tree_full_20260915_040013/artifacts/mint__Drop_Ref__Dx_10_Ref__Dx_10_Ref_fromMINT/result.json,,Microfluidics-Benchmarks/Results/tree_full_20260915_040013/logs/mint__Drop_Ref__Dx_10_Ref__Dx_10_Ref_fromMINT.log,Microfluidics-Benchmarks/Results/tree_full_20260915_040013/artifacts/mint__Drop_Ref__Dx_10_Ref__Dx_10_Ref_fromMINT
300,mint,mint__Drop_Ref__Dx_11__Dx_11_fromMINT,Drop_Ref/Dx_11/Dx_11_fromMINT.json,/home/student/Desktop/Neptune_2026/Microfluidics-Benchmarks/Results/MINT-TestCases/Drop_Ref/Dx_11/Dx_11_fromMINT.json,tree,success,,1.278,1.064206,0,,,,,,,,True,,,,/home/student/Desktop/Neptune_2026/Microfluidics-Benchmarks/Results/tree_full_20260915_040013/artifacts/mint__Drop_Ref__Dx_11__Dx_11_fromMINT/result.json,,Microfluidics-Benchmarks/Results/tree_full_20260915_040013/logs/mint__Drop_Ref__Dx_11__Dx_11_fromMINT.log,Microfluidics-Benchmarks/Results/tree_full_20260915_040013/artifacts/mint__Drop_Ref__Dx_11__Dx_11_fromMINT
301,mint,mint__Drop_Ref__Dx_11_Ref__Dx_11_Ref_fromMINT,Drop_Ref/Dx_11_Ref/Dx_11_Ref_fromMINT.json,/home/student/Desktop/Neptune_2026/Microfluidics-Benchmarks/Results/MINT-TestCases/Drop_Ref/Dx_11_Ref/Dx_11_Ref_fromMINT.json,tree,success,,1.372,1.105772,0,,,,,,,,True,,,,/home/student/Desktop/Neptune_2026/Microfluidics-Benchmarks/Results/tree_full_20260915_040013/artifacts/mint__Drop_Ref__Dx_11_Ref__Dx_11_Ref_fromMINT/result.json,,Microfluidics-Benchmarks/Results/tree_full_20260915_040013/logs/mint__Drop_Ref__Dx_11_Ref__Dx_11_Ref_fromMINT.log,Microfluidics-Benchmarks/Results/tree_full_20260915_040013/artifacts/mint__Drop_Ref__Dx_11_Ref__Dx_11_Ref_fromMINT
302,mint,mint__Drop_Ref__Dx_12__Dx_12_fromMINT,Drop_Ref/Dx_12/Dx_12_fromMINT.json,/home/student/Desktop/Neptune_2026/Microfluidics-Benchmarks/Results/MINT-TestCases/Drop_Ref/Dx_12/Dx_12_fromMINT.json,tree,success,,1.278,1.009484,0,,,,,,,,True,,,,/home/student/Desktop/Neptune_2026/Microfluidics-Benchmarks/Results/tree_full_20260915_040013/artifacts/mint__Drop_Ref__Dx_12__Dx_12_fromMINT/result.json,,Microfluidics-Benchmarks/Results/tree_full_20260915_040013/logs/mint__Drop_Ref__Dx_12__Dx_12_fromMINT.log,Microfluidics-Benchmarks/Results/tree_full_20260915_040013/artifacts/mint__Drop_Ref__Dx_12__Dx_12_fromMINT
303,mint,mint__Drop_Ref__Dx_12_Ref__Dx_12_Ref_fromMINT,Drop_Ref/Dx_12_Ref/Dx_12_Ref_fromMINT.json,/home/student/Desktop/Neptune_2026/Microfluidics-Benchmarks/Results/MINT-TestCases/Drop_Ref/Dx_12_Ref/Dx_12_Ref_fromMINT.json,tree,success,,1.23,0.964872,0,,,,,,,,True,,,,/home/student/Desktop/Neptune_2026/Microfluidics-Benchmarks/Results/tree_full_20260915_040013/artifacts/mint__Drop_Ref__Dx_12_Ref__Dx_12_Ref_fromMINT/result.json,,Microfluidics-Benchmarks/Results/tree_full_20260915_040013/logs/mint__Drop_Ref__Dx_12_Ref__Dx_12_Ref_fromMINT.log,Microfluidics-Benchmarks/Results/tree_full_20260915_040013/artifacts/mint__Drop_Ref__Dx_12_Ref__Dx_12_Ref_fromMINT
304,mint,mint__Drop_Ref__Dx_13__Dx_13_fromMINT,Drop_Ref/Dx_13/Dx_13_fromMINT.json,/home/student/Desktop/Neptune_2026/Microfluidics-Benchmarks/Results/MINT-TestCases/Drop_Ref/Dx_13/Dx_13_fromMINT.json,tree,success,,1.371,1.150127,0,,,,,,,,True,,,,/home/student/Desktop/Neptune_2026/Microfluidics-Benchmarks/Results/tree_full_20260915_040013/artifacts/mint__Drop_Ref__Dx_13__Dx_13_fromMINT/result.json,,Microfluidics-Benchmarks/Results/tree_full_20260915_040013/logs/mint__Drop_Ref__Dx_13__Dx_13_fromMINT.log,Microfluidics-Benchmarks/Results/tree_full_20260915_040013/artifacts/mint__Drop_Ref__Dx_13__Dx_13_fromMINT
305,mint,mint__Drop_Ref__Dx_13_Ref__Dx_13_Ref_fromMINT,Drop_Ref/Dx_13_Ref/Dx_13_Ref_fromMINT.json,/home/student/Desktop/Neptune_2026/Microfluidics-Benchmarks/Results/MINT-TestCases/Drop_Ref/Dx_13_Ref/Dx_13_Ref_fromMINT.json,tree,success,,1.38,1.168728,0,,,,,,,,True,,,,/home/student/Desktop/Neptune_2026/Microfluidics-Benchmarks/Results/tree_full_20260915_040013/artifacts/mint__Drop_Ref__Dx_13_Ref__Dx_13_Ref_fromMINT/result.json,,Microfluidics-Benchmarks/Results/tree_full_20260915_040013/logs/mint__Drop_Ref__Dx_13_Ref__Dx_13_Ref_fromMINT.log,Microfluidics-Benchmarks/Results/tree_full_20260915_040013/artifacts/mint__Drop_Ref__Dx_13_Ref__Dx_13_Ref_fromMINT
306,mint,mint__Drop_Ref__Dx_14__Dx_14_fromMINT,Drop_Ref/Dx_14/Dx_14_fromMINT.json,/home/student/Desktop/Neptune_2026/Microfluidics-Benchmarks/Results/MINT-TestCases/Drop_Ref/Dx_14/Dx_14_fromMINT.json,tree,success,,1.076,0.865605,0,,,,,,,,True,,,,/home/student/Desktop/Neptune_2026/Microfluidics-Benchmarks/Results/tree_full_20260915_040013/artifacts/mint__Drop_Ref__Dx_14__Dx_14_fromMINT/result.json,,Microfluidics-Benchmarks/Results/tree_full_20260915_040013/logs/mint__Drop_Ref__Dx_14__Dx_14_fromMINT.log,Microfluidics-Benchmarks/Results/tree_full_20260915_040013/artifacts/mint__Drop_Ref__Dx_14__Dx_14_fromMINT
307,mint,mint__Drop_Ref__Dx_14_Ref__Dx_14_Ref_fromMINT,Drop_Ref/Dx_14_Ref/Dx_14_Ref_fromMINT.json,/home/student/Desktop/Neptune_2026/Microfluidics-Benchmarks/Results/MINT-TestCases/Drop_Ref/Dx_14_Ref/Dx_14_Ref_fromMINT.json,tree,success,,1.323,1.073405,0,,,,,,,,True,,,,/home/student/Desktop/Neptune_2026/Microfluidics-Benchmarks/Results/tree_full_20260915_040013/artifacts/mint__Drop_Ref__Dx_14_Ref__Dx_14_Ref_fromMINT/result.json,,Microfluidics-Benchmarks/Results/tree_full_20260915_040013/logs/mint__Drop_Ref__Dx_14_Ref__Dx_14_Ref_fromMINT.log,Microfluidics-Benchmarks/Results/tree_full_20260915_040013/artifacts/mint__Drop_Ref__Dx_14_Ref__Dx_14_Ref_fromMINT
308,mint,mint__Drop_Ref__Dx_15__Dx_15_fromMINT,Drop_Ref/Dx_15/Dx_15_fromMINT.json,/home/student/Desktop/Neptune_2026/Microfluidics-Benchmarks/Results/MINT-TestCases/Drop_Ref/Dx_15/Dx_15_fromMINT.json,tree,success,,1.13,0.88239,0,,,,,,,,True,,,,/home/student/Desktop/Neptune_2026/Microfluidics-Benchmarks/Results/tree_full_20260915_040013/artifacts/mint__Drop_Ref__Dx_15__Dx_15_fromMINT/result.json,,Microfluidics-Benchmarks/Results/tree_full_20260915_040013/logs/mint__Drop_Ref__Dx_15__Dx_15_fromMINT.log,Microfluidics-Benchmarks/Results/tree_full_20260915_040013/artifacts/mint__Drop_Ref__Dx_15__Dx_15_fromMINT
309,mint,mint__Drop_Ref__Dx_15_Ref__Dx_15_Ref_fromMINT,Drop_Ref/Dx_15_Ref/Dx_15_Ref_fromMINT.json,/home/student/Desktop/Neptune_2026/Microfluidics-Benchmarks/Results/MINT-TestCases/Drop_Ref/Dx_15_Ref/Dx_15_Ref_fromMINT.json,tree,success,,1.076,0.86477,0,,,,,,,,True,,,,/home/student/Desktop/Neptune_2026/Microfluidics-Benchmarks/Results/tree_full_20260915_040013/artifacts/mint__Drop_Ref__Dx_15_Ref__Dx_15_Ref_fromMINT/result.json,,Microfluidics-Benchmarks/Results/tree_full_20260915_040013/logs/mint__Drop_Ref__Dx_15_Ref__Dx_15_Ref_fromMINT.log,Microfluidics-Benchmarks/Results/tree_full_20260915_040013/artifacts/mint__Drop_Ref__Dx_15_Ref__Dx_15_Ref_fromMINT
310,mint,mint__Drop_Ref__Dx_1_Ref__Dx_1_Ref_fromMINT,Drop_Ref/Dx_1_Ref/Dx_1_Ref_fromMINT.json,/home/student/Desktop/Neptune_2026/Microfluidics-Benchmarks/Results/MINT-TestCases/Drop_Ref/Dx_1_Ref/Dx_1_Ref_fromMINT.json,tree,success,,1.18,0.949179,0,,,,,,,,True,,,,/home/student/Desktop/Neptune_2026/Microfluidics-Benchmarks/Results/tree_full_20260915_040013/artifacts/mint__Drop_Ref__Dx_1_Ref__Dx_1_Ref_fromMINT/result.json,,Microfluidics-Benchmarks/Results/tree_full_20260915_040013/logs/mint__Drop_Ref__Dx_1_Ref__Dx_1_Ref_fromMINT.log,Microfluidics-Benchmarks/Results/tree_full_20260915_040013/artifacts/mint__Drop_Ref__Dx_1_Ref__Dx_1_Ref_fromMINT
311,mint,mint__Drop_Ref__Dx_2__Dx_2_fromMINT,Drop_Ref/Dx_2/Dx_2_fromMINT.json,/home/student/Desktop/Neptune_2026/Microfluidics-Benchmarks/Results/MINT-TestCases/Drop_Ref/Dx_2/Dx_2_fromMINT.json,tree,success,,1.221,1.03025,0,,,,,,,,True,,,,/home/student/Desktop/Neptune_2026/Microfluidics-Benchmarks/Results/tree_full_20260915_040013/artifacts/mint__Drop_Ref__Dx_2__Dx_2_fromMINT/result.json,,Microfluidics-Benchmarks/Results/tree_full_20260915_040013/logs/mint__Drop_Ref__Dx_2__Dx_2_fromMINT.log,Microfluidics-Benchmarks/Results/tree_full_20260915_040013/artifacts/mint__Drop_Ref__Dx_2__Dx_2_fromMINT
312,mint,mint__Drop_Ref__Dx_2_Ref__Dx_2_Ref_fromMINT,Drop_Ref/Dx_2_Ref/Dx_2_Ref_fromMINT.json,/home/student/Desktop/Neptune_2026/Microfluidics-Benchmarks/Results/MINT-TestCases/Drop_Ref/Dx_2_Ref/Dx_2_Ref_fromMINT.json,tree,success,,1.278,1.005339,0,,,,,,,,True,,,,/home/student/Desktop/Neptune_2026/Microfluidics-Benchmarks/Results/tree_full_20260915_040013/artifacts/mint__Drop_Ref__Dx_2_Ref__Dx_2_Ref_fromMINT/result.json,,Microfluidics-Benchmarks/Results/tree_full_20260915_040013/logs/mint__Drop_Ref__Dx_2_Ref__Dx_2_Ref_fromMINT.log,Microfluidics-Benchmarks/Results/tree_full_20260915_040013/artifacts/mint__Drop_Ref__Dx_2_Ref__Dx_2_Ref_fromMINT
313,mint,mint__Drop_Ref__Dx_3__Dx_3_fromMINT,Drop_Ref/Dx_3/Dx_3_fromMINT.json,/home/student/Desktop/Neptune_2026/Microfluidics-Benchmarks/Results/MINT-TestCases/Drop_Ref/Dx_3/Dx_3_fromMINT.json,tree,success,,1.177,0.991188,0,,,,,,,,True,,,,/home/student/Desktop/Neptune_2026/Microfluidics-Benchmarks/Results/tree_full_20260915_040013/artifacts/mint__Drop_Ref__Dx_3__Dx_3_fromMINT/result.json,,Microfluidics-Benchmarks/Results/tree_full_20260915_040013/logs/mint__Drop_Ref__Dx_3__Dx_3_fromMINT.log,Microfluidics-Benchmarks/Results/tree_full_20260915_040013/artifacts/mint__Drop_Ref__Dx_3__Dx_3_fromMINT
314,mint,mint__Drop_Ref__Dx_3_Ref__Dx_3_Ref_fromMINT,Drop_Ref/Dx_3_Ref/Dx_3_Ref_fromMINT.json,/home/student/Desktop/Neptune_2026/Microfluidics-Benchmarks/Results/MINT-TestCases/Drop_Ref/Dx_3_Ref/Dx_3_Ref_fromMINT.json,tree,success,,1.235,1.034238,0,,,,,,,,True,,,,/home/student/Desktop/Neptune_2026/Microfluidics-Benchmarks/Results/tree_full_20260915_040013/artifacts/mint__Drop_Ref__Dx_3_Ref__Dx_3_Ref_fromMINT/result.json,,Microfluidics-Benchmarks/Results/tree_full_20260915_040013/logs/mint__Drop_Ref__Dx_3_Ref__Dx_3_Ref_fromMINT.log,Microfluidics-Benchmarks/Results/tree_full_20260915_040013/artifacts/mint__Drop_Ref__Dx_3_Ref__Dx_3_Ref_fromMINT
315,mint,mint__Drop_Ref__Dx_4__Dx_4_fromMINT,Drop_Ref/Dx_4/Dx_4_fromMINT.json,/home/student/Desktop/Neptune_2026/Microfluidics-Benchmarks/Results/MINT-TestCases/Drop_Ref/Dx_4/Dx_4_fromMINT.json,tree,success,,1.377,1.157987,0,,,,,,,,True,,,,/home/student/Desktop/Neptune_2026/Microfluidics-Benchmarks/Results/tree_full_20260915_040013/artifacts/mint__Drop_Ref__Dx_4__Dx_4_fromMINT/result.json,,Microfluidics-Benchmarks/Results/tree_full_20260915_040013/logs/mint__Drop_Ref__Dx_4__Dx_4_fromMINT.log,Microfluidics-Benchmarks/Results/tree_full_20260915_040013/artifacts/mint__Drop_Ref__Dx_4__Dx_4_fromMINT
316,mint,mint__Drop_Ref__Dx_4_Ref__Dx_4_Ref_fromMINT,Drop_Ref/Dx_4_Ref/Dx_4_Ref_fromMINT.json,/home/student/Desktop/Neptune_2026/Microfluidics-Benchmarks/Results/MINT-TestCases/Drop_Ref/Dx_4_Ref/Dx_4_Ref_fromMINT.json,tree,success,,1.377,1.188435,0,,,,,,,,True,,,,/home/student/Desktop/Neptune_2026/Microfluidics-Benchmarks/Results/tree_full_20260915_040013/artifacts/mint__Drop_Ref__Dx_4_Ref__Dx_4_Ref_fromMINT/result.json,,Microfluidics-Benchmarks/Results/tree_full_20260915_040013/logs/mint__Drop_Ref__Dx_4_Ref__Dx_4_Ref_fromMINT.log,Microfluidics-Benchmarks/Results/tree_full_20260915_040013/artifacts/mint__Drop_Ref__Dx_4_Ref__Dx_4_Ref_fromMINT
317,mint,mint__Drop_Ref__Dx_5__Dx_5_fromMINT,Drop_Ref/Dx_5/Dx_5_fromMINT.json,/home/student/Desktop/Neptune_2026/Microfluidics-Benchmarks/Results/MINT-TestCases/Drop_Ref/Dx_5/Dx_5_fromMINT.json,tree,success,,1.372,1.122649,0,,,,,,,,True,,,,/home/student/Desktop/Neptune_2026/Microfluidics-Benchmarks/Results/tree_full_20260915_040013/artifacts/mint__Drop_Ref__Dx_5__Dx_5_fromMINT/result.json,,Microfluidics-Benchmarks/Results/tree_full_20260915_040013/logs/mint__Drop_Ref__Dx_5__Dx_5_fromMINT.log,Microfluidics-Benchmarks/Results/tree_full_20260915_040013/artifacts/mint__Drop_Ref__Dx_5__Dx_5_fromMINT
318,mint,mint__Drop_Ref__Dx_5_Ref__Dx_5_Ref_fromMINT,Drop_Ref/Dx_5_Ref/Dx_5_Ref_fromMINT.json,/home/student/Desktop/Neptune_2026/Microfluidics-Benchmarks/Results/MINT-TestCases/Drop_Ref/Dx_5_Ref/Dx_5_Ref_fromMINT.json,tree,success,,1.429,1.148897,0,,,,,,,,True,,,,/home/student/Desktop/Neptune_2026/Microfluidics-Benchmarks/Results/tree_full_20260915_040013/artifacts/mint__Drop_Ref__Dx_5_Ref__Dx_5_Ref_fromMINT/result.json,,Microfluidics-Benchmarks/Results/tree_full_20260915_040013/logs/mint__Drop_Ref__Dx_5_Ref__Dx_5_Ref_fromMINT.log,Microfluidics-Benchmarks/Results/tree_full_20260915_040013/artifacts/mint__Drop_Ref__Dx_5_Ref__Dx_5_Ref_fromMINT
319,mint,mint__Drop_Ref__Dx_6__Dx_6_fromMINT,Drop_Ref/Dx_6/Dx_6_fromMINT.json,/home/student/Desktop/Neptune_2026/Microfluidics-Benchmarks/Results/MINT-TestCases/Drop_Ref/Dx_6/Dx_6_fromMINT.json,tree,success,,1.174,0.966941,0,,,,,,,,True,,,,/home/student/Desktop/Neptune_2026/Microfluidics-Benchmarks/Results/tree_full_20260915_040013/artifacts/mint__Drop_Ref__Dx_6__Dx_6_fromMINT/result.json,,Microfluidics-Benchmarks/Results/tree_full_20260915_040013/logs/mint__Drop_Ref__Dx_6__Dx_6_fromMINT.log,Microfluidics-Benchmarks/Results/tree_full_20260915_040013/artifacts/mint__Drop_Ref__Dx_6__Dx_6_fromMINT
320,mint,mint__Drop_Ref__Dx_6_Ref__Dx_6_Ref_fromMINT,Drop_Ref/Dx_6_Ref/Dx_6_Ref_fromMINT.json,/home/student/Desktop/Neptune_2026/Microfluidics-Benchmarks/Results/MINT-TestCases/Drop_Ref/Dx_6_Ref/Dx_6_Ref_fromMINT.json,tree,success,,1.127,0.907544,0,,,,,,,,True,,,,/home/student/Desktop/Neptune_2026/Microfluidics-Benchmarks/Results/tree_full_20260915_040013/artifacts/mint__Drop_Ref__Dx_6_Ref__Dx_6_Ref_fromMINT/result.json,,Microfluidics-Benchmarks/Results/tree_full_20260915_040013/logs/mint__Drop_Ref__Dx_6_Ref__Dx_6_Ref_fromMINT.log,Microfluidics-Benchmarks/Results/tree_full_20260915_040013/artifacts/mint__Drop_Ref__Dx_6_Ref__Dx_6_Ref_fromMINT
321,mint,mint__Drop_Ref__Dx_7__Dx_7_fromMINT,Drop_Ref/Dx_7/Dx_7_fromMINT.json,/home/student/Desktop/Neptune_2026/Microfluidics-Benchmarks/Results/MINT-TestCases/Drop_Ref/Dx_7/Dx_7_fromMINT.json,tree,success,,1.276,1.055551,0,,,,,,,,True,,,,/home/student/Desktop/Neptune_2026/Microfluidics-Benchmarks/Results/tree_full_20260915_040013/artifacts/mint__Drop_Ref__Dx_7__Dx_7_fromMINT/result.json,,Microfluidics-Benchmarks/Results/tree_full_20260915_040013/logs/mint__Drop_Ref__Dx_7__Dx_7_fromMINT.log,Microfluidics-Benchmarks/Results/tree_full_20260915_040013/artifacts/mint__Drop_Ref__Dx_7__Dx_7_fromMINT
322,mint,mint__Drop_Ref__Dx_7_Ref__Dx_7_Ref_fromMINT,Drop_Ref/Dx_7_Ref/Dx_7_Ref_fromMINT.json,/home/student/Desktop/Neptune_2026/Microfluidics-Benchmarks/Results/MINT-TestCases/Drop_Ref/Dx_7_Ref/Dx_7_Ref_fromMINT.json,tree,success,,1.329,1.076584,0,,,,,,,,True,,,,/home/student/Desktop/Neptune_2026/Microfluidics-Benchmarks/Results/tree_full_20260915_040013/artifacts/mint__Drop_Ref__Dx_7_Ref__Dx_7_Ref_fromMINT/result.json,,Microfluidics-Benchmarks/Results/tree_full_20260915_040013/logs/mint__Drop_Ref__Dx_7_Ref__Dx_7_Ref_fromMINT.log,Microfluidics-Benchmarks/Results/tree_full_20260915_040013/artifacts/mint__Drop_Ref__Dx_7_Ref__Dx_7_Ref_fromMINT
323,mint,mint__Drop_Ref__Dx_8__Dx_8_fromMINT,Drop_Ref/Dx_8/Dx_8_fromMINT.json,/home/student/Desktop/Neptune_2026/Microfluidics-Benchmarks/Results/MINT-TestCases/Drop_Ref/Dx_8/Dx_8_fromMINT.json,tree,success,,1.42,1.20294,0,,,,,,,,True,,,,/home/student/Desktop/Neptune_2026/Microfluidics-Benchmarks/Results/tree_full_20260915_040013/artifacts/mint__Drop_Ref__Dx_8__Dx_8_fromMINT/result.json,,Microfluidics-Benchmarks/Results/tree_full_20260915_040013/logs/mint__Drop_Ref__Dx_8__Dx_8_fromMINT.log,Microfluidics-Benchmarks/Results/tree_full_20260915_040013/artifacts/mint__Drop_Ref__Dx_8__Dx_8_fromMINT
324,mint,mint__Drop_Ref__Dx_8_Ref__Dx_8_Ref_fromMINT,Drop_Ref/Dx_8_Ref/Dx_8_Ref_fromMINT.json,/home/student/Desktop/Neptune_2026/Microfluidics-Benchmarks/Results/MINT-TestCases/Drop_Ref/Dx_8_Ref/Dx_8_Ref_fromMINT.json,tree,success,,1.472,1.236191,0,,,,,,,,True,,,,/home/student/Desktop/Neptune_2026/Microfluidics-Benchmarks/Results/tree_full_20260915_040013/artifacts/mint__Drop_Ref__Dx_8_Ref__Dx_8_Ref_fromMINT/result.json,,Microfluidics-Benchmarks/Results/tree_full_20260915_040013/logs/mint__Drop_Ref__Dx_8_Ref__Dx_8_Ref_fromMINT.log,Microfluidics-Benchmarks/Results/tree_full_20260915_040013/artifacts/mint__Drop_Ref__Dx_8_Ref__Dx_8_Ref_fromMINT
325,mint,mint__Drop_Ref__Dx_9__Dx_9_fromMINT,Drop_Ref/Dx_9/Dx_9_fromMINT.json,/home/student/Desktop/Neptune_2026/Microfluidics-Benchmarks/Results/MINT-TestCases/Drop_Ref/Dx_9/Dx_9_fromMINT.json,tree,success,,1.323,1.072135,0,,,,,,,,True,,,,/home/student/Desktop/Neptune_2026/Microfluidics-Benchmarks/Results/tree_full_20260915_040013/artifacts/mint__Drop_Ref__Dx_9__Dx_9_fromMINT/result.json,,Microfluidics-Benchmarks/Results/tree_full_20260915_040013/logs/mint__Drop_Ref__Dx_9__Dx_9_fromMINT.log,Microfluidics-Benchmarks/Results/tree_full_20260915_040013/artifacts/mint__Drop_Ref__Dx_9__Dx_9_fromMINT
326,mint,mint__Drop_Ref__Dx_9_Ref__Dx_9_Ref_fromMINT,Drop_Ref/Dx_9_Ref/Dx_9_Ref_fromMINT.json,/home/student/Desktop/Neptune_2026/Microfluidics-Benchmarks/Results/MINT-TestCases/Drop_Ref/Dx_9_Ref/Dx_9_Ref_fromMINT.json,tree,success,,1.321,1.111934,0,,,,,,,,True,,,,/home/student/Desktop/Neptune_2026/Microfluidics-Benchmarks/Results/tree_full_20260915_040013/artifacts/mint__Drop_Ref__Dx_9_Ref__Dx_9_Ref_fromMINT/result.json,,Microfluidics-Benchmarks/Results/tree_full_20260915_040013/logs/mint__Drop_Ref__Dx_9_Ref__Dx_9_Ref_fromMINT.log,Microfluidics-Benchmarks/Results/tree_full_20260915_040013/artifacts/mint__Drop_Ref__Dx_9_Ref__Dx_9_Ref_fromMINT
327,mint,mint__Expressions__Expression_1__Expression_1_fromMINT,Expressions/Expression_1/Expression_1_fromMINT.json,/home/student/Desktop/Neptune_2026/Microfluidics-Benchmarks/Results/MINT-TestCases/Expressions/Expression_1/Expression_1_fromMINT.json,tree,success,,1.171,0.934701,0,,,,,,,,True,,,,/home/student/Desktop/Neptune_2026/Microfluidics-Benchmarks/Results/tree_full_20260915_040013/artifacts/mint__Expressions__Expression_1__Expression_1_fromMINT/result.json,,Microfluidics-Benchmarks/Results/tree_full_20260915_040013/logs/mint__Expressions__Expression_1__Expression_1_fromMINT.log,Microfluidics-Benchmarks/Results/tree_full_20260915_040013/artifacts/mint__Expressions__Expression_1__Expression_1_fromMINT
328,mint,mint__Expressions__Expression_10__Expression_10_fromMINT,Expressions/Expression_10/Expression_10_fromMINT.json,/home/student/Desktop/Neptune_2026/Microfluidics-Benchmarks/Results/MINT-TestCases/Expressions/Expression_10/Expression_10_fromMINT.json,tree,success,,1.123,0.90247,0,,,,,,,,True,,,,/home/student/Desktop/Neptune_2026/Microfluidics-Benchmarks/Results/tree_full_20260915_040013/artifacts/mint__Expressions__Expression_10__Expression_10_fromMINT/result.json,,Microfluidics-Benchmarks/Results/tree_full_20260915_040013/logs/mint__Expressions__Expression_10__Expression_10_fromMINT.log,Microfluidics-Benchmarks/Results/tree_full_20260915_040013/artifacts/mint__Expressions__Expression_10__Expression_10_fromMINT
329,mint,mint__Expressions__Expression_11__Expression_11_fromMINT,Expressions/Expression_11/Expression_11_fromMINT.json,/home/student/Desktop/Neptune_2026/Microfluidics-Benchmarks/Results/MINT-TestCases/Expressions/Expression_11/Expression_11_fromMINT.json,tree,success,,0.973,0.791098,0,,,,,,,,True,,,,/home/student/Desktop/Neptune_2026/Microfluidics-Benchmarks/Results/tree_full_20260915_040013/artifacts/mint__Expressions__Expression_11__Expression_11_fromMINT/result.json,,Microfluidics-Benchmarks/Results/tree_full_20260915_040013/logs/mint__Expressions__Expression_11__Expression_11_fromMINT.log,Microfluidics-Benchmarks/Results/tree_full_20260915_040013/artifacts/mint__Expressions__Expression_11__Expression_11_fromMINT
330,mint,mint__Expressions__Expression_12__Expression_12_fromMINT,Expressions/Expression_12/Expression_12_fromMINT.json,/home/student/Desktop/Neptune_2026/Microfluidics-Benchmarks/Results/MINT-TestCases/Expressions/Expression_12/Expression_12_fromMINT.json,tree,success,,1.631,1.432247,0,,,,,,,,True,,,,/home/student/Desktop/Neptune_2026/Microfluidics-Benchmarks/Results/tree_full_20260915_040013/artifacts/mint__Expressions__Expression_12__Expression_12_fromMINT/result.json,,Microfluidics-Benchmarks/Results/tree_full_20260915_040013/logs/mint__Expressions__Expression_12__Expression_12_fromMINT.log,Microfluidics-Benchmarks/Results/tree_full_20260915_040013/artifacts/mint__Expressions__Expression_12__Expression_12_fromMINT
331,mint,mint__Expressions__Expression_13__Expression_13_fromMINT,Expressions/Expression_13/Expression_13_fromMINT.json,/home/student/Desktop/Neptune_2026/Microfluidics-Benchmarks/Results/MINT-TestCases/Expressions/Expression_13/Expression_13_fromMINT.json,tree,success,,0.93,0.743688,0,,,,,,,,True,,,,/home/student/Desktop/Neptune_2026/Microfluidics-Benchmarks/Results/tree_full_20260915_040013/artifacts/mint__Expressions__Expression_13__Expression_13_fromMINT/result.json,,Microfluidics-Benchmarks/Results/tree_full_20260915_040013/logs/mint__Expressions__Expression_13__Expression_13_fromMINT.log,Microfluidics-Benchmarks/Results/tree_full_20260915_040013/artifacts/mint__Expressions__Expression_13__Expression_13_fromMINT
332,mint,mint__Expressions__Expression_14__Expression_14_fromMINT,Expressions/Expression_14/Expression_14_fromMINT.json,/home/student/Desktop/Neptune_2026/Microfluidics-Benchmarks/Results/MINT-TestCases/Expressions/Expression_14/Expression_14_fromMINT.json,tree,success,,2.925,2.628333,0,,,,,,,,True,,,,/home/student/Desktop/Neptune_2026/Microfluidics-Benchmarks/Results/tree_full_20260915_040013/artifacts/mint__Expressions__Expression_14__Expression_14_fromMINT/result.json,,Microfluidics-Benchmarks/Results/tree_full_20260915_040013/logs/mint__Expressions__Expression_14__Expression_14_fromMINT.log,Microfluidics-Benchmarks/Results/tree_full_20260915_040013/artifacts/mint__Expressions__Expression_14__Expression_14_fromMINT
333,mint,mint__Expressions__Expression_15__Expression_15_fromMINT,Expressions/Expression_15/Expression_15_fromMINT.json,/home/student/Desktop/Neptune_2026/Microfluidics-Benchmarks/Results/MINT-TestCases/Expressions/Expression_15/Expression_15_fromMINT.json,tree,success,,1.427,1.163022,0,,,,,,,,True,,,,/home/student/Desktop/Neptune_2026/Microfluidics-Benchmarks/Results/tree_full_20260915_040013/artifacts/mint__Expressions__Expression_15__Expression_15_fromMINT/result.json,,Microfluidics-Benchmarks/Results/tree_full_20260915_040013/logs/mint__Expressions__Expression_15__Expression_15_fromMINT.log,Microfluidics-Benchmarks/Results/tree_full_20260915_040013/artifacts/mint__Expressions__Expression_15__Expression_15_fromMINT
334,mint,mint__Expressions__Expression_2__Expression_2_fromMINT,Expressions/Expression_2/Expression_2_fromMINT.json,/home/student/Desktop/Neptune_2026/Microfluidics-Benchmarks/Results/MINT-TestCases/Expressions/Expression_2/Expression_2_fromMINT.json,tree,success,,1.169,0.89677,0,,,,,,,,True,,,,/home/student/Desktop/Neptune_2026/Microfluidics-Benchmarks/Results/tree_full_20260915_040013/artifacts/mint__Expressions__Expression_2__Expression_2_fromMINT/result.json,,Microfluidics-Benchmarks/Results/tree_full_20260915_040013/logs/mint__Expressions__Expression_2__Expression_2_fromMINT.log,Microfluidics-Benchmarks/Results/tree_full_20260915_040013/artifacts/mint__Expressions__Expression_2__Expression_2_fromMINT
335,mint,mint__Expressions__Expression_3__Expression_3_fromMINT,Expressions/Expression_3/Expression_3_fromMINT.json,/home/student/Desktop/Neptune_2026/Microfluidics-Benchmarks/Results/MINT-TestCases/Expressions/Expression_3/Expression_3_fromMINT.json,tree,success,,1.019,0.840981,0,,,,,,,,True,,,,/home/student/Desktop/Neptune_2026/Microfluidics-Benchmarks/Results/tree_full_20260915_040013/artifacts/mint__Expressions__Expression_3__Expression_3_fromMINT/result.json,,Microfluidics-Benchmarks/Results/tree_full_20260915_040013/logs/mint__Expressions__Expression_3__Expression_3_fromMINT.log,Microfluidics-Benchmarks/Results/tree_full_20260915_040013/artifacts/mint__Expressions__Expression_3__Expression_3_fromMINT
336,mint,mint__Expressions__Expression_4__Expression_4_fromMINT,Expressions/Expression_4/Expression_4_fromMINT.json,/home/student/Desktop/Neptune_2026/Microfluidics-Benchmarks/Results/MINT-TestCases/Expressions/Expression_4/Expression_4_fromMINT.json,tree,success,,1.031,0.839668,0,,,,,,,,True,,,,/home/student/Desktop/Neptune_2026/Microfluidics-Benchmarks/Results/tree_full_20260915_040013/artifacts/mint__Expressions__Expression_4__Expression_4_fromMINT/result.json,,Microfluidics-Benchmarks/Results/tree_full_20260915_040013/logs/mint__Expressions__Expression_4__Expression_4_fromMINT.log,Microfluidics-Benchmarks/Results/tree_full_20260915_040013/artifacts/mint__Expressions__Expression_4__Expression_4_fromMINT
337,mint,mint__Expressions__Expression_5__Expression_5_fromMINT,Expressions/Expression_5/Expression_5_fromMINT.json,/home/student/Desktop/Neptune_2026/Microfluidics-Benchmarks/Results/MINT-TestCases/Expressions/Expression_5/Expression_5_fromMINT.json,tree,success,,1.029,0.856136,0,,,,,,,,True,,,,/home/student/Desktop/Neptune_2026/Microfluidics-Benchmarks/Results/tree_full_20260915_040013/artifacts/mint__Expressions__Expression_5__Expression_5_fromMINT/result.json,,Microfluidics-Benchmarks/Results/tree_full_20260915_040013/logs/mint__Expressions__Expression_5__Expression_5_fromMINT.log,Microfluidics-Benchmarks/Results/tree_full_20260915_040013/artifacts/mint__Expressions__Expression_5__Expression_5_fromMINT
338,mint,mint__Expressions__Expression_6__Expression_6_fromMINT,Expressions/Expression_6/Expression_6_fromMINT.json,/home/student/Desktop/Neptune_2026/Microfluidics-Benchmarks/Results/MINT-TestCases/Expressions/Expression_6/Expression_6_fromMINT.json,tree,success,,1.121,0.926183,0,,,,,,,,True,,,,/home/student/Desktop/Neptune_2026/Microfluidics-Benchmarks/Results/tree_full_20260915_040013/artifacts/mint__Expressions__Expression_6__Expression_6_fromMINT/result.json,,Microfluidics-Benchmarks/Results/tree_full_20260915_040013/logs/mint__Expressions__Expression_6__Expression_6_fromMINT.log,Microfluidics-Benchmarks/Results/tree_full_20260915_040013/artifacts/mint__Expressions__Expression_6__Expression_6_fromMINT
339,mint,mint__Expressions__Expression_7__Expression_7_fromMINT,Expressions/Expression_7/Expression_7_fromMINT.json,/home/student/Desktop/Neptune_2026/Microfluidics-Benchmarks/Results/MINT-TestCases/Expressions/Expression_7/Expression_7_fromMINT.json,tree,success,,1.222,0.986839,0,,,,,,,,True,,,,/home/student/Desktop/Neptune_2026/Microfluidics-Benchmarks/Results/tree_full_20260915_040013/artifacts/mint__Expressions__Expression_7__Expression_7_fromMINT/result.json,,Microfluidics-Benchmarks/Results/tree_full_20260915_040013/logs/mint__Expressions__Expression_7__Expression_7_fromMINT.log,Microfluidics-Benchmarks/Results/tree_full_20260915_040013/artifacts/mint__Expressions__Expression_7__Expression_7_fromMINT
340,mint,mint__Expressions__Expression_8__Expression_8_fromMINT,Expressions/Expression_8/Expression_8_fromMINT.json,/home/student/Desktop/Neptune_2026/Microfluidics-Benchmarks/Results/MINT-TestCases/Expressions/Expression_8/Expression_8_fromMINT.json,tree,success,,1.177,0.915469,0,,,,,,,,True,,,,/home/student/Desktop/Neptune_2026/Microfluidics-Benchmarks/Results/tree_full_20260915_040013/artifacts/mint__Expressions__Expression_8__Expression_8_fromMINT/result.json,,Microfluidics-Benchmarks/Results/tree_full_20260915_040013/logs/mint__Expressions__Expression_8__Expression_8_fromMINT.log,Microfluidics-Benchmarks/Results/tree_full_20260915_040013/artifacts/mint__Expressions__Expression_8__Expression_8_fromMINT
341,mint,mint__Expressions__Expression_9__Expression_9_fromMINT,Expressions/Expression_9/Expression_9_fromMINT.json,/home/student/Desktop/Neptune_2026/Microfluidics-Benchmarks/Results/MINT-TestCases/Expressions/Expression_9/Expression_9_fromMINT.json,tree,success,,1.172,0.90796,0,,,,,,,,True,,,,/home/student/Desktop/Neptune_2026/Microfluidics-Benchmarks/Results/tree_full_20260915_040013/artifacts/mint__Expressions__Expression_9__Expression_9_fromMINT/result.json,,Microfluidics-Benchmarks/Results/tree_full_20260915_040013/logs/mint__Expressions__Expression_9__Expression_9_fromMINT.log,Microfluidics-Benchmarks/Results/tree_full_20260915_040013/artifacts/mint__Expressions__Expression_9__Expression_9_fromMINT
342,mint,mint__Ghissues__Issue_10__Issue_10_fromMINT,Ghissues/Issue_10/Issue_10_fromMINT.json,/home/student/Desktop/Neptune_2026/Microfluidics-Benchmarks/Results/MINT-TestCases/Ghissues/Issue_10/Issue_10_fromMINT.json,tree,timeout,exceeded 1800s,1800.01,,,,,,,,,,,,,,,,Microfluidics-Benchmarks/Results/tree_full_20260915_040013/logs/mint__Ghissues__Issue_10__Issue_10_fromMINT.log,Microfluidics-Benchmarks/Results/tree_full_20260915_040013/artifacts/mint__Ghissues__Issue_10__Issue_10_fromMINT
343,mint,mint__Ghissues__Issue_15__Issue_15_fromMINT,Ghissues/Issue_15/Issue_15_fromMINT.json,/home/student/Desktop/Neptune_2026/Microfluidics-Benchmarks/Results/MINT-TestCases/Ghissues/Issue_15/Issue_15_fromMINT.json,tree,success,,1.075,0.881033,0,,,,,,,,True,,,,/home/student/Desktop/Neptune_2026/Microfluidics-Benchmarks/Results/tree_full_20260915_040013/artifacts/mint__Ghissues__Issue_15__Issue_15_fromMINT/result.json,,Microfluidics-Benchmarks/Results/tree_full_20260915_040013/logs/mint__Ghissues__Issue_15__Issue_15_fromMINT.log,Microfluidics-Benchmarks/Results/tree_full_20260915_040013/artifacts/mint__Ghissues__Issue_15__Issue_15_fromMINT
344,mint,mint__Ghissues__Issue_2__Issue_2_fromMINT,Ghissues/Issue_2/Issue_2_fromMINT.json,/home/student/Desktop/Neptune_2026/Microfluidics-Benchmarks/Results/MINT-TestCases/Ghissues/Issue_2/Issue_2_fromMINT.json,tree,success,,0.869,0.694143,0,,,,,,,,True,,,,/home/student/Desktop/Neptune_2026/Microfluidics-Benchmarks/Results/tree_full_20260915_040013/artifacts/mint__Ghissues__Issue_2__Issue_2_fromMINT/result.json,,Microfluidics-Benchmarks/Results/tree_full_20260915_040013/logs/mint__Ghissues__Issue_2__Issue_2_fromMINT.log,Microfluidics-Benchmarks/Results/tree_full_20260915_040013/artifacts/mint__Ghissues__Issue_2__Issue_2_fromMINT
345,mint,mint__Ghissues__Issue_3__Issue_3_fromMINT,Ghissues/Issue_3/Issue_3_fromMINT.json,/home/student/Desktop/Neptune_2026/Microfluidics-Benchmarks/Results/MINT-TestCases/Ghissues/Issue_3/Issue_3_fromMINT.json,tree,timeout,exceeded 1800s,1800.013,,,,,,,,,,,,,,,,Microfluidics-Benchmarks/Results/tree_full_20260915_040013/logs/mint__Ghissues__Issue_3__Issue_3_fromMINT.log,Microfluidics-Benchmarks/Results/tree_full_20260915_040013/artifacts/mint__Ghissues__Issue_3__Issue_3_fromMINT
346,mint,mint__Ghissues__Issue_6__Issue_6_fromMINT,Ghissues/Issue_6/Issue_6_fromMINT.json,/home/student/Desktop/Neptune_2026/Microfluidics-Benchmarks/Results/MINT-TestCases/Ghissues/Issue_6/Issue_6_fromMINT.json,tree,timeout,exceeded 1800s,1800.026,,,,,,,,,,,,,,,,Microfluidics-Benchmarks/Results/tree_full_20260915_040013/logs/mint__Ghissues__Issue_6__Issue_6_fromMINT.log,Microfluidics-Benchmarks/Results/tree_full_20260915_040013/artifacts/mint__Ghissues__Issue_6__Issue_6_fromMINT
347,mint,mint__Ghissues__Issue_7__Issue_7_fromMINT,Ghissues/Issue_7/Issue_7_fromMINT.json,/home/student/Desktop/Neptune_2026/Microfluidics-Benchmarks/Results/MINT-TestCases/Ghissues/Issue_7/Issue_7_fromMINT.json,tree,timeout,exceeded 1800s,1800.031,,,,,,,,,,,,,,,,Microfluidics-Benchmarks/Results/tree_full_20260915_040013/logs/mint__Ghissues__Issue_7__Issue_7_fromMINT.log,Microfluidics-Benchmarks/Results/tree_full_20260915_040013/artifacts/mint__Ghissues__Issue_7__Issue_7_fromMINT
348,mint,mint__Ghissues__Issue_8__Issue_8_fromMINT,Ghissues/Issue_8/Issue_8_fromMINT.json,/home/student/Desktop/Neptune_2026/Microfluidics-Benchmarks/Results/MINT-TestCases/Ghissues/Issue_8/Issue_8_fromMINT.json,tree,timeout,exceeded 1800s,1800.026,,,,,,,,,,,,,,,,Microfluidics-Benchmarks/Results/tree_full_20260915_040013/logs/mint__Ghissues__Issue_8__Issue_8_fromMINT.log,Microfluidics-Benchmarks/Results/tree_full_20260915_040013/artifacts/mint__Ghissues__Issue_8__Issue_8_fromMINT
349,mint,mint__Ghissues__Issue_9__Issue_9_fromMINT,Ghissues/Issue_9/Issue_9_fromMINT.json,/home/student/Desktop/Neptune_2026/Microfluidics-Benchmarks/Results/MINT-TestCases/Ghissues/Issue_9/Issue_9_fromMINT.json,tree,success,,165.52,165.311823,0,,,,,,,,True,,,,/home/student/Desktop/Neptune_2026/Microfluidics-Benchmarks/Results/tree_full_20260915_040013/artifacts/mint__Ghissues__Issue_9__Issue_9_fromMINT/result.json,,Microfluidics-Benchmarks/Results/tree_full_20260915_040013/logs/mint__Ghissues__Issue_9__Issue_9_fromMINT.log,Microfluidics-Benchmarks/Results/tree_full_20260915_040013/artifacts/mint__Ghissues__Issue_9__Issue_9_fromMINT
350,mint,mint__Graph_Coverage__Tree_Fanin__Tree_Fanin_fromMINT,Graph_Coverage/Tree_Fanin/Tree_Fanin_fromMINT.json,/home/student/Desktop/Neptune_2026/Microfluidics-Benchmarks/Results/MINT-TestCases/Graph_Coverage/Tree_Fanin/Tree_Fanin_fromMINT.json,tree,success,,1.072,0.887343,0,,,,,,,,True,,,,/home/student/Desktop/Neptune_2026/Microfluidics-Benchmarks/Results/tree_full_20260915_040013/artifacts/mint__Graph_Coverage__Tree_Fanin__Tree_Fanin_fromMINT/result.json,,Microfluidics-Benchmarks/Results/tree_full_20260915_040013/logs/mint__Graph_Coverage__Tree_Fanin__Tree_Fanin_fromMINT.log,Microfluidics-Benchmarks/Results/tree_full_20260915_040013/artifacts/mint__Graph_Coverage__Tree_Fanin__Tree_Fanin_fromMINT
351,mint,mint__Graph_Coverage__Tree_Fanout__Tree_Fanout_fromMINT,Graph_Coverage/Tree_Fanout/Tree_Fanout_fromMINT.json,/home/student/Desktop/Neptune_2026/Microfluidics-Benchmarks/Results/MINT-TestCases/Graph_Coverage/Tree_Fanout/Tree_Fanout_fromMINT.json,tree,success,,1.077,0.88326,0,,,,,,,,True,,,,/home/student/Desktop/Neptune_2026/Microfluidics-Benchmarks/Results/tree_full_20260915_040013/artifacts/mint__Graph_Coverage__Tree_Fanout__Tree_Fanout_fromMINT/result.json,,Microfluidics-Benchmarks/Results/tree_full_20260915_040013/logs/mint__Graph_Coverage__Tree_Fanout__Tree_Fanout_fromMINT.log,Microfluidics-Benchmarks/Results/tree_full_20260915_040013/artifacts/mint__Graph_Coverage__Tree_Fanout__Tree_Fanout_fromMINT
352,mint,mint__Grid__Grid_03__Grid_03_fromMINT,Grid/Grid_03/Grid_03_fromMINT.json,/home/student/Desktop/Neptune_2026/Microfluidics-Benchmarks/Results/MINT-TestCases/Grid/Grid_03/Grid_03_fromMINT.json,tree,success,,71.784,71.577567,0,,,,,,,,True,,,,/home/student/Desktop/Neptune_2026/Microfluidics-Benchmarks/Results/tree_full_20260915_040013/artifacts/mint__Grid__Grid_03__Grid_03_fromMINT/result.json,,Microfluidics-Benchmarks/Results/tree_full_20260915_040013/logs/mint__Grid__Grid_03__Grid_03_fromMINT.log,Microfluidics-Benchmarks/Results/tree_full_20260915_040013/artifacts/mint__Grid__Grid_03__Grid_03_fromMINT
353,mint,mint__Grid__Grid_04__Grid_04_fromMINT,Grid/Grid_04/Grid_04_fromMINT.json,/home/student/Desktop/Neptune_2026/Microfluidics-Benchmarks/Results/MINT-TestCases/Grid/Grid_04/Grid_04_fromMINT.json,tree,success,,402.091,401.895882,0,,,,,,,,True,,,,/home/student/Desktop/Neptune_2026/Microfluidics-Benchmarks/Results/tree_full_20260915_040013/artifacts/mint__Grid__Grid_04__Grid_04_fromMINT/result.json,,Microfluidics-Benchmarks/Results/tree_full_20260915_040013/logs/mint__Grid__Grid_04__Grid_04_fromMINT.log,Microfluidics-Benchmarks/Results/tree_full_20260915_040013/artifacts/mint__Grid__Grid_04__Grid_04_fromMINT
354,mint,mint__Grid__Grid_05__Grid_05_fromMINT,Grid/Grid_05/Grid_05_fromMINT.json,/home/student/Desktop/Neptune_2026/Microfluidics-Benchmarks/Results/MINT-TestCases/Grid/Grid_05/Grid_05_fromMINT.json,tree,success,,1168.728,1168.523624,0,,,,,,,,True,,,,/home/student/Desktop/Neptune_2026/Microfluidics-Benchmarks/Results/tree_full_20260915_040013/artifacts/mint__Grid__Grid_05__Grid_05_fromMINT/result.json,,Microfluidics-Benchmarks/Results/tree_full_20260915_040013/logs/mint__Grid__Grid_05__Grid_05_fromMINT.log,Microfluidics-Benchmarks/Results/tree_full_20260915_040013/artifacts/mint__Grid__Grid_05__Grid_05_fromMINT
355,mint,mint__Grid__Grid_06__Grid_06_fromMINT,Grid/Grid_06/Grid_06_fromMINT.json,/home/student/Desktop/Neptune_2026/Microfluidics-Benchmarks/Results/MINT-TestCases/Grid/Grid_06/Grid_06_fromMINT.json,tree,timeout,exceeded 1800s,1800.026,,,,,,,,,,,,,,,,Microfluidics-Benchmarks/Results/tree_full_20260915_040013/logs/mint__Grid__Grid_06__Grid_06_fromMINT.log,Microfluidics-Benchmarks/Results/tree_full_20260915_040013/artifacts/mint__Grid__Grid_06__Grid_06_fromMINT
356,mint,mint__Grid__Grid_07__Grid_07_fromMINT,Grid/Grid_07/Grid_07_fromMINT.json,/home/student/Desktop/Neptune_2026/Microfluidics-Benchmarks/Results/MINT-TestCases/Grid/Grid_07/Grid_07_fromMINT.json,tree,timeout,exceeded 1800s,1800.116,,,,,,,,,,,,,,,,Microfluidics-Benchmarks/Results/tree_full_20260915_040013/logs/mint__Grid__Grid_07__Grid_07_fromMINT.log,Microfluidics-Benchmarks/Results/tree_full_20260915_040013/artifacts/mint__Grid__Grid_07__Grid_07_fromMINT
357,mint,mint__Grid__Grid_08__Grid_08_fromMINT,Grid/Grid_08/Grid_08_fromMINT.json,/home/student/Desktop/Neptune_2026/Microfluidics-Benchmarks/Results/MINT-TestCases/Grid/Grid_08/Grid_08_fromMINT.json,tree,timeout,exceeded 1800s,1800.027,,,,,,,,,,,,,,,,Microfluidics-Benchmarks/Results/tree_full_20260915_040013/logs/mint__Grid__Grid_08__Grid_08_fromMINT.log,Microfluidics-Benchmarks/Results/tree_full_20260915_040013/artifacts/mint__Grid__Grid_08__Grid_08_fromMINT
358,mint,mint__Grid__Grid_09__Grid_09_fromMINT,Grid/Grid_09/Grid_09_fromMINT.json,/home/student/Desktop/Neptune_2026/Microfluidics-Benchmarks/Results/MINT-TestCases/Grid/Grid_09/Grid_09_fromMINT.json,tree,timeout,exceeded 1800s,1800.025,,,,,,,,,,,,,,,,Microfluidics-Benchmarks/Results/tree_full_20260915_040013/logs/mint__Grid__Grid_09__Grid_09_fromMINT.log,Microfluidics-Benchmarks/Results/tree_full_20260915_040013/artifacts/mint__Grid__Grid_09__Grid_09_fromMINT
359,mint,mint__Grid__Grid_10__Grid_10_fromMINT,Grid/Grid_10/Grid_10_fromMINT.json,/home/student/Desktop/Neptune_2026/Microfluidics-Benchmarks/Results/MINT-TestCases/Grid/Grid_10/Grid_10_fromMINT.json,tree,timeout,exceeded 1800s,1800.018,,,,,,,,,,,,,,,,Microfluidics-Benchmarks/Results/tree_full_20260915_040013/logs/mint__Grid__Grid_10__Grid_10_fromMINT.log,Microfluidics-Benchmarks/Results/tree_full_20260915_040013/artifacts/mint__Grid__Grid_10__Grid_10_fromMINT
360,mint,mint__Grid__Grid_11__Grid_11_fromMINT,Grid/Grid_11/Grid_11_fromMINT.json,/home/student/Desktop/Neptune_2026/Microfluidics-Benchmarks/Results/MINT-TestCases/Grid/Grid_11/Grid_11_fromMINT.json,tree,timeout,exceeded 1800s,1800.025,,,,,,,,,,,,,,,,Microfluidics-Benchmarks/Results/tree_full_20260915_040013/logs/mint__Grid__Grid_11__Grid_11_fromMINT.log,Microfluidics-Benchmarks/Results/tree_full_20260915_040013/artifacts/mint__Grid__Grid_11__Grid_11_fromMINT
361,mint,mint__Grid__Grid_12__Grid_12_fromMINT,Grid/Grid_12/Grid_12_fromMINT.json,/home/student/Desktop/Neptune_2026/Microfluidics-Benchmarks/Results/MINT-TestCases/Grid/Grid_12/Grid_12_fromMINT.json,tree,timeout,exceeded 1800s,1800.029,,,,,,,,,,,,,,,,Microfluidics-Benchmarks/Results/tree_full_20260915_040013/logs/mint__Grid__Grid_12__Grid_12_fromMINT.log,Microfluidics-Benchmarks/Results/tree_full_20260915_040013/artifacts/mint__Grid__Grid_12__Grid_12_fromMINT
362,mint,mint__Grid__Grid_13__Grid_13_fromMINT,Grid/Grid_13/Grid_13_fromMINT.json,/home/student/Desktop/Neptune_2026/Microfluidics-Benchmarks/Results/MINT-TestCases/Grid/Grid_13/Grid_13_fromMINT.json,tree,timeout,exceeded 1800s,1800.025,,,,,,,,,,,,,,,,Microfluidics-Benchmarks/Results/tree_full_20260915_040013/logs/mint__Grid__Grid_13__Grid_13_fromMINT.log,Microfluidics-Benchmarks/Results/tree_full_20260915_040013/artifacts/mint__Grid__Grid_13__Grid_13_fromMINT
363,mint,mint__Grid__Grid_14__Grid_14_fromMINT,Grid/Grid_14/Grid_14_fromMINT.json,/home/student/Desktop/Neptune_2026/Microfluidics-Benchmarks/Results/MINT-TestCases/Grid/Grid_14/Grid_14_fromMINT.json,tree,timeout,exceeded 1800s,1800.029,,,,,,,,,,,,,,,,Microfluidics-Benchmarks/Results/tree_full_20260915_040013/logs/mint__Grid__Grid_14__Grid_14_fromMINT.log,Microfluidics-Benchmarks/Results/tree_full_20260915_040013/artifacts/mint__Grid__Grid_14__Grid_14_fromMINT
364,mint,mint__Grid__Grid_15__Grid_15_fromMINT,Grid/Grid_15/Grid_15_fromMINT.json,/home/student/Desktop/Neptune_2026/Microfluidics-Benchmarks/Results/MINT-TestCases/Grid/Grid_15/Grid_15_fromMINT.json,tree,timeout,exceeded 1800s,1800.027,,,,,,,,,,,,,,,,Microfluidics-Benchmarks/Results/tree_full_20260915_040013/logs/mint__Grid__Grid_15__Grid_15_fromMINT.log,Microfluidics-Benchmarks/Results/tree_full_20260915_040013/artifacts/mint__Grid__Grid_15__Grid_15_fromMINT
365,mint,mint__Grid__Grid_16__Grid_16_fromMINT,Grid/Grid_16/Grid_16_fromMINT.json,/home/student/Desktop/Neptune_2026/Microfluidics-Benchmarks/Results/MINT-TestCases/Grid/Grid_16/Grid_16_fromMINT.json,tree,timeout,exceeded 1800s,1800.018,,,,,,,,,,,,,,,,Microfluidics-Benchmarks/Results/tree_full_20260915_040013/logs/mint__Grid__Grid_16__Grid_16_fromMINT.log,Microfluidics-Benchmarks/Results/tree_full_20260915_040013/artifacts/mint__Grid__Grid_16__Grid_16_fromMINT
366,mint,mint__Literature_Benchmarks__Device_1_Sc_Rna_Seq__Device_1_Sc_Rna_Seq_fromMINT,Literature_Benchmarks/Device_1_Sc_Rna_Seq/Device_1_Sc_Rna_Seq_fromMINT.json,/home/student/Desktop/Neptune_2026/Microfluidics-Benchmarks/Results/MINT-TestCases/Literature_Benchmarks/Device_1_Sc_Rna_Seq/Device_1_Sc_Rna_Seq_fromMINT.json,tree,success,,1.033,0.82498,0,,,,,,,,True,,,,/home/student/Desktop/Neptune_2026/Microfluidics-Benchmarks/Results/tree_full_20260915_040013/artifacts/mint__Literature_Benchmarks__Device_1_Sc_Rna_Seq__Device_1_Sc_Rna_Seq_fromMINT/result.json,,Microfluidics-Benchmarks/Results/tree_full_20260915_040013/logs/mint__Literature_Benchmarks__Device_1_Sc_Rna_Seq__Device_1_Sc_Rna_Seq_fromMINT.log,Microfluidics-Benchmarks/Results/tree_full_20260915_040013/artifacts/mint__Literature_Benchmarks__Device_1_Sc_Rna_Seq__Device_1_Sc_Rna_Seq_fromMINT
367,mint,mint__Literature_Benchmarks__Device_2_Artificial_Cells__Device_2_Artificial_Cells_fromMINT,Literature_Benchmarks/Device_2_Artificial_Cells/Device_2_Artificial_Cells_fromMINT.json,/home/student/Desktop/Neptune_2026/Microfluidics-Benchmarks/Results/MINT-TestCases/Literature_Benchmarks/Device_2_Artificial_Cells/Device_2_Artificial_Cells_fromMINT.json,tree,timeout,exceeded 1800s,1800.031,,,,,,,,,,,,,,,,Microfluidics-Benchmarks/Results/tree_full_20260915_040013/logs/mint__Literature_Benchmarks__Device_2_Artificial_Cells__Device_2_Artificial_Cells_fromMINT.log,Microfluidics-Benchmarks/Results/tree_full_20260915_040013/artifacts/mint__Literature_Benchmarks__Device_2_Artificial_Cells__Device_2_Artificial_Cells_fromMINT
368,mint,mint__Literature_Benchmarks__Device_4_Molecular_Diagnostics__Device_4_Molecular_Diagnostics_fromMINT,Literature_Benchmarks/Device_4_Molecular_Diagnostics/Device_4_Molecular_Diagnostics_fromMINT.json,/home/student/Desktop/Neptune_2026/Microfluidics-Benchmarks/Results/MINT-TestCases/Literature_Benchmarks/Device_4_Molecular_Diagnostics/Device_4_Molecular_Diagnostics_fromMINT.json,tree,success,,1.079,0.895326,0,,,,,,,,True,,,,/home/student/Desktop/Neptune_2026/Microfluidics-Benchmarks/Results/tree_full_20260915_040013/artifacts/mint__Literature_Benchmarks__Device_4_Molecular_Diagnostics__Device_4_Molecular_Diagnostics_fromMINT/result.json,,Microfluidics-Benchmarks/Results/tree_full_20260915_040013/logs/mint__Literature_Benchmarks__Device_4_Molecular_Diagnostics__Device_4_Molecular_Diagnostics_fromMINT.log,Microfluidics-Benchmarks/Results/tree_full_20260915_040013/artifacts/mint__Literature_Benchmarks__Device_4_Molecular_Diagnostics__Device_4_Molecular_Diagnostics_fromMINT
369,mint,mint__Literature_Benchmarks__Device_5_Bacteria_Diagnostics__Device_5_Bacteria_Diagnostics_fromMINT,Literature_Benchmarks/Device_5_Bacteria_Diagnostics/Device_5_Bacteria_Diagnostics_fromMINT.json,/home/student/Desktop/Neptune_2026/Microfluidics-Benchmarks/Results/MINT-TestCases/Literature_Benchmarks/Device_5_Bacteria_Diagnostics/Device_5_Bacteria_Diagnostics_fromMINT.json,tree,success,,6.194,5.993106,0,,,,,,,,True,,,,/home/student/Desktop/Neptune_2026/Microfluidics-Benchmarks/Results/tree_full_20260915_040013/artifacts/mint__Literature_Benchmarks__Device_5_Bacteria_Diagnostics__Device_5_Bacteria_Diagnostics_fromMINT/result.json,,Microfluidics-Benchmarks/Results/tree_full_20260915_040013/logs/mint__Literature_Benchmarks__Device_5_Bacteria_Diagnostics__Device_5_Bacteria_Diagnostics_fromMINT.log,Microfluidics-Benchmarks/Results/tree_full_20260915_040013/artifacts/mint__Literature_Benchmarks__Device_5_Bacteria_Diagnostics__Device_5_Bacteria_Diagnostics_fromMINT
370,mint,mint__Literature_Benchmarks__Device_6_Organic_Chemical_Synthesis__Device_6_Organic_Chemical_Synthesis_fromMINT,Literature_Benchmarks/Device_6_Organic_Chemical_Synthesis/Device_6_Organic_Chemical_Synthesis_fromMINT.json,/home/student/Desktop/Neptune_2026/Microfluidics-Benchmarks/Results/MINT-TestCases/Literature_Benchmarks/Device_6_Organic_Chemical_Synthesis/Device_6_Organic_Chemical_Synthesis_fromMINT.json,tree,success,,445.085,444.815903,0,,,,,,,,True,,,,/home/student/Desktop/Neptune_2026/Microfluidics-Benchmarks/Results/tree_full_20260915_040013/artifacts/mint__Literature_Benchmarks__Device_6_Organic_Chemical_Synthesis__Device_6_Organic_Chemical_Synthesis_fromMINT/result.json,,Microfluidics-Benchmarks/Results/tree_full_20260915_040013/logs/mint__Literature_Benchmarks__Device_6_Organic_Chemical_Synthesis__Device_6_Organic_Chemical_Synthesis_fromMINT.log,Microfluidics-Benchmarks/Results/tree_full_20260915_040013/artifacts/mint__Literature_Benchmarks__Device_6_Organic_Chemical_Synthesis__Device_6_Organic_Chemical_Synthesis_fromMINT
371,mint,mint__Literature_Benchmarks__Device_7_Enzyme_Screening__Device_7_Enzyme_Screening_fromMINT,Literature_Benchmarks/Device_7_Enzyme_Screening/Device_7_Enzyme_Screening_fromMINT.json,/home/student/Desktop/Neptune_2026/Microfluidics-Benchmarks/Results/MINT-TestCases/Literature_Benchmarks/Device_7_Enzyme_Screening/Device_7_Enzyme_Screening_fromMINT.json,tree,success,,161.846,161.599145,0,,,,,,,,True,,,,/home/student/Desktop/Neptune_2026/Microfluidics-Benchmarks/Results/tree_full_20260915_040013/artifacts/mint__Literature_Benchmarks__Device_7_Enzyme_Screening__Device_7_Enzyme_Screening_fromMINT/result.json,,Microfluidics-Benchmarks/Results/tree_full_20260915_040013/logs/mint__Literature_Benchmarks__Device_7_Enzyme_Screening__Device_7_Enzyme_Screening_fromMINT.log,Microfluidics-Benchmarks/Results/tree_full_20260915_040013/artifacts/mint__Literature_Benchmarks__Device_7_Enzyme_Screening__Device_7_Enzyme_Screening_fromMINT
372,mint,mint__Mars__Antibiotic_Resistance__Antibiotic_Resistance_fromMINT,Mars/Antibiotic_Resistance/Antibiotic_Resistance_fromMINT.json,/home/student/Desktop/Neptune_2026/Microfluidics-Benchmarks/Results/MINT-TestCases/Mars/Antibiotic_Resistance/Antibiotic_Resistance_fromMINT.json,tree,success,,1.228,0.996902,0,,,,,,,,True,,,,/home/student/Desktop/Neptune_2026/Microfluidics-Benchmarks/Results/tree_full_20260915_040013/artifacts/mint__Mars__Antibiotic_Resistance__Antibiotic_Resistance_fromMINT/result.json,,Microfluidics-Benchmarks/Results/tree_full_20260915_040013/logs/mint__Mars__Antibiotic_Resistance__Antibiotic_Resistance_fromMINT.log,Microfluidics-Benchmarks/Results/tree_full_20260915_040013/artifacts/mint__Mars__Antibiotic_Resistance__Antibiotic_Resistance_fromMINT
373,mint,mint__Mars__Cell_Lysis__Cell_Lysis_fromMINT,Mars/Cell_Lysis/Cell_Lysis_fromMINT.json,/home/student/Desktop/Neptune_2026/Microfluidics-Benchmarks/Results/MINT-TestCases/Mars/Cell_Lysis/Cell_Lysis_fromMINT.json,tree,success,,1.083,0.87049,0,,,,,,,,True,,,,/home/student/Desktop/Neptune_2026/Microfluidics-Benchmarks/Results/tree_full_20260915_040013/artifacts/mint__Mars__Cell_Lysis__Cell_Lysis_fromMINT/result.json,,Microfluidics-Benchmarks/Results/tree_full_20260915_040013/logs/mint__Mars__Cell_Lysis__Cell_Lysis_fromMINT.log,Microfluidics-Benchmarks/Results/tree_full_20260915_040013/artifacts/mint__Mars__Cell_Lysis__Cell_Lysis_fromMINT
374,mint,mint__Mars__Dna_Digest__Dna_Digest_fromMINT,Mars/Dna_Digest/Dna_Digest_fromMINT.json,/home/student/Desktop/Neptune_2026/Microfluidics-Benchmarks/Results/MINT-TestCases/Mars/Dna_Digest/Dna_Digest_fromMINT.json,tree,success,,2.375,2.14636,0,,,,,,,,True,,,,/home/student/Desktop/Neptune_2026/Microfluidics-Benchmarks/Results/tree_full_20260915_040013/artifacts/mint__Mars__Dna_Digest__Dna_Digest_fromMINT/result.json,,Microfluidics-Benchmarks/Results/tree_full_20260915_040013/logs/mint__Mars__Dna_Digest__Dna_Digest_fromMINT.log,Microfluidics-Benchmarks/Results/tree_full_20260915_040013/artifacts/mint__Mars__Dna_Digest__Dna_Digest_fromMINT
375,mint,mint__Mars__Fluorescence__Fluorescence_fromMINT,Mars/Fluorescence/Fluorescence_fromMINT.json,/home/student/Desktop/Neptune_2026/Microfluidics-Benchmarks/Results/MINT-TestCases/Mars/Fluorescence/Fluorescence_fromMINT.json,tree,success,,1.575,1.381595,0,,,,,,,,True,,,,/home/student/Desktop/Neptune_2026/Microfluidics-Benchmarks/Results/tree_full_20260915_040013/artifacts/mint__Mars__Fluorescence__Fluorescence_fromMINT/result.json,,Microfluidics-Benchmarks/Results/tree_full_20260915_040013/logs/mint__Mars__Fluorescence__Fluorescence_fromMINT.log,Microfluidics-Benchmarks/Results/tree_full_20260915_040013/artifacts/mint__Mars__Fluorescence__Fluorescence_fromMINT
376,mint,mint__Mars__Ligation__Ligation_fromMINT,Mars/Ligation/Ligation_fromMINT.json,/home/student/Desktop/Neptune_2026/Microfluidics-Benchmarks/Results/MINT-TestCases/Mars/Ligation/Ligation_fromMINT.json,tree,timeout,exceeded 1800s,1800.018,,,,,,,,,,,,,,,,Microfluidics-Benchmarks/Results/tree_full_20260915_040013/logs/mint__Mars__Ligation__Ligation_fromMINT.log,Microfluidics-Benchmarks/Results/tree_full_20260915_040013/artifacts/mint__Mars__Ligation__Ligation_fromMINT
377,mint,mint__Mars__Pcr__Pcr_fromMINT,Mars/Pcr/Pcr_fromMINT.json,/home/student/Desktop/Neptune_2026/Microfluidics-Benchmarks/Results/MINT-TestCases/Mars/Pcr/Pcr_fromMINT.json,tree,success,,4.743,4.563311,0,,,,,,,,True,,,,/home/student/Desktop/Neptune_2026/Microfluidics-Benchmarks/Results/tree_full_20260915_040013/artifacts/mint__Mars__Pcr__Pcr_fromMINT/result.json,,Microfluidics-Benchmarks/Results/tree_full_20260915_040013/logs/mint__Mars__Pcr__Pcr_fromMINT.log,Microfluidics-Benchmarks/Results/tree_full_20260915_040013/artifacts/mint__Mars__Pcr__Pcr_fromMINT
378,mint,mint__Mars__Pre_Processor_Dump__Pre_Processor_Dump_fromMINT,Mars/Pre_Processor_Dump/Pre_Processor_Dump_fromMINT.json,/home/student/Desktop/Neptune_2026/Microfluidics-Benchmarks/Results/MINT-TestCases/Mars/Pre_Processor_Dump/Pre_Processor_Dump_fromMINT.json,tree,success,,0.928,0.753139,0,,,,,,,,True,,,,/home/student/Desktop/Neptune_2026/Microfluidics-Benchmarks/Results/tree_full_20260915_040013/artifacts/mint__Mars__Pre_Processor_Dump__Pre_Processor_Dump_fromMINT/result.json,,Microfluidics-Benchmarks/Results/tree_full_20260915_040013/logs/mint__Mars__Pre_Processor_Dump__Pre_Processor_Dump_fromMINT.log,Microfluidics-Benchmarks/Results/tree_full_20260915_040013/artifacts/mint__Mars__Pre_Processor_Dump__Pre_Processor_Dump_fromMINT
379,mint,mint__Mars__Sorting__Sorting_fromMINT,Mars/Sorting/Sorting_fromMINT.json,/home/student/Desktop/Neptune_2026/Microfluidics-Benchmarks/Results/MINT-TestCases/Mars/Sorting/Sorting_fromMINT.json,tree,success,,0.922,0.745254,0,,,,,,,,True,,,,/home/student/Desktop/Neptune_2026/Microfluidics-Benchmarks/Results/tree_full_20260915_040013/artifacts/mint__Mars__Sorting__Sorting_fromMINT/result.json,,Microfluidics-Benchmarks/Results/tree_full_20260915_040013/logs/mint__Mars__Sorting__Sorting_fromMINT.log,Microfluidics-Benchmarks/Results/tree_full_20260915_040013/artifacts/mint__Mars__Sorting__Sorting_fromMINT
380,mint,mint__Mars__Transformation__Transformation_fromMINT,Mars/Transformation/Transformation_fromMINT.json,/home/student/Desktop/Neptune_2026/Microfluidics-Benchmarks/Results/MINT-TestCases/Mars/Transformation/Transformation_fromMINT.json,tree,success,,1.121,0.928133,0,,,,,,,,True,,,,/home/student/Desktop/Neptune_2026/Microfluidics-Benchmarks/Results/tree_full_20260915_040013/artifacts/mint__Mars__Transformation__Transformation_fromMINT/result.json,,Microfluidics-Benchmarks/Results/tree_full_20260915_040013/logs/mint__Mars__Transformation__Transformation_fromMINT.log,Microfluidics-Benchmarks/Results/tree_full_20260915_040013/artifacts/mint__Mars__Transformation__Transformation_fromMINT
381,mint,mint__Primitive__Capacitance_Sensor__Capacitance_Sensor_fromMINT,Primitive/Capacitance_Sensor/Capacitance_Sensor_fromMINT.json,/home/student/Desktop/Neptune_2026/Microfluidics-Benchmarks/Results/MINT-TestCases/Primitive/Capacitance_Sensor/Capacitance_Sensor_fromMINT.json,tree,success,,0.879,0.706388,0,,,,,,,,True,,,,/home/student/Desktop/Neptune_2026/Microfluidics-Benchmarks/Results/tree_full_20260915_040013/artifacts/mint__Primitive__Capacitance_Sensor__Capacitance_Sensor_fromMINT/result.json,,Microfluidics-Benchmarks/Results/tree_full_20260915_040013/logs/mint__Primitive__Capacitance_Sensor__Capacitance_Sensor_fromMINT.log,Microfluidics-Benchmarks/Results/tree_full_20260915_040013/artifacts/mint__Primitive__Capacitance_Sensor__Capacitance_Sensor_fromMINT
382,mint,mint__Primitive__Curved_Mixer__Curved_Mixer_fromMINT,Primitive/Curved_Mixer/Curved_Mixer_fromMINT.json,/home/student/Desktop/Neptune_2026/Microfluidics-Benchmarks/Results/MINT-TestCases/Primitive/Curved_Mixer/Curved_Mixer_fromMINT.json,tree,success,,0.869,0.712249,0,,,,,,,,True,,,,/home/student/Desktop/Neptune_2026/Microfluidics-Benchmarks/Results/tree_full_20260915_040013/artifacts/mint__Primitive__Curved_Mixer__Curved_Mixer_fromMINT/result.json,,Microfluidics-Benchmarks/Results/tree_full_20260915_040013/logs/mint__Primitive__Curved_Mixer__Curved_Mixer_fromMINT.log,Microfluidics-Benchmarks/Results/tree_full_20260915_040013/artifacts/mint__Primitive__Curved_Mixer__Curved_Mixer_fromMINT
383,mint,mint__Primitive__Diamond_Chamber__Diamond_Chamber_fromMINT,Primitive/Diamond_Chamber/Diamond_Chamber_fromMINT.json,/home/student/Desktop/Neptune_2026/Microfluidics-Benchmarks/Results/MINT-TestCases/Primitive/Diamond_Chamber/Diamond_Chamber_fromMINT.json,tree,success,,0.919,0.713448,0,,,,,,,,True,,,,/home/student/Desktop/Neptune_2026/Microfluidics-Benchmarks/Results/tree_full_20260915_040013/artifacts/mint__Primitive__Diamond_Chamber__Diamond_Chamber_fromMINT/result.json,,Microfluidics-Benchmarks/Results/tree_full_20260915_040013/logs/mint__Primitive__Diamond_Chamber__Diamond_Chamber_fromMINT.log,Microfluidics-Benchmarks/Results/tree_full_20260915_040013/artifacts/mint__Primitive__Diamond_Chamber__Diamond_Chamber_fromMINT
384,mint,mint__Primitive__Droplet_Generator_T__Droplet_Generator_T_fromMINT,Primitive/Droplet_Generator_T/Droplet_Generator_T_fromMINT.json,/home/student/Desktop/Neptune_2026/Microfluidics-Benchmarks/Results/MINT-TestCases/Primitive/Droplet_Generator_T/Droplet_Generator_T_fromMINT.json,tree,success,,0.87,0.687226,0,,,,,,,,True,,,,/home/student/Desktop/Neptune_2026/Microfluidics-Benchmarks/Results/tree_full_20260915_040013/artifacts/mint__Primitive__Droplet_Generator_T__Droplet_Generator_T_fromMINT/result.json,,Microfluidics-Benchmarks/Results/tree_full_20260915_040013/logs/mint__Primitive__Droplet_Generator_T__Droplet_Generator_T_fromMINT.log,Microfluidics-Benchmarks/Results/tree_full_20260915_040013/artifacts/mint__Primitive__Droplet_Generator_T__Droplet_Generator_T_fromMINT
385,mint,mint__Primitive__Droplet_Merger__Droplet_Merger_fromMINT,Primitive/Droplet_Merger/Droplet_Merger_fromMINT.json,/home/student/Desktop/Neptune_2026/Microfluidics-Benchmarks/Results/MINT-TestCases/Primitive/Droplet_Merger/Droplet_Merger_fromMINT.json,tree,success,,0.924,0.719868,0,,,,,,,,True,,,,/home/student/Desktop/Neptune_2026/Microfluidics-Benchmarks/Results/tree_full_20260915_040013/artifacts/mint__Primitive__Droplet_Merger__Droplet_Merger_fromMINT/result.json,,Microfluidics-Benchmarks/Results/tree_full_20260915_040013/logs/mint__Primitive__Droplet_Merger__Droplet_Merger_fromMINT.log,Microfluidics-Benchmarks/Results/tree_full_20260915_040013/artifacts/mint__Primitive__Droplet_Merger__Droplet_Merger_fromMINT
386,mint,mint__Primitive__Droplet_Sorter__Droplet_Sorter_fromMINT,Primitive/Droplet_Sorter/Droplet_Sorter_fromMINT.json,/home/student/Desktop/Neptune_2026/Microfluidics-Benchmarks/Results/MINT-TestCases/Primitive/Droplet_Sorter/Droplet_Sorter_fromMINT.json,tree,success,,0.919,0.752235,0,,,,,,,,True,,,,/home/student/Desktop/Neptune_2026/Microfluidics-Benchmarks/Results/tree_full_20260915_040013/artifacts/mint__Primitive__Droplet_Sorter__Droplet_Sorter_fromMINT/result.json,,Microfluidics-Benchmarks/Results/tree_full_20260915_040013/logs/mint__Primitive__Droplet_Sorter__Droplet_Sorter_fromMINT.log,Microfluidics-Benchmarks/Results/tree_full_20260915_040013/artifacts/mint__Primitive__Droplet_Sorter__Droplet_Sorter_fromMINT
387,mint,mint__Primitive__Filter__Filter_fromMINT,Primitive/Filter/Filter_fromMINT.json,/home/student/Desktop/Neptune_2026/Microfluidics-Benchmarks/Results/MINT-TestCases/Primitive/Filter/Filter_fromMINT.json,tree,success,,0.919,0.719966,0,,,,,,,,True,,,,/home/student/Desktop/Neptune_2026/Microfluidics-Benchmarks/Results/tree_full_20260915_040013/artifacts/mint__Primitive__Filter__Filter_fromMINT/result.json,,Microfluidics-Benchmarks/Results/tree_full_20260915_040013/logs/mint__Primitive__Filter__Filter_fromMINT.log,Microfluidics-Benchmarks/Results/tree_full_20260915_040013/artifacts/mint__Primitive__Filter__Filter_fromMINT
388,mint,mint__Primitive__Flow_Focus_Droplet_Generator__Flow_Focus_Droplet_Generator_fromMINT,Primitive/Flow_Focus_Droplet_Generator/Flow_Focus_Droplet_Generator_fromMINT.json,/home/student/Desktop/Neptune_2026/Microfluidics-Benchmarks/Results/MINT-TestCases/Primitive/Flow_Focus_Droplet_Generator/Flow_Focus_Droplet_Generator_fromMINT.json,tree,success,,0.869,0.697517,0,,,,,,,,True,,,,/home/student/Desktop/Neptune_2026/Microfluidics-Benchmarks/Results/tree_full_20260915_040013/artifacts/mint__Primitive__Flow_Focus_Droplet_Generator__Flow_Focus_Droplet_Generator_fromMINT/result.json,,Microfluidics-Benchmarks/Results/tree_full_20260915_040013/logs/mint__Primitive__Flow_Focus_Droplet_Generator__Flow_Focus_Droplet_Generator_fromMINT.log,Microfluidics-Benchmarks/Results/tree_full_20260915_040013/artifacts/mint__Primitive__Flow_Focus_Droplet_Generator__Flow_Focus_Droplet_Generator_fromMINT
389,mint,mint__Primitive__Gradient_Generator__Gradient_Generator_fromMINT,Primitive/Gradient_Generator/Gradient_Generator_fromMINT.json,/home/student/Desktop/Neptune_2026/Microfluidics-Benchmarks/Results/MINT-TestCases/Primitive/Gradient_Generator/Gradient_Generator_fromMINT.json,tree,success,,1.019,0.801633,0,,,,,,,,True,,,,/home/student/Desktop/Neptune_2026/Microfluidics-Benchmarks/Results/tree_full_20260915_040013/artifacts/mint__Primitive__Gradient_Generator__Gradient_Generator_fromMINT/result.json,,Microfluidics-Benchmarks/Results/tree_full_20260915_040013/logs/mint__Primitive__Gradient_Generator__Gradient_Generator_fromMINT.log,Microfluidics-Benchmarks/Results/tree_full_20260915_040013/artifacts/mint__Primitive__Gradient_Generator__Gradient_Generator_fromMINT
390,mint,mint__Primitive__Long_Cell_Trap__Long_Cell_Trap_fromMINT,Primitive/Long_Cell_Trap/Long_Cell_Trap_fromMINT.json,/home/student/Desktop/Neptune_2026/Microfluidics-Benchmarks/Results/MINT-TestCases/Primitive/Long_Cell_Trap/Long_Cell_Trap_fromMINT.json,tree,success,,0.925,0.724348,0,,,,,,,,True,,,,/home/student/Desktop/Neptune_2026/Microfluidics-Benchmarks/Results/tree_full_20260915_040013/artifacts/mint__Primitive__Long_Cell_Trap__Long_Cell_Trap_fromMINT/result.json,,Microfluidics-Benchmarks/Results/tree_full_20260915_040013/logs/mint__Primitive__Long_Cell_Trap__Long_Cell_Trap_fromMINT.log,Microfluidics-Benchmarks/Results/tree_full_20260915_040013/artifacts/mint__Primitive__Long_Cell_Trap__Long_Cell_Trap_fromMINT
391,mint,mint__Primitive__Mixer__Mixer_fromMINT,Primitive/Mixer/Mixer_fromMINT.json,/home/student/Desktop/Neptune_2026/Microfluidics-Benchmarks/Results/MINT-TestCases/Primitive/Mixer/Mixer_fromMINT.json,tree,success,,0.93,0.723811,0,,,,,,,,True,,,,/home/student/Desktop/Neptune_2026/Microfluidics-Benchmarks/Results/tree_full_20260915_040013/artifacts/mint__Primitive__Mixer__Mixer_fromMINT/result.json,,Microfluidics-Benchmarks/Results/tree_full_20260915_040013/logs/mint__Primitive__Mixer__Mixer_fromMINT.log,Microfluidics-Benchmarks/Results/tree_full_20260915_040013/artifacts/mint__Primitive__Mixer__Mixer_fromMINT
392,mint,mint__Primitive__Mixer_To_Mixer__Mixer_To_Mixer_fromMINT,Primitive/Mixer_To_Mixer/Mixer_To_Mixer_fromMINT.json,/home/student/Desktop/Neptune_2026/Microfluidics-Benchmarks/Results/MINT-TestCases/Primitive/Mixer_To_Mixer/Mixer_To_Mixer_fromMINT.json,tree,success,,0.887,0.700495,0,,,,,,,,True,,,,/home/student/Desktop/Neptune_2026/Microfluidics-Benchmarks/Results/tree_full_20260915_040013/artifacts/mint__Primitive__Mixer_To_Mixer__Mixer_To_Mixer_fromMINT/result.json,,Microfluidics-Benchmarks/Results/tree_full_20260915_040013/logs/mint__Primitive__Mixer_To_Mixer__Mixer_To_Mixer_fromMINT.log,Microfluidics-Benchmarks/Results/tree_full_20260915_040013/artifacts/mint__Primitive__Mixer_To_Mixer__Mixer_To_Mixer_fromMINT
393,mint,mint__Primitive__Mux__Mux_fromMINT,Primitive/Mux/Mux_fromMINT.json,/home/student/Desktop/Neptune_2026/Microfluidics-Benchmarks/Results/MINT-TestCases/Primitive/Mux/Mux_fromMINT.json,tree,success,,1.037,0.844947,0,,,,,,,,True,,,,/home/student/Desktop/Neptune_2026/Microfluidics-Benchmarks/Results/tree_full_20260915_040013/artifacts/mint__Primitive__Mux__Mux_fromMINT/result.json,,Microfluidics-Benchmarks/Results/tree_full_20260915_040013/logs/mint__Primitive__Mux__Mux_fromMINT.log,Microfluidics-Benchmarks/Results/tree_full_20260915_040013/artifacts/mint__Primitive__Mux__Mux_fromMINT
394,mint,mint__Primitive__Mux_3d__Mux_3d_fromMINT,Primitive/Mux_3d/Mux_3d_fromMINT.json,/home/student/Desktop/Neptune_2026/Microfluidics-Benchmarks/Results/MINT-TestCases/Primitive/Mux_3d/Mux_3d_fromMINT.json,tree,success,,0.976,0.809081,0,,,,,,,,True,,,,/home/student/Desktop/Neptune_2026/Microfluidics-Benchmarks/Results/tree_full_20260915_040013/artifacts/mint__Primitive__Mux_3d__Mux_3d_fromMINT/result.json,,Microfluidics-Benchmarks/Results/tree_full_20260915_040013/logs/mint__Primitive__Mux_3d__Mux_3d_fromMINT.log,Microfluidics-Benchmarks/Results/tree_full_20260915_040013/artifacts/mint__Primitive__Mux_3d__Mux_3d_fromMINT
395,mint,mint__Primitive__Node__Node_fromMINT,Primitive/Node/Node_fromMINT.json,/home/student/Desktop/Neptune_2026/Microfluidics-Benchmarks/Results/MINT-TestCases/Primitive/Node/Node_fromMINT.json,tree,success,,0.923,0.731439,0,,,,,,,,True,,,,/home/student/Desktop/Neptune_2026/Microfluidics-Benchmarks/Results/tree_full_20260915_040013/artifacts/mint__Primitive__Node__Node_fromMINT/result.json,,Microfluidics-Benchmarks/Results/tree_full_20260915_040013/logs/mint__Primitive__Node__Node_fromMINT.log,Microfluidics-Benchmarks/Results/tree_full_20260915_040013/artifacts/mint__Primitive__Node__Node_fromMINT
396,mint,mint__Primitive__Nozzle_Droplet_Generator__Nozzle_Droplet_Generator_fromMINT,Primitive/Nozzle_Droplet_Generator/Nozzle_Droplet_Generator_fromMINT.json,/home/student/Desktop/Neptune_2026/Microfluidics-Benchmarks/Results/MINT-TestCases/Primitive/Nozzle_Droplet_Generator/Nozzle_Droplet_Generator_fromMINT.json,tree,success,,0.97,0.768477,0,,,,,,,,True,,,,/home/student/Desktop/Neptune_2026/Microfluidics-Benchmarks/Results/tree_full_20260915_040013/artifacts/mint__Primitive__Nozzle_Droplet_Generator__Nozzle_Droplet_Generator_fromMINT/result.json,,Microfluidics-Benchmarks/Results/tree_full_20260915_040013/logs/mint__Primitive__Nozzle_Droplet_Generator__Nozzle_Droplet_Generator_fromMINT.log,Microfluidics-Benchmarks/Results/tree_full_20260915_040013/artifacts/mint__Primitive__Nozzle_Droplet_Generator__Nozzle_Droplet_Generator_fromMINT
397,mint,mint__Primitive__Picoinjector__Picoinjector_fromMINT,Primitive/Picoinjector/Picoinjector_fromMINT.json,/home/student/Desktop/Neptune_2026/Microfluidics-Benchmarks/Results/MINT-TestCases/Primitive/Picoinjector/Picoinjector_fromMINT.json,tree,success,,0.929,0.751434,0,,,,,,,,True,,,,/home/student/Desktop/Neptune_2026/Microfluidics-Benchmarks/Results/tree_full_20260915_040013/artifacts/mint__Primitive__Picoinjector__Picoinjector_fromMINT/result.json,,Microfluidics-Benchmarks/Results/tree_full_20260915_040013/logs/mint__Primitive__Picoinjector__Picoinjector_fromMINT.log,Microfluidics-Benchmarks/Results/tree_full_20260915_040013/artifacts/mint__Primitive__Picoinjector__Picoinjector_fromMINT
398,mint,mint__Primitive__Pump__Pump_fromMINT,Primitive/Pump/Pump_fromMINT.json,/home/student/Desktop/Neptune_2026/Microfluidics-Benchmarks/Results/MINT-TestCases/Primitive/Pump/Pump_fromMINT.json,tree,success,,0.933,0.733828,0,,,,,,,,True,,,,/home/student/Desktop/Neptune_2026/Microfluidics-Benchmarks/Results/tree_full_20260915_040013/artifacts/mint__Primitive__Pump__Pump_fromMINT/result.json,,Microfluidics-Benchmarks/Results/tree_full_20260915_040013/logs/mint__Primitive__Pump__Pump_fromMINT.log,Microfluidics-Benchmarks/Results/tree_full_20260915_040013/artifacts/mint__Primitive__Pump__Pump_fromMINT
399,mint,mint__Primitive__Pump_3d__Pump_3d_fromMINT,Primitive/Pump_3d/Pump_3d_fromMINT.json,/home/student/Desktop/Neptune_2026/Microfluidics-Benchmarks/Results/MINT-TestCases/Primitive/Pump_3d/Pump_3d_fromMINT.json,tree,success,,0.924,0.732613,0,,,,,,,,True,,,,/home/student/Desktop/Neptune_2026/Microfluidics-Benchmarks/Results/tree_full_20260915_040013/artifacts/mint__Primitive__Pump_3d__Pump_3d_fromMINT/result.json,,Microfluidics-Benchmarks/Results/tree_full_20260915_040013/logs/mint__Primitive__Pump_3d__Pump_3d_fromMINT.log,Microfluidics-Benchmarks/Results/tree_full_20260915_040013/artifacts/mint__Primitive__Pump_3d__Pump_3d_fromMINT
400,mint,mint__Primitive__Rotary_Mixer__Rotary_Mixer_fromMINT,Primitive/Rotary_Mixer/Rotary_Mixer_fromMINT.json,/home/student/Desktop/Neptune_2026/Microfluidics-Benchmarks/Results/MINT-TestCases/Primitive/Rotary_Mixer/Rotary_Mixer_fromMINT.json,tree,success,,0.935,0.735622,0,,,,,,,,True,,,,/home/student/Desktop/Neptune_2026/Microfluidics-Benchmarks/Results/tree_full_20260915_040013/artifacts/mint__Primitive__Rotary_Mixer__Rotary_Mixer_fromMINT/result.json,,Microfluidics-Benchmarks/Results/tree_full_20260915_040013/logs/mint__Primitive__Rotary_Mixer__Rotary_Mixer_fromMINT.log,Microfluidics-Benchmarks/Results/tree_full_20260915_040013/artifacts/mint__Primitive__Rotary_Mixer__Rotary_Mixer_fromMINT
401,mint,mint__Primitive__Splitter__Splitter_fromMINT,Primitive/Splitter/Splitter_fromMINT.json,/home/student/Desktop/Neptune_2026/Microfluidics-Benchmarks/Results/MINT-TestCases/Primitive/Splitter/Splitter_fromMINT.json,tree,success,,0.93,0.753646,0,,,,,,,,True,,,,/home/student/Desktop/Neptune_2026/Microfluidics-Benchmarks/Results/tree_full_20260915_040013/artifacts/mint__Primitive__Splitter__Splitter_fromMINT/result.json,,Microfluidics-Benchmarks/Results/tree_full_20260915_040013/logs/mint__Primitive__Splitter__Splitter_fromMINT.log,Microfluidics-Benchmarks/Results/tree_full_20260915_040013/artifacts/mint__Primitive__Splitter__Splitter_fromMINT
402,mint,mint__Primitive__Square_Cell_Trap__Square_Cell_Trap_fromMINT,Primitive/Square_Cell_Trap/Square_Cell_Trap_fromMINT.json,/home/student/Desktop/Neptune_2026/Microfluidics-Benchmarks/Results/MINT-TestCases/Primitive/Square_Cell_Trap/Square_Cell_Trap_fromMINT.json,tree,success,,0.975,0.781915,0,,,,,,,,True,,,,/home/student/Desktop/Neptune_2026/Microfluidics-Benchmarks/Results/tree_full_20260915_040013/artifacts/mint__Primitive__Square_Cell_Trap__Square_Cell_Trap_fromMINT/result.json,,Microfluidics-Benchmarks/Results/tree_full_20260915_040013/logs/mint__Primitive__Square_Cell_Trap__Square_Cell_Trap_fromMINT.log,Microfluidics-Benchmarks/Results/tree_full_20260915_040013/artifacts/mint__Primitive__Square_Cell_Trap__Square_Cell_Trap_fromMINT
403,mint,mint__Primitive__Transposer__Transposer_fromMINT,Primitive/Transposer/Transposer_fromMINT.json,/home/student/Desktop/Neptune_2026/Microfluidics-Benchmarks/Results/MINT-TestCases/Primitive/Transposer/Transposer_fromMINT.json,tree,success,,0.984,0.786916,0,,,,,,,,True,,,,/home/student/Desktop/Neptune_2026/Microfluidics-Benchmarks/Results/tree_full_20260915_040013/artifacts/mint__Primitive__Transposer__Transposer_fromMINT/result.json,,Microfluidics-Benchmarks/Results/tree_full_20260915_040013/logs/mint__Primitive__Transposer__Transposer_fromMINT.log,Microfluidics-Benchmarks/Results/tree_full_20260915_040013/artifacts/mint__Primitive__Transposer__Transposer_fromMINT
404,mint,mint__Primitive__Tree__Tree_fromMINT,Primitive/Tree/Tree_fromMINT.json,/home/student/Desktop/Neptune_2026/Microfluidics-Benchmarks/Results/MINT-TestCases/Primitive/Tree/Tree_fromMINT.json,tree,success,,0.984,0.799354,0,,,,,,,,True,,,,/home/student/Desktop/Neptune_2026/Microfluidics-Benchmarks/Results/tree_full_20260915_040013/artifacts/mint__Primitive__Tree__Tree_fromMINT/result.json,,Microfluidics-Benchmarks/Results/tree_full_20260915_040013/logs/mint__Primitive__Tree__Tree_fromMINT.log,Microfluidics-Benchmarks/Results/tree_full_20260915_040013/artifacts/mint__Primitive__Tree__Tree_fromMINT
405,mint,mint__Primitive__Valve__Valve_fromMINT,Primitive/Valve/Valve_fromMINT.json,/home/student/Desktop/Neptune_2026/Microfluidics-Benchmarks/Results/MINT-TestCases/Primitive/Valve/Valve_fromMINT.json,tree,success,,0.923,0.743228,0,,,,,,,,True,,,,/home/student/Desktop/Neptune_2026/Microfluidics-Benchmarks/Results/tree_full_20260915_040013/artifacts/mint__Primitive__Valve__Valve_fromMINT/result.json,,Microfluidics-Benchmarks/Results/tree_full_20260915_040013/logs/mint__Primitive__Valve__Valve_fromMINT.log,Microfluidics-Benchmarks/Results/tree_full_20260915_040013/artifacts/mint__Primitive__Valve__Valve_fromMINT
406,mint,mint__Primitive__Y_Tree__Y_Tree_fromMINT,Primitive/Y_Tree/Y_Tree_fromMINT.json,/home/student/Desktop/Neptune_2026/Microfluidics-Benchmarks/Results/MINT-TestCases/Primitive/Y_Tree/Y_Tree_fromMINT.json,tree,success,,0.97,0.794431,0,,,,,,,,True,,,,/home/student/Desktop/Neptune_2026/Microfluidics-Benchmarks/Results/tree_full_20260915_040013/artifacts/mint__Primitive__Y_Tree__Y_Tree_fromMINT/result.json,,Microfluidics-Benchmarks/Results/tree_full_20260915_040013/logs/mint__Primitive__Y_Tree__Y_Tree_fromMINT.log,Microfluidics-Benchmarks/Results/tree_full_20260915_040013/artifacts/mint__Primitive__Y_Tree__Y_Tree_fromMINT
407,mint,mint__Protocols__Cell_Sorting__Cell_Sorting_fromMINT,Protocols/Cell_Sorting/Cell_Sorting_fromMINT.json,/home/student/Desktop/Neptune_2026/Microfluidics-Benchmarks/Results/MINT-TestCases/Protocols/Cell_Sorting/Cell_Sorting_fromMINT.json,tree,success,,0.924,0.752926,0,,,,,,,,True,,,,/home/student/Desktop/Neptune_2026/Microfluidics-Benchmarks/Results/tree_full_20260915_040013/artifacts/mint__Protocols__Cell_Sorting__Cell_Sorting_fromMINT/result.json,,Microfluidics-Benchmarks/Results/tree_full_20260915_040013/logs/mint__Protocols__Cell_Sorting__Cell_Sorting_fromMINT.log,Microfluidics-Benchmarks/Results/tree_full_20260915_040013/artifacts/mint__Protocols__Cell_Sorting__Cell_Sorting_fromMINT
408,mint,mint__Protocols__Directed_Evolution__Directed_Evolution_fromMINT,Protocols/Directed_Evolution/Directed_Evolution_fromMINT.json,/home/student/Desktop/Neptune_2026/Microfluidics-Benchmarks/Results/MINT-TestCases/Protocols/Directed_Evolution/Directed_Evolution_fromMINT.json,tree,timeout,exceeded 1800s,1800.032,,,,,,,,,,,,,,,,Microfluidics-Benchmarks/Results/tree_full_20260915_040013/logs/mint__Protocols__Directed_Evolution__Directed_Evolution_fromMINT.log,Microfluidics-Benchmarks/Results/tree_full_20260915_040013/artifacts/mint__Protocols__Directed_Evolution__Directed_Evolution_fromMINT
409,mint,mint__Technology_Mapping__Cycle__Cycle_fromMINT,Technology_Mapping/Cycle/Cycle_fromMINT.json,/home/student/Desktop/Neptune_2026/Microfluidics-Benchmarks/Results/MINT-TestCases/Technology_Mapping/Cycle/Cycle_fromMINT.json,tree,success,,0.971,0.785334,0,,,,,,,,True,,,,/home/student/Desktop/Neptune_2026/Microfluidics-Benchmarks/Results/tree_full_20260915_040013/artifacts/mint__Technology_Mapping__Cycle__Cycle_fromMINT/result.json,,Microfluidics-Benchmarks/Results/tree_full_20260915_040013/logs/mint__Technology_Mapping__Cycle__Cycle_fromMINT.log,Microfluidics-Benchmarks/Results/tree_full_20260915_040013/artifacts/mint__Technology_Mapping__Cycle__Cycle_fromMINT
410,mint,mint__Technology_Mapping__Instance_Mapping__Instance_Mapping_fromMINT,Technology_Mapping/Instance_Mapping/Instance_Mapping_fromMINT.json,/home/student/Desktop/Neptune_2026/Microfluidics-Benchmarks/Results/MINT-TestCases/Technology_Mapping/Instance_Mapping/Instance_Mapping_fromMINT.json,tree,success,,0.875,0.714157,0,,,,,,,,True,,,,/home/student/Desktop/Neptune_2026/Microfluidics-Benchmarks/Results/tree_full_20260915_040013/artifacts/mint__Technology_Mapping__Instance_Mapping__Instance_Mapping_fromMINT/result.json,,Microfluidics-Benchmarks/Results/tree_full_20260915_040013/logs/mint__Technology_Mapping__Instance_Mapping__Instance_Mapping_fromMINT.log,Microfluidics-Benchmarks/Results/tree_full_20260915_040013/artifacts/mint__Technology_Mapping__Instance_Mapping__Instance_Mapping_fromMINT
411,mint,mint__Technology_Mapping__N_Greater_M_Map__N_Greater_M_Map_fromMINT,Technology_Mapping/N_Greater_M_Map/N_Greater_M_Map_fromMINT.json,/home/student/Desktop/Neptune_2026/Microfluidics-Benchmarks/Results/MINT-TestCases/Technology_Mapping/N_Greater_M_Map/N_Greater_M_Map_fromMINT.json,tree,success,,1.075,0.896697,0,,,,,,,,True,,,,/home/student/Desktop/Neptune_2026/Microfluidics-Benchmarks/Results/tree_full_20260915_040013/artifacts/mint__Technology_Mapping__N_Greater_M_Map__N_Greater_M_Map_fromMINT/result.json,,Microfluidics-Benchmarks/Results/tree_full_20260915_040013/logs/mint__Technology_Mapping__N_Greater_M_Map__N_Greater_M_Map_fromMINT.log,Microfluidics-Benchmarks/Results/tree_full_20260915_040013/artifacts/mint__Technology_Mapping__N_Greater_M_Map__N_Greater_M_Map_fromMINT
412,mint,mint__Technology_Mapping__N_Less_M_Map__N_Less_M_Map_fromMINT,Technology_Mapping/N_Less_M_Map/N_Less_M_Map_fromMINT.json,/home/student/Desktop/Neptune_2026/Microfluidics-Benchmarks/Results/MINT-TestCases/Technology_Mapping/N_Less_M_Map/N_Less_M_Map_fromMINT.json,tree,success,,1.081,0.89938,0,,,,,,,,True,,,,/home/student/Desktop/Neptune_2026/Microfluidics-Benchmarks/Results/tree_full_20260915_040013/artifacts/mint__Technology_Mapping__N_Less_M_Map__N_Less_M_Map_fromMINT/result.json,,Microfluidics-Benchmarks/Results/tree_full_20260915_040013/logs/mint__Technology_Mapping__N_Less_M_Map__N_Less_M_Map_fromMINT.log,Microfluidics-Benchmarks/Results/tree_full_20260915_040013/artifacts/mint__Technology_Mapping__N_Less_M_Map__N_Less_M_Map_fromMINT
413,mint,mint__Technology_Mapping__One_To_One_Mapping__One_To_One_Mapping_fromMINT,Technology_Mapping/One_To_One_Mapping/One_To_One_Mapping_fromMINT.json,/home/student/Desktop/Neptune_2026/Microfluidics-Benchmarks/Results/MINT-TestCases/Technology_Mapping/One_To_One_Mapping/One_To_One_Mapping_fromMINT.json,tree,success,,0.874,0.713402,0,,,,,,,,True,,,,/home/student/Desktop/Neptune_2026/Microfluidics-Benchmarks/Results/tree_full_20260915_040013/artifacts/mint__Technology_Mapping__One_To_One_Mapping__One_To_One_Mapping_fromMINT/result.json,,Microfluidics-Benchmarks/Results/tree_full_20260915_040013/logs/mint__Technology_Mapping__One_To_One_Mapping__One_To_One_Mapping_fromMINT.log,Microfluidics-Benchmarks/Results/tree_full_20260915_040013/artifacts/mint__Technology_Mapping__One_To_One_Mapping__One_To_One_Mapping_fromMINT
414,mint,mint__Technology_Mapping__Tree_Bus__Tree_Bus_fromMINT,Technology_Mapping/Tree_Bus/Tree_Bus_fromMINT.json,/home/student/Desktop/Neptune_2026/Microfluidics-Benchmarks/Results/MINT-TestCases/Technology_Mapping/Tree_Bus/Tree_Bus_fromMINT.json,tree,success,,1.128,0.932521,0,,,,,,,,True,,,,/home/student/Desktop/Neptune_2026/Microfluidics-Benchmarks/Results/tree_full_20260915_040013/artifacts/mint__Technology_Mapping__Tree_Bus__Tree_Bus_fromMINT/result.json,,Microfluidics-Benchmarks/Results/tree_full_20260915_040013/logs/mint__Technology_Mapping__Tree_Bus__Tree_Bus_fromMINT.log,Microfluidics-Benchmarks/Results/tree_full_20260915_040013/artifacts/mint__Technology_Mapping__Tree_Bus__Tree_Bus_fromMINT
415,mint,mint__Technology_Mapping__Tree_Fanin_Mapping__Tree_Fanin_Mapping_fromMINT,Technology_Mapping/Tree_Fanin_Mapping/Tree_Fanin_Mapping_fromMINT.json,/home/student/Desktop/Neptune_2026/Microfluidics-Benchmarks/Results/MINT-TestCases/Technology_Mapping/Tree_Fanin_Mapping/Tree_Fanin_Mapping_fromMINT.json,tree,success,,1.13,0.943113,0,,,,,,,,True,,,,/home/student/Desktop/Neptune_2026/Microfluidics-Benchmarks/Results/tree_full_20260915_040013/artifacts/mint__Technology_Mapping__Tree_Fanin_Mapping__Tree_Fanin_Mapping_fromMINT/result.json,,Microfluidics-Benchmarks/Results/tree_full_20260915_040013/logs/mint__Technology_Mapping__Tree_Fanin_Mapping__Tree_Fanin_Mapping_fromMINT.log,Microfluidics-Benchmarks/Results/tree_full_20260915_040013/artifacts/mint__Technology_Mapping__Tree_Fanin_Mapping__Tree_Fanin_Mapping_fromMINT
416,mint,mint__Technology_Mapping__Tree_Fanout_Mapping_1__Tree_Fanout_Mapping_1_fromMINT,Technology_Mapping/Tree_Fanout_Mapping_1/Tree_Fanout_Mapping_1_fromMINT.json,/home/student/Desktop/Neptune_2026/Microfluidics-Benchmarks/Results/MINT-TestCases/Technology_Mapping/Tree_Fanout_Mapping_1/Tree_Fanout_Mapping_1_fromMINT.json,tree,success,,1.076,0.913647,0,,,,,,,,True,,,,/home/student/Desktop/Neptune_2026/Microfluidics-Benchmarks/Results/tree_full_20260915_040013/artifacts/mint__Technology_Mapping__Tree_Fanout_Mapping_1__Tree_Fanout_Mapping_1_fromMINT/result.json,,Microfluidics-Benchmarks/Results/tree_full_20260915_040013/logs/mint__Technology_Mapping__Tree_Fanout_Mapping_1__Tree_Fanout_Mapping_1_fromMINT.log,Microfluidics-Benchmarks/Results/tree_full_20260915_040013/artifacts/mint__Technology_Mapping__Tree_Fanout_Mapping_1__Tree_Fanout_Mapping_1_fromMINT
417,mint,mint__Technology_Mapping__Tree_Fanout_Mapping_2__Tree_Fanout_Mapping_2_fromMINT,Technology_Mapping/Tree_Fanout_Mapping_2/Tree_Fanout_Mapping_2_fromMINT.json,/home/student/Desktop/Neptune_2026/Microfluidics-Benchmarks/Results/MINT-TestCases/Technology_Mapping/Tree_Fanout_Mapping_2/Tree_Fanout_Mapping_2_fromMINT.json,tree,success,,1.08,0.920088,0,,,,,,,,True,,,,/home/student/Desktop/Neptune_2026/Microfluidics-Benchmarks/Results/tree_full_20260915_040013/artifacts/mint__Technology_Mapping__Tree_Fanout_Mapping_2__Tree_Fanout_Mapping_2_fromMINT/result.json,,Microfluidics-Benchmarks/Results/tree_full_20260915_040013/logs/mint__Technology_Mapping__Tree_Fanout_Mapping_2__Tree_Fanout_Mapping_2_fromMINT.log,Microfluidics-Benchmarks/Results/tree_full_20260915_040013/artifacts/mint__Technology_Mapping__Tree_Fanout_Mapping_2__Tree_Fanout_Mapping_2_fromMINT
418,mint,mint__Technology_Mapping__Tree_Fanout_Mapping_3__Tree_Fanout_Mapping_3_fromMINT,Technology_Mapping/Tree_Fanout_Mapping_3/Tree_Fanout_Mapping_3_fromMINT.json,/home/student/Desktop/Neptune_2026/Microfluidics-Benchmarks/Results/MINT-TestCases/Technology_Mapping/Tree_Fanout_Mapping_3/Tree_Fanout_Mapping_3_fromMINT.json,tree,success,,1.08,0.915718,0,,,,,,,,True,,,,/home/student/Desktop/Neptune_2026/Microfluidics-Benchmarks/Results/tree_full_20260915_040013/artifacts/mint__Technology_Mapping__Tree_Fanout_Mapping_3__Tree_Fanout_Mapping_3_fromMINT/result.json,,Microfluidics-Benchmarks/Results/tree_full_20260915_040013/logs/mint__Technology_Mapping__Tree_Fanout_Mapping_3__Tree_Fanout_Mapping_3_fromMINT.log,Microfluidics-Benchmarks/Results/tree_full_20260915_040013/artifacts/mint__Technology_Mapping__Tree_Fanout_Mapping_3__Tree_Fanout_Mapping_3_fromMINT
419,mint,mint__Technology_Mapping__Tree_Storage_Bus_Mapping__Tree_Storage_Bus_Mapping_fromMINT,Technology_Mapping/Tree_Storage_Bus_Mapping/Tree_Storage_Bus_Mapping_fromMINT.json,/home/student/Desktop/Neptune_2026/Microfluidics-Benchmarks/Results/MINT-TestCases/Technology_Mapping/Tree_Storage_Bus_Mapping/Tree_Storage_Bus_Mapping_fromMINT.json,tree,success,,1.377,1.185568,0,,,,,,,,True,,,,/home/student/Desktop/Neptune_2026/Microfluidics-Benchmarks/Results/tree_full_20260915_040013/artifacts/mint__Technology_Mapping__Tree_Storage_Bus_Mapping__Tree_Storage_Bus_Mapping_fromMINT/result.json,,Microfluidics-Benchmarks/Results/tree_full_20260915_040013/logs/mint__Technology_Mapping__Tree_Storage_Bus_Mapping__Tree_Storage_Bus_Mapping_fromMINT.log,Microfluidics-Benchmarks/Results/tree_full_20260915_040013/artifacts/mint__Technology_Mapping__Tree_Storage_Bus_Mapping__Tree_Storage_Bus_Mapping_fromMINT
420,mint,mint__Transport_Networks__Distribute_Network_Examples__Distribute_Network_Examples_fromMINT,Transport_Networks/Distribute_Network_Examples/Distribute_Network_Examples_fromMINT.json,/home/student/Desktop/Neptune_2026/Microfluidics-Benchmarks/Results/MINT-TestCases/Transport_Networks/Distribute_Network_Examples/Distribute_Network_Examples_fromMINT.json,tree,success,,12.256,12.070294,0,,,,,,,,True,,,,/home/student/Desktop/Neptune_2026/Microfluidics-Benchmarks/Results/tree_full_20260915_040013/artifacts/mint__Transport_Networks__Distribute_Network_Examples__Distribute_Network_Examples_fromMINT/result.json,,Microfluidics-Benchmarks/Results/tree_full_20260915_040013/logs/mint__Transport_Networks__Distribute_Network_Examples__Distribute_Network_Examples_fromMINT.log,Microfluidics-Benchmarks/Results/tree_full_20260915_040013/artifacts/mint__Transport_Networks__Distribute_Network_Examples__Distribute_Network_Examples_fromMINT
421,mint,mint__Transport_Networks__One_To_8__One_To_8_fromMINT,Transport_Networks/One_To_8/One_To_8_fromMINT.json,/home/student/Desktop/Neptune_2026/Microfluidics-Benchmarks/Results/MINT-TestCases/Transport_Networks/One_To_8/One_To_8_fromMINT.json,tree,success,,12.312,12.10003,0,,,,,,,,True,,,,/home/student/Desktop/Neptune_2026/Microfluidics-Benchmarks/Results/tree_full_20260915_040013/artifacts/mint__Transport_Networks__One_To_8__One_To_8_fromMINT/result.json,,Microfluidics-Benchmarks/Results/tree_full_20260915_040013/logs/mint__Transport_Networks__One_To_8__One_To_8_fromMINT.log,Microfluidics-Benchmarks/Results/tree_full_20260915_040013/artifacts/mint__Transport_Networks__One_To_8__One_To_8_fromMINT
422,mint,mint__Transport_Networks__One_To_One__One_To_One_fromMINT,Transport_Networks/One_To_One/One_To_One_fromMINT.json,/home/student/Desktop/Neptune_2026/Microfluidics-Benchmarks/Results/MINT-TestCases/Transport_Networks/One_To_One/One_To_One_fromMINT.json,tree,success,,0.925,0.755872,0,,,,,,,,True,,,,/home/student/Desktop/Neptune_2026/Microfluidics-Benchmarks/Results/tree_full_20260915_040013/artifacts/mint__Transport_Networks__One_To_One__One_To_One_fromMINT/result.json,,Microfluidics-Benchmarks/Results/tree_full_20260915_040013/logs/mint__Transport_Networks__One_To_One__One_To_One_fromMINT.log,Microfluidics-Benchmarks/Results/tree_full_20260915_040013/artifacts/mint__Transport_Networks__One_To_One__One_To_One_fromMINT
423,quick,quick__diy_with_mixer_demo__diy_with_mixer_demo_fromLFR,diy_with_mixer_demo/diy_with_mixer_demo_fromLFR.json,/home/student/Desktop/Neptune_2026/Microfluidics-Benchmarks/Results/Quick_Examples/diy_with_mixer_demo/diy_with_mixer_demo_fromLFR.json,tree,success,,0.974,0.775406,0,,,,,,,,True,,,,/home/student/Desktop/Neptune_2026/Microfluidics-Benchmarks/Results/tree_full_20260915_040013/artifacts/quick__diy_with_mixer_demo__diy_with_mixer_demo_fromLFR/result.json,,Microfluidics-Benchmarks/Results/tree_full_20260915_040013/logs/quick__diy_with_mixer_demo__diy_with_mixer_demo_fromLFR.log,Microfluidics-Benchmarks/Results/tree_full_20260915_040013/artifacts/quick__diy_with_mixer_demo__diy_with_mixer_demo_fromLFR
424,quick,quick__DIYcomponent__DIYcomponent_fromLFR,DIYcomponent/DIYcomponent_fromLFR.json,/home/student/Desktop/Neptune_2026/Microfluidics-Benchmarks/Results/Quick_Examples/DIYcomponent/DIYcomponent_fromLFR.json,tree,success,,0.93,0.731795,0,,,,,,,,True,,,,/home/student/Desktop/Neptune_2026/Microfluidics-Benchmarks/Results/tree_full_20260915_040013/artifacts/quick__DIYcomponent__DIYcomponent_fromLFR/result.json,,Microfluidics-Benchmarks/Results/tree_full_20260915_040013/logs/quick__DIYcomponent__DIYcomponent_fromLFR.log,Microfluidics-Benchmarks/Results/tree_full_20260915_040013/artifacts/quick__DIYcomponent__DIYcomponent_fromLFR
425,quick,quick__droplet_generator__droplet_generator_fromLFR,droplet_generator/droplet_generator_fromLFR.json,/home/student/Desktop/Neptune_2026/Microfluidics-Benchmarks/Results/Quick_Examples/droplet_generator/droplet_generator_fromLFR.json,tree,success,,0.93,0.767041,0,,,,,,,,True,,,,/home/student/Desktop/Neptune_2026/Microfluidics-Benchmarks/Results/tree_full_20260915_040013/artifacts/quick__droplet_generator__droplet_generator_fromLFR/result.json,,Microfluidics-Benchmarks/Results/tree_full_20260915_040013/logs/quick__droplet_generator__droplet_generator_fromLFR.log,Microfluidics-Benchmarks/Results/tree_full_20260915_040013/artifacts/quick__droplet_generator__droplet_generator_fromLFR
426,quick,quick__flow_and_control_demo__flow_and_control_demo_fromLFR,flow_and_control_demo/flow_and_control_demo_fromLFR.json,/home/student/Desktop/Neptune_2026/Microfluidics-Benchmarks/Results/Quick_Examples/flow_and_control_demo/flow_and_control_demo_fromLFR.json,tree,success,,1.284,1.08016,0,,,,,,,,True,,,,/home/student/Desktop/Neptune_2026/Microfluidics-Benchmarks/Results/tree_full_20260915_040013/artifacts/quick__flow_and_control_demo__flow_and_control_demo_fromLFR/result.json,,Microfluidics-Benchmarks/Results/tree_full_20260915_040013/logs/quick__flow_and_control_demo__flow_and_control_demo_fromLFR.log,Microfluidics-Benchmarks/Results/tree_full_20260915_040013/artifacts/quick__flow_and_control_demo__flow_and_control_demo_fromLFR
427,quick,quick__flow_and_control_demo__flow_and_control_demo_fromMINT,flow_and_control_demo/flow_and_control_demo_fromMINT.json,/home/student/Desktop/Neptune_2026/Microfluidics-Benchmarks/Results/Quick_Examples/flow_and_control_demo/flow_and_control_demo_fromMINT.json,tree,success,,1.235,0.99229,0,,,,,,,,True,,,,/home/student/Desktop/Neptune_2026/Microfluidics-Benchmarks/Results/tree_full_20260915_040013/artifacts/quick__flow_and_control_demo__flow_and_control_demo_fromMINT/result.json,,Microfluidics-Benchmarks/Results/tree_full_20260915_040013/logs/quick__flow_and_control_demo__flow_and_control_demo_fromMINT.log,Microfluidics-Benchmarks/Results/tree_full_20260915_040013/artifacts/quick__flow_and_control_demo__flow_and_control_demo_fromMINT
428,quick,quick__flow_only_demo__flow_only_demo_fromLFR,flow_only_demo/flow_only_demo_fromLFR.json,/home/student/Desktop/Neptune_2026/Microfluidics-Benchmarks/Results/Quick_Examples/flow_only_demo/flow_only_demo_fromLFR.json,tree,success,,0.974,0.778327,0,,,,,,,,True,,,,/home/student/Desktop/Neptune_2026/Microfluidics-Benchmarks/Results/tree_full_20260915_040013/artifacts/quick__flow_only_demo__flow_only_demo_fromLFR/result.json,,Microfluidics-Benchmarks/Results/tree_full_20260915_040013/logs/quick__flow_only_demo__flow_only_demo_fromLFR.log,Microfluidics-Benchmarks/Results/tree_full_20260915_040013/artifacts/quick__flow_only_demo__flow_only_demo_fromLFR
429,quick,quick__flow_only_demo__flow_only_demo_fromMINT,flow_only_demo/flow_only_demo_fromMINT.json,/home/student/Desktop/Neptune_2026/Microfluidics-Benchmarks/Results/Quick_Examples/flow_only_demo/flow_only_demo_fromMINT.json,tree,success,,0.919,0.745757,0,,,,,,,,True,,,,/home/student/Desktop/Neptune_2026/Microfluidics-Benchmarks/Results/tree_full_20260915_040013/artifacts/quick__flow_only_demo__flow_only_demo_fromMINT/result.json,,Microfluidics-Benchmarks/Results/tree_full_20260915_040013/logs/quick__flow_only_demo__flow_only_demo_fromMINT.log,Microfluidics-Benchmarks/Results/tree_full_20260915_040013/artifacts/quick__flow_only_demo__flow_only_demo_fromMINT
430,quick,quick__import_droplet_reaction__import_droplet_reaction_fromLFR,import_droplet_reaction/import_droplet_reaction_fromLFR.json,/home/student/Desktop/Neptune_2026/Microfluidics-Benchmarks/Results/Quick_Examples/import_droplet_reaction/import_droplet_reaction_fromLFR.json,tree,success,,1.875,1.662788,0,,,,,,,,True,,,,/home/student/Desktop/Neptune_2026/Microfluidics-Benchmarks/Results/tree_full_20260915_040013/artifacts/quick__import_droplet_reaction__import_droplet_reaction_fromLFR/result.json,,Microfluidics-Benchmarks/Results/tree_full_20260915_040013/logs/quick__import_droplet_reaction__import_droplet_reaction_fromLFR.log,Microfluidics-Benchmarks/Results/tree_full_20260915_040013/artifacts/quick__import_droplet_reaction__import_droplet_reaction_fromLFR
431,quick,quick__import_mixer_and_incubator__import_mixer_and_incubator_fromLFR,import_mixer_and_incubator/import_mixer_and_incubator_fromLFR.json,/home/student/Desktop/Neptune_2026/Microfluidics-Benchmarks/Results/Quick_Examples/import_mixer_and_incubator/import_mixer_and_incubator_fromLFR.json,tree,success,,0.93,0.759719,0,,,,,,,,True,,,,/home/student/Desktop/Neptune_2026/Microfluidics-Benchmarks/Results/tree_full_20260915_040013/artifacts/quick__import_mixer_and_incubator__import_mixer_and_incubator_fromLFR/result.json,,Microfluidics-Benchmarks/Results/tree_full_20260915_040013/logs/quick__import_mixer_and_incubator__import_mixer_and_incubator_fromLFR.log,Microfluidics-Benchmarks/Results/tree_full_20260915_040013/artifacts/quick__import_mixer_and_incubator__import_mixer_and_incubator_fromLFR
432,quick,quick__import_parallel_premix__import_parallel_premix_fromLFR,import_parallel_premix/import_parallel_premix_fromLFR.json,/home/student/Desktop/Neptune_2026/Microfluidics-Benchmarks/Results/Quick_Examples/import_parallel_premix/import_parallel_premix_fromLFR.json,tree,success,,1.082,0.877221,0,,,,,,,,True,,,,/home/student/Desktop/Neptune_2026/Microfluidics-Benchmarks/Results/tree_full_20260915_040013/artifacts/quick__import_parallel_premix__import_parallel_premix_fromLFR/result.json,,Microfluidics-Benchmarks/Results/tree_full_20260915_040013/logs/quick__import_parallel_premix__import_parallel_premix_fromLFR.log,Microfluidics-Benchmarks/Results/tree_full_20260915_040013/artifacts/quick__import_parallel_premix__import_parallel_premix_fromLFR
433,quick,quick__incubator__incubator_fromLFR,incubator/incubator_fromLFR.json,/home/student/Desktop/Neptune_2026/Microfluidics-Benchmarks/Results/Quick_Examples/incubator/incubator_fromLFR.json,tree,success,,0.947,0.730597,0,,,,,,,,True,,,,/home/student/Desktop/Neptune_2026/Microfluidics-Benchmarks/Results/tree_full_20260915_040013/artifacts/quick__incubator__incubator_fromLFR/result.json,,Microfluidics-Benchmarks/Results/tree_full_20260915_040013/logs/quick__incubator__incubator_fromLFR.log,Microfluidics-Benchmarks/Results/tree_full_20260915_040013/artifacts/quick__incubator__incubator_fromLFR
434,quick,quick__mixer_3to1__mixer_3to1_fromLFR,mixer_3to1/mixer_3to1_fromLFR.json,/home/student/Desktop/Neptune_2026/Microfluidics-Benchmarks/Results/Quick_Examples/mixer_3to1/mixer_3to1_fromLFR.json,tree,success,,1.02,0.829149,0,,,,,,,,True,,,,/home/student/Desktop/Neptune_2026/Microfluidics-Benchmarks/Results/tree_full_20260915_040013/artifacts/quick__mixer_3to1__mixer_3to1_fromLFR/result.json,,Microfluidics-Benchmarks/Results/tree_full_20260915_040013/logs/quick__mixer_3to1__mixer_3to1_fromLFR.log,Microfluidics-Benchmarks/Results/tree_full_20260915_040013/artifacts/quick__mixer_3to1__mixer_3to1_fromLFR
435,quick,quick__mux1to4__mux1to4_fromLFR,mux1to4/mux1to4_fromLFR.json,/home/student/Desktop/Neptune_2026/Microfluidics-Benchmarks/Results/Quick_Examples/mux1to4/mux1to4_fromLFR.json,tree,success,,4.983,4.796179,0,,,,,,,,True,,,,/home/student/Desktop/Neptune_2026/Microfluidics-Benchmarks/Results/tree_full_20260915_040013/artifacts/quick__mux1to4__mux1to4_fromLFR/result.json,,Microfluidics-Benchmarks/Results/tree_full_20260915_040013/logs/quick__mux1to4__mux1to4_fromLFR.log,Microfluidics-Benchmarks/Results/tree_full_20260915_040013/artifacts/quick__mux1to4__mux1to4_fromLFR
436,quick,quick__mux4to1__mux4to1_fromLFR,mux4to1/mux4to1_fromLFR.json,/home/student/Desktop/Neptune_2026/Microfluidics-Benchmarks/Results/Quick_Examples/mux4to1/mux4to1_fromLFR.json,tree,success,,5.284,5.078246,0,,,,,,,,True,,,,/home/student/Desktop/Neptune_2026/Microfluidics-Benchmarks/Results/tree_full_20260915_040013/artifacts/quick__mux4to1__mux4to1_fromLFR/result.json,,Microfluidics-Benchmarks/Results/tree_full_20260915_040013/logs/quick__mux4to1__mux4to1_fromLFR.log,Microfluidics-Benchmarks/Results/tree_full_20260915_040013/artifacts/quick__mux4to1__mux4to1_fromLFR
437,quick,quick__test_device__test_device_fromLFR,test_device/test_device_fromLFR.json,/home/student/Desktop/Neptune_2026/Microfluidics-Benchmarks/Results/Quick_Examples/test_device/test_device_fromLFR.json,tree,success,,52.839,52.649742,0,,,,,,,,True,,,,/home/student/Desktop/Neptune_2026/Microfluidics-Benchmarks/Results/tree_full_20260915_040013/artifacts/quick__test_device__test_device_fromLFR/result.json,,Microfluidics-Benchmarks/Results/tree_full_20260915_040013/logs/quick__test_device__test_device_fromLFR.log,Microfluidics-Benchmarks/Results/tree_full_20260915_040013/artifacts/quick__test_device__test_device_fromLFR
438,quick,quick__test_device_MUX4to1__test_device_MUX4to1_fromLFR,test_device_MUX4to1/test_device_MUX4to1_fromLFR.json,/home/student/Desktop/Neptune_2026/Microfluidics-Benchmarks/Results/Quick_Examples/test_device_MUX4to1/test_device_MUX4to1_fromLFR.json,tree,success,,4.991,4.774309,0,,,,,,,,True,,,,/home/student/Desktop/Neptune_2026/Microfluidics-Benchmarks/Results/tree_full_20260915_040013/artifacts/quick__test_device_MUX4to1__test_device_MUX4to1_fromLFR/result.json,,Microfluidics-Benchmarks/Results/tree_full_20260915_040013/logs/quick__test_device_MUX4to1__test_device_MUX4to1_fromLFR.log,Microfluidics-Benchmarks/Results/tree_full_20260915_040013/artifacts/quick__test_device_MUX4to1__test_device_MUX4to1_fromLFR
439,quick,quick__test_device_two_MUX4to1__test_device_two_MUX4to1_fromLFR,test_device_two_MUX4to1/test_device_two_MUX4to1_fromLFR.json,/home/student/Desktop/Neptune_2026/Microfluidics-Benchmarks/Results/Quick_Examples/test_device_two_MUX4to1/test_device_two_MUX4to1_fromLFR.json,tree,success,,29.156,28.987801,0,,,,,,,,True,,,,/home/student/Desktop/Neptune_2026/Microfluidics-Benchmarks/Results/tree_full_20260915_040013/artifacts/quick__test_device_two_MUX4to1__test_device_two_MUX4to1_fromLFR/result.json,,Microfluidics-Benchmarks/Results/tree_full_20260915_040013/logs/quick__test_device_two_MUX4to1__test_device_two_MUX4to1_fromLFR.log,Microfluidics-Benchmarks/Results/tree_full_20260915_040013/artifacts/quick__test_device_two_MUX4to1__test_device_two_MUX4to1_fromLFR
440,quick,quick__test_DIY_crossing__test_DIY_crossing_fromLFR,test_DIY_crossing/test_DIY_crossing_fromLFR.json,/home/student/Desktop/Neptune_2026/Microfluidics-Benchmarks/Results/Quick_Examples/test_DIY_crossing/test_DIY_crossing_fromLFR.json,tree,success,,0.984,0.769453,0,,,,,,,,True,,,,/home/student/Desktop/Neptune_2026/Microfluidics-Benchmarks/Results/tree_full_20260915_040013/artifacts/quick__test_DIY_crossing__test_DIY_crossing_fromLFR/result.json,,Microfluidics-Benchmarks/Results/tree_full_20260915_040013/logs/quick__test_DIY_crossing__test_DIY_crossing_fromLFR.log,Microfluidics-Benchmarks/Results/tree_full_20260915_040013/artifacts/quick__test_DIY_crossing__test_DIY_crossing_fromLFR
441,quick,quick__test_DIY_fork__test_DIY_fork_fromLFR,test_DIY_fork/test_DIY_fork_fromLFR.json,/home/student/Desktop/Neptune_2026/Microfluidics-Benchmarks/Results/Quick_Examples/test_DIY_fork/test_DIY_fork_fromLFR.json,tree,success,,0.925,0.731324,0,,,,,,,,True,,,,/home/student/Desktop/Neptune_2026/Microfluidics-Benchmarks/Results/tree_full_20260915_040013/artifacts/quick__test_DIY_fork__test_DIY_fork_fromLFR/result.json,,Microfluidics-Benchmarks/Results/tree_full_20260915_040013/logs/quick__test_DIY_fork__test_DIY_fork_fromLFR.log,Microfluidics-Benchmarks/Results/tree_full_20260915_040013/artifacts/quick__test_DIY_fork__test_DIY_fork_fromLFR
442,quick,quick__three_in_mixer__three_in_mixer_fromLFR,three_in_mixer/three_in_mixer_fromLFR.json,/home/student/Desktop/Neptune_2026/Microfluidics-Benchmarks/Results/Quick_Examples/three_in_mixer/three_in_mixer_fromLFR.json,tree,success,,0.98,0.778935,0,,,,,,,,True,,,,/home/student/Desktop/Neptune_2026/Microfluidics-Benchmarks/Results/tree_full_20260915_040013/artifacts/quick__three_in_mixer__three_in_mixer_fromLFR/result.json,,Microfluidics-Benchmarks/Results/tree_full_20260915_040013/logs/quick__three_in_mixer__three_in_mixer_fromLFR.log,Microfluidics-Benchmarks/Results/tree_full_20260915_040013/artifacts/quick__three_in_mixer__three_in_mixer_fromLFR
443,quick,quick__two_in_mixer__two_in_mixer_fromLFR,two_in_mixer/two_in_mixer_fromLFR.json,/home/student/Desktop/Neptune_2026/Microfluidics-Benchmarks/Results/Quick_Examples/two_in_mixer/two_in_mixer_fromLFR.json,tree,success,,0.934,0.735582,0,,,,,,,,True,,,,/home/student/Desktop/Neptune_2026/Microfluidics-Benchmarks/Results/tree_full_20260915_040013/artifacts/quick__two_in_mixer__two_in_mixer_fromLFR/result.json,,Microfluidics-Benchmarks/Results/tree_full_20260915_040013/logs/quick__two_in_mixer__two_in_mixer_fromLFR.log,Microfluidics-Benchmarks/Results/tree_full_20260915_040013/artifacts/quick__two_in_mixer__two_in_mixer_fromLFR
