$ systemd-run --user --scope -q -p MemoryMax=64.0G -p MemorySwapMax=0 /home/student/anaconda3/envs/neptune2026/bin/python /home/student/Desktop/Neptune_2026/scripts/run_all_synthesize_timeout_report.py --_worker --algorithm tree --input /home/student/Desktop/Neptune_2026/Microfluidics-Benchmarks/Results/MINT_TestCases/Base/Super_MUX_1024/Super_MUX_1024_fromMINT.json --case-output /home/student/Desktop/Neptune_2026/Microfluidics-Benchmarks/Results/tree_full_20260918_081830/artifacts/mint__Base__Super_MUX_1024__Super_MUX_1024_fromMINT --time-limit 3600.0 --solver-profile standard --mip-gap 0.0
Finish loading test case: Super_MUX_1024_fromMINT
1/9, Finish initial placement, time spent: 0.0026369094848632812 s
[0, 4094800, 38000, 'mux_1024', 0] [[2047400.0, 0.0], [4093400.0, 38000.0], [4089400.0, 38000.0], [4085400.0, 38000.0], [4081400.0, 38000.0], [4077400.0, 38000.0], [4073400.0, 38000.0], [4069400.0, 38000.0], [4065400.0, 38000.0], [4061400.0, 38000.0], [4057400.0, 38000.0], [4053400.0, 38000.0], [4049400.0, 38000.0], [4045400.0, 38000.0], [4041400.0, 38000.0], [4037400.0, 38000.0], [4033400.0, 38000.0], [4029400.0, 38000.0], [4025400.0, 38000.0], [4021400.0, 38000.0], [4017400.0, 38000.0], [4013400.0, 38000.0], [4009400.0, 38000.0], [4005400.0, 38000.0], [4001400.0, 38000.0], [3997400.0, 38000.0], [3993400.0, 38000.0], [3989400.0, 38000.0], [3985400.0, 38000.0], [3981400.0, 38000.0], [3977400.0, 38000.0], [3973400.0, 38000.0], [3969400.0, 38000.0], [3965400.0, 38000.0], [3961400.0, 38000.0], [3957400.0, 38000.0], [3953400.0, 38000.0], [3949400.0, 38000.0], [3945400.0, 38000.0], [3941400.0, 38000.0], [3937400.0, 38000.0], [3933400.0, 38000.0], [3929400.0, 38000.0], [3925400.0, 38000.0], [3921400.0, 38000.0], [3917400.0, 38000.0], [3913400.0, 38000.0], [3909400.0, 38000.0], [3905400.0, 38000.0], [3901400.0, 38000.0], [3897400.0, 38000.0], [3893400.0, 38000.0], [3889400.0, 38000.0], [3885400.0, 38000.0], [3881400.0, 38000.0], [3877400.0, 38000.0], [3873400.0, 38000.0], [3869400.0, 38000.0], [3865400.0, 38000.0], [3861400.0, 38000.0], [3857400.0, 38000.0], [3853400.0, 38000.0], [3849400.0, 38000.0], [3845400.0, 38000.0], [3841400.0, 38000.0], [3837400.0, 38000.0], [3833400.0, 38000.0], [3829400.0, 38000.0], [3825400.0, 38000.0], [3821400.0, 38000.0], [3817400.0, 38000.0], [3813400.0, 38000.0], [3809400.0, 38000.0], [3805400.0, 38000.0], [3801400.0, 38000.0], [3797400.0, 38000.0], [3793400.0, 38000.0], [3789400.0, 38000.0], [3785400.0, 38000.0], [3781400.0, 38000.0], [3777400.0, 38000.0], [3773400.0, 38000.0], [3769400.0, 38000.0], [3765400.0, 38000.0], [3761400.0, 38000.0], [3757400.0, 38000.0], [3753400.0, 38000.0], [3749400.0, 38000.0], [3745400.0, 38000.0], [3741400.0, 38000.0], [3737400.0, 38000.0], [3733400.0, 38000.0], [3729400.0, 38000.0], [3725400.0, 38000.0], [3721400.0, 38000.0], [3717400.0, 38000.0], [3713400.0, 38000.0], [3709400.0, 38000.0], [3705400.0, 38000.0], [3701400.0, 38000.0], [3697400.0, 38000.0], [3693400.0, 38000.0], [3689400.0, 38000.0], [3685400.0, 38000.0], [3681400.0, 38000.0], [3677400.0, 38000.0], [3673400.0, 38000.0], [3669400.0, 38000.0], [3665400.0, 38000.0], [3661400.0, 38000.0], [3657400.0, 38000.0], [3653400.0, 38000.0], [3649400.0, 38000.0], [3645400.0, 38000.0], [3641400.0, 38000.0], [3637400.0, 38000.0], [3633400.0, 38000.0], [3629400.0, 38000.0], [3625400.0, 38000.0], [3621400.0, 38000.0], [3617400.0, 38000.0], [3613400.0, 38000.0], [3609400.0, 38000.0], [3605400.0, 38000.0], [3601400.0, 38000.0], [3597400.0, 38000.0], [3593400.0, 38000.0], [3589400.0, 38000.0], [3585400.0, 38000.0], [3581400.0, 38000.0], [3577400.0, 38000.0], [3573400.0, 38000.0], [3569400.0, 38000.0], [3565400.0, 38000.0], [3561400.0, 38000.0], [3557400.0, 38000.0], [3553400.0, 38000.0], [3549400.0, 38000.0], [3545400.0, 38000.0], [3541400.0, 38000.0], [3537400.0, 38000.0], [3533400.0, 38000.0], [3529400.0, 38000.0], [3525400.0, 38000.0], [3521400.0, 38000.0], [3517400.0, 38000.0], [3513400.0, 38000.0], [3509400.0, 38000.0], [3505400.0, 38000.0], [3501400.0, 38000.0], [3497400.0, 38000.0], [3493400.0, 38000.0], [3489400.0, 38000.0], [3485400.0, 38000.0], [3481400.0, 38000.0], [3477400.0, 38000.0], [3473400.0, 38000.0], [3469400.0, 38000.0], [3465400.0, 38000.0], [3461400.0, 38000.0], [3457400.0, 38000.0], [3453400.0, 38000.0], [3449400.0, 38000.0], [3445400.0, 38000.0], [3441400.0, 38000.0], [3437400.0, 38000.0], [3433400.0, 38000.0], [3429400.0, 38000.0], [3425400.0, 38000.0], [3421400.0, 38000.0], [3417400.0, 38000.0], [3413400.0, 38000.0], [3409400.0, 38000.0], [3405400.0, 38000.0], [3401400.0, 38000.0], [3397400.0, 38000.0], [3393400.0, 38000.0], [3389400.0, 38000.0], [3385400.0, 38000.0], [3381400.0, 38000.0], [3377400.0, 38000.0], [3373400.0, 38000.0], [3369400.0, 38000.0], [3365400.0, 38000.0], [3361400.0, 38000.0], [3357400.0, 38000.0], [3353400.0, 38000.0], [3349400.0, 38000.0], [3345400.0, 38000.0], [3341400.0, 38000.0], [3337400.0, 38000.0], [3333400.0, 38000.0], [3329400.0, 38000.0], [3325400.0, 38000.0], [3321400.0, 38000.0], [3317400.0, 38000.0], [3313400.0, 38000.0], [3309400.0, 38000.0], [3305400.0, 38000.0], [3301400.0, 38000.0], [3297400.0, 38000.0], [3293400.0, 38000.0], [3289400.0, 38000.0], [3285400.0, 38000.0], [3281400.0, 38000.0], [3277400.0, 38000.0], [3273400.0, 38000.0], [3269400.0, 38000.0], [3265400.0, 38000.0], [3261400.0, 38000.0], [3257400.0, 38000.0], [3253400.0, 38000.0], [3249400.0, 38000.0], [3245400.0, 38000.0], [3241400.0, 38000.0], [3237400.0, 38000.0], [3233400.0, 38000.0], [3229400.0, 38000.0], [3225400.0, 38000.0], [3221400.0, 38000.0], [3217400.0, 38000.0], [3213400.0, 38000.0], [3209400.0, 38000.0], [3205400.0, 38000.0], [3201400.0, 38000.0], [3197400.0, 38000.0], [3193400.0, 38000.0], [3189400.0, 38000.0], [3185400.0, 38000.0], [3181400.0, 38000.0], [3177400.0, 38000.0], [3173400.0, 38000.0], [3169400.0, 38000.0], [3165400.0, 38000.0], [3161400.0, 38000.0], [3157400.0, 38000.0], [3153400.0, 38000.0], [3149400.0, 38000.0], [3145400.0, 38000.0], [3141400.0, 38000.0], [3137400.0, 38000.0], [3133400.0, 38000.0], [3129400.0, 38000.0], [3125400.0, 38000.0], [3121400.0, 38000.0], [3117400.0, 38000.0], [3113400.0, 38000.0], [3109400.0, 38000.0], [3105400.0, 38000.0], [3101400.0, 38000.0], [3097400.0, 38000.0], [3093400.0, 38000.0], [3089400.0, 38000.0], [3085400.0, 38000.0], [3081400.0, 38000.0], [3077400.0, 38000.0], [3073400.0, 38000.0], [3069400.0, 38000.0], [3065400.0, 38000.0], [3061400.0, 38000.0], [3057400.0, 38000.0], [3053400.0, 38000.0], [3049400.0, 38000.0], [3045400.0, 38000.0], [3041400.0, 38000.0], [3037400.0, 38000.0], [3033400.0, 38000.0], [3029400.0, 38000.0], [3025400.0, 38000.0], [3021400.0, 38000.0], [3017400.0, 38000.0], [3013400.0, 38000.0], [3009400.0, 38000.0], [3005400.0, 38000.0], [3001400.0, 38000.0], [2997400.0, 38000.0], [2993400.0, 38000.0], [2989400.0, 38000.0], [2985400.0, 38000.0], [2981400.0, 38000.0], [2977400.0, 38000.0], [2973400.0, 38000.0], [2969400.0, 38000.0], [2965400.0, 38000.0], [2961400.0, 38000.0], [2957400.0, 38000.0], [2953400.0, 38000.0], [2949400.0, 38000.0], [2945400.0, 38000.0], [2941400.0, 38000.0], [2937400.0, 38000.0], [2933400.0, 38000.0], [2929400.0, 38000.0], [2925400.0, 38000.0], [2921400.0, 38000.0], [2917400.0, 38000.0], [2913400.0, 38000.0], [2909400.0, 38000.0], [2905400.0, 38000.0], [2901400.0, 38000.0], [2897400.0, 38000.0], [2893400.0, 38000.0], [2889400.0, 38000.0], [2885400.0, 38000.0], [2881400.0, 38000.0], [2877400.0, 38000.0], [2873400.0, 38000.0], [2869400.0, 38000.0], [2865400.0, 38000.0], [2861400.0, 38000.0], [2857400.0, 38000.0], [2853400.0, 38000.0], [2849400.0, 38000.0], [2845400.0, 38000.0], [2841400.0, 38000.0], [2837400.0, 38000.0], [2833400.0, 38000.0], [2829400.0, 38000.0], [2825400.0, 38000.0], [2821400.0, 38000.0], [2817400.0, 38000.0], [2813400.0, 38000.0], [2809400.0, 38000.0], [2805400.0, 38000.0], [2801400.0, 38000.0], [2797400.0, 38000.0], [2793400.0, 38000.0], [2789400.0, 38000.0], [2785400.0, 38000.0], [2781400.0, 38000.0], [2777400.0, 38000.0], [2773400.0, 38000.0], [2769400.0, 38000.0], [2765400.0, 38000.0], [2761400.0, 38000.0], [2757400.0, 38000.0], [2753400.0, 38000.0], [2749400.0, 38000.0], [2745400.0, 38000.0], [2741400.0, 38000.0], [2737400.0, 38000.0], [2733400.0, 38000.0], [2729400.0, 38000.0], [2725400.0, 38000.0], [2721400.0, 38000.0], [2717400.0, 38000.0], [2713400.0, 38000.0], [2709400.0, 38000.0], [2705400.0, 38000.0], [2701400.0, 38000.0], [2697400.0, 38000.0], [2693400.0, 38000.0], [2689400.0, 38000.0], [2685400.0, 38000.0], [2681400.0, 38000.0], [2677400.0, 38000.0], [2673400.0, 38000.0], [2669400.0, 38000.0], [2665400.0, 38000.0], [2661400.0, 38000.0], [2657400.0, 38000.0], [2653400.0, 38000.0], [2649400.0, 38000.0], [2645400.0, 38000.0], [2641400.0, 38000.0], [2637400.0, 38000.0], [2633400.0, 38000.0], [2629400.0, 38000.0], [2625400.0, 38000.0], [2621400.0, 38000.0], [2617400.0, 38000.0], [2613400.0, 38000.0], [2609400.0, 38000.0], [2605400.0, 38000.0], [2601400.0, 38000.0], [2597400.0, 38000.0], [2593400.0, 38000.0], [2589400.0, 38000.0], [2585400.0, 38000.0], [2581400.0, 38000.0], [2577400.0, 38000.0], [2573400.0, 38000.0], [2569400.0, 38000.0], [2565400.0, 38000.0], [2561400.0, 38000.0], [2557400.0, 38000.0], [2553400.0, 38000.0], [2549400.0, 38000.0], [2545400.0, 38000.0], [2541400.0, 38000.0], [2537400.0, 38000.0], [2533400.0, 38000.0], [2529400.0, 38000.0], [2525400.0, 38000.0], [2521400.0, 38000.0], [2517400.0, 38000.0], [2513400.0, 38000.0], [2509400.0, 38000.0], [2505400.0, 38000.0], [2501400.0, 38000.0], [2497400.0, 38000.0], [2493400.0, 38000.0], [2489400.0, 38000.0], [2485400.0, 38000.0], [2481400.0, 38000.0], [2477400.0, 38000.0], [2473400.0, 38000.0], [2469400.0, 38000.0], [2465400.0, 38000.0], [2461400.0, 38000.0], [2457400.0, 38000.0], [2453400.0, 38000.0], [2449400.0, 38000.0], [2445400.0, 38000.0], [2441400.0, 38000.0], [2437400.0, 38000.0], [2433400.0, 38000.0], [2429400.0, 38000.0], [2425400.0, 38000.0], [2421400.0, 38000.0], [2417400.0, 38000.0], [2413400.0, 38000.0], [2409400.0, 38000.0], [2405400.0, 38000.0], [2401400.0, 38000.0], [2397400.0, 38000.0], [2393400.0, 38000.0], [2389400.0, 38000.0], [2385400.0, 38000.0], [2381400.0, 38000.0], [2377400.0, 38000.0], [2373400.0, 38000.0], [2369400.0, 38000.0], [2365400.0, 38000.0], [2361400.0, 38000.0], [2357400.0, 38000.0], [2353400.0, 38000.0], [2349400.0, 38000.0], [2345400.0, 38000.0], [2341400.0, 38000.0], [2337400.0, 38000.0], [2333400.0, 38000.0], [2329400.0, 38000.0], [2325400.0, 38000.0], [2321400.0, 38000.0], [2317400.0, 38000.0], [2313400.0, 38000.0], [2309400.0, 38000.0], [2305400.0, 38000.0], [2301400.0, 38000.0], [2297400.0, 38000.0], [2293400.0, 38000.0], [2289400.0, 38000.0], [2285400.0, 38000.0], [2281400.0, 38000.0], [2277400.0, 38000.0], [2273400.0, 38000.0], [2269400.0, 38000.0], [2265400.0, 38000.0], [2261400.0, 38000.0], [2257400.0, 38000.0], [2253400.0, 38000.0], [2249400.0, 38000.0], [2245400.0, 38000.0], [2241400.0, 38000.0], [2237400.0, 38000.0], [2233400.0, 38000.0], [2229400.0, 38000.0], [2225400.0, 38000.0], [2221400.0, 38000.0], [2217400.0, 38000.0], [2213400.0, 38000.0], [2209400.0, 38000.0], [2205400.0, 38000.0], [2201400.0, 38000.0], [2197400.0, 38000.0], [2193400.0, 38000.0], [2189400.0, 38000.0], [2185400.0, 38000.0], [2181400.0, 38000.0], [2177400.0, 38000.0], [2173400.0, 38000.0], [2169400.0, 38000.0], [2165400.0, 38000.0], [2161400.0, 38000.0], [2157400.0, 38000.0], [2153400.0, 38000.0], [2149400.0, 38000.0], [2145400.0, 38000.0], [2141400.0, 38000.0], [2137400.0, 38000.0], [2133400.0, 38000.0], [2129400.0, 38000.0], [2125400.0, 38000.0], [2121400.0, 38000.0], [2117400.0, 38000.0], [2113400.0, 38000.0], [2109400.0, 38000.0], [2105400.0, 38000.0], [2101400.0, 38000.0], [2097400.0, 38000.0], [2093400.0, 38000.0], [2089400.0, 38000.0], [2085400.0, 38000.0], [2081400.0, 38000.0], [2077400.0, 38000.0], [2073400.0, 38000.0], [2069400.0, 38000.0], [2065400.0, 38000.0], [2061400.0, 38000.0], [2057400.0, 38000.0], [2053400.0, 38000.0], [2049400.0, 38000.0], [2045400.0, 38000.0], [2041400.0, 38000.0], [2037400.0, 38000.0], [2033400.0, 38000.0], [2029400.0, 38000.0], [2025400.0, 38000.0], [2021400.0, 38000.0], [2017400.0, 38000.0], [2013400.0, 38000.0], [2009400.0, 38000.0], [2005400.0, 38000.0], [2001400.0, 38000.0], [1997400.0, 38000.0], [1993400.0, 38000.0], [1989400.0, 38000.0], [1985400.0, 38000.0], [1981400.0, 38000.0], [1977400.0, 38000.0], [1973400.0, 38000.0], [1969400.0, 38000.0], [1965400.0, 38000.0], [1961400.0, 38000.0], [1957400.0, 38000.0], [1953400.0, 38000.0], [1949400.0, 38000.0], [1945400.0, 38000.0], [1941400.0, 38000.0], [1937400.0, 38000.0], [1933400.0, 38000.0], [1929400.0, 38000.0], [1925400.0, 38000.0], [1921400.0, 38000.0], [1917400.0, 38000.0], [1913400.0, 38000.0], [1909400.0, 38000.0], [1905400.0, 38000.0], [1901400.0, 38000.0], [1897400.0, 38000.0], [1893400.0, 38000.0], [1889400.0, 38000.0], [1885400.0, 38000.0], [1881400.0, 38000.0], [1877400.0, 38000.0], [1873400.0, 38000.0], [1869400.0, 38000.0], [1865400.0, 38000.0], [1861400.0, 38000.0], [1857400.0, 38000.0], [1853400.0, 38000.0], [1849400.0, 38000.0], [1845400.0, 38000.0], [1841400.0, 38000.0], [1837400.0, 38000.0], [1833400.0, 38000.0], [1829400.0, 38000.0], [1825400.0, 38000.0], [1821400.0, 38000.0], [1817400.0, 38000.0], [1813400.0, 38000.0], [1809400.0, 38000.0], [1805400.0, 38000.0], [1801400.0, 38000.0], [1797400.0, 38000.0], [1793400.0, 38000.0], [1789400.0, 38000.0], [1785400.0, 38000.0], [1781400.0, 38000.0], [1777400.0, 38000.0], [1773400.0, 38000.0], [1769400.0, 38000.0], [1765400.0, 38000.0], [1761400.0, 38000.0], [1757400.0, 38000.0], [1753400.0, 38000.0], [1749400.0, 38000.0], [1745400.0, 38000.0], [1741400.0, 38000.0], [1737400.0, 38000.0], [1733400.0, 38000.0], [1729400.0, 38000.0], [1725400.0, 38000.0], [1721400.0, 38000.0], [1717400.0, 38000.0], [1713400.0, 38000.0], [1709400.0, 38000.0], [1705400.0, 38000.0], [1701400.0, 38000.0], [1697400.0, 38000.0], [1693400.0, 38000.0], [1689400.0, 38000.0], [1685400.0, 38000.0], [1681400.0, 38000.0], [1677400.0, 38000.0], [1673400.0, 38000.0], [1669400.0, 38000.0], [1665400.0, 38000.0], [1661400.0, 38000.0], [1657400.0, 38000.0], [1653400.0, 38000.0], [1649400.0, 38000.0], [1645400.0, 38000.0], [1641400.0, 38000.0], [1637400.0, 38000.0], [1633400.0, 38000.0], [1629400.0, 38000.0], [1625400.0, 38000.0], [1621400.0, 38000.0], [1617400.0, 38000.0], [1613400.0, 38000.0], [1609400.0, 38000.0], [1605400.0, 38000.0], [1601400.0, 38000.0], [1597400.0, 38000.0], [1593400.0, 38000.0], [1589400.0, 38000.0], [1585400.0, 38000.0], [1581400.0, 38000.0], [1577400.0, 38000.0], [1573400.0, 38000.0], [1569400.0, 38000.0], [1565400.0, 38000.0], [1561400.0, 38000.0], [1557400.0, 38000.0], [1553400.0, 38000.0], [1549400.0, 38000.0], [1545400.0, 38000.0], [1541400.0, 38000.0], [1537400.0, 38000.0], [1533400.0, 38000.0], [1529400.0, 38000.0], [1525400.0, 38000.0], [1521400.0, 38000.0], [1517400.0, 38000.0], [1513400.0, 38000.0], [1509400.0, 38000.0], [1505400.0, 38000.0], [1501400.0, 38000.0], [1497400.0, 38000.0], [1493400.0, 38000.0], [1489400.0, 38000.0], [1485400.0, 38000.0], [1481400.0, 38000.0], [1477400.0, 38000.0], [1473400.0, 38000.0], [1469400.0, 38000.0], [1465400.0, 38000.0], [1461400.0, 38000.0], [1457400.0, 38000.0], [1453400.0, 38000.0], [1449400.0, 38000.0], [1445400.0, 38000.0], [1441400.0, 38000.0], [1437400.0, 38000.0], [1433400.0, 38000.0], [1429400.0, 38000.0], [1425400.0, 38000.0], [1421400.0, 38000.0], [1417400.0, 38000.0], [1413400.0, 38000.0], [1409400.0, 38000.0], [1405400.0, 38000.0], [1401400.0, 38000.0], [1397400.0, 38000.0], [1393400.0, 38000.0], [1389400.0, 38000.0], [1385400.0, 38000.0], [1381400.0, 38000.0], [1377400.0, 38000.0], [1373400.0, 38000.0], [1369400.0, 38000.0], [1365400.0, 38000.0], [1361400.0, 38000.0], [1357400.0, 38000.0], [1353400.0, 38000.0], [1349400.0, 38000.0], [1345400.0, 38000.0], [1341400.0, 38000.0], [1337400.0, 38000.0], [1333400.0, 38000.0], [1329400.0, 38000.0], [1325400.0, 38000.0], [1321400.0, 38000.0], [1317400.0, 38000.0], [1313400.0, 38000.0], [1309400.0, 38000.0], [1305400.0, 38000.0], [1301400.0, 38000.0], [1297400.0, 38000.0], [1293400.0, 38000.0], [1289400.0, 38000.0], [1285400.0, 38000.0], [1281400.0, 38000.0], [1277400.0, 38000.0], [1273400.0, 38000.0], [1269400.0, 38000.0], [1265400.0, 38000.0], [1261400.0, 38000.0], [1257400.0, 38000.0], [1253400.0, 38000.0], [1249400.0, 38000.0], [1245400.0, 38000.0], [1241400.0, 38000.0], [1237400.0, 38000.0], [1233400.0, 38000.0], [1229400.0, 38000.0], [1225400.0, 38000.0], [1221400.0, 38000.0], [1217400.0, 38000.0], [1213400.0, 38000.0], [1209400.0, 38000.0], [1205400.0, 38000.0], [1201400.0, 38000.0], [1197400.0, 38000.0], [1193400.0, 38000.0], [1189400.0, 38000.0], [1185400.0, 38000.0], [1181400.0, 38000.0], [1177400.0, 38000.0], [1173400.0, 38000.0], [1169400.0, 38000.0], [1165400.0, 38000.0], [1161400.0, 38000.0], [1157400.0, 38000.0], [1153400.0, 38000.0], [1149400.0, 38000.0], [1145400.0, 38000.0], [1141400.0, 38000.0], [1137400.0, 38000.0], [1133400.0, 38000.0], [1129400.0, 38000.0], [1125400.0, 38000.0], [1121400.0, 38000.0], [1117400.0, 38000.0], [1113400.0, 38000.0], [1109400.0, 38000.0], [1105400.0, 38000.0], [1101400.0, 38000.0], [1097400.0, 38000.0], [1093400.0, 38000.0], [1089400.0, 38000.0], [1085400.0, 38000.0], [1081400.0, 38000.0], [1077400.0, 38000.0], [1073400.0, 38000.0], [1069400.0, 38000.0], [1065400.0, 38000.0], [1061400.0, 38000.0], [1057400.0, 38000.0], [1053400.0, 38000.0], [1049400.0, 38000.0], [1045400.0, 38000.0], [1041400.0, 38000.0], [1037400.0, 38000.0], [1033400.0, 38000.0], [1029400.0, 38000.0], [1025400.0, 38000.0], [1021400.0, 38000.0], [1017400.0, 38000.0], [1013400.0, 38000.0], [1009400.0, 38000.0], [1005400.0, 38000.0], [1001400.0, 38000.0], [997400.0, 38000.0], [993400.0, 38000.0], [989400.0, 38000.0], [985400.0, 38000.0], [981400.0, 38000.0], [977400.0, 38000.0], [973400.0, 38000.0], [969400.0, 38000.0], [965400.0, 38000.0], [961400.0, 38000.0], [957400.0, 38000.0], [953400.0, 38000.0], [949400.0, 38000.0], [945400.0, 38000.0], [941400.0, 38000.0], [937400.0, 38000.0], [933400.0, 38000.0], [929400.0, 38000.0], [925400.0, 38000.0], [921400.0, 38000.0], [917400.0, 38000.0], [913400.0, 38000.0], [909400.0, 38000.0], [905400.0, 38000.0], [901400.0, 38000.0], [897400.0, 38000.0], [893400.0, 38000.0], [889400.0, 38000.0], [885400.0, 38000.0], [881400.0, 38000.0], [877400.0, 38000.0], [873400.0, 38000.0], [869400.0, 38000.0], [865400.0, 38000.0], [861400.0, 38000.0], [857400.0, 38000.0], [853400.0, 38000.0], [849400.0, 38000.0], [845400.0, 38000.0], [841400.0, 38000.0], [837400.0, 38000.0], [833400.0, 38000.0], [829400.0, 38000.0], [825400.0, 38000.0], [821400.0, 38000.0], [817400.0, 38000.0], [813400.0, 38000.0], [809400.0, 38000.0], [805400.0, 38000.0], [801400.0, 38000.0], [797400.0, 38000.0], [793400.0, 38000.0], [789400.0, 38000.0], [785400.0, 38000.0], [781400.0, 38000.0], [777400.0, 38000.0], [773400.0, 38000.0], [769400.0, 38000.0], [765400.0, 38000.0], [761400.0, 38000.0], [757400.0, 38000.0], [753400.0, 38000.0], [749400.0, 38000.0], [745400.0, 38000.0], [741400.0, 38000.0], [737400.0, 38000.0], [733400.0, 38000.0], [729400.0, 38000.0], [725400.0, 38000.0], [721400.0, 38000.0], [717400.0, 38000.0], [713400.0, 38000.0], [709400.0, 38000.0], [705400.0, 38000.0], [701400.0, 38000.0], [697400.0, 38000.0], [693400.0, 38000.0], [689400.0, 38000.0], [685400.0, 38000.0], [681400.0, 38000.0], [677400.0, 38000.0], [673400.0, 38000.0], [669400.0, 38000.0], [665400.0, 38000.0], [661400.0, 38000.0], [657400.0, 38000.0], [653400.0, 38000.0], [649400.0, 38000.0], [645400.0, 38000.0], [641400.0, 38000.0], [637400.0, 38000.0], [633400.0, 38000.0], [629400.0, 38000.0], [625400.0, 38000.0], [621400.0, 38000.0], [617400.0, 38000.0], [613400.0, 38000.0], [609400.0, 38000.0], [605400.0, 38000.0], [601400.0, 38000.0], [597400.0, 38000.0], [593400.0, 38000.0], [589400.0, 38000.0], [585400.0, 38000.0], [581400.0, 38000.0], [577400.0, 38000.0], [573400.0, 38000.0], [569400.0, 38000.0], [565400.0, 38000.0], [561400.0, 38000.0], [557400.0, 38000.0], [553400.0, 38000.0], [549400.0, 38000.0], [545400.0, 38000.0], [541400.0, 38000.0], [537400.0, 38000.0], [533400.0, 38000.0], [529400.0, 38000.0], [525400.0, 38000.0], [521400.0, 38000.0], [517400.0, 38000.0], [513400.0, 38000.0], [509400.0, 38000.0], [505400.0, 38000.0], [501400.0, 38000.0], [497400.0, 38000.0], [493400.0, 38000.0], [489400.0, 38000.0], [485400.0, 38000.0], [481400.0, 38000.0], [477400.0, 38000.0], [473400.0, 38000.0], [469400.0, 38000.0], [465400.0, 38000.0], [461400.0, 38000.0], [457400.0, 38000.0], [453400.0, 38000.0], [449400.0, 38000.0], [445400.0, 38000.0], [441400.0, 38000.0], [437400.0, 38000.0], [433400.0, 38000.0], [429400.0, 38000.0], [425400.0, 38000.0], [421400.0, 38000.0], [417400.0, 38000.0], [413400.0, 38000.0], [409400.0, 38000.0], [405400.0, 38000.0], [401400.0, 38000.0], [397400.0, 38000.0], [393400.0, 38000.0], [389400.0, 38000.0], [385400.0, 38000.0], [381400.0, 38000.0], [377400.0, 38000.0], [373400.0, 38000.0], [369400.0, 38000.0], [365400.0, 38000.0], [361400.0, 38000.0], [357400.0, 38000.0], [353400.0, 38000.0], [349400.0, 38000.0], [345400.0, 38000.0], [341400.0, 38000.0], [337400.0, 38000.0], [333400.0, 38000.0], [329400.0, 38000.0], [325400.0, 38000.0], [321400.0, 38000.0], [317400.0, 38000.0], [313400.0, 38000.0], [309400.0, 38000.0], [305400.0, 38000.0], [301400.0, 38000.0], [297400.0, 38000.0], [293400.0, 38000.0], [289400.0, 38000.0], [285400.0, 38000.0], [281400.0, 38000.0], [277400.0, 38000.0], [273400.0, 38000.0], [269400.0, 38000.0], [265400.0, 38000.0], [261400.0, 38000.0], [257400.0, 38000.0], [253400.0, 38000.0], [249400.0, 38000.0], [245400.0, 38000.0], [241400.0, 38000.0], [237400.0, 38000.0], [233400.0, 38000.0], [229400.0, 38000.0], [225400.0, 38000.0], [221400.0, 38000.0], [217400.0, 38000.0], [213400.0, 38000.0], [209400.0, 38000.0], [205400.0, 38000.0], [201400.0, 38000.0], [197400.0, 38000.0], [193400.0, 38000.0], [189400.0, 38000.0], [185400.0, 38000.0], [181400.0, 38000.0], [177400.0, 38000.0], [173400.0, 38000.0], [169400.0, 38000.0], [165400.0, 38000.0], [161400.0, 38000.0], [157400.0, 38000.0], [153400.0, 38000.0], [149400.0, 38000.0], [145400.0, 38000.0], [141400.0, 38000.0], [137400.0, 38000.0], [133400.0, 38000.0], [129400.0, 38000.0], [125400.0, 38000.0], [121400.0, 38000.0], [117400.0, 38000.0], [113400.0, 38000.0], [109400.0, 38000.0], [105400.0, 38000.0], [101400.0, 38000.0], [97400.0, 38000.0], [93400.0, 38000.0], [89400.0, 38000.0], [85400.0, 38000.0], [81400.0, 38000.0], [77400.0, 38000.0], [73400.0, 38000.0], [69400.0, 38000.0], [65400.0, 38000.0], [61400.0, 38000.0], [57400.0, 38000.0], [53400.0, 38000.0], [49400.0, 38000.0], [45400.0, 38000.0], [41400.0, 38000.0], [37400.0, 38000.0], [33400.0, 38000.0], [29400.0, 38000.0], [25400.0, 38000.0], [21400.0, 38000.0], [17400.0, 38000.0], [13400.0, 38000.0], [9400.0, 38000.0], [5400.0, 38000.0], [1400.0, 38000.0], [0.0, 4750.0], [4094800.0, 5250.0], [0.0, 8250.0], [4094800.0, 8750.0], [0.0, 11750.0], [4094800.0, 12250.0], [0.0, 15250.0], [4094800.0, 15750.0], [0.0, 18750.0], [4094800.0, 19250.0], [0.0, 22250.0], [4094800.0, 22750.0], [0.0, 25750.0], [4094800.0, 26250.0], [0.0, 29250.0], [4094800.0, 29750.0], [0.0, 32750.0], [4094800.0, 33250.0], [0.0, 36250.0], [4094800.0, 36750.0]]
[1, 2000, 2000, 'port_out', 0] [[1000, 0], [2000, 1000], [1000, 2000], [0, 1000]]
[2, 2000, 2000, 'port_in_1', 0] [[1000, 0], [2000, 1000], [1000, 2000], [0, 1000]]
[3, 2000, 2000, 'port_in_2', 0] [[1000, 0], [2000, 1000], [1000, 2000], [0, 1000]]
[4, 2000, 2000, 'port_in_3', 0] [[1000, 0], [2000, 1000], [1000, 2000], [0, 1000]]
[5, 2000, 2000, 'port_in_4', 0] [[1000, 0], [2000, 1000], [1000, 2000], [0, 1000]]
[6, 2000, 2000, 'port_in_5', 0] [[1000, 0], [2000, 1000], [1000, 2000], [0, 1000]]
[7, 2000, 2000, 'port_in_6', 0] [[1000, 0], [2000, 1000], [1000, 2000], [0, 1000]]
[8, 2000, 2000, 'port_in_7', 0] [[1000, 0], [2000, 1000], [1000, 2000], [0, 1000]]
[9, 2000, 2000, 'port_in_8', 0] [[1000, 0], [2000, 1000], [1000, 2000], [0, 1000]]
[10, 2000, 2000, 'port_in_9', 0] [[1000, 0], [2000, 1000], [1000, 2000], [0, 1000]]
[11, 2000, 2000, 'port_in_10', 0] [[1000, 0], [2000, 1000], [1000, 2000], [0, 1000]]
[12, 2000, 2000, 'port_in_11', 0] [[1000, 0], [2000, 1000], [1000, 2000], [0, 1000]]
[13, 2000, 2000, 'port_in_12', 0] [[1000, 0], [2000, 1000], [1000, 2000], [0, 1000]]
[14, 2000, 2000, 'port_in_13', 0] [[1000, 0], [2000, 1000], [1000, 2000], [0, 1000]]
[15, 2000, 2000, 'port_in_14', 0] [[1000, 0], [2000, 1000], [1000, 2000], [0, 1000]]
[16, 2000, 2000, 'port_in_15', 0] [[1000, 0], [2000, 1000], [1000, 2000], [0, 1000]]
[17, 2000, 2000, 'port_in_16', 0] [[1000, 0], [2000, 1000], [1000, 2000], [0, 1000]]
[18, 2000, 2000, 'port_in_17', 0] [[1000, 0], [2000, 1000], [1000, 2000], [0, 1000]]
[19, 2000, 2000, 'port_in_18', 0] [[1000, 0], [2000, 1000], [1000, 2000], [0, 1000]]
[20, 2000, 2000, 'port_in_19', 0] [[1000, 0], [2000, 1000], [1000, 2000], [0, 1000]]
[21, 2000, 2000, 'port_in_20', 0] [[1000, 0], [2000, 1000], [1000, 2000], [0, 1000]]
[22, 2000, 2000, 'port_in_21', 0] [[1000, 0], [2000, 1000], [1000, 2000], [0, 1000]]
[23, 2000, 2000, 'port_in_22', 0] [[1000, 0], [2000, 1000], [1000, 2000], [0, 1000]]
[24, 2000, 2000, 'port_in_23', 0] [[1000, 0], [2000, 1000], [1000, 2000], [0, 1000]]
[25, 2000, 2000, 'port_in_24', 0] [[1000, 0], [2000, 1000], [1000, 2000], [0, 1000]]
[26, 2000, 2000, 'port_in_25', 0] [[1000, 0], [2000, 1000], [1000, 2000], [0, 1000]]
[27, 2000, 2000, 'port_in_26', 0] [[1000, 0], [2000, 1000], [1000, 2000], [0, 1000]]
[28, 2000, 2000, 'port_in_27', 0] [[1000, 0], [2000, 1000], [1000, 2000], [0, 1000]]
[29, 2000, 2000, 'port_in_28', 0] [[1000, 0], [2000, 1000], [1000, 2000], [0, 1000]]
[30, 2000, 2000, 'port_in_29', 0] [[1000, 0], [2000, 1000], [1000, 2000], [0, 1000]]
[31, 2000, 2000, 'port_in_30', 0] [[1000, 0], [2000, 1000], [1000, 2000], [0, 1000]]
[32, 2000, 2000, 'port_in_31', 0] [[1000, 0], [2000, 1000], [1000, 2000], [0, 1000]]
[33, 2000, 2000, 'port_in_32', 0] [[1000, 0], [2000, 1000], [1000, 2000], [0, 1000]]
[34, 2000, 2000, 'port_in_33', 0] [[1000, 0], [2000, 1000], [1000, 2000], [0, 1000]]
[35, 2000, 2000, 'port_in_34', 0] [[1000, 0], [2000, 1000], [1000, 2000], [0, 1000]]
[36, 2000, 2000, 'port_in_35', 0] [[1000, 0], [2000, 1000], [1000, 2000], [0, 1000]]
[37, 2000, 2000, 'port_in_36', 0] [[1000, 0], [2000, 1000], [1000, 2000], [0, 1000]]
[38, 2000, 2000, 'port_in_37', 0] [[1000, 0], [2000, 1000], [1000, 2000], [0, 1000]]
[39, 2000, 2000, 'port_in_38', 0] [[1000, 0], [2000, 1000], [1000, 2000], [0, 1000]]
[40, 2000, 2000, 'port_in_39', 0] [[1000, 0], [2000, 1000], [1000, 2000], [0, 1000]]
[41, 2000, 2000, 'port_in_40', 0] [[1000, 0], [2000, 1000], [1000, 2000], [0, 1000]]
[42, 2000, 2000, 'port_in_41', 0] [[1000, 0], [2000, 1000], [1000, 2000], [0, 1000]]
[43, 2000, 2000, 'port_in_42', 0] [[1000, 0], [2000, 1000], [1000, 2000], [0, 1000]]
[44, 2000, 2000, 'port_in_43', 0] [[1000, 0], [2000, 1000], [1000, 2000], [0, 1000]]
[45, 2000, 2000, 'port_in_44', 0] [[1000, 0], [2000, 1000], [1000, 2000], [0, 1000]]
[46, 2000, 2000, 'port_in_45', 0] [[1000, 0], [2000, 1000], [1000, 2000], [0, 1000]]
[47, 2000, 2000, 'port_in_46', 0] [[1000, 0], [2000, 1000], [1000, 2000], [0, 1000]]
[48, 2000, 2000, 'port_in_47', 0] [[1000, 0], [2000, 1000], [1000, 2000], [0, 1000]]
[49, 2000, 2000, 'port_in_48', 0] [[1000, 0], [2000, 1000], [1000, 2000], [0, 1000]]
[50, 2000, 2000, 'port_in_49', 0] [[1000, 0], [2000, 1000], [1000, 2000], [0, 1000]]
[51, 2000, 2000, 'port_in_50', 0] [[1000, 0], [2000, 1000], [1000, 2000], [0, 1000]]
[52, 2000, 2000, 'port_in_51', 0] [[1000, 0], [2000, 1000], [1000, 2000], [0, 1000]]
[53, 2000, 2000, 'port_in_52', 0] [[1000, 0], [2000, 1000], [1000, 2000], [0, 1000]]
[54, 2000, 2000, 'port_in_53', 0] [[1000, 0], [2000, 1000], [1000, 2000], [0, 1000]]
[55, 2000, 2000, 'port_in_54', 0] [[1000, 0], [2000, 1000], [1000, 2000], [0, 1000]]
[56, 2000, 2000, 'port_in_55', 0] [[1000, 0], [2000, 1000], [1000, 2000], [0, 1000]]
[57, 2000, 2000, 'port_in_56', 0] [[1000, 0], [2000, 1000], [1000, 2000], [0, 1000]]
[58, 2000, 2000, 'port_in_57', 0] [[1000, 0], [2000, 1000], [1000, 2000], [0, 1000]]
[59, 2000, 2000, 'port_in_58', 0] [[1000, 0], [2000, 1000], [1000, 2000], [0, 1000]]
[60, 2000, 2000, 'port_in_59', 0] [[1000, 0], [2000, 1000], [1000, 2000], [0, 1000]]
[61, 2000, 2000, 'port_in_60', 0] [[1000, 0], [2000, 1000], [1000, 2000], [0, 1000]]
[62, 2000, 2000, 'port_in_61', 0] [[1000, 0], [2000, 1000], [1000, 2000], [0, 1000]]
[63, 2000, 2000, 'port_in_62', 0] [[1000, 0], [2000, 1000], [1000, 2000], [0, 1000]]
[64, 2000, 2000, 'port_in_63', 0] [[1000, 0], [2000, 1000], [1000, 2000], [0, 1000]]
[65, 2000, 2000, 'port_in_64', 0] [[1000, 0], [2000, 1000], [1000, 2000], [0, 1000]]
[66, 2000, 2000, 'port_in_65', 0] [[1000, 0], [2000, 1000], [1000, 2000], [0, 1000]]
[67, 2000, 2000, 'port_in_66', 0] [[1000, 0], [2000, 1000], [1000, 2000], [0, 1000]]
[68, 2000, 2000, 'port_in_67', 0] [[1000, 0], [2000, 1000], [1000, 2000], [0, 1000]]
[69, 2000, 2000, 'port_in_68', 0] [[1000, 0], [2000, 1000], [1000, 2000], [0, 1000]]
[70, 2000, 2000, 'port_in_69', 0] [[1000, 0], [2000, 1000], [1000, 2000], [0, 1000]]
[71, 2000, 2000, 'port_in_70', 0] [[1000, 0], [2000, 1000], [1000, 2000], [0, 1000]]
[72, 2000, 2000, 'port_in_71', 0] [[1000, 0], [2000, 1000], [1000, 2000], [0, 1000]]
[73, 2000, 2000, 'port_in_72', 0] [[1000, 0], [2000, 1000], [1000, 2000], [0, 1000]]
[74, 2000, 2000, 'port_in_73', 0] [[1000, 0], [2000, 1000], [1000, 2000], [0, 1000]]
[75, 2000, 2000, 'port_in_74', 0] [[1000, 0], [2000, 1000], [1000, 2000], [0, 1000]]
[76, 2000, 2000, 'port_in_75', 0] [[1000, 0], [2000, 1000], [1000, 2000], [0, 1000]]
[77, 2000, 2000, 'port_in_76', 0] [[1000, 0], [2000, 1000], [1000, 2000], [0, 1000]]
[78, 2000, 2000, 'port_in_77', 0] [[1000, 0], [2000, 1000], [1000, 2000], [0, 1000]]
[79, 2000, 2000, 'port_in_78', 0] [[1000, 0], [2000, 1000], [1000, 2000], [0, 1000]]
[80, 2000, 2000, 'port_in_79', 0] [[1000, 0], [2000, 1000], [1000, 2000], [0, 1000]]
[81, 2000, 2000, 'port_in_80', 0] [[1000, 0], [2000, 1000], [1000, 2000], [0, 1000]]
[82, 2000, 2000, 'port_in_81', 0] [[1000, 0], [2000, 1000], [1000, 2000], [0, 1000]]
[83, 2000, 2000, 'port_in_82', 0] [[1000, 0], [2000, 1000], [1000, 2000], [0, 1000]]
[84, 2000, 2000, 'port_in_83', 0] [[1000, 0], [2000, 1000], [1000, 2000], [0, 1000]]
[85, 2000, 2000, 'port_in_84', 0] [[1000, 0], [2000, 1000], [1000, 2000], [0, 1000]]
[86, 2000, 2000, 'port_in_85', 0] [[1000, 0], [2000, 1000], [1000, 2000], [0, 1000]]
[87, 2000, 2000, 'port_in_86', 0] [[1000, 0], [2000, 1000], [1000, 2000], [0, 1000]]
[88, 2000, 2000, 'port_in_87', 0] [[1000, 0], [2000, 1000], [1000, 2000], [0, 1000]]
[89, 2000, 2000, 'port_in_88', 0] [[1000, 0], [2000, 1000], [1000, 2000], [0, 1000]]
[90, 2000, 2000, 'port_in_89', 0] [[1000, 0], [2000, 1000], [1000, 2000], [0, 1000]]
[91, 2000, 2000, 'port_in_90', 0] [[1000, 0], [2000, 1000], [1000, 2000], [0, 1000]]
[92, 2000, 2000, 'port_in_91', 0] [[1000, 0], [2000, 1000], [1000, 2000], [0, 1000]]
[93, 2000, 2000, 'port_in_92', 0] [[1000, 0], [2000, 1000], [1000, 2000], [0, 1000]]
[94, 2000, 2000, 'port_in_93', 0] [[1000, 0], [2000, 1000], [1000, 2000], [0, 1000]]
[95, 2000, 2000, 'port_in_94', 0] [[1000, 0], [2000, 1000], [1000, 2000], [0, 1000]]
[96, 2000, 2000, 'port_in_95', 0] [[1000, 0], [2000, 1000], [1000, 2000], [0, 1000]]
[97, 2000, 2000, 'port_in_96', 0] [[1000, 0], [2000, 1000], [1000, 2000], [0, 1000]]
[98, 2000, 2000, 'port_in_97', 0] [[1000, 0], [2000, 1000], [1000, 2000], [0, 1000]]
[99, 2000, 2000, 'port_in_98', 0] [[1000, 0], [2000, 1000], [1000, 2000], [0, 1000]]
[100, 2000, 2000, 'port_in_99', 0] [[1000, 0], [2000, 1000], [1000, 2000], [0, 1000]]
[101, 2000, 2000, 'port_in_100', 0] [[1000, 0], [2000, 1000], [1000, 2000], [0, 1000]]
[102, 2000, 2000, 'port_in_101', 0] [[1000, 0], [2000, 1000], [1000, 2000], [0, 1000]]
[103, 2000, 2000, 'port_in_102', 0] [[1000, 0], [2000, 1000], [1000, 2000], [0, 1000]]
[104, 2000, 2000, 'port_in_103', 0] [[1000, 0], [2000, 1000], [1000, 2000], [0, 1000]]
[105, 2000, 2000, 'port_in_104', 0] [[1000, 0], [2000, 1000], [1000, 2000], [0, 1000]]
[106, 2000, 2000, 'port_in_105', 0] [[1000, 0], [2000, 1000], [1000, 2000], [0, 1000]]
[107, 2000, 2000, 'port_in_106', 0] [[1000, 0], [2000, 1000], [1000, 2000], [0, 1000]]
[108, 2000, 2000, 'port_in_107', 0] [[1000, 0], [2000, 1000], [1000, 2000], [0, 1000]]
[109, 2000, 2000, 'port_in_108', 0] [[1000, 0], [2000, 1000], [1000, 2000], [0, 1000]]
[110, 2000, 2000, 'port_in_109', 0] [[1000, 0], [2000, 1000], [1000, 2000], [0, 1000]]
[111, 2000, 2000, 'port_in_110', 0] [[1000, 0], [2000, 1000], [1000, 2000], [0, 1000]]
[112, 2000, 2000, 'port_in_111', 0] [[1000, 0], [2000, 1000], [1000, 2000], [0, 1000]]
[113, 2000, 2000, 'port_in_112', 0] [[1000, 0], [2000, 1000], [1000, 2000], [0, 1000]]
[114, 2000, 2000, 'port_in_113', 0] [[1000, 0], [2000, 1000], [1000, 2000], [0, 1000]]
[115, 2000, 2000, 'port_in_114', 0] [[1000, 0], [2000, 1000], [1000, 2000], [0, 1000]]
[116, 2000, 2000, 'port_in_115', 0] [[1000, 0], [2000, 1000], [1000, 2000], [0, 1000]]
[117, 2000, 2000, 'port_in_116', 0] [[1000, 0], [2000, 1000], [1000, 2000], [0, 1000]]
[118, 2000, 2000, 'port_in_117', 0] [[1000, 0], [2000, 1000], [1000, 2000], [0, 1000]]
[119, 2000, 2000, 'port_in_118', 0] [[1000, 0], [2000, 1000], [1000, 2000], [0, 1000]]
[120, 2000, 2000, 'port_in_119', 0] [[1000, 0], [2000, 1000], [1000, 2000], [0, 1000]]
[121, 2000, 2000, 'port_in_120', 0] [[1000, 0], [2000, 1000], [1000, 2000], [0, 1000]]
[122, 2000, 2000, 'port_in_121', 0] [[1000, 0], [2000, 1000], [1000, 2000], [0, 1000]]
[123, 2000, 2000, 'port_in_122', 0] [[1000, 0], [2000, 1000], [1000, 2000], [0, 1000]]
[124, 2000, 2000, 'port_in_123', 0] [[1000, 0], [2000, 1000], [1000, 2000], [0, 1000]]
[125, 2000, 2000, 'port_in_124', 0] [[1000, 0], [2000, 1000], [1000, 2000], [0, 1000]]
[126, 2000, 2000, 'port_in_125', 0] [[1000, 0], [2000, 1000], [1000, 2000], [0, 1000]]
[127, 2000, 2000, 'port_in_126', 0] [[1000, 0], [2000, 1000], [1000, 2000], [0, 1000]]
[128, 2000, 2000, 'port_in_127', 0] [[1000, 0], [2000, 1000], [1000, 2000], [0, 1000]]
[129, 2000, 2000, 'port_in_128', 0] [[1000, 0], [2000, 1000], [1000, 2000], [0, 1000]]
[130, 2000, 2000, 'port_in_129', 0] [[1000, 0], [2000, 1000], [1000, 2000], [0, 1000]]
[131, 2000, 2000, 'port_in_130', 0] [[1000, 0], [2000, 1000], [1000, 2000], [0, 1000]]
[132, 2000, 2000, 'port_in_131', 0] [[1000, 0], [2000, 1000], [1000, 2000], [0, 1000]]
[133, 2000, 2000, 'port_in_132', 0] [[1000, 0], [2000, 1000], [1000, 2000], [0, 1000]]
[134, 2000, 2000, 'port_in_133', 0] [[1000, 0], [2000, 1000], [1000, 2000], [0, 1000]]
[135, 2000, 2000, 'port_in_134', 0] [[1000, 0], [2000, 1000], [1000, 2000], [0, 1000]]
[136, 2000, 2000, 'port_in_135', 0] [[1000, 0], [2000, 1000], [1000, 2000], [0, 1000]]
[137, 2000, 2000, 'port_in_136', 0] [[1000, 0], [2000, 1000], [1000, 2000], [0, 1000]]
[138, 2000, 2000, 'port_in_137', 0] [[1000, 0], [2000, 1000], [1000, 2000], [0, 1000]]
[139, 2000, 2000, 'port_in_138', 0] [[1000, 0], [2000, 1000], [1000, 2000], [0, 1000]]
[140, 2000, 2000, 'port_in_139', 0] [[1000, 0], [2000, 1000], [1000, 2000], [0, 1000]]
[141, 2000, 2000, 'port_in_140', 0] [[1000, 0], [2000, 1000], [1000, 2000], [0, 1000]]
[142, 2000, 2000, 'port_in_141', 0] [[1000, 0], [2000, 1000], [1000, 2000], [0, 1000]]
[143, 2000, 2000, 'port_in_142', 0] [[1000, 0], [2000, 1000], [1000, 2000], [0, 1000]]
[144, 2000, 2000, 'port_in_143', 0] [[1000, 0], [2000, 1000], [1000, 2000], [0, 1000]]
[145, 2000, 2000, 'port_in_144', 0] [[1000, 0], [2000, 1000], [1000, 2000], [0, 1000]]
[146, 2000, 2000, 'port_in_145', 0] [[1000, 0], [2000, 1000], [1000, 2000], [0, 1000]]
[147, 2000, 2000, 'port_in_146', 0] [[1000, 0], [2000, 1000], [1000, 2000], [0, 1000]]
[148, 2000, 2000, 'port_in_147', 0] [[1000, 0], [2000, 1000], [1000, 2000], [0, 1000]]
[149, 2000, 2000, 'port_in_148', 0] [[1000, 0], [2000, 1000], [1000, 2000], [0, 1000]]
[150, 2000, 2000, 'port_in_149', 0] [[1000, 0], [2000, 1000], [1000, 2000], [0, 1000]]
[151, 2000, 2000, 'port_in_150', 0] [[1000, 0], [2000, 1000], [1000, 2000], [0, 1000]]
[152, 2000, 2000, 'port_in_151', 0] [[1000, 0], [2000, 1000], [1000, 2000], [0, 1000]]
[153, 2000, 2000, 'port_in_152', 0] [[1000, 0], [2000, 1000], [1000, 2000], [0, 1000]]
[154, 2000, 2000, 'port_in_153', 0] [[1000, 0], [2000, 1000], [1000, 2000], [0, 1000]]
[155, 2000, 2000, 'port_in_154', 0] [[1000, 0], [2000, 1000], [1000, 2000], [0, 1000]]
[156, 2000, 2000, 'port_in_155', 0] [[1000, 0], [2000, 1000], [1000, 2000], [0, 1000]]
[157, 2000, 2000, 'port_in_156', 0] [[1000, 0], [2000, 1000], [1000, 2000], [0, 1000]]
[158, 2000, 2000, 'port_in_157', 0] [[1000, 0], [2000, 1000], [1000, 2000], [0, 1000]]
[159, 2000, 2000, 'port_in_158', 0] [[1000, 0], [2000, 1000], [1000, 2000], [0, 1000]]
[160, 2000, 2000, 'port_in_159', 0] [[1000, 0], [2000, 1000], [1000, 2000], [0, 1000]]
[161, 2000, 2000, 'port_in_160', 0] [[1000, 0], [2000, 1000], [1000, 2000], [0, 1000]]
[162, 2000, 2000, 'port_in_161', 0] [[1000, 0], [2000, 1000], [1000, 2000], [0, 1000]]
[163, 2000, 2000, 'port_in_162', 0] [[1000, 0], [2000, 1000], [1000, 2000], [0, 1000]]
[164, 2000, 2000, 'port_in_163', 0] [[1000, 0], [2000, 1000], [1000, 2000], [0, 1000]]
[165, 2000, 2000, 'port_in_164', 0] [[1000, 0], [2000, 1000], [1000, 2000], [0, 1000]]
[166, 2000, 2000, 'port_in_165', 0] [[1000, 0], [2000, 1000], [1000, 2000], [0, 1000]]
[167, 2000, 2000, 'port_in_166', 0] [[1000, 0], [2000, 1000], [1000, 2000], [0, 1000]]
[168, 2000, 2000, 'port_in_167', 0] [[1000, 0], [2000, 1000], [1000, 2000], [0, 1000]]
[169, 2000, 2000, 'port_in_168', 0] [[1000, 0], [2000, 1000], [1000, 2000], [0, 1000]]
[170, 2000, 2000, 'port_in_169', 0] [[1000, 0], [2000, 1000], [1000, 2000], [0, 1000]]
[171, 2000, 2000, 'port_in_170', 0] [[1000, 0], [2000, 1000], [1000, 2000], [0, 1000]]
[172, 2000, 2000, 'port_in_171', 0] [[1000, 0], [2000, 1000], [1000, 2000], [0, 1000]]
[173, 2000, 2000, 'port_in_172', 0] [[1000, 0], [2000, 1000], [1000, 2000], [0, 1000]]
[174, 2000, 2000, 'port_in_173', 0] [[1000, 0], [2000, 1000], [1000, 2000], [0, 1000]]
[175, 2000, 2000, 'port_in_174', 0] [[1000, 0], [2000, 1000], [1000, 2000], [0, 1000]]
[176, 2000, 2000, 'port_in_175', 0] [[1000, 0], [2000, 1000], [1000, 2000], [0, 1000]]
[177, 2000, 2000, 'port_in_176', 0] [[1000, 0], [2000, 1000], [1000, 2000], [0, 1000]]
[178, 2000, 2000, 'port_in_177', 0] [[1000, 0], [2000, 1000], [1000, 2000], [0, 1000]]
[179, 2000, 2000, 'port_in_178', 0] [[1000, 0], [2000, 1000], [1000, 2000], [0, 1000]]
[180, 2000, 2000, 'port_in_179', 0] [[1000, 0], [2000, 1000], [1000, 2000], [0, 1000]]
[181, 2000, 2000, 'port_in_180', 0] [[1000, 0], [2000, 1000], [1000, 2000], [0, 1000]]
[182, 2000, 2000, 'port_in_181', 0] [[1000, 0], [2000, 1000], [1000, 2000], [0, 1000]]
[183, 2000, 2000, 'port_in_182', 0] [[1000, 0], [2000, 1000], [1000, 2000], [0, 1000]]
[184, 2000, 2000, 'port_in_183', 0] [[1000, 0], [2000, 1000], [1000, 2000], [0, 1000]]
[185, 2000, 2000, 'port_in_184', 0] [[1000, 0], [2000, 1000], [1000, 2000], [0, 1000]]
[186, 2000, 2000, 'port_in_185', 0] [[1000, 0], [2000, 1000], [1000, 2000], [0, 1000]]
[187, 2000, 2000, 'port_in_186', 0] [[1000, 0], [2000, 1000], [1000, 2000], [0, 1000]]
[188, 2000, 2000, 'port_in_187', 0] [[1000, 0], [2000, 1000], [1000, 2000], [0, 1000]]
[189, 2000, 2000, 'port_in_188', 0] [[1000, 0], [2000, 1000], [1000, 2000], [0, 1000]]
[190, 2000, 2000, 'port_in_189', 0] [[1000, 0], [2000, 1000], [1000, 2000], [0, 1000]]
[191, 2000, 2000, 'port_in_190', 0] [[1000, 0], [2000, 1000], [1000, 2000], [0, 1000]]
[192, 2000, 2000, 'port_in_191', 0] [[1000, 0], [2000, 1000], [1000, 2000], [0, 1000]]
[193, 2000, 2000, 'port_in_192', 0] [[1000, 0], [2000, 1000], [1000, 2000], [0, 1000]]
[194, 2000, 2000, 'port_in_193', 0] [[1000, 0], [2000, 1000], [1000, 2000], [0, 1000]]
[195, 2000, 2000, 'port_in_194', 0] [[1000, 0], [2000, 1000], [1000, 2000], [0, 1000]]
[196, 2000, 2000, 'port_in_195', 0] [[1000, 0], [2000, 1000], [1000, 2000], [0, 1000]]
[197, 2000, 2000, 'port_in_196', 0] [[1000, 0], [2000, 1000], [1000, 2000], [0, 1000]]
[198, 2000, 2000, 'port_in_197', 0] [[1000, 0], [2000, 1000], [1000, 2000], [0, 1000]]
[199, 2000, 2000, 'port_in_198', 0] [[1000, 0], [2000, 1000], [1000, 2000], [0, 1000]]
[200, 2000, 2000, 'port_in_199', 0] [[1000, 0], [2000, 1000], [1000, 2000], [0, 1000]]
[201, 2000, 2000, 'port_in_200', 0] [[1000, 0], [2000, 1000], [1000, 2000], [0, 1000]]
[202, 2000, 2000, 'port_in_201', 0] [[1000, 0], [2000, 1000], [1000, 2000], [0, 1000]]
[203, 2000, 2000, 'port_in_202', 0] [[1000, 0], [2000, 1000], [1000, 2000], [0, 1000]]
[204, 2000, 2000, 'port_in_203', 0] [[1000, 0], [2000, 1000], [1000, 2000], [0, 1000]]
[205, 2000, 2000, 'port_in_204', 0] [[1000, 0], [2000, 1000], [1000, 2000], [0, 1000]]
[206, 2000, 2000, 'port_in_205', 0] [[1000, 0], [2000, 1000], [1000, 2000], [0, 1000]]
[207, 2000, 2000, 'port_in_206', 0] [[1000, 0], [2000, 1000], [1000, 2000], [0, 1000]]
[208, 2000, 2000, 'port_in_207', 0] [[1000, 0], [2000, 1000], [1000, 2000], [0, 1000]]
[209, 2000, 2000, 'port_in_208', 0] [[1000, 0], [2000, 1000], [1000, 2000], [0, 1000]]
[210, 2000, 2000, 'port_in_209', 0] [[1000, 0], [2000, 1000], [1000, 2000], [0, 1000]]
[211, 2000, 2000, 'port_in_210', 0] [[1000, 0], [2000, 1000], [1000, 2000], [0, 1000]]
[212, 2000, 2000, 'port_in_211', 0] [[1000, 0], [2000, 1000], [1000, 2000], [0, 1000]]
[213, 2000, 2000, 'port_in_212', 0] [[1000, 0], [2000, 1000], [1000, 2000], [0, 1000]]
[214, 2000, 2000, 'port_in_213', 0] [[1000, 0], [2000, 1000], [1000, 2000], [0, 1000]]
[215, 2000, 2000, 'port_in_214', 0] [[1000, 0], [2000, 1000], [1000, 2000], [0, 1000]]
[216, 2000, 2000, 'port_in_215', 0] [[1000, 0], [2000, 1000], [1000, 2000], [0, 1000]]
[217, 2000, 2000, 'port_in_216', 0] [[1000, 0], [2000, 1000], [1000, 2000], [0, 1000]]
[218, 2000, 2000, 'port_in_217', 0] [[1000, 0], [2000, 1000], [1000, 2000], [0, 1000]]
[219, 2000, 2000, 'port_in_218', 0] [[1000, 0], [2000, 1000], [1000, 2000], [0, 1000]]
[220, 2000, 2000, 'port_in_219', 0] [[1000, 0], [2000, 1000], [1000, 2000], [0, 1000]]
[221, 2000, 2000, 'port_in_220', 0] [[1000, 0], [2000, 1000], [1000, 2000], [0, 1000]]
[222, 2000, 2000, 'port_in_221', 0] [[1000, 0], [2000, 1000], [1000, 2000], [0, 1000]]
[223, 2000, 2000, 'port_in_222', 0] [[1000, 0], [2000, 1000], [1000, 2000], [0, 1000]]
[224, 2000, 2000, 'port_in_223', 0] [[1000, 0], [2000, 1000], [1000, 2000], [0, 1000]]
[225, 2000, 2000, 'port_in_224', 0] [[1000, 0], [2000, 1000], [1000, 2000], [0, 1000]]
[226, 2000, 2000, 'port_in_225', 0] [[1000, 0], [2000, 1000], [1000, 2000], [0, 1000]]
[227, 2000, 2000, 'port_in_226', 0] [[1000, 0], [2000, 1000], [1000, 2000], [0, 1000]]
[228, 2000, 2000, 'port_in_227', 0] [[1000, 0], [2000, 1000], [1000, 2000], [0, 1000]]
[229, 2000, 2000, 'port_in_228', 0] [[1000, 0], [2000, 1000], [1000, 2000], [0, 1000]]
[230, 2000, 2000, 'port_in_229', 0] [[1000, 0], [2000, 1000], [1000, 2000], [0, 1000]]
[231, 2000, 2000, 'port_in_230', 0] [[1000, 0], [2000, 1000], [1000, 2000], [0, 1000]]
[232, 2000, 2000, 'port_in_231', 0] [[1000, 0], [2000, 1000], [1000, 2000], [0, 1000]]
[233, 2000, 2000, 'port_in_232', 0] [[1000, 0], [2000, 1000], [1000, 2000], [0, 1000]]
[234, 2000, 2000, 'port_in_233', 0] [[1000, 0], [2000, 1000], [1000, 2000], [0, 1000]]
[235, 2000, 2000, 'port_in_234', 0] [[1000, 0], [2000, 1000], [1000, 2000], [0, 1000]]
[236, 2000, 2000, 'port_in_235', 0] [[1000, 0], [2000, 1000], [1000, 2000], [0, 1000]]
[237, 2000, 2000, 'port_in_236', 0] [[1000, 0], [2000, 1000], [1000, 2000], [0, 1000]]
[238, 2000, 2000, 'port_in_237', 0] [[1000, 0], [2000, 1000], [1000, 2000], [0, 1000]]
[239, 2000, 2000, 'port_in_238', 0] [[1000, 0], [2000, 1000], [1000, 2000], [0, 1000]]
[240, 2000, 2000, 'port_in_239', 0] [[1000, 0], [2000, 1000], [1000, 2000], [0, 1000]]
[241, 2000, 2000, 'port_in_240', 0] [[1000, 0], [2000, 1000], [1000, 2000], [0, 1000]]
[242, 2000, 2000, 'port_in_241', 0] [[1000, 0], [2000, 1000], [1000, 2000], [0, 1000]]
[243, 2000, 2000, 'port_in_242', 0] [[1000, 0], [2000, 1000], [1000, 2000], [0, 1000]]
[244, 2000, 2000, 'port_in_243', 0] [[1000, 0], [2000, 1000], [1000, 2000], [0, 1000]]
[245, 2000, 2000, 'port_in_244', 0] [[1000, 0], [2000, 1000], [1000, 2000], [0, 1000]]
[246, 2000, 2000, 'port_in_245', 0] [[1000, 0], [2000, 1000], [1000, 2000], [0, 1000]]
[247, 2000, 2000, 'port_in_246', 0] [[1000, 0], [2000, 1000], [1000, 2000], [0, 1000]]
[248, 2000, 2000, 'port_in_247', 0] [[1000, 0], [2000, 1000], [1000, 2000], [0, 1000]]
[249, 2000, 2000, 'port_in_248', 0] [[1000, 0], [2000, 1000], [1000, 2000], [0, 1000]]
[250, 2000, 2000, 'port_in_249', 0] [[1000, 0], [2000, 1000], [1000, 2000], [0, 1000]]
[251, 2000, 2000, 'port_in_250', 0] [[1000, 0], [2000, 1000], [1000, 2000], [0, 1000]]
[252, 2000, 2000, 'port_in_251', 0] [[1000, 0], [2000, 1000], [1000, 2000], [0, 1000]]
[253, 2000, 2000, 'port_in_252', 0] [[1000, 0], [2000, 1000], [1000, 2000], [0, 1000]]
[254, 2000, 2000, 'port_in_253', 0] [[1000, 0], [2000, 1000], [1000, 2000], [0, 1000]]
[255, 2000, 2000, 'port_in_254', 0] [[1000, 0], [2000, 1000], [1000, 2000], [0, 1000]]
[256, 2000, 2000, 'port_in_255', 0] [[1000, 0], [2000, 1000], [1000, 2000], [0, 1000]]
[257, 2000, 2000, 'port_in_256', 0] [[1000, 0], [2000, 1000], [1000, 2000], [0, 1000]]
[258, 2000, 2000, 'port_in_257', 0] [[1000, 0], [2000, 1000], [1000, 2000], [0, 1000]]
[259, 2000, 2000, 'port_in_258', 0] [[1000, 0], [2000, 1000], [1000, 2000], [0, 1000]]
[260, 2000, 2000, 'port_in_259', 0] [[1000, 0], [2000, 1000], [1000, 2000], [0, 1000]]
[261, 2000, 2000, 'port_in_260', 0] [[1000, 0], [2000, 1000], [1000, 2000], [0, 1000]]
[262, 2000, 2000, 'port_in_261', 0] [[1000, 0], [2000, 1000], [1000, 2000], [0, 1000]]
[263, 2000, 2000, 'port_in_262', 0] [[1000, 0], [2000, 1000], [1000, 2000], [0, 1000]]
[264, 2000, 2000, 'port_in_263', 0] [[1000, 0], [2000, 1000], [1000, 2000], [0, 1000]]
[265, 2000, 2000, 'port_in_264', 0] [[1000, 0], [2000, 1000], [1000, 2000], [0, 1000]]
[266, 2000, 2000, 'port_in_265', 0] [[1000, 0], [2000, 1000], [1000, 2000], [0, 1000]]
[267, 2000, 2000, 'port_in_266', 0] [[1000, 0], [2000, 1000], [1000, 2000], [0, 1000]]
[268, 2000, 2000, 'port_in_267', 0] [[1000, 0], [2000, 1000], [1000, 2000], [0, 1000]]
[269, 2000, 2000, 'port_in_268', 0] [[1000, 0], [2000, 1000], [1000, 2000], [0, 1000]]
[270, 2000, 2000, 'port_in_269', 0] [[1000, 0], [2000, 1000], [1000, 2000], [0, 1000]]
[271, 2000, 2000, 'port_in_270', 0] [[1000, 0], [2000, 1000], [1000, 2000], [0, 1000]]
[272, 2000, 2000, 'port_in_271', 0] [[1000, 0], [2000, 1000], [1000, 2000], [0, 1000]]
[273, 2000, 2000, 'port_in_272', 0] [[1000, 0], [2000, 1000], [1000, 2000], [0, 1000]]
[274, 2000, 2000, 'port_in_273', 0] [[1000, 0], [2000, 1000], [1000, 2000], [0, 1000]]
[275, 2000, 2000, 'port_in_274', 0] [[1000, 0], [2000, 1000], [1000, 2000], [0, 1000]]
[276, 2000, 2000, 'port_in_275', 0] [[1000, 0], [2000, 1000], [1000, 2000], [0, 1000]]
[277, 2000, 2000, 'port_in_276', 0] [[1000, 0], [2000, 1000], [1000, 2000], [0, 1000]]
[278, 2000, 2000, 'port_in_277', 0] [[1000, 0], [2000, 1000], [1000, 2000], [0, 1000]]
[279, 2000, 2000, 'port_in_278', 0] [[1000, 0], [2000, 1000], [1000, 2000], [0, 1000]]
[280, 2000, 2000, 'port_in_279', 0] [[1000, 0], [2000, 1000], [1000, 2000], [0, 1000]]
[281, 2000, 2000, 'port_in_280', 0] [[1000, 0], [2000, 1000], [1000, 2000], [0, 1000]]
[282, 2000, 2000, 'port_in_281', 0] [[1000, 0], [2000, 1000], [1000, 2000], [0, 1000]]
[283, 2000, 2000, 'port_in_282', 0] [[1000, 0], [2000, 1000], [1000, 2000], [0, 1000]]
[284, 2000, 2000, 'port_in_283', 0] [[1000, 0], [2000, 1000], [1000, 2000], [0, 1000]]
[285, 2000, 2000, 'port_in_284', 0] [[1000, 0], [2000, 1000], [1000, 2000], [0, 1000]]
[286, 2000, 2000, 'port_in_285', 0] [[1000, 0], [2000, 1000], [1000, 2000], [0, 1000]]
[287, 2000, 2000, 'port_in_286', 0] [[1000, 0], [2000, 1000], [1000, 2000], [0, 1000]]
[288, 2000, 2000, 'port_in_287', 0] [[1000, 0], [2000, 1000], [1000, 2000], [0, 1000]]
[289, 2000, 2000, 'port_in_288', 0] [[1000, 0], [2000, 1000], [1000, 2000], [0, 1000]]
[290, 2000, 2000, 'port_in_289', 0] [[1000, 0], [2000, 1000], [1000, 2000], [0, 1000]]
[291, 2000, 2000, 'port_in_290', 0] [[1000, 0], [2000, 1000], [1000, 2000], [0, 1000]]
[292, 2000, 2000, 'port_in_291', 0] [[1000, 0], [2000, 1000], [1000, 2000], [0, 1000]]
[293, 2000, 2000, 'port_in_292', 0] [[1000, 0], [2000, 1000], [1000, 2000], [0, 1000]]
[294, 2000, 2000, 'port_in_293', 0] [[1000, 0], [2000, 1000], [1000, 2000], [0, 1000]]
[295, 2000, 2000, 'port_in_294', 0] [[1000, 0], [2000, 1000], [1000, 2000], [0, 1000]]
[296, 2000, 2000, 'port_in_295', 0] [[1000, 0], [2000, 1000], [1000, 2000], [0, 1000]]
[297, 2000, 2000, 'port_in_296', 0] [[1000, 0], [2000, 1000], [1000, 2000], [0, 1000]]
[298, 2000, 2000, 'port_in_297', 0] [[1000, 0], [2000, 1000], [1000, 2000], [0, 1000]]
[299, 2000, 2000, 'port_in_298', 0] [[1000, 0], [2000, 1000], [1000, 2000], [0, 1000]]
[300, 2000, 2000, 'port_in_299', 0] [[1000, 0], [2000, 1000], [1000, 2000], [0, 1000]]
[301, 2000, 2000, 'port_in_300', 0] [[1000, 0], [2000, 1000], [1000, 2000], [0, 1000]]
[302, 2000, 2000, 'port_in_301', 0] [[1000, 0], [2000, 1000], [1000, 2000], [0, 1000]]
[303, 2000, 2000, 'port_in_302', 0] [[1000, 0], [2000, 1000], [1000, 2000], [0, 1000]]
[304, 2000, 2000, 'port_in_303', 0] [[1000, 0], [2000, 1000], [1000, 2000], [0, 1000]]
[305, 2000, 2000, 'port_in_304', 0] [[1000, 0], [2000, 1000], [1000, 2000], [0, 1000]]
[306, 2000, 2000, 'port_in_305', 0] [[1000, 0], [2000, 1000], [1000, 2000], [0, 1000]]
[307, 2000, 2000, 'port_in_306', 0] [[1000, 0], [2000, 1000], [1000, 2000], [0, 1000]]
[308, 2000, 2000, 'port_in_307', 0] [[1000, 0], [2000, 1000], [1000, 2000], [0, 1000]]
[309, 2000, 2000, 'port_in_308', 0] [[1000, 0], [2000, 1000], [1000, 2000], [0, 1000]]
[310, 2000, 2000, 'port_in_309', 0] [[1000, 0], [2000, 1000], [1000, 2000], [0, 1000]]
[311, 2000, 2000, 'port_in_310', 0] [[1000, 0], [2000, 1000], [1000, 2000], [0, 1000]]
[312, 2000, 2000, 'port_in_311', 0] [[1000, 0], [2000, 1000], [1000, 2000], [0, 1000]]
[313, 2000, 2000, 'port_in_312', 0] [[1000, 0], [2000, 1000], [1000, 2000], [0, 1000]]
[314, 2000, 2000, 'port_in_313', 0] [[1000, 0], [2000, 1000], [1000, 2000], [0, 1000]]
[315, 2000, 2000, 'port_in_314', 0] [[1000, 0], [2000, 1000], [1000, 2000], [0, 1000]]
[316, 2000, 2000, 'port_in_315', 0] [[1000, 0], [2000, 1000], [1000, 2000], [0, 1000]]
[317, 2000, 2000, 'port_in_316', 0] [[1000, 0], [2000, 1000], [1000, 2000], [0, 1000]]
[318, 2000, 2000, 'port_in_317', 0] [[1000, 0], [2000, 1000], [1000, 2000], [0, 1000]]
[319, 2000, 2000, 'port_in_318', 0] [[1000, 0], [2000, 1000], [1000, 2000], [0, 1000]]
[320, 2000, 2000, 'port_in_319', 0] [[1000, 0], [2000, 1000], [1000, 2000], [0, 1000]]
[321, 2000, 2000, 'port_in_320', 0] [[1000, 0], [2000, 1000], [1000, 2000], [0, 1000]]
[322, 2000, 2000, 'port_in_321', 0] [[1000, 0], [2000, 1000], [1000, 2000], [0, 1000]]
[323, 2000, 2000, 'port_in_322', 0] [[1000, 0], [2000, 1000], [1000, 2000], [0, 1000]]
[324, 2000, 2000, 'port_in_323', 0] [[1000, 0], [2000, 1000], [1000, 2000], [0, 1000]]
[325, 2000, 2000, 'port_in_324', 0] [[1000, 0], [2000, 1000], [1000, 2000], [0, 1000]]
[326, 2000, 2000, 'port_in_325', 0] [[1000, 0], [2000, 1000], [1000, 2000], [0, 1000]]
[327, 2000, 2000, 'port_in_326', 0] [[1000, 0], [2000, 1000], [1000, 2000], [0, 1000]]
[328, 2000, 2000, 'port_in_327', 0] [[1000, 0], [2000, 1000], [1000, 2000], [0, 1000]]
[329, 2000, 2000, 'port_in_328', 0] [[1000, 0], [2000, 1000], [1000, 2000], [0, 1000]]
[330, 2000, 2000, 'port_in_329', 0] [[1000, 0], [2000, 1000], [1000, 2000], [0, 1000]]
[331, 2000, 2000, 'port_in_330', 0] [[1000, 0], [2000, 1000], [1000, 2000], [0, 1000]]
[332, 2000, 2000, 'port_in_331', 0] [[1000, 0], [2000, 1000], [1000, 2000], [0, 1000]]
[333, 2000, 2000, 'port_in_332', 0] [[1000, 0], [2000, 1000], [1000, 2000], [0, 1000]]
[334, 2000, 2000, 'port_in_333', 0] [[1000, 0], [2000, 1000], [1000, 2000], [0, 1000]]
[335, 2000, 2000, 'port_in_334', 0] [[1000, 0], [2000, 1000], [1000, 2000], [0, 1000]]
[336, 2000, 2000, 'port_in_335', 0] [[1000, 0], [2000, 1000], [1000, 2000], [0, 1000]]
[337, 2000, 2000, 'port_in_336', 0] [[1000, 0], [2000, 1000], [1000, 2000], [0, 1000]]
[338, 2000, 2000, 'port_in_337', 0] [[1000, 0], [2000, 1000], [1000, 2000], [0, 1000]]
[339, 2000, 2000, 'port_in_338', 0] [[1000, 0], [2000, 1000], [1000, 2000], [0, 1000]]
[340, 2000, 2000, 'port_in_339', 0] [[1000, 0], [2000, 1000], [1000, 2000], [0, 1000]]
[341, 2000, 2000, 'port_in_340', 0] [[1000, 0], [2000, 1000], [1000, 2000], [0, 1000]]
[342, 2000, 2000, 'port_in_341', 0] [[1000, 0], [2000, 1000], [1000, 2000], [0, 1000]]
[343, 2000, 2000, 'port_in_342', 0] [[1000, 0], [2000, 1000], [1000, 2000], [0, 1000]]
[344, 2000, 2000, 'port_in_343', 0] [[1000, 0], [2000, 1000], [1000, 2000], [0, 1000]]
[345, 2000, 2000, 'port_in_344', 0] [[1000, 0], [2000, 1000], [1000, 2000], [0, 1000]]
[346, 2000, 2000, 'port_in_345', 0] [[1000, 0], [2000, 1000], [1000, 2000], [0, 1000]]
[347, 2000, 2000, 'port_in_346', 0] [[1000, 0], [2000, 1000], [1000, 2000], [0, 1000]]
[348, 2000, 2000, 'port_in_347', 0] [[1000, 0], [2000, 1000], [1000, 2000], [0, 1000]]
[349, 2000, 2000, 'port_in_348', 0] [[1000, 0], [2000, 1000], [1000, 2000], [0, 1000]]
[350, 2000, 2000, 'port_in_349', 0] [[1000, 0], [2000, 1000], [1000, 2000], [0, 1000]]
[351, 2000, 2000, 'port_in_350', 0] [[1000, 0], [2000, 1000], [1000, 2000], [0, 1000]]
[352, 2000, 2000, 'port_in_351', 0] [[1000, 0], [2000, 1000], [1000, 2000], [0, 1000]]
[353, 2000, 2000, 'port_in_352', 0] [[1000, 0], [2000, 1000], [1000, 2000], [0, 1000]]
[354, 2000, 2000, 'port_in_353', 0] [[1000, 0], [2000, 1000], [1000, 2000], [0, 1000]]
[355, 2000, 2000, 'port_in_354', 0] [[1000, 0], [2000, 1000], [1000, 2000], [0, 1000]]
[356, 2000, 2000, 'port_in_355', 0] [[1000, 0], [2000, 1000], [1000, 2000], [0, 1000]]
[357, 2000, 2000, 'port_in_356', 0] [[1000, 0], [2000, 1000], [1000, 2000], [0, 1000]]
[358, 2000, 2000, 'port_in_357', 0] [[1000, 0], [2000, 1000], [1000, 2000], [0, 1000]]
[359, 2000, 2000, 'port_in_358', 0] [[1000, 0], [2000, 1000], [1000, 2000], [0, 1000]]
[360, 2000, 2000, 'port_in_359', 0] [[1000, 0], [2000, 1000], [1000, 2000], [0, 1000]]
[361, 2000, 2000, 'port_in_360', 0] [[1000, 0], [2000, 1000], [1000, 2000], [0, 1000]]
[362, 2000, 2000, 'port_in_361', 0] [[1000, 0], [2000, 1000], [1000, 2000], [0, 1000]]
[363, 2000, 2000, 'port_in_362', 0] [[1000, 0], [2000, 1000], [1000, 2000], [0, 1000]]
[364, 2000, 2000, 'port_in_363', 0] [[1000, 0], [2000, 1000], [1000, 2000], [0, 1000]]
[365, 2000, 2000, 'port_in_364', 0] [[1000, 0], [2000, 1000], [1000, 2000], [0, 1000]]
[366, 2000, 2000, 'port_in_365', 0] [[1000, 0], [2000, 1000], [1000, 2000], [0, 1000]]
[367, 2000, 2000, 'port_in_366', 0] [[1000, 0], [2000, 1000], [1000, 2000], [0, 1000]]
[368, 2000, 2000, 'port_in_367', 0] [[1000, 0], [2000, 1000], [1000, 2000], [0, 1000]]
[369, 2000, 2000, 'port_in_368', 0] [[1000, 0], [2000, 1000], [1000, 2000], [0, 1000]]
[370, 2000, 2000, 'port_in_369', 0] [[1000, 0], [2000, 1000], [1000, 2000], [0, 1000]]
[371, 2000, 2000, 'port_in_370', 0] [[1000, 0], [2000, 1000], [1000, 2000], [0, 1000]]
[372, 2000, 2000, 'port_in_371', 0] [[1000, 0], [2000, 1000], [1000, 2000], [0, 1000]]
[373, 2000, 2000, 'port_in_372', 0] [[1000, 0], [2000, 1000], [1000, 2000], [0, 1000]]
[374, 2000, 2000, 'port_in_373', 0] [[1000, 0], [2000, 1000], [1000, 2000], [0, 1000]]
[375, 2000, 2000, 'port_in_374', 0] [[1000, 0], [2000, 1000], [1000, 2000], [0, 1000]]
[376, 2000, 2000, 'port_in_375', 0] [[1000, 0], [2000, 1000], [1000, 2000], [0, 1000]]
[377, 2000, 2000, 'port_in_376', 0] [[1000, 0], [2000, 1000], [1000, 2000], [0, 1000]]
[378, 2000, 2000, 'port_in_377', 0] [[1000, 0], [2000, 1000], [1000, 2000], [0, 1000]]
[379, 2000, 2000, 'port_in_378', 0] [[1000, 0], [2000, 1000], [1000, 2000], [0, 1000]]
[380, 2000, 2000, 'port_in_379', 0] [[1000, 0], [2000, 1000], [1000, 2000], [0, 1000]]
[381, 2000, 2000, 'port_in_380', 0] [[1000, 0], [2000, 1000], [1000, 2000], [0, 1000]]
[382, 2000, 2000, 'port_in_381', 0] [[1000, 0], [2000, 1000], [1000, 2000], [0, 1000]]
[383, 2000, 2000, 'port_in_382', 0] [[1000, 0], [2000, 1000], [1000, 2000], [0, 1000]]
[384, 2000, 2000, 'port_in_383', 0] [[1000, 0], [2000, 1000], [1000, 2000], [0, 1000]]
[385, 2000, 2000, 'port_in_384', 0] [[1000, 0], [2000, 1000], [1000, 2000], [0, 1000]]
[386, 2000, 2000, 'port_in_385', 0] [[1000, 0], [2000, 1000], [1000, 2000], [0, 1000]]
[387, 2000, 2000, 'port_in_386', 0] [[1000, 0], [2000, 1000], [1000, 2000], [0, 1000]]
[388, 2000, 2000, 'port_in_387', 0] [[1000, 0], [2000, 1000], [1000, 2000], [0, 1000]]
[389, 2000, 2000, 'port_in_388', 0] [[1000, 0], [2000, 1000], [1000, 2000], [0, 1000]]
[390, 2000, 2000, 'port_in_389', 0] [[1000, 0], [2000, 1000], [1000, 2000], [0, 1000]]
[391, 2000, 2000, 'port_in_390', 0] [[1000, 0], [2000, 1000], [1000, 2000], [0, 1000]]
[392, 2000, 2000, 'port_in_391', 0] [[1000, 0], [2000, 1000], [1000, 2000], [0, 1000]]
[393, 2000, 2000, 'port_in_392', 0] [[1000, 0], [2000, 1000], [1000, 2000], [0, 1000]]
[394, 2000, 2000, 'port_in_393', 0] [[1000, 0], [2000, 1000], [1000, 2000], [0, 1000]]
[395, 2000, 2000, 'port_in_394', 0] [[1000, 0], [2000, 1000], [1000, 2000], [0, 1000]]
[396, 2000, 2000, 'port_in_395', 0] [[1000, 0], [2000, 1000], [1000, 2000], [0, 1000]]
[397, 2000, 2000, 'port_in_396', 0] [[1000, 0], [2000, 1000], [1000, 2000], [0, 1000]]
[398, 2000, 2000, 'port_in_397', 0] [[1000, 0], [2000, 1000], [1000, 2000], [0, 1000]]
[399, 2000, 2000, 'port_in_398', 0] [[1000, 0], [2000, 1000], [1000, 2000], [0, 1000]]
[400, 2000, 2000, 'port_in_399', 0] [[1000, 0], [2000, 1000], [1000, 2000], [0, 1000]]
[401, 2000, 2000, 'port_in_400', 0] [[1000, 0], [2000, 1000], [1000, 2000], [0, 1000]]
[402, 2000, 2000, 'port_in_401', 0] [[1000, 0], [2000, 1000], [1000, 2000], [0, 1000]]
[403, 2000, 2000, 'port_in_402', 0] [[1000, 0], [2000, 1000], [1000, 2000], [0, 1000]]
[404, 2000, 2000, 'port_in_403', 0] [[1000, 0], [2000, 1000], [1000, 2000], [0, 1000]]
[405, 2000, 2000, 'port_in_404', 0] [[1000, 0], [2000, 1000], [1000, 2000], [0, 1000]]
[406, 2000, 2000, 'port_in_405', 0] [[1000, 0], [2000, 1000], [1000, 2000], [0, 1000]]
[407, 2000, 2000, 'port_in_406', 0] [[1000, 0], [2000, 1000], [1000, 2000], [0, 1000]]
[408, 2000, 2000, 'port_in_407', 0] [[1000, 0], [2000, 1000], [1000, 2000], [0, 1000]]
[409, 2000, 2000, 'port_in_408', 0] [[1000, 0], [2000, 1000], [1000, 2000], [0, 1000]]
[410, 2000, 2000, 'port_in_409', 0] [[1000, 0], [2000, 1000], [1000, 2000], [0, 1000]]
[411, 2000, 2000, 'port_in_410', 0] [[1000, 0], [2000, 1000], [1000, 2000], [0, 1000]]
[412, 2000, 2000, 'port_in_411', 0] [[1000, 0], [2000, 1000], [1000, 2000], [0, 1000]]
[413, 2000, 2000, 'port_in_412', 0] [[1000, 0], [2000, 1000], [1000, 2000], [0, 1000]]
[414, 2000, 2000, 'port_in_413', 0] [[1000, 0], [2000, 1000], [1000, 2000], [0, 1000]]
[415, 2000, 2000, 'port_in_414', 0] [[1000, 0], [2000, 1000], [1000, 2000], [0, 1000]]
[416, 2000, 2000, 'port_in_415', 0] [[1000, 0], [2000, 1000], [1000, 2000], [0, 1000]]
[417, 2000, 2000, 'port_in_416', 0] [[1000, 0], [2000, 1000], [1000, 2000], [0, 1000]]
[418, 2000, 2000, 'port_in_417', 0] [[1000, 0], [2000, 1000], [1000, 2000], [0, 1000]]
[419, 2000, 2000, 'port_in_418', 0] [[1000, 0], [2000, 1000], [1000, 2000], [0, 1000]]
[420, 2000, 2000, 'port_in_419', 0] [[1000, 0], [2000, 1000], [1000, 2000], [0, 1000]]
[421, 2000, 2000, 'port_in_420', 0] [[1000, 0], [2000, 1000], [1000, 2000], [0, 1000]]
[422, 2000, 2000, 'port_in_421', 0] [[1000, 0], [2000, 1000], [1000, 2000], [0, 1000]]
[423, 2000, 2000, 'port_in_422', 0] [[1000, 0], [2000, 1000], [1000, 2000], [0, 1000]]
[424, 2000, 2000, 'port_in_423', 0] [[1000, 0], [2000, 1000], [1000, 2000], [0, 1000]]
[425, 2000, 2000, 'port_in_424', 0] [[1000, 0], [2000, 1000], [1000, 2000], [0, 1000]]
[426, 2000, 2000, 'port_in_425', 0] [[1000, 0], [2000, 1000], [1000, 2000], [0, 1000]]
[427, 2000, 2000, 'port_in_426', 0] [[1000, 0], [2000, 1000], [1000, 2000], [0, 1000]]
[428, 2000, 2000, 'port_in_427', 0] [[1000, 0], [2000, 1000], [1000, 2000], [0, 1000]]
[429, 2000, 2000, 'port_in_428', 0] [[1000, 0], [2000, 1000], [1000, 2000], [0, 1000]]
[430, 2000, 2000, 'port_in_429', 0] [[1000, 0], [2000, 1000], [1000, 2000], [0, 1000]]
[431, 2000, 2000, 'port_in_430', 0] [[1000, 0], [2000, 1000], [1000, 2000], [0, 1000]]
[432, 2000, 2000, 'port_in_431', 0] [[1000, 0], [2000, 1000], [1000, 2000], [0, 1000]]
[433, 2000, 2000, 'port_in_432', 0] [[1000, 0], [2000, 1000], [1000, 2000], [0, 1000]]
[434, 2000, 2000, 'port_in_433', 0] [[1000, 0], [2000, 1000], [1000, 2000], [0, 1000]]
[435, 2000, 2000, 'port_in_434', 0] [[1000, 0], [2000, 1000], [1000, 2000], [0, 1000]]
[436, 2000, 2000, 'port_in_435', 0] [[1000, 0], [2000, 1000], [1000, 2000], [0, 1000]]
[437, 2000, 2000, 'port_in_436', 0] [[1000, 0], [2000, 1000], [1000, 2000], [0, 1000]]
[438, 2000, 2000, 'port_in_437', 0] [[1000, 0], [2000, 1000], [1000, 2000], [0, 1000]]
[439, 2000, 2000, 'port_in_438', 0] [[1000, 0], [2000, 1000], [1000, 2000], [0, 1000]]
[440, 2000, 2000, 'port_in_439', 0] [[1000, 0], [2000, 1000], [1000, 2000], [0, 1000]]
[441, 2000, 2000, 'port_in_440', 0] [[1000, 0], [2000, 1000], [1000, 2000], [0, 1000]]
[442, 2000, 2000, 'port_in_441', 0] [[1000, 0], [2000, 1000], [1000, 2000], [0, 1000]]
[443, 2000, 2000, 'port_in_442', 0] [[1000, 0], [2000, 1000], [1000, 2000], [0, 1000]]
[444, 2000, 2000, 'port_in_443', 0] [[1000, 0], [2000, 1000], [1000, 2000], [0, 1000]]
[445, 2000, 2000, 'port_in_444', 0] [[1000, 0], [2000, 1000], [1000, 2000], [0, 1000]]
[446, 2000, 2000, 'port_in_445', 0] [[1000, 0], [2000, 1000], [1000, 2000], [0, 1000]]
[447, 2000, 2000, 'port_in_446', 0] [[1000, 0], [2000, 1000], [1000, 2000], [0, 1000]]
[448, 2000, 2000, 'port_in_447', 0] [[1000, 0], [2000, 1000], [1000, 2000], [0, 1000]]
[449, 2000, 2000, 'port_in_448', 0] [[1000, 0], [2000, 1000], [1000, 2000], [0, 1000]]
[450, 2000, 2000, 'port_in_449', 0] [[1000, 0], [2000, 1000], [1000, 2000], [0, 1000]]
[451, 2000, 2000, 'port_in_450', 0] [[1000, 0], [2000, 1000], [1000, 2000], [0, 1000]]
[452, 2000, 2000, 'port_in_451', 0] [[1000, 0], [2000, 1000], [1000, 2000], [0, 1000]]
[453, 2000, 2000, 'port_in_452', 0] [[1000, 0], [2000, 1000], [1000, 2000], [0, 1000]]
[454, 2000, 2000, 'port_in_453', 0] [[1000, 0], [2000, 1000], [1000, 2000], [0, 1000]]
[455, 2000, 2000, 'port_in_454', 0] [[1000, 0], [2000, 1000], [1000, 2000], [0, 1000]]
[456, 2000, 2000, 'port_in_455', 0] [[1000, 0], [2000, 1000], [1000, 2000], [0, 1000]]
[457, 2000, 2000, 'port_in_456', 0] [[1000, 0], [2000, 1000], [1000, 2000], [0, 1000]]
[458, 2000, 2000, 'port_in_457', 0] [[1000, 0], [2000, 1000], [1000, 2000], [0, 1000]]
[459, 2000, 2000, 'port_in_458', 0] [[1000, 0], [2000, 1000], [1000, 2000], [0, 1000]]
[460, 2000, 2000, 'port_in_459', 0] [[1000, 0], [2000, 1000], [1000, 2000], [0, 1000]]
[461, 2000, 2000, 'port_in_460', 0] [[1000, 0], [2000, 1000], [1000, 2000], [0, 1000]]
[462, 2000, 2000, 'port_in_461', 0] [[1000, 0], [2000, 1000], [1000, 2000], [0, 1000]]
[463, 2000, 2000, 'port_in_462', 0] [[1000, 0], [2000, 1000], [1000, 2000], [0, 1000]]
[464, 2000, 2000, 'port_in_463', 0] [[1000, 0], [2000, 1000], [1000, 2000], [0, 1000]]
[465, 2000, 2000, 'port_in_464', 0] [[1000, 0], [2000, 1000], [1000, 2000], [0, 1000]]
[466, 2000, 2000, 'port_in_465', 0] [[1000, 0], [2000, 1000], [1000, 2000], [0, 1000]]
[467, 2000, 2000, 'port_in_466', 0] [[1000, 0], [2000, 1000], [1000, 2000], [0, 1000]]
[468, 2000, 2000, 'port_in_467', 0] [[1000, 0], [2000, 1000], [1000, 2000], [0, 1000]]
[469, 2000, 2000, 'port_in_468', 0] [[1000, 0], [2000, 1000], [1000, 2000], [0, 1000]]
[470, 2000, 2000, 'port_in_469', 0] [[1000, 0], [2000, 1000], [1000, 2000], [0, 1000]]
[471, 2000, 2000, 'port_in_470', 0] [[1000, 0], [2000, 1000], [1000, 2000], [0, 1000]]
[472, 2000, 2000, 'port_in_471', 0] [[1000, 0], [2000, 1000], [1000, 2000], [0, 1000]]
[473, 2000, 2000, 'port_in_472', 0] [[1000, 0], [2000, 1000], [1000, 2000], [0, 1000]]
[474, 2000, 2000, 'port_in_473', 0] [[1000, 0], [2000, 1000], [1000, 2000], [0, 1000]]
[475, 2000, 2000, 'port_in_474', 0] [[1000, 0], [2000, 1000], [1000, 2000], [0, 1000]]
[476, 2000, 2000, 'port_in_475', 0] [[1000, 0], [2000, 1000], [1000, 2000], [0, 1000]]
[477, 2000, 2000, 'port_in_476', 0] [[1000, 0], [2000, 1000], [1000, 2000], [0, 1000]]
[478, 2000, 2000, 'port_in_477', 0] [[1000, 0], [2000, 1000], [1000, 2000], [0, 1000]]
[479, 2000, 2000, 'port_in_478', 0] [[1000, 0], [2000, 1000], [1000, 2000], [0, 1000]]
[480, 2000, 2000, 'port_in_479', 0] [[1000, 0], [2000, 1000], [1000, 2000], [0, 1000]]
[481, 2000, 2000, 'port_in_480', 0] [[1000, 0], [2000, 1000], [1000, 2000], [0, 1000]]
[482, 2000, 2000, 'port_in_481', 0] [[1000, 0], [2000, 1000], [1000, 2000], [0, 1000]]
[483, 2000, 2000, 'port_in_482', 0] [[1000, 0], [2000, 1000], [1000, 2000], [0, 1000]]
[484, 2000, 2000, 'port_in_483', 0] [[1000, 0], [2000, 1000], [1000, 2000], [0, 1000]]
[485, 2000, 2000, 'port_in_484', 0] [[1000, 0], [2000, 1000], [1000, 2000], [0, 1000]]
[486, 2000, 2000, 'port_in_485', 0] [[1000, 0], [2000, 1000], [1000, 2000], [0, 1000]]
[487, 2000, 2000, 'port_in_486', 0] [[1000, 0], [2000, 1000], [1000, 2000], [0, 1000]]
[488, 2000, 2000, 'port_in_487', 0] [[1000, 0], [2000, 1000], [1000, 2000], [0, 1000]]
[489, 2000, 2000, 'port_in_488', 0] [[1000, 0], [2000, 1000], [1000, 2000], [0, 1000]]
[490, 2000, 2000, 'port_in_489', 0] [[1000, 0], [2000, 1000], [1000, 2000], [0, 1000]]
[491, 2000, 2000, 'port_in_490', 0] [[1000, 0], [2000, 1000], [1000, 2000], [0, 1000]]
[492, 2000, 2000, 'port_in_491', 0] [[1000, 0], [2000, 1000], [1000, 2000], [0, 1000]]
[493, 2000, 2000, 'port_in_492', 0] [[1000, 0], [2000, 1000], [1000, 2000], [0, 1000]]
[494, 2000, 2000, 'port_in_493', 0] [[1000, 0], [2000, 1000], [1000, 2000], [0, 1000]]
[495, 2000, 2000, 'port_in_494', 0] [[1000, 0], [2000, 1000], [1000, 2000], [0, 1000]]
[496, 2000, 2000, 'port_in_495', 0] [[1000, 0], [2000, 1000], [1000, 2000], [0, 1000]]
[497, 2000, 2000, 'port_in_496', 0] [[1000, 0], [2000, 1000], [1000, 2000], [0, 1000]]
[498, 2000, 2000, 'port_in_497', 0] [[1000, 0], [2000, 1000], [1000, 2000], [0, 1000]]
[499, 2000, 2000, 'port_in_498', 0] [[1000, 0], [2000, 1000], [1000, 2000], [0, 1000]]
[500, 2000, 2000, 'port_in_499', 0] [[1000, 0], [2000, 1000], [1000, 2000], [0, 1000]]
[501, 2000, 2000, 'port_in_500', 0] [[1000, 0], [2000, 1000], [1000, 2000], [0, 1000]]
[502, 2000, 2000, 'port_in_501', 0] [[1000, 0], [2000, 1000], [1000, 2000], [0, 1000]]
[503, 2000, 2000, 'port_in_502', 0] [[1000, 0], [2000, 1000], [1000, 2000], [0, 1000]]
[504, 2000, 2000, 'port_in_503', 0] [[1000, 0], [2000, 1000], [1000, 2000], [0, 1000]]
[505, 2000, 2000, 'port_in_504', 0] [[1000, 0], [2000, 1000], [1000, 2000], [0, 1000]]
[506, 2000, 2000, 'port_in_505', 0] [[1000, 0], [2000, 1000], [1000, 2000], [0, 1000]]
[507, 2000, 2000, 'port_in_506', 0] [[1000, 0], [2000, 1000], [1000, 2000], [0, 1000]]
[508, 2000, 2000, 'port_in_507', 0] [[1000, 0], [2000, 1000], [1000, 2000], [0, 1000]]
[509, 2000, 2000, 'port_in_508', 0] [[1000, 0], [2000, 1000], [1000, 2000], [0, 1000]]
[510, 2000, 2000, 'port_in_509', 0] [[1000, 0], [2000, 1000], [1000, 2000], [0, 1000]]
[511, 2000, 2000, 'port_in_510', 0] [[1000, 0], [2000, 1000], [1000, 2000], [0, 1000]]
[512, 2000, 2000, 'port_in_511', 0] [[1000, 0], [2000, 1000], [1000, 2000], [0, 1000]]
[513, 2000, 2000, 'port_in_512', 0] [[1000, 0], [2000, 1000], [1000, 2000], [0, 1000]]
[514, 2000, 2000, 'port_in_513', 0] [[1000, 0], [2000, 1000], [1000, 2000], [0, 1000]]
[515, 2000, 2000, 'port_in_514', 0] [[1000, 0], [2000, 1000], [1000, 2000], [0, 1000]]
[516, 2000, 2000, 'port_in_515', 0] [[1000, 0], [2000, 1000], [1000, 2000], [0, 1000]]
[517, 2000, 2000, 'port_in_516', 0] [[1000, 0], [2000, 1000], [1000, 2000], [0, 1000]]
[518, 2000, 2000, 'port_in_517', 0] [[1000, 0], [2000, 1000], [1000, 2000], [0, 1000]]
[519, 2000, 2000, 'port_in_518', 0] [[1000, 0], [2000, 1000], [1000, 2000], [0, 1000]]
[520, 2000, 2000, 'port_in_519', 0] [[1000, 0], [2000, 1000], [1000, 2000], [0, 1000]]
[521, 2000, 2000, 'port_in_520', 0] [[1000, 0], [2000, 1000], [1000, 2000], [0, 1000]]
[522, 2000, 2000, 'port_in_521', 0] [[1000, 0], [2000, 1000], [1000, 2000], [0, 1000]]
[523, 2000, 2000, 'port_in_522', 0] [[1000, 0], [2000, 1000], [1000, 2000], [0, 1000]]
[524, 2000, 2000, 'port_in_523', 0] [[1000, 0], [2000, 1000], [1000, 2000], [0, 1000]]
[525, 2000, 2000, 'port_in_524', 0] [[1000, 0], [2000, 1000], [1000, 2000], [0, 1000]]
[526, 2000, 2000, 'port_in_525', 0] [[1000, 0], [2000, 1000], [1000, 2000], [0, 1000]]
[527, 2000, 2000, 'port_in_526', 0] [[1000, 0], [2000, 1000], [1000, 2000], [0, 1000]]
[528, 2000, 2000, 'port_in_527', 0] [[1000, 0], [2000, 1000], [1000, 2000], [0, 1000]]
[529, 2000, 2000, 'port_in_528', 0] [[1000, 0], [2000, 1000], [1000, 2000], [0, 1000]]
[530, 2000, 2000, 'port_in_529', 0] [[1000, 0], [2000, 1000], [1000, 2000], [0, 1000]]
[531, 2000, 2000, 'port_in_530', 0] [[1000, 0], [2000, 1000], [1000, 2000], [0, 1000]]
[532, 2000, 2000, 'port_in_531', 0] [[1000, 0], [2000, 1000], [1000, 2000], [0, 1000]]
[533, 2000, 2000, 'port_in_532', 0] [[1000, 0], [2000, 1000], [1000, 2000], [0, 1000]]
[534, 2000, 2000, 'port_in_533', 0] [[1000, 0], [2000, 1000], [1000, 2000], [0, 1000]]
[535, 2000, 2000, 'port_in_534', 0] [[1000, 0], [2000, 1000], [1000, 2000], [0, 1000]]
[536, 2000, 2000, 'port_in_535', 0] [[1000, 0], [2000, 1000], [1000, 2000], [0, 1000]]
[537, 2000, 2000, 'port_in_536', 0] [[1000, 0], [2000, 1000], [1000, 2000], [0, 1000]]
[538, 2000, 2000, 'port_in_537', 0] [[1000, 0], [2000, 1000], [1000, 2000], [0, 1000]]
[539, 2000, 2000, 'port_in_538', 0] [[1000, 0], [2000, 1000], [1000, 2000], [0, 1000]]
[540, 2000, 2000, 'port_in_539', 0] [[1000, 0], [2000, 1000], [1000, 2000], [0, 1000]]
[541, 2000, 2000, 'port_in_540', 0] [[1000, 0], [2000, 1000], [1000, 2000], [0, 1000]]
[542, 2000, 2000, 'port_in_541', 0] [[1000, 0], [2000, 1000], [1000, 2000], [0, 1000]]
[543, 2000, 2000, 'port_in_542', 0] [[1000, 0], [2000, 1000], [1000, 2000], [0, 1000]]
[544, 2000, 2000, 'port_in_543', 0] [[1000, 0], [2000, 1000], [1000, 2000], [0, 1000]]
[545, 2000, 2000, 'port_in_544', 0] [[1000, 0], [2000, 1000], [1000, 2000], [0, 1000]]
[546, 2000, 2000, 'port_in_545', 0] [[1000, 0], [2000, 1000], [1000, 2000], [0, 1000]]
[547, 2000, 2000, 'port_in_546', 0] [[1000, 0], [2000, 1000], [1000, 2000], [0, 1000]]
[548, 2000, 2000, 'port_in_547', 0] [[1000, 0], [2000, 1000], [1000, 2000], [0, 1000]]
[549, 2000, 2000, 'port_in_548', 0] [[1000, 0], [2000, 1000], [1000, 2000], [0, 1000]]
[550, 2000, 2000, 'port_in_549', 0] [[1000, 0], [2000, 1000], [1000, 2000], [0, 1000]]
[551, 2000, 2000, 'port_in_550', 0] [[1000, 0], [2000, 1000], [1000, 2000], [0, 1000]]
[552, 2000, 2000, 'port_in_551', 0] [[1000, 0], [2000, 1000], [1000, 2000], [0, 1000]]
[553, 2000, 2000, 'port_in_552', 0] [[1000, 0], [2000, 1000], [1000, 2000], [0, 1000]]
[554, 2000, 2000, 'port_in_553', 0] [[1000, 0], [2000, 1000], [1000, 2000], [0, 1000]]
[555, 2000, 2000, 'port_in_554', 0] [[1000, 0], [2000, 1000], [1000, 2000], [0, 1000]]
[556, 2000, 2000, 'port_in_555', 0] [[1000, 0], [2000, 1000], [1000, 2000], [0, 1000]]
[557, 2000, 2000, 'port_in_556', 0] [[1000, 0], [2000, 1000], [1000, 2000], [0, 1000]]
[558, 2000, 2000, 'port_in_557', 0] [[1000, 0], [2000, 1000], [1000, 2000], [0, 1000]]
[559, 2000, 2000, 'port_in_558', 0] [[1000, 0], [2000, 1000], [1000, 2000], [0, 1000]]
[560, 2000, 2000, 'port_in_559', 0] [[1000, 0], [2000, 1000], [1000, 2000], [0, 1000]]
[561, 2000, 2000, 'port_in_560', 0] [[1000, 0], [2000, 1000], [1000, 2000], [0, 1000]]
[562, 2000, 2000, 'port_in_561', 0] [[1000, 0], [2000, 1000], [1000, 2000], [0, 1000]]
[563, 2000, 2000, 'port_in_562', 0] [[1000, 0], [2000, 1000], [1000, 2000], [0, 1000]]
[564, 2000, 2000, 'port_in_563', 0] [[1000, 0], [2000, 1000], [1000, 2000], [0, 1000]]
[565, 2000, 2000, 'port_in_564', 0] [[1000, 0], [2000, 1000], [1000, 2000], [0, 1000]]
[566, 2000, 2000, 'port_in_565', 0] [[1000, 0], [2000, 1000], [1000, 2000], [0, 1000]]
[567, 2000, 2000, 'port_in_566', 0] [[1000, 0], [2000, 1000], [1000, 2000], [0, 1000]]
[568, 2000, 2000, 'port_in_567', 0] [[1000, 0], [2000, 1000], [1000, 2000], [0, 1000]]
[569, 2000, 2000, 'port_in_568', 0] [[1000, 0], [2000, 1000], [1000, 2000], [0, 1000]]
[570, 2000, 2000, 'port_in_569', 0] [[1000, 0], [2000, 1000], [1000, 2000], [0, 1000]]
[571, 2000, 2000, 'port_in_570', 0] [[1000, 0], [2000, 1000], [1000, 2000], [0, 1000]]
[572, 2000, 2000, 'port_in_571', 0] [[1000, 0], [2000, 1000], [1000, 2000], [0, 1000]]
[573, 2000, 2000, 'port_in_572', 0] [[1000, 0], [2000, 1000], [1000, 2000], [0, 1000]]
[574, 2000, 2000, 'port_in_573', 0] [[1000, 0], [2000, 1000], [1000, 2000], [0, 1000]]
[575, 2000, 2000, 'port_in_574', 0] [[1000, 0], [2000, 1000], [1000, 2000], [0, 1000]]
[576, 2000, 2000, 'port_in_575', 0] [[1000, 0], [2000, 1000], [1000, 2000], [0, 1000]]
[577, 2000, 2000, 'port_in_576', 0] [[1000, 0], [2000, 1000], [1000, 2000], [0, 1000]]
[578, 2000, 2000, 'port_in_577', 0] [[1000, 0], [2000, 1000], [1000, 2000], [0, 1000]]
[579, 2000, 2000, 'port_in_578', 0] [[1000, 0], [2000, 1000], [1000, 2000], [0, 1000]]
[580, 2000, 2000, 'port_in_579', 0] [[1000, 0], [2000, 1000], [1000, 2000], [0, 1000]]
[581, 2000, 2000, 'port_in_580', 0] [[1000, 0], [2000, 1000], [1000, 2000], [0, 1000]]
[582, 2000, 2000, 'port_in_581', 0] [[1000, 0], [2000, 1000], [1000, 2000], [0, 1000]]
[583, 2000, 2000, 'port_in_582', 0] [[1000, 0], [2000, 1000], [1000, 2000], [0, 1000]]
[584, 2000, 2000, 'port_in_583', 0] [[1000, 0], [2000, 1000], [1000, 2000], [0, 1000]]
[585, 2000, 2000, 'port_in_584', 0] [[1000, 0], [2000, 1000], [1000, 2000], [0, 1000]]
[586, 2000, 2000, 'port_in_585', 0] [[1000, 0], [2000, 1000], [1000, 2000], [0, 1000]]
[587, 2000, 2000, 'port_in_586', 0] [[1000, 0], [2000, 1000], [1000, 2000], [0, 1000]]
[588, 2000, 2000, 'port_in_587', 0] [[1000, 0], [2000, 1000], [1000, 2000], [0, 1000]]
[589, 2000, 2000, 'port_in_588', 0] [[1000, 0], [2000, 1000], [1000, 2000], [0, 1000]]
[590, 2000, 2000, 'port_in_589', 0] [[1000, 0], [2000, 1000], [1000, 2000], [0, 1000]]
[591, 2000, 2000, 'port_in_590', 0] [[1000, 0], [2000, 1000], [1000, 2000], [0, 1000]]
[592, 2000, 2000, 'port_in_591', 0] [[1000, 0], [2000, 1000], [1000, 2000], [0, 1000]]
[593, 2000, 2000, 'port_in_592', 0] [[1000, 0], [2000, 1000], [1000, 2000], [0, 1000]]
[594, 2000, 2000, 'port_in_593', 0] [[1000, 0], [2000, 1000], [1000, 2000], [0, 1000]]
[595, 2000, 2000, 'port_in_594', 0] [[1000, 0], [2000, 1000], [1000, 2000], [0, 1000]]
[596, 2000, 2000, 'port_in_595', 0] [[1000, 0], [2000, 1000], [1000, 2000], [0, 1000]]
[597, 2000, 2000, 'port_in_596', 0] [[1000, 0], [2000, 1000], [1000, 2000], [0, 1000]]
[598, 2000, 2000, 'port_in_597', 0] [[1000, 0], [2000, 1000], [1000, 2000], [0, 1000]]
[599, 2000, 2000, 'port_in_598', 0] [[1000, 0], [2000, 1000], [1000, 2000], [0, 1000]]
[600, 2000, 2000, 'port_in_599', 0] [[1000, 0], [2000, 1000], [1000, 2000], [0, 1000]]
[601, 2000, 2000, 'port_in_600', 0] [[1000, 0], [2000, 1000], [1000, 2000], [0, 1000]]
[602, 2000, 2000, 'port_in_601', 0] [[1000, 0], [2000, 1000], [1000, 2000], [0, 1000]]
[603, 2000, 2000, 'port_in_602', 0] [[1000, 0], [2000, 1000], [1000, 2000], [0, 1000]]
[604, 2000, 2000, 'port_in_603', 0] [[1000, 0], [2000, 1000], [1000, 2000], [0, 1000]]
[605, 2000, 2000, 'port_in_604', 0] [[1000, 0], [2000, 1000], [1000, 2000], [0, 1000]]
[606, 2000, 2000, 'port_in_605', 0] [[1000, 0], [2000, 1000], [1000, 2000], [0, 1000]]
[607, 2000, 2000, 'port_in_606', 0] [[1000, 0], [2000, 1000], [1000, 2000], [0, 1000]]
[608, 2000, 2000, 'port_in_607', 0] [[1000, 0], [2000, 1000], [1000, 2000], [0, 1000]]
[609, 2000, 2000, 'port_in_608', 0] [[1000, 0], [2000, 1000], [1000, 2000], [0, 1000]]
[610, 2000, 2000, 'port_in_609', 0] [[1000, 0], [2000, 1000], [1000, 2000], [0, 1000]]
[611, 2000, 2000, 'port_in_610', 0] [[1000, 0], [2000, 1000], [1000, 2000], [0, 1000]]
[612, 2000, 2000, 'port_in_611', 0] [[1000, 0], [2000, 1000], [1000, 2000], [0, 1000]]
[613, 2000, 2000, 'port_in_612', 0] [[1000, 0], [2000, 1000], [1000, 2000], [0, 1000]]
[614, 2000, 2000, 'port_in_613', 0] [[1000, 0], [2000, 1000], [1000, 2000], [0, 1000]]
[615, 2000, 2000, 'port_in_614', 0] [[1000, 0], [2000, 1000], [1000, 2000], [0, 1000]]
[616, 2000, 2000, 'port_in_615', 0] [[1000, 0], [2000, 1000], [1000, 2000], [0, 1000]]
[617, 2000, 2000, 'port_in_616', 0] [[1000, 0], [2000, 1000], [1000, 2000], [0, 1000]]
[618, 2000, 2000, 'port_in_617', 0] [[1000, 0], [2000, 1000], [1000, 2000], [0, 1000]]
[619, 2000, 2000, 'port_in_618', 0] [[1000, 0], [2000, 1000], [1000, 2000], [0, 1000]]
[620, 2000, 2000, 'port_in_619', 0] [[1000, 0], [2000, 1000], [1000, 2000], [0, 1000]]
[621, 2000, 2000, 'port_in_620', 0] [[1000, 0], [2000, 1000], [1000, 2000], [0, 1000]]
[622, 2000, 2000, 'port_in_621', 0] [[1000, 0], [2000, 1000], [1000, 2000], [0, 1000]]
[623, 2000, 2000, 'port_in_622', 0] [[1000, 0], [2000, 1000], [1000, 2000], [0, 1000]]
[624, 2000, 2000, 'port_in_623', 0] [[1000, 0], [2000, 1000], [1000, 2000], [0, 1000]]
[625, 2000, 2000, 'port_in_624', 0] [[1000, 0], [2000, 1000], [1000, 2000], [0, 1000]]
[626, 2000, 2000, 'port_in_625', 0] [[1000, 0], [2000, 1000], [1000, 2000], [0, 1000]]
[627, 2000, 2000, 'port_in_626', 0] [[1000, 0], [2000, 1000], [1000, 2000], [0, 1000]]
[628, 2000, 2000, 'port_in_627', 0] [[1000, 0], [2000, 1000], [1000, 2000], [0, 1000]]
[629, 2000, 2000, 'port_in_628', 0] [[1000, 0], [2000, 1000], [1000, 2000], [0, 1000]]
[630, 2000, 2000, 'port_in_629', 0] [[1000, 0], [2000, 1000], [1000, 2000], [0, 1000]]
[631, 2000, 2000, 'port_in_630', 0] [[1000, 0], [2000, 1000], [1000, 2000], [0, 1000]]
[632, 2000, 2000, 'port_in_631', 0] [[1000, 0], [2000, 1000], [1000, 2000], [0, 1000]]
[633, 2000, 2000, 'port_in_632', 0] [[1000, 0], [2000, 1000], [1000, 2000], [0, 1000]]
[634, 2000, 2000, 'port_in_633', 0] [[1000, 0], [2000, 1000], [1000, 2000], [0, 1000]]
[635, 2000, 2000, 'port_in_634', 0] [[1000, 0], [2000, 1000], [1000, 2000], [0, 1000]]
[636, 2000, 2000, 'port_in_635', 0] [[1000, 0], [2000, 1000], [1000, 2000], [0, 1000]]
[637, 2000, 2000, 'port_in_636', 0] [[1000, 0], [2000, 1000], [1000, 2000], [0, 1000]]
[638, 2000, 2000, 'port_in_637', 0] [[1000, 0], [2000, 1000], [1000, 2000], [0, 1000]]
[639, 2000, 2000, 'port_in_638', 0] [[1000, 0], [2000, 1000], [1000, 2000], [0, 1000]]
[640, 2000, 2000, 'port_in_639', 0] [[1000, 0], [2000, 1000], [1000, 2000], [0, 1000]]
[641, 2000, 2000, 'port_in_640', 0] [[1000, 0], [2000, 1000], [1000, 2000], [0, 1000]]
[642, 2000, 2000, 'port_in_641', 0] [[1000, 0], [2000, 1000], [1000, 2000], [0, 1000]]
[643, 2000, 2000, 'port_in_642', 0] [[1000, 0], [2000, 1000], [1000, 2000], [0, 1000]]
[644, 2000, 2000, 'port_in_643', 0] [[1000, 0], [2000, 1000], [1000, 2000], [0, 1000]]
[645, 2000, 2000, 'port_in_644', 0] [[1000, 0], [2000, 1000], [1000, 2000], [0, 1000]]
[646, 2000, 2000, 'port_in_645', 0] [[1000, 0], [2000, 1000], [1000, 2000], [0, 1000]]
[647, 2000, 2000, 'port_in_646', 0] [[1000, 0], [2000, 1000], [1000, 2000], [0, 1000]]
[648, 2000, 2000, 'port_in_647', 0] [[1000, 0], [2000, 1000], [1000, 2000], [0, 1000]]
[649, 2000, 2000, 'port_in_648', 0] [[1000, 0], [2000, 1000], [1000, 2000], [0, 1000]]
[650, 2000, 2000, 'port_in_649', 0] [[1000, 0], [2000, 1000], [1000, 2000], [0, 1000]]
[651, 2000, 2000, 'port_in_650', 0] [[1000, 0], [2000, 1000], [1000, 2000], [0, 1000]]
[652, 2000, 2000, 'port_in_651', 0] [[1000, 0], [2000, 1000], [1000, 2000], [0, 1000]]
[653, 2000, 2000, 'port_in_652', 0] [[1000, 0], [2000, 1000], [1000, 2000], [0, 1000]]
[654, 2000, 2000, 'port_in_653', 0] [[1000, 0], [2000, 1000], [1000, 2000], [0, 1000]]
[655, 2000, 2000, 'port_in_654', 0] [[1000, 0], [2000, 1000], [1000, 2000], [0, 1000]]
[656, 2000, 2000, 'port_in_655', 0] [[1000, 0], [2000, 1000], [1000, 2000], [0, 1000]]
[657, 2000, 2000, 'port_in_656', 0] [[1000, 0], [2000, 1000], [1000, 2000], [0, 1000]]
[658, 2000, 2000, 'port_in_657', 0] [[1000, 0], [2000, 1000], [1000, 2000], [0, 1000]]
[659, 2000, 2000, 'port_in_658', 0] [[1000, 0], [2000, 1000], [1000, 2000], [0, 1000]]
[660, 2000, 2000, 'port_in_659', 0] [[1000, 0], [2000, 1000], [1000, 2000], [0, 1000]]
[661, 2000, 2000, 'port_in_660', 0] [[1000, 0], [2000, 1000], [1000, 2000], [0, 1000]]
[662, 2000, 2000, 'port_in_661', 0] [[1000, 0], [2000, 1000], [1000, 2000], [0, 1000]]
[663, 2000, 2000, 'port_in_662', 0] [[1000, 0], [2000, 1000], [1000, 2000], [0, 1000]]
[664, 2000, 2000, 'port_in_663', 0] [[1000, 0], [2000, 1000], [1000, 2000], [0, 1000]]
[665, 2000, 2000, 'port_in_664', 0] [[1000, 0], [2000, 1000], [1000, 2000], [0, 1000]]
[666, 2000, 2000, 'port_in_665', 0] [[1000, 0], [2000, 1000], [1000, 2000], [0, 1000]]
[667, 2000, 2000, 'port_in_666', 0] [[1000, 0], [2000, 1000], [1000, 2000], [0, 1000]]
[668, 2000, 2000, 'port_in_667', 0] [[1000, 0], [2000, 1000], [1000, 2000], [0, 1000]]
[669, 2000, 2000, 'port_in_668', 0] [[1000, 0], [2000, 1000], [1000, 2000], [0, 1000]]
[670, 2000, 2000, 'port_in_669', 0] [[1000, 0], [2000, 1000], [1000, 2000], [0, 1000]]
[671, 2000, 2000, 'port_in_670', 0] [[1000, 0], [2000, 1000], [1000, 2000], [0, 1000]]
[672, 2000, 2000, 'port_in_671', 0] [[1000, 0], [2000, 1000], [1000, 2000], [0, 1000]]
[673, 2000, 2000, 'port_in_672', 0] [[1000, 0], [2000, 1000], [1000, 2000], [0, 1000]]
[674, 2000, 2000, 'port_in_673', 0] [[1000, 0], [2000, 1000], [1000, 2000], [0, 1000]]
[675, 2000, 2000, 'port_in_674', 0] [[1000, 0], [2000, 1000], [1000, 2000], [0, 1000]]
[676, 2000, 2000, 'port_in_675', 0] [[1000, 0], [2000, 1000], [1000, 2000], [0, 1000]]
[677, 2000, 2000, 'port_in_676', 0] [[1000, 0], [2000, 1000], [1000, 2000], [0, 1000]]
[678, 2000, 2000, 'port_in_677', 0] [[1000, 0], [2000, 1000], [1000, 2000], [0, 1000]]
[679, 2000, 2000, 'port_in_678', 0] [[1000, 0], [2000, 1000], [1000, 2000], [0, 1000]]
[680, 2000, 2000, 'port_in_679', 0] [[1000, 0], [2000, 1000], [1000, 2000], [0, 1000]]
[681, 2000, 2000, 'port_in_680', 0] [[1000, 0], [2000, 1000], [1000, 2000], [0, 1000]]
[682, 2000, 2000, 'port_in_681', 0] [[1000, 0], [2000, 1000], [1000, 2000], [0, 1000]]
[683, 2000, 2000, 'port_in_682', 0] [[1000, 0], [2000, 1000], [1000, 2000], [0, 1000]]
[684, 2000, 2000, 'port_in_683', 0] [[1000, 0], [2000, 1000], [1000, 2000], [0, 1000]]
[685, 2000, 2000, 'port_in_684', 0] [[1000, 0], [2000, 1000], [1000, 2000], [0, 1000]]
[686, 2000, 2000, 'port_in_685', 0] [[1000, 0], [2000, 1000], [1000, 2000], [0, 1000]]
[687, 2000, 2000, 'port_in_686', 0] [[1000, 0], [2000, 1000], [1000, 2000], [0, 1000]]
[688, 2000, 2000, 'port_in_687', 0] [[1000, 0], [2000, 1000], [1000, 2000], [0, 1000]]
[689, 2000, 2000, 'port_in_688', 0] [[1000, 0], [2000, 1000], [1000, 2000], [0, 1000]]
[690, 2000, 2000, 'port_in_689', 0] [[1000, 0], [2000, 1000], [1000, 2000], [0, 1000]]
[691, 2000, 2000, 'port_in_690', 0] [[1000, 0], [2000, 1000], [1000, 2000], [0, 1000]]
[692, 2000, 2000, 'port_in_691', 0] [[1000, 0], [2000, 1000], [1000, 2000], [0, 1000]]
[693, 2000, 2000, 'port_in_692', 0] [[1000, 0], [2000, 1000], [1000, 2000], [0, 1000]]
[694, 2000, 2000, 'port_in_693', 0] [[1000, 0], [2000, 1000], [1000, 2000], [0, 1000]]
[695, 2000, 2000, 'port_in_694', 0] [[1000, 0], [2000, 1000], [1000, 2000], [0, 1000]]
[696, 2000, 2000, 'port_in_695', 0] [[1000, 0], [2000, 1000], [1000, 2000], [0, 1000]]
[697, 2000, 2000, 'port_in_696', 0] [[1000, 0], [2000, 1000], [1000, 2000], [0, 1000]]
[698, 2000, 2000, 'port_in_697', 0] [[1000, 0], [2000, 1000], [1000, 2000], [0, 1000]]
[699, 2000, 2000, 'port_in_698', 0] [[1000, 0], [2000, 1000], [1000, 2000], [0, 1000]]
[700, 2000, 2000, 'port_in_699', 0] [[1000, 0], [2000, 1000], [1000, 2000], [0, 1000]]
[701, 2000, 2000, 'port_in_700', 0] [[1000, 0], [2000, 1000], [1000, 2000], [0, 1000]]
[702, 2000, 2000, 'port_in_701', 0] [[1000, 0], [2000, 1000], [1000, 2000], [0, 1000]]
[703, 2000, 2000, 'port_in_702', 0] [[1000, 0], [2000, 1000], [1000, 2000], [0, 1000]]
[704, 2000, 2000, 'port_in_703', 0] [[1000, 0], [2000, 1000], [1000, 2000], [0, 1000]]
[705, 2000, 2000, 'port_in_704', 0] [[1000, 0], [2000, 1000], [1000, 2000], [0, 1000]]
[706, 2000, 2000, 'port_in_705', 0] [[1000, 0], [2000, 1000], [1000, 2000], [0, 1000]]
[707, 2000, 2000, 'port_in_706', 0] [[1000, 0], [2000, 1000], [1000, 2000], [0, 1000]]
[708, 2000, 2000, 'port_in_707', 0] [[1000, 0], [2000, 1000], [1000, 2000], [0, 1000]]
[709, 2000, 2000, 'port_in_708', 0] [[1000, 0], [2000, 1000], [1000, 2000], [0, 1000]]
[710, 2000, 2000, 'port_in_709', 0] [[1000, 0], [2000, 1000], [1000, 2000], [0, 1000]]
[711, 2000, 2000, 'port_in_710', 0] [[1000, 0], [2000, 1000], [1000, 2000], [0, 1000]]
[712, 2000, 2000, 'port_in_711', 0] [[1000, 0], [2000, 1000], [1000, 2000], [0, 1000]]
[713, 2000, 2000, 'port_in_712', 0] [[1000, 0], [2000, 1000], [1000, 2000], [0, 1000]]
[714, 2000, 2000, 'port_in_713', 0] [[1000, 0], [2000, 1000], [1000, 2000], [0, 1000]]
[715, 2000, 2000, 'port_in_714', 0] [[1000, 0], [2000, 1000], [1000, 2000], [0, 1000]]
[716, 2000, 2000, 'port_in_715', 0] [[1000, 0], [2000, 1000], [1000, 2000], [0, 1000]]
[717, 2000, 2000, 'port_in_716', 0] [[1000, 0], [2000, 1000], [1000, 2000], [0, 1000]]
[718, 2000, 2000, 'port_in_717', 0] [[1000, 0], [2000, 1000], [1000, 2000], [0, 1000]]
[719, 2000, 2000, 'port_in_718', 0] [[1000, 0], [2000, 1000], [1000, 2000], [0, 1000]]
[720, 2000, 2000, 'port_in_719', 0] [[1000, 0], [2000, 1000], [1000, 2000], [0, 1000]]
[721, 2000, 2000, 'port_in_720', 0] [[1000, 0], [2000, 1000], [1000, 2000], [0, 1000]]
[722, 2000, 2000, 'port_in_721', 0] [[1000, 0], [2000, 1000], [1000, 2000], [0, 1000]]
[723, 2000, 2000, 'port_in_722', 0] [[1000, 0], [2000, 1000], [1000, 2000], [0, 1000]]
[724, 2000, 2000, 'port_in_723', 0] [[1000, 0], [2000, 1000], [1000, 2000], [0, 1000]]
[725, 2000, 2000, 'port_in_724', 0] [[1000, 0], [2000, 1000], [1000, 2000], [0, 1000]]
[726, 2000, 2000, 'port_in_725', 0] [[1000, 0], [2000, 1000], [1000, 2000], [0, 1000]]
[727, 2000, 2000, 'port_in_726', 0] [[1000, 0], [2000, 1000], [1000, 2000], [0, 1000]]
[728, 2000, 2000, 'port_in_727', 0] [[1000, 0], [2000, 1000], [1000, 2000], [0, 1000]]
[729, 2000, 2000, 'port_in_728', 0] [[1000, 0], [2000, 1000], [1000, 2000], [0, 1000]]
[730, 2000, 2000, 'port_in_729', 0] [[1000, 0], [2000, 1000], [1000, 2000], [0, 1000]]
[731, 2000, 2000, 'port_in_730', 0] [[1000, 0], [2000, 1000], [1000, 2000], [0, 1000]]
[732, 2000, 2000, 'port_in_731', 0] [[1000, 0], [2000, 1000], [1000, 2000], [0, 1000]]
[733, 2000, 2000, 'port_in_732', 0] [[1000, 0], [2000, 1000], [1000, 2000], [0, 1000]]
[734, 2000, 2000, 'port_in_733', 0] [[1000, 0], [2000, 1000], [1000, 2000], [0, 1000]]
[735, 2000, 2000, 'port_in_734', 0] [[1000, 0], [2000, 1000], [1000, 2000], [0, 1000]]
[736, 2000, 2000, 'port_in_735', 0] [[1000, 0], [2000, 1000], [1000, 2000], [0, 1000]]
[737, 2000, 2000, 'port_in_736', 0] [[1000, 0], [2000, 1000], [1000, 2000], [0, 1000]]
[738, 2000, 2000, 'port_in_737', 0] [[1000, 0], [2000, 1000], [1000, 2000], [0, 1000]]
[739, 2000, 2000, 'port_in_738', 0] [[1000, 0], [2000, 1000], [1000, 2000], [0, 1000]]
[740, 2000, 2000, 'port_in_739', 0] [[1000, 0], [2000, 1000], [1000, 2000], [0, 1000]]
[741, 2000, 2000, 'port_in_740', 0] [[1000, 0], [2000, 1000], [1000, 2000], [0, 1000]]
[742, 2000, 2000, 'port_in_741', 0] [[1000, 0], [2000, 1000], [1000, 2000], [0, 1000]]
[743, 2000, 2000, 'port_in_742', 0] [[1000, 0], [2000, 1000], [1000, 2000], [0, 1000]]
[744, 2000, 2000, 'port_in_743', 0] [[1000, 0], [2000, 1000], [1000, 2000], [0, 1000]]
[745, 2000, 2000, 'port_in_744', 0] [[1000, 0], [2000, 1000], [1000, 2000], [0, 1000]]
[746, 2000, 2000, 'port_in_745', 0] [[1000, 0], [2000, 1000], [1000, 2000], [0, 1000]]
[747, 2000, 2000, 'port_in_746', 0] [[1000, 0], [2000, 1000], [1000, 2000], [0, 1000]]
[748, 2000, 2000, 'port_in_747', 0] [[1000, 0], [2000, 1000], [1000, 2000], [0, 1000]]
[749, 2000, 2000, 'port_in_748', 0] [[1000, 0], [2000, 1000], [1000, 2000], [0, 1000]]
[750, 2000, 2000, 'port_in_749', 0] [[1000, 0], [2000, 1000], [1000, 2000], [0, 1000]]
[751, 2000, 2000, 'port_in_750', 0] [[1000, 0], [2000, 1000], [1000, 2000], [0, 1000]]
[752, 2000, 2000, 'port_in_751', 0] [[1000, 0], [2000, 1000], [1000, 2000], [0, 1000]]
[753, 2000, 2000, 'port_in_752', 0] [[1000, 0], [2000, 1000], [1000, 2000], [0, 1000]]
[754, 2000, 2000, 'port_in_753', 0] [[1000, 0], [2000, 1000], [1000, 2000], [0, 1000]]
[755, 2000, 2000, 'port_in_754', 0] [[1000, 0], [2000, 1000], [1000, 2000], [0, 1000]]
[756, 2000, 2000, 'port_in_755', 0] [[1000, 0], [2000, 1000], [1000, 2000], [0, 1000]]
[757, 2000, 2000, 'port_in_756', 0] [[1000, 0], [2000, 1000], [1000, 2000], [0, 1000]]
[758, 2000, 2000, 'port_in_757', 0] [[1000, 0], [2000, 1000], [1000, 2000], [0, 1000]]
[759, 2000, 2000, 'port_in_758', 0] [[1000, 0], [2000, 1000], [1000, 2000], [0, 1000]]
[760, 2000, 2000, 'port_in_759', 0] [[1000, 0], [2000, 1000], [1000, 2000], [0, 1000]]
[761, 2000, 2000, 'port_in_760', 0] [[1000, 0], [2000, 1000], [1000, 2000], [0, 1000]]
[762, 2000, 2000, 'port_in_761', 0] [[1000, 0], [2000, 1000], [1000, 2000], [0, 1000]]
[763, 2000, 2000, 'port_in_762', 0] [[1000, 0], [2000, 1000], [1000, 2000], [0, 1000]]
[764, 2000, 2000, 'port_in_763', 0] [[1000, 0], [2000, 1000], [1000, 2000], [0, 1000]]
[765, 2000, 2000, 'port_in_764', 0] [[1000, 0], [2000, 1000], [1000, 2000], [0, 1000]]
[766, 2000, 2000, 'port_in_765', 0] [[1000, 0], [2000, 1000], [1000, 2000], [0, 1000]]
[767, 2000, 2000, 'port_in_766', 0] [[1000, 0], [2000, 1000], [1000, 2000], [0, 1000]]
[768, 2000, 2000, 'port_in_767', 0] [[1000, 0], [2000, 1000], [1000, 2000], [0, 1000]]
[769, 2000, 2000, 'port_in_768', 0] [[1000, 0], [2000, 1000], [1000, 2000], [0, 1000]]
[770, 2000, 2000, 'port_in_769', 0] [[1000, 0], [2000, 1000], [1000, 2000], [0, 1000]]
[771, 2000, 2000, 'port_in_770', 0] [[1000, 0], [2000, 1000], [1000, 2000], [0, 1000]]
[772, 2000, 2000, 'port_in_771', 0] [[1000, 0], [2000, 1000], [1000, 2000], [0, 1000]]
[773, 2000, 2000, 'port_in_772', 0] [[1000, 0], [2000, 1000], [1000, 2000], [0, 1000]]
[774, 2000, 2000, 'port_in_773', 0] [[1000, 0], [2000, 1000], [1000, 2000], [0, 1000]]
[775, 2000, 2000, 'port_in_774', 0] [[1000, 0], [2000, 1000], [1000, 2000], [0, 1000]]
[776, 2000, 2000, 'port_in_775', 0] [[1000, 0], [2000, 1000], [1000, 2000], [0, 1000]]
[777, 2000, 2000, 'port_in_776', 0] [[1000, 0], [2000, 1000], [1000, 2000], [0, 1000]]
[778, 2000, 2000, 'port_in_777', 0] [[1000, 0], [2000, 1000], [1000, 2000], [0, 1000]]
[779, 2000, 2000, 'port_in_778', 0] [[1000, 0], [2000, 1000], [1000, 2000], [0, 1000]]
[780, 2000, 2000, 'port_in_779', 0] [[1000, 0], [2000, 1000], [1000, 2000], [0, 1000]]
[781, 2000, 2000, 'port_in_780', 0] [[1000, 0], [2000, 1000], [1000, 2000], [0, 1000]]
[782, 2000, 2000, 'port_in_781', 0] [[1000, 0], [2000, 1000], [1000, 2000], [0, 1000]]
[783, 2000, 2000, 'port_in_782', 0] [[1000, 0], [2000, 1000], [1000, 2000], [0, 1000]]
[784, 2000, 2000, 'port_in_783', 0] [[1000, 0], [2000, 1000], [1000, 2000], [0, 1000]]
[785, 2000, 2000, 'port_in_784', 0] [[1000, 0], [2000, 1000], [1000, 2000], [0, 1000]]
[786, 2000, 2000, 'port_in_785', 0] [[1000, 0], [2000, 1000], [1000, 2000], [0, 1000]]
[787, 2000, 2000, 'port_in_786', 0] [[1000, 0], [2000, 1000], [1000, 2000], [0, 1000]]
[788, 2000, 2000, 'port_in_787', 0] [[1000, 0], [2000, 1000], [1000, 2000], [0, 1000]]
[789, 2000, 2000, 'port_in_788', 0] [[1000, 0], [2000, 1000], [1000, 2000], [0, 1000]]
[790, 2000, 2000, 'port_in_789', 0] [[1000, 0], [2000, 1000], [1000, 2000], [0, 1000]]
[791, 2000, 2000, 'port_in_790', 0] [[1000, 0], [2000, 1000], [1000, 2000], [0, 1000]]
[792, 2000, 2000, 'port_in_791', 0] [[1000, 0], [2000, 1000], [1000, 2000], [0, 1000]]
[793, 2000, 2000, 'port_in_792', 0] [[1000, 0], [2000, 1000], [1000, 2000], [0, 1000]]
[794, 2000, 2000, 'port_in_793', 0] [[1000, 0], [2000, 1000], [1000, 2000], [0, 1000]]
[795, 2000, 2000, 'port_in_794', 0] [[1000, 0], [2000, 1000], [1000, 2000], [0, 1000]]
[796, 2000, 2000, 'port_in_795', 0] [[1000, 0], [2000, 1000], [1000, 2000], [0, 1000]]
[797, 2000, 2000, 'port_in_796', 0] [[1000, 0], [2000, 1000], [1000, 2000], [0, 1000]]
[798, 2000, 2000, 'port_in_797', 0] [[1000, 0], [2000, 1000], [1000, 2000], [0, 1000]]
[799, 2000, 2000, 'port_in_798', 0] [[1000, 0], [2000, 1000], [1000, 2000], [0, 1000]]
[800, 2000, 2000, 'port_in_799', 0] [[1000, 0], [2000, 1000], [1000, 2000], [0, 1000]]
[801, 2000, 2000, 'port_in_800', 0] [[1000, 0], [2000, 1000], [1000, 2000], [0, 1000]]
[802, 2000, 2000, 'port_in_801', 0] [[1000, 0], [2000, 1000], [1000, 2000], [0, 1000]]
[803, 2000, 2000, 'port_in_802', 0] [[1000, 0], [2000, 1000], [1000, 2000], [0, 1000]]
[804, 2000, 2000, 'port_in_803', 0] [[1000, 0], [2000, 1000], [1000, 2000], [0, 1000]]
[805, 2000, 2000, 'port_in_804', 0] [[1000, 0], [2000, 1000], [1000, 2000], [0, 1000]]
[806, 2000, 2000, 'port_in_805', 0] [[1000, 0], [2000, 1000], [1000, 2000], [0, 1000]]
[807, 2000, 2000, 'port_in_806', 0] [[1000, 0], [2000, 1000], [1000, 2000], [0, 1000]]
[808, 2000, 2000, 'port_in_807', 0] [[1000, 0], [2000, 1000], [1000, 2000], [0, 1000]]
[809, 2000, 2000, 'port_in_808', 0] [[1000, 0], [2000, 1000], [1000, 2000], [0, 1000]]
[810, 2000, 2000, 'port_in_809', 0] [[1000, 0], [2000, 1000], [1000, 2000], [0, 1000]]
[811, 2000, 2000, 'port_in_810', 0] [[1000, 0], [2000, 1000], [1000, 2000], [0, 1000]]
[812, 2000, 2000, 'port_in_811', 0] [[1000, 0], [2000, 1000], [1000, 2000], [0, 1000]]
[813, 2000, 2000, 'port_in_812', 0] [[1000, 0], [2000, 1000], [1000, 2000], [0, 1000]]
[814, 2000, 2000, 'port_in_813', 0] [[1000, 0], [2000, 1000], [1000, 2000], [0, 1000]]
[815, 2000, 2000, 'port_in_814', 0] [[1000, 0], [2000, 1000], [1000, 2000], [0, 1000]]
[816, 2000, 2000, 'port_in_815', 0] [[1000, 0], [2000, 1000], [1000, 2000], [0, 1000]]
[817, 2000, 2000, 'port_in_816', 0] [[1000, 0], [2000, 1000], [1000, 2000], [0, 1000]]
[818, 2000, 2000, 'port_in_817', 0] [[1000, 0], [2000, 1000], [1000, 2000], [0, 1000]]
[819, 2000, 2000, 'port_in_818', 0] [[1000, 0], [2000, 1000], [1000, 2000], [0, 1000]]
[820, 2000, 2000, 'port_in_819', 0] [[1000, 0], [2000, 1000], [1000, 2000], [0, 1000]]
[821, 2000, 2000, 'port_in_820', 0] [[1000, 0], [2000, 1000], [1000, 2000], [0, 1000]]
[822, 2000, 2000, 'port_in_821', 0] [[1000, 0], [2000, 1000], [1000, 2000], [0, 1000]]
[823, 2000, 2000, 'port_in_822', 0] [[1000, 0], [2000, 1000], [1000, 2000], [0, 1000]]
[824, 2000, 2000, 'port_in_823', 0] [[1000, 0], [2000, 1000], [1000, 2000], [0, 1000]]
[825, 2000, 2000, 'port_in_824', 0] [[1000, 0], [2000, 1000], [1000, 2000], [0, 1000]]
[826, 2000, 2000, 'port_in_825', 0] [[1000, 0], [2000, 1000], [1000, 2000], [0, 1000]]
[827, 2000, 2000, 'port_in_826', 0] [[1000, 0], [2000, 1000], [1000, 2000], [0, 1000]]
[828, 2000, 2000, 'port_in_827', 0] [[1000, 0], [2000, 1000], [1000, 2000], [0, 1000]]
[829, 2000, 2000, 'port_in_828', 0] [[1000, 0], [2000, 1000], [1000, 2000], [0, 1000]]
[830, 2000, 2000, 'port_in_829', 0] [[1000, 0], [2000, 1000], [1000, 2000], [0, 1000]]
[831, 2000, 2000, 'port_in_830', 0] [[1000, 0], [2000, 1000], [1000, 2000], [0, 1000]]
[832, 2000, 2000, 'port_in_831', 0] [[1000, 0], [2000, 1000], [1000, 2000], [0, 1000]]
[833, 2000, 2000, 'port_in_832', 0] [[1000, 0], [2000, 1000], [1000, 2000], [0, 1000]]
[834, 2000, 2000, 'port_in_833', 0] [[1000, 0], [2000, 1000], [1000, 2000], [0, 1000]]
[835, 2000, 2000, 'port_in_834', 0] [[1000, 0], [2000, 1000], [1000, 2000], [0, 1000]]
[836, 2000, 2000, 'port_in_835', 0] [[1000, 0], [2000, 1000], [1000, 2000], [0, 1000]]
[837, 2000, 2000, 'port_in_836', 0] [[1000, 0], [2000, 1000], [1000, 2000], [0, 1000]]
[838, 2000, 2000, 'port_in_837', 0] [[1000, 0], [2000, 1000], [1000, 2000], [0, 1000]]
[839, 2000, 2000, 'port_in_838', 0] [[1000, 0], [2000, 1000], [1000, 2000], [0, 1000]]
[840, 2000, 2000, 'port_in_839', 0] [[1000, 0], [2000, 1000], [1000, 2000], [0, 1000]]
[841, 2000, 2000, 'port_in_840', 0] [[1000, 0], [2000, 1000], [1000, 2000], [0, 1000]]
[842, 2000, 2000, 'port_in_841', 0] [[1000, 0], [2000, 1000], [1000, 2000], [0, 1000]]
[843, 2000, 2000, 'port_in_842', 0] [[1000, 0], [2000, 1000], [1000, 2000], [0, 1000]]
[844, 2000, 2000, 'port_in_843', 0] [[1000, 0], [2000, 1000], [1000, 2000], [0, 1000]]
[845, 2000, 2000, 'port_in_844', 0] [[1000, 0], [2000, 1000], [1000, 2000], [0, 1000]]
[846, 2000, 2000, 'port_in_845', 0] [[1000, 0], [2000, 1000], [1000, 2000], [0, 1000]]
[847, 2000, 2000, 'port_in_846', 0] [[1000, 0], [2000, 1000], [1000, 2000], [0, 1000]]
[848, 2000, 2000, 'port_in_847', 0] [[1000, 0], [2000, 1000], [1000, 2000], [0, 1000]]
[849, 2000, 2000, 'port_in_848', 0] [[1000, 0], [2000, 1000], [1000, 2000], [0, 1000]]
[850, 2000, 2000, 'port_in_849', 0] [[1000, 0], [2000, 1000], [1000, 2000], [0, 1000]]
[851, 2000, 2000, 'port_in_850', 0] [[1000, 0], [2000, 1000], [1000, 2000], [0, 1000]]
[852, 2000, 2000, 'port_in_851', 0] [[1000, 0], [2000, 1000], [1000, 2000], [0, 1000]]
[853, 2000, 2000, 'port_in_852', 0] [[1000, 0], [2000, 1000], [1000, 2000], [0, 1000]]
[854, 2000, 2000, 'port_in_853', 0] [[1000, 0], [2000, 1000], [1000, 2000], [0, 1000]]
[855, 2000, 2000, 'port_in_854', 0] [[1000, 0], [2000, 1000], [1000, 2000], [0, 1000]]
[856, 2000, 2000, 'port_in_855', 0] [[1000, 0], [2000, 1000], [1000, 2000], [0, 1000]]
[857, 2000, 2000, 'port_in_856', 0] [[1000, 0], [2000, 1000], [1000, 2000], [0, 1000]]
[858, 2000, 2000, 'port_in_857', 0] [[1000, 0], [2000, 1000], [1000, 2000], [0, 1000]]
[859, 2000, 2000, 'port_in_858', 0] [[1000, 0], [2000, 1000], [1000, 2000], [0, 1000]]
[860, 2000, 2000, 'port_in_859', 0] [[1000, 0], [2000, 1000], [1000, 2000], [0, 1000]]
[861, 2000, 2000, 'port_in_860', 0] [[1000, 0], [2000, 1000], [1000, 2000], [0, 1000]]
[862, 2000, 2000, 'port_in_861', 0] [[1000, 0], [2000, 1000], [1000, 2000], [0, 1000]]
[863, 2000, 2000, 'port_in_862', 0] [[1000, 0], [2000, 1000], [1000, 2000], [0, 1000]]
[864, 2000, 2000, 'port_in_863', 0] [[1000, 0], [2000, 1000], [1000, 2000], [0, 1000]]
[865, 2000, 2000, 'port_in_864', 0] [[1000, 0], [2000, 1000], [1000, 2000], [0, 1000]]
[866, 2000, 2000, 'port_in_865', 0] [[1000, 0], [2000, 1000], [1000, 2000], [0, 1000]]
[867, 2000, 2000, 'port_in_866', 0] [[1000, 0], [2000, 1000], [1000, 2000], [0, 1000]]
[868, 2000, 2000, 'port_in_867', 0] [[1000, 0], [2000, 1000], [1000, 2000], [0, 1000]]
[869, 2000, 2000, 'port_in_868', 0] [[1000, 0], [2000, 1000], [1000, 2000], [0, 1000]]
[870, 2000, 2000, 'port_in_869', 0] [[1000, 0], [2000, 1000], [1000, 2000], [0, 1000]]
[871, 2000, 2000, 'port_in_870', 0] [[1000, 0], [2000, 1000], [1000, 2000], [0, 1000]]
[872, 2000, 2000, 'port_in_871', 0] [[1000, 0], [2000, 1000], [1000, 2000], [0, 1000]]
[873, 2000, 2000, 'port_in_872', 0] [[1000, 0], [2000, 1000], [1000, 2000], [0, 1000]]
[874, 2000, 2000, 'port_in_873', 0] [[1000, 0], [2000, 1000], [1000, 2000], [0, 1000]]
[875, 2000, 2000, 'port_in_874', 0] [[1000, 0], [2000, 1000], [1000, 2000], [0, 1000]]
[876, 2000, 2000, 'port_in_875', 0] [[1000, 0], [2000, 1000], [1000, 2000], [0, 1000]]
[877, 2000, 2000, 'port_in_876', 0] [[1000, 0], [2000, 1000], [1000, 2000], [0, 1000]]
[878, 2000, 2000, 'port_in_877', 0] [[1000, 0], [2000, 1000], [1000, 2000], [0, 1000]]
[879, 2000, 2000, 'port_in_878', 0] [[1000, 0], [2000, 1000], [1000, 2000], [0, 1000]]
[880, 2000, 2000, 'port_in_879', 0] [[1000, 0], [2000, 1000], [1000, 2000], [0, 1000]]
[881, 2000, 2000, 'port_in_880', 0] [[1000, 0], [2000, 1000], [1000, 2000], [0, 1000]]
[882, 2000, 2000, 'port_in_881', 0] [[1000, 0], [2000, 1000], [1000, 2000], [0, 1000]]
[883, 2000, 2000, 'port_in_882', 0] [[1000, 0], [2000, 1000], [1000, 2000], [0, 1000]]
[884, 2000, 2000, 'port_in_883', 0] [[1000, 0], [2000, 1000], [1000, 2000], [0, 1000]]
[885, 2000, 2000, 'port_in_884', 0] [[1000, 0], [2000, 1000], [1000, 2000], [0, 1000]]
[886, 2000, 2000, 'port_in_885', 0] [[1000, 0], [2000, 1000], [1000, 2000], [0, 1000]]
[887, 2000, 2000, 'port_in_886', 0] [[1000, 0], [2000, 1000], [1000, 2000], [0, 1000]]
[888, 2000, 2000, 'port_in_887', 0] [[1000, 0], [2000, 1000], [1000, 2000], [0, 1000]]
[889, 2000, 2000, 'port_in_888', 0] [[1000, 0], [2000, 1000], [1000, 2000], [0, 1000]]
[890, 2000, 2000, 'port_in_889', 0] [[1000, 0], [2000, 1000], [1000, 2000], [0, 1000]]
[891, 2000, 2000, 'port_in_890', 0] [[1000, 0], [2000, 1000], [1000, 2000], [0, 1000]]
[892, 2000, 2000, 'port_in_891', 0] [[1000, 0], [2000, 1000], [1000, 2000], [0, 1000]]
[893, 2000, 2000, 'port_in_892', 0] [[1000, 0], [2000, 1000], [1000, 2000], [0, 1000]]
[894, 2000, 2000, 'port_in_893', 0] [[1000, 0], [2000, 1000], [1000, 2000], [0, 1000]]
[895, 2000, 2000, 'port_in_894', 0] [[1000, 0], [2000, 1000], [1000, 2000], [0, 1000]]
[896, 2000, 2000, 'port_in_895', 0] [[1000, 0], [2000, 1000], [1000, 2000], [0, 1000]]
[897, 2000, 2000, 'port_in_896', 0] [[1000, 0], [2000, 1000], [1000, 2000], [0, 1000]]
[898, 2000, 2000, 'port_in_897', 0] [[1000, 0], [2000, 1000], [1000, 2000], [0, 1000]]
[899, 2000, 2000, 'port_in_898', 0] [[1000, 0], [2000, 1000], [1000, 2000], [0, 1000]]
[900, 2000, 2000, 'port_in_899', 0] [[1000, 0], [2000, 1000], [1000, 2000], [0, 1000]]
[901, 2000, 2000, 'port_in_900', 0] [[1000, 0], [2000, 1000], [1000, 2000], [0, 1000]]
[902, 2000, 2000, 'port_in_901', 0] [[1000, 0], [2000, 1000], [1000, 2000], [0, 1000]]
[903, 2000, 2000, 'port_in_902', 0] [[1000, 0], [2000, 1000], [1000, 2000], [0, 1000]]
[904, 2000, 2000, 'port_in_903', 0] [[1000, 0], [2000, 1000], [1000, 2000], [0, 1000]]
[905, 2000, 2000, 'port_in_904', 0] [[1000, 0], [2000, 1000], [1000, 2000], [0, 1000]]
[906, 2000, 2000, 'port_in_905', 0] [[1000, 0], [2000, 1000], [1000, 2000], [0, 1000]]
[907, 2000, 2000, 'port_in_906', 0] [[1000, 0], [2000, 1000], [1000, 2000], [0, 1000]]
[908, 2000, 2000, 'port_in_907', 0] [[1000, 0], [2000, 1000], [1000, 2000], [0, 1000]]
[909, 2000, 2000, 'port_in_908', 0] [[1000, 0], [2000, 1000], [1000, 2000], [0, 1000]]
[910, 2000, 2000, 'port_in_909', 0] [[1000, 0], [2000, 1000], [1000, 2000], [0, 1000]]
[911, 2000, 2000, 'port_in_910', 0] [[1000, 0], [2000, 1000], [1000, 2000], [0, 1000]]
[912, 2000, 2000, 'port_in_911', 0] [[1000, 0], [2000, 1000], [1000, 2000], [0, 1000]]
[913, 2000, 2000, 'port_in_912', 0] [[1000, 0], [2000, 1000], [1000, 2000], [0, 1000]]
[914, 2000, 2000, 'port_in_913', 0] [[1000, 0], [2000, 1000], [1000, 2000], [0, 1000]]
[915, 2000, 2000, 'port_in_914', 0] [[1000, 0], [2000, 1000], [1000, 2000], [0, 1000]]
[916, 2000, 2000, 'port_in_915', 0] [[1000, 0], [2000, 1000], [1000, 2000], [0, 1000]]
[917, 2000, 2000, 'port_in_916', 0] [[1000, 0], [2000, 1000], [1000, 2000], [0, 1000]]
[918, 2000, 2000, 'port_in_917', 0] [[1000, 0], [2000, 1000], [1000, 2000], [0, 1000]]
[919, 2000, 2000, 'port_in_918', 0] [[1000, 0], [2000, 1000], [1000, 2000], [0, 1000]]
[920, 2000, 2000, 'port_in_919', 0] [[1000, 0], [2000, 1000], [1000, 2000], [0, 1000]]
[921, 2000, 2000, 'port_in_920', 0] [[1000, 0], [2000, 1000], [1000, 2000], [0, 1000]]
[922, 2000, 2000, 'port_in_921', 0] [[1000, 0], [2000, 1000], [1000, 2000], [0, 1000]]
[923, 2000, 2000, 'port_in_922', 0] [[1000, 0], [2000, 1000], [1000, 2000], [0, 1000]]
[924, 2000, 2000, 'port_in_923', 0] [[1000, 0], [2000, 1000], [1000, 2000], [0, 1000]]
[925, 2000, 2000, 'port_in_924', 0] [[1000, 0], [2000, 1000], [1000, 2000], [0, 1000]]
[926, 2000, 2000, 'port_in_925', 0] [[1000, 0], [2000, 1000], [1000, 2000], [0, 1000]]
[927, 2000, 2000, 'port_in_926', 0] [[1000, 0], [2000, 1000], [1000, 2000], [0, 1000]]
[928, 2000, 2000, 'port_in_927', 0] [[1000, 0], [2000, 1000], [1000, 2000], [0, 1000]]
[929, 2000, 2000, 'port_in_928', 0] [[1000, 0], [2000, 1000], [1000, 2000], [0, 1000]]
[930, 2000, 2000, 'port_in_929', 0] [[1000, 0], [2000, 1000], [1000, 2000], [0, 1000]]
[931, 2000, 2000, 'port_in_930', 0] [[1000, 0], [2000, 1000], [1000, 2000], [0, 1000]]
[932, 2000, 2000, 'port_in_931', 0] [[1000, 0], [2000, 1000], [1000, 2000], [0, 1000]]
[933, 2000, 2000, 'port_in_932', 0] [[1000, 0], [2000, 1000], [1000, 2000], [0, 1000]]
[934, 2000, 2000, 'port_in_933', 0] [[1000, 0], [2000, 1000], [1000, 2000], [0, 1000]]
[935, 2000, 2000, 'port_in_934', 0] [[1000, 0], [2000, 1000], [1000, 2000], [0, 1000]]
[936, 2000, 2000, 'port_in_935', 0] [[1000, 0], [2000, 1000], [1000, 2000], [0, 1000]]
[937, 2000, 2000, 'port_in_936', 0] [[1000, 0], [2000, 1000], [1000, 2000], [0, 1000]]
[938, 2000, 2000, 'port_in_937', 0] [[1000, 0], [2000, 1000], [1000, 2000], [0, 1000]]
[939, 2000, 2000, 'port_in_938', 0] [[1000, 0], [2000, 1000], [1000, 2000], [0, 1000]]
[940, 2000, 2000, 'port_in_939', 0] [[1000, 0], [2000, 1000], [1000, 2000], [0, 1000]]
[941, 2000, 2000, 'port_in_940', 0] [[1000, 0], [2000, 1000], [1000, 2000], [0, 1000]]
[942, 2000, 2000, 'port_in_941', 0] [[1000, 0], [2000, 1000], [1000, 2000], [0, 1000]]
[943, 2000, 2000, 'port_in_942', 0] [[1000, 0], [2000, 1000], [1000, 2000], [0, 1000]]
[944, 2000, 2000, 'port_in_943', 0] [[1000, 0], [2000, 1000], [1000, 2000], [0, 1000]]
[945, 2000, 2000, 'port_in_944', 0] [[1000, 0], [2000, 1000], [1000, 2000], [0, 1000]]
[946, 2000, 2000, 'port_in_945', 0] [[1000, 0], [2000, 1000], [1000, 2000], [0, 1000]]
[947, 2000, 2000, 'port_in_946', 0] [[1000, 0], [2000, 1000], [1000, 2000], [0, 1000]]
[948, 2000, 2000, 'port_in_947', 0] [[1000, 0], [2000, 1000], [1000, 2000], [0, 1000]]
[949, 2000, 2000, 'port_in_948', 0] [[1000, 0], [2000, 1000], [1000, 2000], [0, 1000]]
[950, 2000, 2000, 'port_in_949', 0] [[1000, 0], [2000, 1000], [1000, 2000], [0, 1000]]
[951, 2000, 2000, 'port_in_950', 0] [[1000, 0], [2000, 1000], [1000, 2000], [0, 1000]]
[952, 2000, 2000, 'port_in_951', 0] [[1000, 0], [2000, 1000], [1000, 2000], [0, 1000]]
[953, 2000, 2000, 'port_in_952', 0] [[1000, 0], [2000, 1000], [1000, 2000], [0, 1000]]
[954, 2000, 2000, 'port_in_953', 0] [[1000, 0], [2000, 1000], [1000, 2000], [0, 1000]]
[955, 2000, 2000, 'port_in_954', 0] [[1000, 0], [2000, 1000], [1000, 2000], [0, 1000]]
[956, 2000, 2000, 'port_in_955', 0] [[1000, 0], [2000, 1000], [1000, 2000], [0, 1000]]
[957, 2000, 2000, 'port_in_956', 0] [[1000, 0], [2000, 1000], [1000, 2000], [0, 1000]]
[958, 2000, 2000, 'port_in_957', 0] [[1000, 0], [2000, 1000], [1000, 2000], [0, 1000]]
[959, 2000, 2000, 'port_in_958', 0] [[1000, 0], [2000, 1000], [1000, 2000], [0, 1000]]
[960, 2000, 2000, 'port_in_959', 0] [[1000, 0], [2000, 1000], [1000, 2000], [0, 1000]]
[961, 2000, 2000, 'port_in_960', 0] [[1000, 0], [2000, 1000], [1000, 2000], [0, 1000]]
[962, 2000, 2000, 'port_in_961', 0] [[1000, 0], [2000, 1000], [1000, 2000], [0, 1000]]
[963, 2000, 2000, 'port_in_962', 0] [[1000, 0], [2000, 1000], [1000, 2000], [0, 1000]]
[964, 2000, 2000, 'port_in_963', 0] [[1000, 0], [2000, 1000], [1000, 2000], [0, 1000]]
[965, 2000, 2000, 'port_in_964', 0] [[1000, 0], [2000, 1000], [1000, 2000], [0, 1000]]
[966, 2000, 2000, 'port_in_965', 0] [[1000, 0], [2000, 1000], [1000, 2000], [0, 1000]]
[967, 2000, 2000, 'port_in_966', 0] [[1000, 0], [2000, 1000], [1000, 2000], [0, 1000]]
[968, 2000, 2000, 'port_in_967', 0] [[1000, 0], [2000, 1000], [1000, 2000], [0, 1000]]
[969, 2000, 2000, 'port_in_968', 0] [[1000, 0], [2000, 1000], [1000, 2000], [0, 1000]]
[970, 2000, 2000, 'port_in_969', 0] [[1000, 0], [2000, 1000], [1000, 2000], [0, 1000]]
[971, 2000, 2000, 'port_in_970', 0] [[1000, 0], [2000, 1000], [1000, 2000], [0, 1000]]
[972, 2000, 2000, 'port_in_971', 0] [[1000, 0], [2000, 1000], [1000, 2000], [0, 1000]]
[973, 2000, 2000, 'port_in_972', 0] [[1000, 0], [2000, 1000], [1000, 2000], [0, 1000]]
[974, 2000, 2000, 'port_in_973', 0] [[1000, 0], [2000, 1000], [1000, 2000], [0, 1000]]
[975, 2000, 2000, 'port_in_974', 0] [[1000, 0], [2000, 1000], [1000, 2000], [0, 1000]]
[976, 2000, 2000, 'port_in_975', 0] [[1000, 0], [2000, 1000], [1000, 2000], [0, 1000]]
[977, 2000, 2000, 'port_in_976', 0] [[1000, 0], [2000, 1000], [1000, 2000], [0, 1000]]
[978, 2000, 2000, 'port_in_977', 0] [[1000, 0], [2000, 1000], [1000, 2000], [0, 1000]]
[979, 2000, 2000, 'port_in_978', 0] [[1000, 0], [2000, 1000], [1000, 2000], [0, 1000]]
[980, 2000, 2000, 'port_in_979', 0] [[1000, 0], [2000, 1000], [1000, 2000], [0, 1000]]
[981, 2000, 2000, 'port_in_980', 0] [[1000, 0], [2000, 1000], [1000, 2000], [0, 1000]]
[982, 2000, 2000, 'port_in_981', 0] [[1000, 0], [2000, 1000], [1000, 2000], [0, 1000]]
[983, 2000, 2000, 'port_in_982', 0] [[1000, 0], [2000, 1000], [1000, 2000], [0, 1000]]
[984, 2000, 2000, 'port_in_983', 0] [[1000, 0], [2000, 1000], [1000, 2000], [0, 1000]]
[985, 2000, 2000, 'port_in_984', 0] [[1000, 0], [2000, 1000], [1000, 2000], [0, 1000]]
[986, 2000, 2000, 'port_in_985', 0] [[1000, 0], [2000, 1000], [1000, 2000], [0, 1000]]
[987, 2000, 2000, 'port_in_986', 0] [[1000, 0], [2000, 1000], [1000, 2000], [0, 1000]]
[988, 2000, 2000, 'port_in_987', 0] [[1000, 0], [2000, 1000], [1000, 2000], [0, 1000]]
[989, 2000, 2000, 'port_in_988', 0] [[1000, 0], [2000, 1000], [1000, 2000], [0, 1000]]
[990, 2000, 2000, 'port_in_989', 0] [[1000, 0], [2000, 1000], [1000, 2000], [0, 1000]]
[991, 2000, 2000, 'port_in_990', 0] [[1000, 0], [2000, 1000], [1000, 2000], [0, 1000]]
[992, 2000, 2000, 'port_in_991', 0] [[1000, 0], [2000, 1000], [1000, 2000], [0, 1000]]
[993, 2000, 2000, 'port_in_992', 0] [[1000, 0], [2000, 1000], [1000, 2000], [0, 1000]]
[994, 2000, 2000, 'port_in_993', 0] [[1000, 0], [2000, 1000], [1000, 2000], [0, 1000]]
[995, 2000, 2000, 'port_in_994', 0] [[1000, 0], [2000, 1000], [1000, 2000], [0, 1000]]
[996, 2000, 2000, 'port_in_995', 0] [[1000, 0], [2000, 1000], [1000, 2000], [0, 1000]]
[997, 2000, 2000, 'port_in_996', 0] [[1000, 0], [2000, 1000], [1000, 2000], [0, 1000]]
[998, 2000, 2000, 'port_in_997', 0] [[1000, 0], [2000, 1000], [1000, 2000], [0, 1000]]
[999, 2000, 2000, 'port_in_998', 0] [[1000, 0], [2000, 1000], [1000, 2000], [0, 1000]]
[1000, 2000, 2000, 'port_in_999', 0] [[1000, 0], [2000, 1000], [1000, 2000], [0, 1000]]
[1001, 2000, 2000, 'port_in_1000', 0] [[1000, 0], [2000, 1000], [1000, 2000], [0, 1000]]
[1002, 2000, 2000, 'port_in_1001', 0] [[1000, 0], [2000, 1000], [1000, 2000], [0, 1000]]
[1003, 2000, 2000, 'port_in_1002', 0] [[1000, 0], [2000, 1000], [1000, 2000], [0, 1000]]
[1004, 2000, 2000, 'port_in_1003', 0] [[1000, 0], [2000, 1000], [1000, 2000], [0, 1000]]
[1005, 2000, 2000, 'port_in_1004', 0] [[1000, 0], [2000, 1000], [1000, 2000], [0, 1000]]
[1006, 2000, 2000, 'port_in_1005', 0] [[1000, 0], [2000, 1000], [1000, 2000], [0, 1000]]
[1007, 2000, 2000, 'port_in_1006', 0] [[1000, 0], [2000, 1000], [1000, 2000], [0, 1000]]
[1008, 2000, 2000, 'port_in_1007', 0] [[1000, 0], [2000, 1000], [1000, 2000], [0, 1000]]
[1009, 2000, 2000, 'port_in_1008', 0] [[1000, 0], [2000, 1000], [1000, 2000], [0, 1000]]
[1010, 2000, 2000, 'port_in_1009', 0] [[1000, 0], [2000, 1000], [1000, 2000], [0, 1000]]
[1011, 2000, 2000, 'port_in_1010', 0] [[1000, 0], [2000, 1000], [1000, 2000], [0, 1000]]
[1012, 2000, 2000, 'port_in_1011', 0] [[1000, 0], [2000, 1000], [1000, 2000], [0, 1000]]
[1013, 2000, 2000, 'port_in_1012', 0] [[1000, 0], [2000, 1000], [1000, 2000], [0, 1000]]
[1014, 2000, 2000, 'port_in_1013', 0] [[1000, 0], [2000, 1000], [1000, 2000], [0, 1000]]
[1015, 2000, 2000, 'port_in_1014', 0] [[1000, 0], [2000, 1000], [1000, 2000], [0, 1000]]
[1016, 2000, 2000, 'port_in_1015', 0] [[1000, 0], [2000, 1000], [1000, 2000], [0, 1000]]
[1017, 2000, 2000, 'port_in_1016', 0] [[1000, 0], [2000, 1000], [1000, 2000], [0, 1000]]
[1018, 2000, 2000, 'port_in_1017', 0] [[1000, 0], [2000, 1000], [1000, 2000], [0, 1000]]
[1019, 2000, 2000, 'port_in_1018', 0] [[1000, 0], [2000, 1000], [1000, 2000], [0, 1000]]
[1020, 2000, 2000, 'port_in_1019', 0] [[1000, 0], [2000, 1000], [1000, 2000], [0, 1000]]
[1021, 2000, 2000, 'port_in_1020', 0] [[1000, 0], [2000, 1000], [1000, 2000], [0, 1000]]
[1022, 2000, 2000, 'port_in_1021', 0] [[1000, 0], [2000, 1000], [1000, 2000], [0, 1000]]
[1023, 2000, 2000, 'port_in_1022', 0] [[1000, 0], [2000, 1000], [1000, 2000], [0, 1000]]
[1024, 2000, 2000, 'port_in_1023', 0] [[1000, 0], [2000, 1000], [1000, 2000], [0, 1000]]
[1025, 2000, 2000, 'port_in_1024', 0] [[1000, 0], [2000, 1000], [1000, 2000], [0, 1000]]
2/9, Finish initial placement with rotation, time spent: 0.06893777847290039 s
3/9, Finish symmetricalization, time spent: 0.00028324127197265625 s
4/9, Finish routing, time spent: 0.7139737606048584 s
****************************************************
New valid order that can lead to planar graph found:
[[0], [0], [0, 1, 2, 3, 4, 5, 6, 7, 8, 9, 10, 11, 12, 13, 14, 15, 16, 17, 18, 19, 20, 21, 22, 23, 24, 25, 26, 27, 28, 29, 30, 31, 32, 33, 34, 35, 36, 37, 38, 39, 40, 41, 42, 43, 44, 45, 46, 47, 48, 49, 50, 51, 52, 53, 54, 55, 56, 57, 58, 59, 60, 61, 62, 63, 64, 65, 66, 67, 68, 69, 70, 71, 72, 73, 74, 75, 76, 77, 78, 79, 80, 81, 82, 83, 84, 85, 86, 87, 88, 89, 90, 91, 92, 93, 94, 95, 96, 97, 98, 99, 100, 101, 102, 103, 104, 105, 106, 107, 108, 109, 110, 111, 112, 113, 114, 115, 116, 117, 118, 119, 120, 121, 122, 123, 124, 125, 126, 127, 128, 129, 130, 131, 132, 133, 134, 135, 136, 137, 138, 139, 140, 141, 142, 143, 144, 145, 146, 147, 148, 149, 150, 151, 152, 153, 154, 155, 156, 157, 158, 159, 160, 161, 162, 163, 164, 165, 166, 167, 168, 169, 170, 171, 172, 173, 174, 175, 176, 177, 178, 179, 180, 181, 182, 183, 184, 185, 186, 187, 188, 189, 190, 191, 192, 193, 194, 195, 196, 197, 198, 199, 200, 201, 202, 203, 204, 205, 206, 207, 208, 209, 210, 211, 212, 213, 214, 215, 216, 217, 218, 219, 220, 221, 222, 223, 224, 225, 226, 227, 228, 229, 230, 231, 232, 233, 234, 235, 236, 237, 238, 239, 240, 241, 242, 243, 244, 245, 246, 247, 248, 249, 250, 251, 252, 253, 254, 255, 256, 257, 258, 259, 260, 261, 262, 263, 264, 265, 266, 267, 268, 269, 270, 271, 272, 273, 274, 275, 276, 277, 278, 279, 280, 281, 282, 283, 284, 285, 286, 287, 288, 289, 290, 291, 292, 293, 294, 295, 296, 297, 298, 299, 300, 301, 302, 303, 304, 305, 306, 307, 308, 309, 310, 311, 312, 313, 314, 315, 316, 317, 318, 319, 320, 321, 322, 323, 324, 325, 326, 327, 328, 329, 330, 331, 332, 333, 334, 335, 336, 337, 338, 339, 340, 341, 342, 343, 344, 345, 346, 347, 348, 349, 350, 351, 352, 353, 354, 355, 356, 357, 358, 359, 360, 361, 362, 363, 364, 365, 366, 367, 368, 369, 370, 371, 372, 373, 374, 375, 376, 377, 378, 379, 380, 381, 382, 383, 384, 385, 386, 387, 388, 389, 390, 391, 392, 393, 394, 395, 396, 397, 398, 399, 400, 401, 402, 403, 404, 405, 406, 407, 408, 409, 410, 411, 412, 413, 414, 415, 416, 417, 418, 419, 420, 421, 422, 423, 424, 425, 426, 427, 428, 429, 430, 431, 432, 433, 434, 435, 436, 437, 438, 439, 440, 441, 442, 443, 444, 445, 446, 447, 448, 449, 450, 451, 452, 453, 454, 455, 456, 457, 458, 459, 460, 461, 462, 463, 464, 465, 466, 467, 468, 469, 470, 471, 472, 473, 474, 475, 476, 477, 478, 479, 480, 481, 482, 483, 484, 485, 486, 487, 488, 489, 490, 491, 492, 493, 494, 495, 496, 497, 498, 499, 500, 501, 502, 503, 504, 505, 506, 507, 508, 509, 510, 511, 512, 513, 514, 515, 516, 517, 518, 519, 520, 521, 522, 523, 524, 525, 526, 527, 528, 529, 530, 531, 532, 533, 534, 535, 536, 537, 538, 539, 540, 541, 542, 543, 544, 545, 546, 547, 548, 549, 550, 551, 552, 553, 554, 555, 556, 557, 558, 559, 560, 561, 562, 563, 564, 565, 566, 567, 568, 569, 570, 571, 572, 573, 574, 575, 576, 577, 578, 579, 580, 581, 582, 583, 584, 585, 586, 587, 588, 589, 590, 591, 592, 593, 594, 595, 596, 597, 598, 599, 600, 601, 602, 603, 604, 605, 606, 607, 608, 609, 610, 611, 612, 613, 614, 615, 616, 617, 618, 619, 620, 621, 622, 623, 624, 625, 626, 627, 628, 629, 630, 631, 632, 633, 634, 635, 636, 637, 638, 639, 640, 641, 642, 643, 644, 645, 646, 647, 648, 649, 650, 651, 652, 653, 654, 655, 656, 657, 658, 659, 660, 661, 662, 663, 664, 665, 666, 667, 668, 669, 670, 671, 672, 673, 674, 675, 676, 677, 678, 679, 680, 681, 682, 683, 684, 685, 686, 687, 688, 689, 690, 691, 692, 693, 694, 695, 696, 697, 698, 699, 700, 701, 702, 703, 704, 705, 706, 707, 708, 709, 710, 711, 712, 713, 714, 715, 716, 717, 718, 719, 720, 721, 722, 723, 724, 725, 726, 727, 728, 729, 730, 731, 732, 733, 734, 735, 736, 737, 738, 739, 740, 741, 742, 743, 744, 745, 746, 747, 748, 749, 750, 751, 752, 753, 754, 755, 756, 757, 758, 759, 760, 761, 762, 763, 764, 765, 766, 767, 768, 769, 770, 771, 772, 773, 774, 775, 776, 777, 778, 779, 780, 781, 782, 783, 784, 785, 786, 787, 788, 789, 790, 791, 792, 793, 794, 795, 796, 797, 798, 799, 800, 801, 802, 803, 804, 805, 806, 807, 808, 809, 810, 811, 812, 813, 814, 815, 816, 817, 818, 819, 820, 821, 822, 823, 824, 825, 826, 827, 828, 829, 830, 831, 832, 833, 834, 835, 836, 837, 838, 839, 840, 841, 842, 843, 844, 845, 846, 847, 848, 849, 850, 851, 852, 853, 854, 855, 856, 857, 858, 859, 860, 861, 862, 863, 864, 865, 866, 867, 868, 869, 870, 871, 872, 873, 874, 875, 876, 877, 878, 879, 880, 881, 882, 883, 884, 885, 886, 887, 888, 889, 890, 891, 892, 893, 894, 895, 896, 897, 898, 899, 900, 901, 902, 903, 904, 905, 906, 907, 908, 909, 910, 911, 912, 913, 914, 915, 916, 917, 918, 919, 920, 921, 922, 923, 924, 925, 926, 927, 928, 929, 930, 931, 932, 933, 934, 935, 936, 937, 938, 939, 940, 941, 942, 943, 944, 945, 946, 947, 948, 949, 950, 951, 952, 953, 954, 955, 956, 957, 958, 959, 960, 961, 962, 963, 964, 965, 966, 967, 968, 969, 970, 971, 972, 973, 974, 975, 976, 977, 978, 979, 980, 981, 982, 983, 984, 985, 986, 987, 988, 989, 990, 991, 992, 993, 994, 995, 996, 997, 998, 999, 1000, 1001, 1002, 1003, 1004, 1005, 1006, 1007, 1008, 1009, 1010, 1011, 1012, 1013, 1014, 1015, 1016, 1017, 1018, 1019, 1020, 1021, 1022, 1023]]
****************************************************
--Finish applying new order
--Finish mirroring related components
5/9, Finish initialization of new orders, time spent: 0.21959400177001953 s
6/9, Finish shortening wirelength, time spent: 0.002534627914428711 s
Skip stage7 LP according to user's need
8/9, Finish routing, time spent: 0.4455437660217285 s
9/9, Finish compaction and connecting ports, time spent: 4.813395738601685 s
<<<<<<<<<<<<<<<<<<<<<<<<<<<<<< All P&R Done >>>>>>>>>>>>>>>>>>>>>>>>>>>>>>
Total Timeusage: 6.266899824142456 s
Reordering Timeusage: 0.21959400177001953 s
LP-based Optimization Timeusage: 0 s
P&R for the new orders: 5.481068134307861 s
Nudge MUX mux_1024 by [0.0, 4500.0] -> [3075000.0, 35000.0]
Fit canvas to [4184800.0, 74000.0] and center by [-982600.0, 2000.0]
Done. Combined PR JSON: /home/student/Desktop/Neptune_2026/Microfluidics-Benchmarks/Results/tree_full_20260918_081830/artifacts/mint__Base__Super_MUX_1024__Super_MUX_1024_fromMINT/result.json
