index,suite,case,relative_input,source,algorithm,status,reason,wall_seconds,worker_seconds,exit_code,solver_status,placement_optimal,ilp_runtime_seconds,drc_passed,violation_count,control_required,control_passed,is_placed_and_routed,total_channel_manhattan_length,physical_area,padded_area,output_json,metrics_json,log,artifact_dir
1,lfr,lfr__CIDAR_Lab_Past_Devices__Chemostat_Chip__Chemostat_Chip_fromLFR,CIDAR_Lab_Past_Devices/Chemostat_Chip/Chemostat_Chip_fromLFR.json,/home/student/Desktop/Neptune_2026/Microfluidics-Benchmarks/Results/LFR-TestCases/CIDAR_Lab_Past_Devices/Chemostat_Chip/Chemostat_Chip_fromLFR.json,ilp,timeout,exceeded 1800s,1800.119,,,,,,,,,,,,,,,,Microfluidics-Benchmarks/Results/ilp_full_20260915_040013/logs/lfr__CIDAR_Lab_Past_Devices__Chemostat_Chip__Chemostat_Chip_fromLFR.log,Microfluidics-Benchmarks/Results/ilp_full_20260915_040013/artifacts/lfr__CIDAR_Lab_Past_Devices__Chemostat_Chip__Chemostat_Chip_fromLFR
2,lfr,lfr__CIDAR_Lab_Past_Devices__Dna_Synthesizer__Dna_Synthesizer_fromLFR,CIDAR_Lab_Past_Devices/Dna_Synthesizer/Dna_Synthesizer_fromLFR.json,/home/student/Desktop/Neptune_2026/Microfluidics-Benchmarks/Results/LFR-TestCases/CIDAR_Lab_Past_Devices/Dna_Synthesizer/Dna_Synthesizer_fromLFR.json,ilp,timeout,exceeded 1800s,1800.27,,,,,,,,,,,,,,,,Microfluidics-Benchmarks/Results/ilp_full_20260915_040013/logs/lfr__CIDAR_Lab_Past_Devices__Dna_Synthesizer__Dna_Synthesizer_fromLFR.log,Microfluidics-Benchmarks/Results/ilp_full_20260915_040013/artifacts/lfr__CIDAR_Lab_Past_Devices__Dna_Synthesizer__Dna_Synthesizer_fromLFR
3,lfr,lfr__CIDAR_Lab_Past_Devices__Dual_Lane_Droplet__Dual_Lane_Droplet_fromLFR,CIDAR_Lab_Past_Devices/Dual_Lane_Droplet/Dual_Lane_Droplet_fromLFR.json,/home/student/Desktop/Neptune_2026/Microfluidics-Benchmarks/Results/LFR-TestCases/CIDAR_Lab_Past_Devices/Dual_Lane_Droplet/Dual_Lane_Droplet_fromLFR.json,ilp,timeout,exceeded 1800s,1800.068,,,,,,,,,,,,,,,,Microfluidics-Benchmarks/Results/ilp_full_20260915_040013/logs/lfr__CIDAR_Lab_Past_Devices__Dual_Lane_Droplet__Dual_Lane_Droplet_fromLFR.log,Microfluidics-Benchmarks/Results/ilp_full_20260915_040013/artifacts/lfr__CIDAR_Lab_Past_Devices__Dual_Lane_Droplet__Dual_Lane_Droplet_fromLFR
4,lfr,lfr__CIDAR_Lab_Past_Devices__Genetic_Clock_Testing_Tool__Genetic_Clock_Testing_Tool_fromLFR,CIDAR_Lab_Past_Devices/Genetic_Clock_Testing_Tool/Genetic_Clock_Testing_Tool_fromLFR.json,/home/student/Desktop/Neptune_2026/Microfluidics-Benchmarks/Results/LFR-TestCases/CIDAR_Lab_Past_Devices/Genetic_Clock_Testing_Tool/Genetic_Clock_Testing_Tool_fromLFR.json,ilp,timeout,exceeded 1800s,1800.037,,,,,,,,,,,,,,,,Microfluidics-Benchmarks/Results/ilp_full_20260915_040013/logs/lfr__CIDAR_Lab_Past_Devices__Genetic_Clock_Testing_Tool__Genetic_Clock_Testing_Tool_fromLFR.log,Microfluidics-Benchmarks/Results/ilp_full_20260915_040013/artifacts/lfr__CIDAR_Lab_Past_Devices__Genetic_Clock_Testing_Tool__Genetic_Clock_Testing_Tool_fromLFR
5,lfr,lfr__CIDAR_Lab_Past_Devices__Glycoform__Glycoform_fromLFR,CIDAR_Lab_Past_Devices/Glycoform/Glycoform_fromLFR.json,/home/student/Desktop/Neptune_2026/Microfluidics-Benchmarks/Results/LFR-TestCases/CIDAR_Lab_Past_Devices/Glycoform/Glycoform_fromLFR.json,ilp,timeout,exceeded 1800s,1800.069,,,,,,,,,,,,,,,,Microfluidics-Benchmarks/Results/ilp_full_20260915_040013/logs/lfr__CIDAR_Lab_Past_Devices__Glycoform__Glycoform_fromLFR.log,Microfluidics-Benchmarks/Results/ilp_full_20260915_040013/artifacts/lfr__CIDAR_Lab_Past_Devices__Glycoform__Glycoform_fromLFR
6,lfr,lfr__CIDAR_Lab_Past_Devices__Grad_Cells__Grad_Cells_fromLFR,CIDAR_Lab_Past_Devices/Grad_Cells/Grad_Cells_fromLFR.json,/home/student/Desktop/Neptune_2026/Microfluidics-Benchmarks/Results/LFR-TestCases/CIDAR_Lab_Past_Devices/Grad_Cells/Grad_Cells_fromLFR.json,ilp,timeout,exceeded 1800s,1800.069,,,,,,,,,,,,,,,,Microfluidics-Benchmarks/Results/ilp_full_20260915_040013/logs/lfr__CIDAR_Lab_Past_Devices__Grad_Cells__Grad_Cells_fromLFR.log,Microfluidics-Benchmarks/Results/ilp_full_20260915_040013/artifacts/lfr__CIDAR_Lab_Past_Devices__Grad_Cells__Grad_Cells_fromLFR
7,lfr,lfr__CIDAR_Lab_Past_Devices__Gradient__Gradient_fromLFR,CIDAR_Lab_Past_Devices/Gradient/Gradient_fromLFR.json,/home/student/Desktop/Neptune_2026/Microfluidics-Benchmarks/Results/LFR-TestCases/CIDAR_Lab_Past_Devices/Gradient/Gradient_fromLFR.json,ilp,timeout,exceeded 1800s,1800.117,,,,,,,,,,,,,,,,Microfluidics-Benchmarks/Results/ilp_full_20260915_040013/logs/lfr__CIDAR_Lab_Past_Devices__Gradient__Gradient_fromLFR.log,Microfluidics-Benchmarks/Results/ilp_full_20260915_040013/artifacts/lfr__CIDAR_Lab_Past_Devices__Gradient__Gradient_fromLFR
8,lfr,lfr__CIDAR_Lab_Past_Devices__Hasty_Cell_Traps__Hasty_Cell_Traps_fromLFR,CIDAR_Lab_Past_Devices/Hasty_Cell_Traps/Hasty_Cell_Traps_fromLFR.json,/home/student/Desktop/Neptune_2026/Microfluidics-Benchmarks/Results/LFR-TestCases/CIDAR_Lab_Past_Devices/Hasty_Cell_Traps/Hasty_Cell_Traps_fromLFR.json,ilp,timeout,exceeded 1800s,1800.067,,,,,,,,,,,,,,,,Microfluidics-Benchmarks/Results/ilp_full_20260915_040013/logs/lfr__CIDAR_Lab_Past_Devices__Hasty_Cell_Traps__Hasty_Cell_Traps_fromLFR.log,Microfluidics-Benchmarks/Results/ilp_full_20260915_040013/artifacts/lfr__CIDAR_Lab_Past_Devices__Hasty_Cell_Traps__Hasty_Cell_Traps_fromLFR
9,lfr,lfr__CIDAR_Lab_Past_Devices__Hmlp_Dual_Bank__Hmlp_Dual_Bank_fromLFR,CIDAR_Lab_Past_Devices/Hmlp_Dual_Bank/Hmlp_Dual_Bank_fromLFR.json,/home/student/Desktop/Neptune_2026/Microfluidics-Benchmarks/Results/LFR-TestCases/CIDAR_Lab_Past_Devices/Hmlp_Dual_Bank/Hmlp_Dual_Bank_fromLFR.json,ilp,timeout,exceeded 1800s,1800.118,,,,,,,,,,,,,,,,Microfluidics-Benchmarks/Results/ilp_full_20260915_040013/logs/lfr__CIDAR_Lab_Past_Devices__Hmlp_Dual_Bank__Hmlp_Dual_Bank_fromLFR.log,Microfluidics-Benchmarks/Results/ilp_full_20260915_040013/artifacts/lfr__CIDAR_Lab_Past_Devices__Hmlp_Dual_Bank__Hmlp_Dual_Bank_fromLFR
10,lfr,lfr__CIDAR_Lab_Past_Devices__Incubator__Incubator_fromLFR,CIDAR_Lab_Past_Devices/Incubator/Incubator_fromLFR.json,/home/student/Desktop/Neptune_2026/Microfluidics-Benchmarks/Results/LFR-TestCases/CIDAR_Lab_Past_Devices/Incubator/Incubator_fromLFR.json,ilp,timeout,exceeded 1800s,1800.076,,,,,,,,,,,,,,,,Microfluidics-Benchmarks/Results/ilp_full_20260915_040013/logs/lfr__CIDAR_Lab_Past_Devices__Incubator__Incubator_fromLFR.log,Microfluidics-Benchmarks/Results/ilp_full_20260915_040013/artifacts/lfr__CIDAR_Lab_Past_Devices__Incubator__Incubator_fromLFR
11,lfr,lfr__CIDAR_Lab_Past_Devices__Inlet_16__Inlet_16_fromLFR,CIDAR_Lab_Past_Devices/Inlet_16/Inlet_16_fromLFR.json,/home/student/Desktop/Neptune_2026/Microfluidics-Benchmarks/Results/LFR-TestCases/CIDAR_Lab_Past_Devices/Inlet_16/Inlet_16_fromLFR.json,ilp,timeout,exceeded 1800s,1800.225,,,,,,,,,,,,,,,,Microfluidics-Benchmarks/Results/ilp_full_20260915_040013/logs/lfr__CIDAR_Lab_Past_Devices__Inlet_16__Inlet_16_fromLFR.log,Microfluidics-Benchmarks/Results/ilp_full_20260915_040013/artifacts/lfr__CIDAR_Lab_Past_Devices__Inlet_16__Inlet_16_fromLFR
12,lfr,lfr__CIDAR_Lab_Past_Devices__Kinetics__Kinetics_fromLFR,CIDAR_Lab_Past_Devices/Kinetics/Kinetics_fromLFR.json,/home/student/Desktop/Neptune_2026/Microfluidics-Benchmarks/Results/LFR-TestCases/CIDAR_Lab_Past_Devices/Kinetics/Kinetics_fromLFR.json,ilp,success,,324.986,324.67712,0,optimal,True,323.803139711963,True,0,False,True,,19600.0,118600000.0,505800000.0,/home/student/Desktop/Neptune_2026/Microfluidics-Benchmarks/Results/ilp_full_20260915_040013/artifacts/lfr__CIDAR_Lab_Past_Devices__Kinetics__Kinetics_fromLFR/result.json,/home/student/Desktop/Neptune_2026/Microfluidics-Benchmarks/Results/ilp_full_20260915_040013/artifacts/lfr__CIDAR_Lab_Past_Devices__Kinetics__Kinetics_fromLFR/metrics.json,Microfluidics-Benchmarks/Results/ilp_full_20260915_040013/logs/lfr__CIDAR_Lab_Past_Devices__Kinetics__Kinetics_fromLFR.log,Microfluidics-Benchmarks/Results/ilp_full_20260915_040013/artifacts/lfr__CIDAR_Lab_Past_Devices__Kinetics__Kinetics_fromLFR
13,lfr,lfr__CIDAR_Lab_Past_Devices__Logic_04__Logic_04_fromLFR,CIDAR_Lab_Past_Devices/Logic_04/Logic_04_fromLFR.json,/home/student/Desktop/Neptune_2026/Microfluidics-Benchmarks/Results/LFR-TestCases/CIDAR_Lab_Past_Devices/Logic_04/Logic_04_fromLFR.json,ilp,timeout,exceeded 1800s,1800.124,,,,,,,,,,,,,,,,Microfluidics-Benchmarks/Results/ilp_full_20260915_040013/logs/lfr__CIDAR_Lab_Past_Devices__Logic_04__Logic_04_fromLFR.log,Microfluidics-Benchmarks/Results/ilp_full_20260915_040013/artifacts/lfr__CIDAR_Lab_Past_Devices__Logic_04__Logic_04_fromLFR
14,lfr,lfr__CIDAR_Lab_Past_Devices__Mfd_005_Chip__Mfd_005_Chip_fromLFR,CIDAR_Lab_Past_Devices/Mfd_005_Chip/Mfd_005_Chip_fromLFR.json,/home/student/Desktop/Neptune_2026/Microfluidics-Benchmarks/Results/LFR-TestCases/CIDAR_Lab_Past_Devices/Mfd_005_Chip/Mfd_005_Chip_fromLFR.json,ilp,timeout,exceeded 1800s,1800.074,,,,,,,,,,,,,,,,Microfluidics-Benchmarks/Results/ilp_full_20260915_040013/logs/lfr__CIDAR_Lab_Past_Devices__Mfd_005_Chip__Mfd_005_Chip_fromLFR.log,Microfluidics-Benchmarks/Results/ilp_full_20260915_040013/artifacts/lfr__CIDAR_Lab_Past_Devices__Mfd_005_Chip__Mfd_005_Chip_fromLFR
15,lfr,lfr__CIDAR_Lab_Past_Devices__Microalgal_Bioassay__Microalgal_Bioassay_fromLFR,CIDAR_Lab_Past_Devices/Microalgal_Bioassay/Microalgal_Bioassay_fromLFR.json,/home/student/Desktop/Neptune_2026/Microfluidics-Benchmarks/Results/LFR-TestCases/CIDAR_Lab_Past_Devices/Microalgal_Bioassay/Microalgal_Bioassay_fromLFR.json,ilp,timeout,exceeded 1800s,1800.075,,,,,,,,,,,,,,,,Microfluidics-Benchmarks/Results/ilp_full_20260915_040013/logs/lfr__CIDAR_Lab_Past_Devices__Microalgal_Bioassay__Microalgal_Bioassay_fromLFR.log,Microfluidics-Benchmarks/Results/ilp_full_20260915_040013/artifacts/lfr__CIDAR_Lab_Past_Devices__Microalgal_Bioassay__Microalgal_Bioassay_fromLFR
16,lfr,lfr__CIDAR_Lab_Past_Devices__Microdroplet__Microdroplet_fromLFR,CIDAR_Lab_Past_Devices/Microdroplet/Microdroplet_fromLFR.json,/home/student/Desktop/Neptune_2026/Microfluidics-Benchmarks/Results/LFR-TestCases/CIDAR_Lab_Past_Devices/Microdroplet/Microdroplet_fromLFR.json,ilp,timeout,exceeded 1800s,1800.075,,,,,,,,,,,,,,,,Microfluidics-Benchmarks/Results/ilp_full_20260915_040013/logs/lfr__CIDAR_Lab_Past_Devices__Microdroplet__Microdroplet_fromLFR.log,Microfluidics-Benchmarks/Results/ilp_full_20260915_040013/artifacts/lfr__CIDAR_Lab_Past_Devices__Microdroplet__Microdroplet_fromLFR
17,lfr,lfr__CIDAR_Lab_Past_Devices__Microreactor__Microreactor_fromLFR,CIDAR_Lab_Past_Devices/Microreactor/Microreactor_fromLFR.json,/home/student/Desktop/Neptune_2026/Microfluidics-Benchmarks/Results/LFR-TestCases/CIDAR_Lab_Past_Devices/Microreactor/Microreactor_fromLFR.json,ilp,timeout,exceeded 1800s,1800.066,,,,,,,,,,,,,,,,Microfluidics-Benchmarks/Results/ilp_full_20260915_040013/logs/lfr__CIDAR_Lab_Past_Devices__Microreactor__Microreactor_fromLFR.log,Microfluidics-Benchmarks/Results/ilp_full_20260915_040013/artifacts/lfr__CIDAR_Lab_Past_Devices__Microreactor__Microreactor_fromLFR
18,lfr,lfr__CIDAR_Lab_Past_Devices__Mix_Incubate_Express__Mix_Incubate_Express_fromLFR,CIDAR_Lab_Past_Devices/Mix_Incubate_Express/Mix_Incubate_Express_fromLFR.json,/home/student/Desktop/Neptune_2026/Microfluidics-Benchmarks/Results/LFR-TestCases/CIDAR_Lab_Past_Devices/Mix_Incubate_Express/Mix_Incubate_Express_fromLFR.json,ilp,success,,16.874,16.597983,0,optimal,True,15.726462934864685,True,0,False,True,,10000.0,119300000.0,507900000.0,/home/student/Desktop/Neptune_2026/Microfluidics-Benchmarks/Results/ilp_full_20260915_040013/artifacts/lfr__CIDAR_Lab_Past_Devices__Mix_Incubate_Express__Mix_Incubate_Express_fromLFR/result.json,/home/student/Desktop/Neptune_2026/Microfluidics-Benchmarks/Results/ilp_full_20260915_040013/artifacts/lfr__CIDAR_Lab_Past_Devices__Mix_Incubate_Express__Mix_Incubate_Express_fromLFR/metrics.json,Microfluidics-Benchmarks/Results/ilp_full_20260915_040013/logs/lfr__CIDAR_Lab_Past_Devices__Mix_Incubate_Express__Mix_Incubate_Express_fromLFR.log,Microfluidics-Benchmarks/Results/ilp_full_20260915_040013/artifacts/lfr__CIDAR_Lab_Past_Devices__Mix_Incubate_Express__Mix_Incubate_Express_fromLFR
19,lfr,lfr__CIDAR_Lab_Past_Devices__Multi_Input__Multi_Input_fromLFR,CIDAR_Lab_Past_Devices/Multi_Input/Multi_Input_fromLFR.json,/home/student/Desktop/Neptune_2026/Microfluidics-Benchmarks/Results/LFR-TestCases/CIDAR_Lab_Past_Devices/Multi_Input/Multi_Input_fromLFR.json,ilp,timeout,exceeded 1800s,1800.033,,,,,,,,,,,,,,,,Microfluidics-Benchmarks/Results/ilp_full_20260915_040013/logs/lfr__CIDAR_Lab_Past_Devices__Multi_Input__Multi_Input_fromLFR.log,Microfluidics-Benchmarks/Results/ilp_full_20260915_040013/artifacts/lfr__CIDAR_Lab_Past_Devices__Multi_Input__Multi_Input_fromLFR
20,lfr,lfr__CIDAR_Lab_Past_Devices__Mux_96_Chambers__Mux_96_Chambers_fromLFR,CIDAR_Lab_Past_Devices/Mux_96_Chambers/Mux_96_Chambers_fromLFR.json,/home/student/Desktop/Neptune_2026/Microfluidics-Benchmarks/Results/LFR-TestCases/CIDAR_Lab_Past_Devices/Mux_96_Chambers/Mux_96_Chambers_fromLFR.json,ilp,timeout,exceeded 1800s,1800.367,,,,,,,,,,,,,,,,Microfluidics-Benchmarks/Results/ilp_full_20260915_040013/logs/lfr__CIDAR_Lab_Past_Devices__Mux_96_Chambers__Mux_96_Chambers_fromLFR.log,Microfluidics-Benchmarks/Results/ilp_full_20260915_040013/artifacts/lfr__CIDAR_Lab_Past_Devices__Mux_96_Chambers__Mux_96_Chambers_fromLFR
21,lfr,lfr__CIDAR_Lab_Past_Devices__Net_Mux__Net_Mux_fromLFR,CIDAR_Lab_Past_Devices/Net_Mux/Net_Mux_fromLFR.json,/home/student/Desktop/Neptune_2026/Microfluidics-Benchmarks/Results/LFR-TestCases/CIDAR_Lab_Past_Devices/Net_Mux/Net_Mux_fromLFR.json,ilp,timeout,exceeded 1800s,1800.118,,,,,,,,,,,,,,,,Microfluidics-Benchmarks/Results/ilp_full_20260915_040013/logs/lfr__CIDAR_Lab_Past_Devices__Net_Mux__Net_Mux_fromLFR.log,Microfluidics-Benchmarks/Results/ilp_full_20260915_040013/artifacts/lfr__CIDAR_Lab_Past_Devices__Net_Mux__Net_Mux_fromLFR
22,lfr,lfr__CIDAR_Lab_Past_Devices__Nine_To_One_Mux__Nine_To_One_Mux_fromLFR,CIDAR_Lab_Past_Devices/Nine_To_One_Mux/Nine_To_One_Mux_fromLFR.json,/home/student/Desktop/Neptune_2026/Microfluidics-Benchmarks/Results/LFR-TestCases/CIDAR_Lab_Past_Devices/Nine_To_One_Mux/Nine_To_One_Mux_fromLFR.json,ilp,timeout,exceeded 1800s,1800.066,,,,,,,,,,,,,,,,Microfluidics-Benchmarks/Results/ilp_full_20260915_040013/logs/lfr__CIDAR_Lab_Past_Devices__Nine_To_One_Mux__Nine_To_One_Mux_fromLFR.log,Microfluidics-Benchmarks/Results/ilp_full_20260915_040013/artifacts/lfr__CIDAR_Lab_Past_Devices__Nine_To_One_Mux__Nine_To_One_Mux_fromLFR
23,lfr,lfr__CIDAR_Lab_Past_Devices__Number_Declarations__Number_Declarations_fromLFR,CIDAR_Lab_Past_Devices/Number_Declarations/Number_Declarations_fromLFR.json,/home/student/Desktop/Neptune_2026/Microfluidics-Benchmarks/Results/LFR-TestCases/CIDAR_Lab_Past_Devices/Number_Declarations/Number_Declarations_fromLFR.json,ilp,success,,1.12,0.897435,0,optimal,True,0.08499106508679688,True,0,False,True,,1000.0,10000000.0,180000000.0,/home/student/Desktop/Neptune_2026/Microfluidics-Benchmarks/Results/ilp_full_20260915_040013/artifacts/lfr__CIDAR_Lab_Past_Devices__Number_Declarations__Number_Declarations_fromLFR/result.json,/home/student/Desktop/Neptune_2026/Microfluidics-Benchmarks/Results/ilp_full_20260915_040013/artifacts/lfr__CIDAR_Lab_Past_Devices__Number_Declarations__Number_Declarations_fromLFR/metrics.json,Microfluidics-Benchmarks/Results/ilp_full_20260915_040013/logs/lfr__CIDAR_Lab_Past_Devices__Number_Declarations__Number_Declarations_fromLFR.log,Microfluidics-Benchmarks/Results/ilp_full_20260915_040013/artifacts/lfr__CIDAR_Lab_Past_Devices__Number_Declarations__Number_Declarations_fromLFR
24,lfr,lfr__CIDAR_Lab_Past_Devices__Olfactory__Olfactory_fromLFR,CIDAR_Lab_Past_Devices/Olfactory/Olfactory_fromLFR.json,/home/student/Desktop/Neptune_2026/Microfluidics-Benchmarks/Results/LFR-TestCases/CIDAR_Lab_Past_Devices/Olfactory/Olfactory_fromLFR.json,ilp,timeout,exceeded 1800s,1800.035,,,,,,,,,,,,,,,,Microfluidics-Benchmarks/Results/ilp_full_20260915_040013/logs/lfr__CIDAR_Lab_Past_Devices__Olfactory__Olfactory_fromLFR.log,Microfluidics-Benchmarks/Results/ilp_full_20260915_040013/artifacts/lfr__CIDAR_Lab_Past_Devices__Olfactory__Olfactory_fromLFR
25,lfr,lfr__CIDAR_Lab_Past_Devices__Pump_Passthrough__Pump_Passthrough_fromLFR,CIDAR_Lab_Past_Devices/Pump_Passthrough/Pump_Passthrough_fromLFR.json,/home/student/Desktop/Neptune_2026/Microfluidics-Benchmarks/Results/LFR-TestCases/CIDAR_Lab_Past_Devices/Pump_Passthrough/Pump_Passthrough_fromLFR.json,ilp,success,,1.169,0.920818,0,optimal,True,0.07445205491967499,True,0,False,True,,1000.0,10000000.0,180000000.0,/home/student/Desktop/Neptune_2026/Microfluidics-Benchmarks/Results/ilp_full_20260915_040013/artifacts/lfr__CIDAR_Lab_Past_Devices__Pump_Passthrough__Pump_Passthrough_fromLFR/result.json,/home/student/Desktop/Neptune_2026/Microfluidics-Benchmarks/Results/ilp_full_20260915_040013/artifacts/lfr__CIDAR_Lab_Past_Devices__Pump_Passthrough__Pump_Passthrough_fromLFR/metrics.json,Microfluidics-Benchmarks/Results/ilp_full_20260915_040013/logs/lfr__CIDAR_Lab_Past_Devices__Pump_Passthrough__Pump_Passthrough_fromLFR.log,Microfluidics-Benchmarks/Results/ilp_full_20260915_040013/artifacts/lfr__CIDAR_Lab_Past_Devices__Pump_Passthrough__Pump_Passthrough_fromLFR
26,lfr,lfr__CIDAR_Lab_Past_Devices__Ring__Ring_fromLFR,CIDAR_Lab_Past_Devices/Ring/Ring_fromLFR.json,/home/student/Desktop/Neptune_2026/Microfluidics-Benchmarks/Results/LFR-TestCases/CIDAR_Lab_Past_Devices/Ring/Ring_fromLFR.json,ilp,success,,323.046,322.793978,0,optimal,True,321.94314500084147,True,0,False,True,,19600.0,118600000.0,505800000.0,/home/student/Desktop/Neptune_2026/Microfluidics-Benchmarks/Results/ilp_full_20260915_040013/artifacts/lfr__CIDAR_Lab_Past_Devices__Ring__Ring_fromLFR/result.json,/home/student/Desktop/Neptune_2026/Microfluidics-Benchmarks/Results/ilp_full_20260915_040013/artifacts/lfr__CIDAR_Lab_Past_Devices__Ring__Ring_fromLFR/metrics.json,Microfluidics-Benchmarks/Results/ilp_full_20260915_040013/logs/lfr__CIDAR_Lab_Past_Devices__Ring__Ring_fromLFR.log,Microfluidics-Benchmarks/Results/ilp_full_20260915_040013/artifacts/lfr__CIDAR_Lab_Past_Devices__Ring__Ring_fromLFR
27,lfr,lfr__CIDAR_Lab_Past_Devices__Root_Chip__Root_Chip_fromLFR,CIDAR_Lab_Past_Devices/Root_Chip/Root_Chip_fromLFR.json,/home/student/Desktop/Neptune_2026/Microfluidics-Benchmarks/Results/LFR-TestCases/CIDAR_Lab_Past_Devices/Root_Chip/Root_Chip_fromLFR.json,ilp,timeout,exceeded 1800s,1800.07,,,,,,,,,,,,,,,,Microfluidics-Benchmarks/Results/ilp_full_20260915_040013/logs/lfr__CIDAR_Lab_Past_Devices__Root_Chip__Root_Chip_fromLFR.log,Microfluidics-Benchmarks/Results/ilp_full_20260915_040013/artifacts/lfr__CIDAR_Lab_Past_Devices__Root_Chip__Root_Chip_fromLFR
28,lfr,lfr__CIDAR_Lab_Past_Devices__Rotary_16__Rotary_16_fromLFR,CIDAR_Lab_Past_Devices/Rotary_16/Rotary_16_fromLFR.json,/home/student/Desktop/Neptune_2026/Microfluidics-Benchmarks/Results/LFR-TestCases/CIDAR_Lab_Past_Devices/Rotary_16/Rotary_16_fromLFR.json,ilp,timeout,exceeded 1800s,1800.221,,,,,,,,,,,,,,,,Microfluidics-Benchmarks/Results/ilp_full_20260915_040013/logs/lfr__CIDAR_Lab_Past_Devices__Rotary_16__Rotary_16_fromLFR.log,Microfluidics-Benchmarks/Results/ilp_full_20260915_040013/artifacts/lfr__CIDAR_Lab_Past_Devices__Rotary_16__Rotary_16_fromLFR
29,lfr,lfr__CIDAR_Lab_Past_Devices__Rotary_Cells__Rotary_Cells_fromLFR,CIDAR_Lab_Past_Devices/Rotary_Cells/Rotary_Cells_fromLFR.json,/home/student/Desktop/Neptune_2026/Microfluidics-Benchmarks/Results/LFR-TestCases/CIDAR_Lab_Past_Devices/Rotary_Cells/Rotary_Cells_fromLFR.json,ilp,timeout,exceeded 1800s,1800.067,,,,,,,,,,,,,,,,Microfluidics-Benchmarks/Results/ilp_full_20260915_040013/logs/lfr__CIDAR_Lab_Past_Devices__Rotary_Cells__Rotary_Cells_fromLFR.log,Microfluidics-Benchmarks/Results/ilp_full_20260915_040013/artifacts/lfr__CIDAR_Lab_Past_Devices__Rotary_Cells__Rotary_Cells_fromLFR
30,lfr,lfr__CIDAR_Lab_Past_Devices__Seeding__Seeding_fromLFR,CIDAR_Lab_Past_Devices/Seeding/Seeding_fromLFR.json,/home/student/Desktop/Neptune_2026/Microfluidics-Benchmarks/Results/LFR-TestCases/CIDAR_Lab_Past_Devices/Seeding/Seeding_fromLFR.json,ilp,timeout,exceeded 1800s,1800.066,,,,,,,,,,,,,,,,Microfluidics-Benchmarks/Results/ilp_full_20260915_040013/logs/lfr__CIDAR_Lab_Past_Devices__Seeding__Seeding_fromLFR.log,Microfluidics-Benchmarks/Results/ilp_full_20260915_040013/artifacts/lfr__CIDAR_Lab_Past_Devices__Seeding__Seeding_fromLFR
31,lfr,lfr__CIDAR_Lab_Past_Devices__Three_Reagent_Mix__Three_Reagent_Mix_fromLFR,CIDAR_Lab_Past_Devices/Three_Reagent_Mix/Three_Reagent_Mix_fromLFR.json,/home/student/Desktop/Neptune_2026/Microfluidics-Benchmarks/Results/LFR-TestCases/CIDAR_Lab_Past_Devices/Three_Reagent_Mix/Three_Reagent_Mix_fromLFR.json,ilp,timeout,exceeded 1800s,1800.017,,,,,,,,,,,,,,,,Microfluidics-Benchmarks/Results/ilp_full_20260915_040013/logs/lfr__CIDAR_Lab_Past_Devices__Three_Reagent_Mix__Three_Reagent_Mix_fromLFR.log,Microfluidics-Benchmarks/Results/ilp_full_20260915_040013/artifacts/lfr__CIDAR_Lab_Past_Devices__Three_Reagent_Mix__Three_Reagent_Mix_fromLFR
32,lfr,lfr__COVID__Aj_Rtpcr_8_Primer__Aj_Rtpcr_8_Primer_fromLFR,COVID/Aj_Rtpcr_8_Primer/Aj_Rtpcr_8_Primer_fromLFR.json,/home/student/Desktop/Neptune_2026/Microfluidics-Benchmarks/Results/LFR-TestCases/COVID/Aj_Rtpcr_8_Primer/Aj_Rtpcr_8_Primer_fromLFR.json,ilp,timeout,exceeded 1800s,1800.116,,,,,,,,,,,,,,,,Microfluidics-Benchmarks/Results/ilp_full_20260915_040013/logs/lfr__COVID__Aj_Rtpcr_8_Primer__Aj_Rtpcr_8_Primer_fromLFR.log,Microfluidics-Benchmarks/Results/ilp_full_20260915_040013/artifacts/lfr__COVID__Aj_Rtpcr_8_Primer__Aj_Rtpcr_8_Primer_fromLFR
33,lfr,lfr__COVID__Arize__Arize_fromLFR,COVID/Arize/Arize_fromLFR.json,/home/student/Desktop/Neptune_2026/Microfluidics-Benchmarks/Results/LFR-TestCases/COVID/Arize/Arize_fromLFR.json,ilp,timeout,exceeded 1800s,1800.065,,,,,,,,,,,,,,,,Microfluidics-Benchmarks/Results/ilp_full_20260915_040013/logs/lfr__COVID__Arize__Arize_fromLFR.log,Microfluidics-Benchmarks/Results/ilp_full_20260915_040013/artifacts/lfr__COVID__Arize__Arize_fromLFR
34,lfr,lfr__COVID__Covid_Crispr__Covid_Crispr_fromLFR,COVID/Covid_Crispr/Covid_Crispr_fromLFR.json,/home/student/Desktop/Neptune_2026/Microfluidics-Benchmarks/Results/LFR-TestCases/COVID/Covid_Crispr/Covid_Crispr_fromLFR.json,ilp,success,,4.927,4.66328,0,optimal,True,3.779590223915875,True,0,False,True,,9000.0,64685800.0,343585800.0,/home/student/Desktop/Neptune_2026/Microfluidics-Benchmarks/Results/ilp_full_20260915_040013/artifacts/lfr__COVID__Covid_Crispr__Covid_Crispr_fromLFR/result.json,/home/student/Desktop/Neptune_2026/Microfluidics-Benchmarks/Results/ilp_full_20260915_040013/artifacts/lfr__COVID__Covid_Crispr__Covid_Crispr_fromLFR/metrics.json,Microfluidics-Benchmarks/Results/ilp_full_20260915_040013/logs/lfr__COVID__Covid_Crispr__Covid_Crispr_fromLFR.log,Microfluidics-Benchmarks/Results/ilp_full_20260915_040013/artifacts/lfr__COVID__Covid_Crispr__Covid_Crispr_fromLFR
35,lfr,lfr__COVID__Crispr__Crispr_fromLFR,COVID/Crispr/Crispr_fromLFR.json,/home/student/Desktop/Neptune_2026/Microfluidics-Benchmarks/Results/LFR-TestCases/COVID/Crispr/Crispr_fromLFR.json,ilp,timeout,exceeded 1800s,1800.018,,,,,,,,,,,,,,,,Microfluidics-Benchmarks/Results/ilp_full_20260915_040013/logs/lfr__COVID__Crispr__Crispr_fromLFR.log,Microfluidics-Benchmarks/Results/ilp_full_20260915_040013/artifacts/lfr__COVID__Crispr__Crispr_fromLFR
36,lfr,lfr__COVID__Detectr__Detectr_fromLFR,COVID/Detectr/Detectr_fromLFR.json,/home/student/Desktop/Neptune_2026/Microfluidics-Benchmarks/Results/LFR-TestCases/COVID/Detectr/Detectr_fromLFR.json,ilp,timeout,exceeded 1800s,1800.066,,,,,,,,,,,,,,,,Microfluidics-Benchmarks/Results/ilp_full_20260915_040013/logs/lfr__COVID__Detectr__Detectr_fromLFR.log,Microfluidics-Benchmarks/Results/ilp_full_20260915_040013/artifacts/lfr__COVID__Detectr__Detectr_fromLFR
37,lfr,lfr__COVID__Elisa__Elisa_fromLFR,COVID/Elisa/Elisa_fromLFR.json,/home/student/Desktop/Neptune_2026/Microfluidics-Benchmarks/Results/LFR-TestCases/COVID/Elisa/Elisa_fromLFR.json,ilp,timeout,exceeded 1800s,1800.039,,,,,,,,,,,,,,,,Microfluidics-Benchmarks/Results/ilp_full_20260915_040013/logs/lfr__COVID__Elisa__Elisa_fromLFR.log,Microfluidics-Benchmarks/Results/ilp_full_20260915_040013/artifacts/lfr__COVID__Elisa__Elisa_fromLFR
38,lfr,lfr__COVID__Gel_Electrophoresis__Gel_Electrophoresis_fromLFR,COVID/Gel_Electrophoresis/Gel_Electrophoresis_fromLFR.json,/home/student/Desktop/Neptune_2026/Microfluidics-Benchmarks/Results/LFR-TestCases/COVID/Gel_Electrophoresis/Gel_Electrophoresis_fromLFR.json,ilp,timeout,exceeded 1800s,1800.067,,,,,,,,,,,,,,,,Microfluidics-Benchmarks/Results/ilp_full_20260915_040013/logs/lfr__COVID__Gel_Electrophoresis__Gel_Electrophoresis_fromLFR.log,Microfluidics-Benchmarks/Results/ilp_full_20260915_040013/artifacts/lfr__COVID__Gel_Electrophoresis__Gel_Electrophoresis_fromLFR
39,lfr,lfr__COVID__Hybri_Detect__Hybri_Detect_fromLFR,COVID/Hybri_Detect/Hybri_Detect_fromLFR.json,/home/student/Desktop/Neptune_2026/Microfluidics-Benchmarks/Results/LFR-TestCases/COVID/Hybri_Detect/Hybri_Detect_fromLFR.json,ilp,timeout,exceeded 1800s,1800.068,,,,,,,,,,,,,,,,Microfluidics-Benchmarks/Results/ilp_full_20260915_040013/logs/lfr__COVID__Hybri_Detect__Hybri_Detect_fromLFR.log,Microfluidics-Benchmarks/Results/ilp_full_20260915_040013/artifacts/lfr__COVID__Hybri_Detect__Hybri_Detect_fromLFR
40,lfr,lfr__COVID__Part_1_Rna_Prep__Part_1_Rna_Prep_fromLFR,COVID/Part_1_Rna_Prep/Part_1_Rna_Prep_fromLFR.json,/home/student/Desktop/Neptune_2026/Microfluidics-Benchmarks/Results/LFR-TestCases/COVID/Part_1_Rna_Prep/Part_1_Rna_Prep_fromLFR.json,ilp,timeout,exceeded 1800s,1800.036,,,,,,,,,,,,,,,,Microfluidics-Benchmarks/Results/ilp_full_20260915_040013/logs/lfr__COVID__Part_1_Rna_Prep__Part_1_Rna_Prep_fromLFR.log,Microfluidics-Benchmarks/Results/ilp_full_20260915_040013/artifacts/lfr__COVID__Part_1_Rna_Prep__Part_1_Rna_Prep_fromLFR
41,lfr,lfr__COVID__Part_2_Rt_Step__Part_2_Rt_Step_fromLFR,COVID/Part_2_Rt_Step/Part_2_Rt_Step_fromLFR.json,/home/student/Desktop/Neptune_2026/Microfluidics-Benchmarks/Results/LFR-TestCases/COVID/Part_2_Rt_Step/Part_2_Rt_Step_fromLFR.json,ilp,timeout,exceeded 1800s,1800.019,,,,,,,,,,,,,,,,Microfluidics-Benchmarks/Results/ilp_full_20260915_040013/logs/lfr__COVID__Part_2_Rt_Step__Part_2_Rt_Step_fromLFR.log,Microfluidics-Benchmarks/Results/ilp_full_20260915_040013/artifacts/lfr__COVID__Part_2_Rt_Step__Part_2_Rt_Step_fromLFR
42,lfr,lfr__COVID__Part_3_Gel__Part_3_Gel_fromLFR,COVID/Part_3_Gel/Part_3_Gel_fromLFR.json,/home/student/Desktop/Neptune_2026/Microfluidics-Benchmarks/Results/LFR-TestCases/COVID/Part_3_Gel/Part_3_Gel_fromLFR.json,ilp,timeout,exceeded 1800s,1800.035,,,,,,,,,,,,,,,,Microfluidics-Benchmarks/Results/ilp_full_20260915_040013/logs/lfr__COVID__Part_3_Gel__Part_3_Gel_fromLFR.log,Microfluidics-Benchmarks/Results/ilp_full_20260915_040013/artifacts/lfr__COVID__Part_3_Gel__Part_3_Gel_fromLFR
43,lfr,lfr__COVID__Rt_Pcr__Rt_Pcr_fromLFR,COVID/Rt_Pcr/Rt_Pcr_fromLFR.json,/home/student/Desktop/Neptune_2026/Microfluidics-Benchmarks/Results/LFR-TestCases/COVID/Rt_Pcr/Rt_Pcr_fromLFR.json,ilp,success,,1.873,1.62566,0,optimal,True,0.8020738291088492,True,0,False,True,,4000.0,90000000.0,420000000.0,/home/student/Desktop/Neptune_2026/Microfluidics-Benchmarks/Results/ilp_full_20260915_040013/artifacts/lfr__COVID__Rt_Pcr__Rt_Pcr_fromLFR/result.json,/home/student/Desktop/Neptune_2026/Microfluidics-Benchmarks/Results/ilp_full_20260915_040013/artifacts/lfr__COVID__Rt_Pcr__Rt_Pcr_fromLFR/metrics.json,Microfluidics-Benchmarks/Results/ilp_full_20260915_040013/logs/lfr__COVID__Rt_Pcr__Rt_Pcr_fromLFR.log,Microfluidics-Benchmarks/Results/ilp_full_20260915_040013/artifacts/lfr__COVID__Rt_Pcr__Rt_Pcr_fromLFR
44,lfr,lfr__Distribute_Expressions__And_Annotation_Test__And_Annotation_Test_fromLFR,Distribute_Expressions/And_Annotation_Test/And_Annotation_Test_fromLFR.json,/home/student/Desktop/Neptune_2026/Microfluidics-Benchmarks/Results/LFR-TestCases/Distribute_Expressions/And_Annotation_Test/And_Annotation_Test_fromLFR.json,ilp,success,,70.76,70.496328,0,optimal,True,64.7306851260364,True,0,True,True,,29100.0,155200000.0,512200000.0,/home/student/Desktop/Neptune_2026/Microfluidics-Benchmarks/Results/ilp_full_20260915_040013/artifacts/lfr__Distribute_Expressions__And_Annotation_Test__And_Annotation_Test_fromLFR/result_control.json,/home/student/Desktop/Neptune_2026/Microfluidics-Benchmarks/Results/ilp_full_20260915_040013/artifacts/lfr__Distribute_Expressions__And_Annotation_Test__And_Annotation_Test_fromLFR/metrics.json,Microfluidics-Benchmarks/Results/ilp_full_20260915_040013/logs/lfr__Distribute_Expressions__And_Annotation_Test__And_Annotation_Test_fromLFR.log,Microfluidics-Benchmarks/Results/ilp_full_20260915_040013/artifacts/lfr__Distribute_Expressions__And_Annotation_Test__And_Annotation_Test_fromLFR
45,lfr,lfr__Distribute_Expressions__Dist_Expression_1__Dist_Expression_1_fromLFR,Distribute_Expressions/Dist_Expression_1/Dist_Expression_1_fromLFR.json,/home/student/Desktop/Neptune_2026/Microfluidics-Benchmarks/Results/LFR-TestCases/Distribute_Expressions/Dist_Expression_1/Dist_Expression_1_fromLFR.json,ilp,success,,1.119,0.892914,0,optimal,True,0.0738496941048652,True,0,False,True,,1000.0,10000000.0,180000000.0,/home/student/Desktop/Neptune_2026/Microfluidics-Benchmarks/Results/ilp_full_20260915_040013/artifacts/lfr__Distribute_Expressions__Dist_Expression_1__Dist_Expression_1_fromLFR/result.json,/home/student/Desktop/Neptune_2026/Microfluidics-Benchmarks/Results/ilp_full_20260915_040013/artifacts/lfr__Distribute_Expressions__Dist_Expression_1__Dist_Expression_1_fromLFR/metrics.json,Microfluidics-Benchmarks/Results/ilp_full_20260915_040013/logs/lfr__Distribute_Expressions__Dist_Expression_1__Dist_Expression_1_fromLFR.log,Microfluidics-Benchmarks/Results/ilp_full_20260915_040013/artifacts/lfr__Distribute_Expressions__Dist_Expression_1__Dist_Expression_1_fromLFR
46,lfr,lfr__Distribute_Expressions__Dist_Expression_2__Dist_Expression_2_fromLFR,Distribute_Expressions/Dist_Expression_2/Dist_Expression_2_fromLFR.json,/home/student/Desktop/Neptune_2026/Microfluidics-Benchmarks/Results/LFR-TestCases/Distribute_Expressions/Dist_Expression_2/Dist_Expression_2_fromLFR.json,ilp,success,,2.674,2.425215,0,optimal,True,1.223687482997775,True,0,True,True,,11000.0,81000000.0,361000000.0,/home/student/Desktop/Neptune_2026/Microfluidics-Benchmarks/Results/ilp_full_20260915_040013/artifacts/lfr__Distribute_Expressions__Dist_Expression_2__Dist_Expression_2_fromLFR/result_control.json,/home/student/Desktop/Neptune_2026/Microfluidics-Benchmarks/Results/ilp_full_20260915_040013/artifacts/lfr__Distribute_Expressions__Dist_Expression_2__Dist_Expression_2_fromLFR/metrics.json,Microfluidics-Benchmarks/Results/ilp_full_20260915_040013/logs/lfr__Distribute_Expressions__Dist_Expression_2__Dist_Expression_2_fromLFR.log,Microfluidics-Benchmarks/Results/ilp_full_20260915_040013/artifacts/lfr__Distribute_Expressions__Dist_Expression_2__Dist_Expression_2_fromLFR
47,lfr,lfr__Distribute_Expressions__Dist_Expression_3__Dist_Expression_3_fromLFR,Distribute_Expressions/Dist_Expression_3/Dist_Expression_3_fromLFR.json,/home/student/Desktop/Neptune_2026/Microfluidics-Benchmarks/Results/LFR-TestCases/Distribute_Expressions/Dist_Expression_3/Dist_Expression_3_fromLFR.json,ilp,success,,2.724,2.491291,0,optimal,True,1.2200764929875731,True,0,True,True,,11000.0,81000000.0,361000000.0,/home/student/Desktop/Neptune_2026/Microfluidics-Benchmarks/Results/ilp_full_20260915_040013/artifacts/lfr__Distribute_Expressions__Dist_Expression_3__Dist_Expression_3_fromLFR/result_control.json,/home/student/Desktop/Neptune_2026/Microfluidics-Benchmarks/Results/ilp_full_20260915_040013/artifacts/lfr__Distribute_Expressions__Dist_Expression_3__Dist_Expression_3_fromLFR/metrics.json,Microfluidics-Benchmarks/Results/ilp_full_20260915_040013/logs/lfr__Distribute_Expressions__Dist_Expression_3__Dist_Expression_3_fromLFR.log,Microfluidics-Benchmarks/Results/ilp_full_20260915_040013/artifacts/lfr__Distribute_Expressions__Dist_Expression_3__Dist_Expression_3_fromLFR
48,lfr,lfr__Distribute_Library__Cell_Traps_4__Cell_Traps_4_fromLFR,Distribute_Library/Cell_Traps_4/Cell_Traps_4_fromLFR.json,/home/student/Desktop/Neptune_2026/Microfluidics-Benchmarks/Results/LFR-TestCases/Distribute_Library/Cell_Traps_4/Cell_Traps_4_fromLFR.json,ilp,success,,1.218,0.963174,0,optimal,True,0.08091767714358866,True,0,False,True,,1000.0,10000000.0,180000000.0,/home/student/Desktop/Neptune_2026/Microfluidics-Benchmarks/Results/ilp_full_20260915_040013/artifacts/lfr__Distribute_Library__Cell_Traps_4__Cell_Traps_4_fromLFR/result.json,/home/student/Desktop/Neptune_2026/Microfluidics-Benchmarks/Results/ilp_full_20260915_040013/artifacts/lfr__Distribute_Library__Cell_Traps_4__Cell_Traps_4_fromLFR/metrics.json,Microfluidics-Benchmarks/Results/ilp_full_20260915_040013/logs/lfr__Distribute_Library__Cell_Traps_4__Cell_Traps_4_fromLFR.log,Microfluidics-Benchmarks/Results/ilp_full_20260915_040013/artifacts/lfr__Distribute_Library__Cell_Traps_4__Cell_Traps_4_fromLFR
49,lfr,lfr__Distribute_Library__Hv_Storage_Grid_04__Hv_Storage_Grid_04_fromLFR,Distribute_Library/Hv_Storage_Grid_04/Hv_Storage_Grid_04_fromLFR.json,/home/student/Desktop/Neptune_2026/Microfluidics-Benchmarks/Results/LFR-TestCases/Distribute_Library/Hv_Storage_Grid_04/Hv_Storage_Grid_04_fromLFR.json,ilp,success,,1.17,0.921459,0,optimal,True,0.07242052978836,True,0,False,True,,1000.0,10000000.0,180000000.0,/home/student/Desktop/Neptune_2026/Microfluidics-Benchmarks/Results/ilp_full_20260915_040013/artifacts/lfr__Distribute_Library__Hv_Storage_Grid_04__Hv_Storage_Grid_04_fromLFR/result.json,/home/student/Desktop/Neptune_2026/Microfluidics-Benchmarks/Results/ilp_full_20260915_040013/artifacts/lfr__Distribute_Library__Hv_Storage_Grid_04__Hv_Storage_Grid_04_fromLFR/metrics.json,Microfluidics-Benchmarks/Results/ilp_full_20260915_040013/logs/lfr__Distribute_Library__Hv_Storage_Grid_04__Hv_Storage_Grid_04_fromLFR.log,Microfluidics-Benchmarks/Results/ilp_full_20260915_040013/artifacts/lfr__Distribute_Library__Hv_Storage_Grid_04__Hv_Storage_Grid_04_fromLFR
50,lfr,lfr__Distribute_Library__Hv_Storage_Grid_08__Hv_Storage_Grid_08_fromLFR,Distribute_Library/Hv_Storage_Grid_08/Hv_Storage_Grid_08_fromLFR.json,/home/student/Desktop/Neptune_2026/Microfluidics-Benchmarks/Results/LFR-TestCases/Distribute_Library/Hv_Storage_Grid_08/Hv_Storage_Grid_08_fromLFR.json,ilp,success,,1.27,0.982468,0,optimal,True,0.11892307386733592,True,0,False,True,,1000.0,10000000.0,180000000.0,/home/student/Desktop/Neptune_2026/Microfluidics-Benchmarks/Results/ilp_full_20260915_040013/artifacts/lfr__Distribute_Library__Hv_Storage_Grid_08__Hv_Storage_Grid_08_fromLFR/result.json,/home/student/Desktop/Neptune_2026/Microfluidics-Benchmarks/Results/ilp_full_20260915_040013/artifacts/lfr__Distribute_Library__Hv_Storage_Grid_08__Hv_Storage_Grid_08_fromLFR/metrics.json,Microfluidics-Benchmarks/Results/ilp_full_20260915_040013/logs/lfr__Distribute_Library__Hv_Storage_Grid_08__Hv_Storage_Grid_08_fromLFR.log,Microfluidics-Benchmarks/Results/ilp_full_20260915_040013/artifacts/lfr__Distribute_Library__Hv_Storage_Grid_08__Hv_Storage_Grid_08_fromLFR
51,lfr,lfr__Distribute_Library__Hv_Storage_Grid_16__Hv_Storage_Grid_16_fromLFR,Distribute_Library/Hv_Storage_Grid_16/Hv_Storage_Grid_16_fromLFR.json,/home/student/Desktop/Neptune_2026/Microfluidics-Benchmarks/Results/LFR-TestCases/Distribute_Library/Hv_Storage_Grid_16/Hv_Storage_Grid_16_fromLFR.json,ilp,success,,1.119,0.889377,0,optimal,True,0.07187402294948697,True,0,False,True,,1000.0,10000000.0,180000000.0,/home/student/Desktop/Neptune_2026/Microfluidics-Benchmarks/Results/ilp_full_20260915_040013/artifacts/lfr__Distribute_Library__Hv_Storage_Grid_16__Hv_Storage_Grid_16_fromLFR/result.json,/home/student/Desktop/Neptune_2026/Microfluidics-Benchmarks/Results/ilp_full_20260915_040013/artifacts/lfr__Distribute_Library__Hv_Storage_Grid_16__Hv_Storage_Grid_16_fromLFR/metrics.json,Microfluidics-Benchmarks/Results/ilp_full_20260915_040013/logs/lfr__Distribute_Library__Hv_Storage_Grid_16__Hv_Storage_Grid_16_fromLFR.log,Microfluidics-Benchmarks/Results/ilp_full_20260915_040013/artifacts/lfr__Distribute_Library__Hv_Storage_Grid_16__Hv_Storage_Grid_16_fromLFR
52,lfr,lfr__Distribute_Library__Hv_Storage_Grid_32__Hv_Storage_Grid_32_fromLFR,Distribute_Library/Hv_Storage_Grid_32/Hv_Storage_Grid_32_fromLFR.json,/home/student/Desktop/Neptune_2026/Microfluidics-Benchmarks/Results/LFR-TestCases/Distribute_Library/Hv_Storage_Grid_32/Hv_Storage_Grid_32_fromLFR.json,ilp,success,,1.17,0.942232,0,optimal,True,0.08143360912799835,True,0,False,True,,1000.0,10000000.0,180000000.0,/home/student/Desktop/Neptune_2026/Microfluidics-Benchmarks/Results/ilp_full_20260915_040013/artifacts/lfr__Distribute_Library__Hv_Storage_Grid_32__Hv_Storage_Grid_32_fromLFR/result.json,/home/student/Desktop/Neptune_2026/Microfluidics-Benchmarks/Results/ilp_full_20260915_040013/artifacts/lfr__Distribute_Library__Hv_Storage_Grid_32__Hv_Storage_Grid_32_fromLFR/metrics.json,Microfluidics-Benchmarks/Results/ilp_full_20260915_040013/logs/lfr__Distribute_Library__Hv_Storage_Grid_32__Hv_Storage_Grid_32_fromLFR.log,Microfluidics-Benchmarks/Results/ilp_full_20260915_040013/artifacts/lfr__Distribute_Library__Hv_Storage_Grid_32__Hv_Storage_Grid_32_fromLFR
53,lfr,lfr__Distribute_Library__Hv_Storage_Grid_64__Hv_Storage_Grid_64_fromLFR,Distribute_Library/Hv_Storage_Grid_64/Hv_Storage_Grid_64_fromLFR.json,/home/student/Desktop/Neptune_2026/Microfluidics-Benchmarks/Results/LFR-TestCases/Distribute_Library/Hv_Storage_Grid_64/Hv_Storage_Grid_64_fromLFR.json,ilp,success,,1.271,0.96979,0,optimal,True,0.07195884105749428,True,0,False,True,,1000.0,10000000.0,180000000.0,/home/student/Desktop/Neptune_2026/Microfluidics-Benchmarks/Results/ilp_full_20260915_040013/artifacts/lfr__Distribute_Library__Hv_Storage_Grid_64__Hv_Storage_Grid_64_fromLFR/result.json,/home/student/Desktop/Neptune_2026/Microfluidics-Benchmarks/Results/ilp_full_20260915_040013/artifacts/lfr__Distribute_Library__Hv_Storage_Grid_64__Hv_Storage_Grid_64_fromLFR/metrics.json,Microfluidics-Benchmarks/Results/ilp_full_20260915_040013/logs/lfr__Distribute_Library__Hv_Storage_Grid_64__Hv_Storage_Grid_64_fromLFR.log,Microfluidics-Benchmarks/Results/ilp_full_20260915_040013/artifacts/lfr__Distribute_Library__Hv_Storage_Grid_64__Hv_Storage_Grid_64_fromLFR
54,lfr,lfr__Distribute_Library__Mux_02_In__Mux_02_In_fromLFR,Distribute_Library/Mux_02_In/Mux_02_In_fromLFR.json,/home/student/Desktop/Neptune_2026/Microfluidics-Benchmarks/Results/LFR-TestCases/Distribute_Library/Mux_02_In/Mux_02_In_fromLFR.json,ilp,success,,2.277,2.053263,0,optimal,True,0.693264079047367,True,0,True,True,,12000.0,48000000.0,338000000.0,/home/student/Desktop/Neptune_2026/Microfluidics-Benchmarks/Results/ilp_full_20260915_040013/artifacts/lfr__Distribute_Library__Mux_02_In__Mux_02_In_fromLFR/result_control.json,/home/student/Desktop/Neptune_2026/Microfluidics-Benchmarks/Results/ilp_full_20260915_040013/artifacts/lfr__Distribute_Library__Mux_02_In__Mux_02_In_fromLFR/metrics.json,Microfluidics-Benchmarks/Results/ilp_full_20260915_040013/logs/lfr__Distribute_Library__Mux_02_In__Mux_02_In_fromLFR.log,Microfluidics-Benchmarks/Results/ilp_full_20260915_040013/artifacts/lfr__Distribute_Library__Mux_02_In__Mux_02_In_fromLFR
55,lfr,lfr__Distribute_Library__Mux_02_Out__Mux_02_Out_fromLFR,Distribute_Library/Mux_02_Out/Mux_02_Out_fromLFR.json,/home/student/Desktop/Neptune_2026/Microfluidics-Benchmarks/Results/LFR-TestCases/Distribute_Library/Mux_02_Out/Mux_02_Out_fromLFR.json,ilp,success,,2.325,2.057299,0,optimal,True,0.6730088589247316,True,0,True,True,,12000.0,48000000.0,338000000.0,/home/student/Desktop/Neptune_2026/Microfluidics-Benchmarks/Results/ilp_full_20260915_040013/artifacts/lfr__Distribute_Library__Mux_02_Out__Mux_02_Out_fromLFR/result_control.json,/home/student/Desktop/Neptune_2026/Microfluidics-Benchmarks/Results/ilp_full_20260915_040013/artifacts/lfr__Distribute_Library__Mux_02_Out__Mux_02_Out_fromLFR/metrics.json,Microfluidics-Benchmarks/Results/ilp_full_20260915_040013/logs/lfr__Distribute_Library__Mux_02_Out__Mux_02_Out_fromLFR.log,Microfluidics-Benchmarks/Results/ilp_full_20260915_040013/artifacts/lfr__Distribute_Library__Mux_02_Out__Mux_02_Out_fromLFR
56,lfr,lfr__Distribute_Library__Mux_04_In__Mux_04_In_fromLFR,Distribute_Library/Mux_04_In/Mux_04_In_fromLFR.json,/home/student/Desktop/Neptune_2026/Microfluidics-Benchmarks/Results/LFR-TestCases/Distribute_Library/Mux_04_In/Mux_04_In_fromLFR.json,ilp,success,,1535.645,1535.382424,0,optimal,True,1526.071267403895,True,0,True,True,,46200.0,242490000.0,656490000.0,/home/student/Desktop/Neptune_2026/Microfluidics-Benchmarks/Results/ilp_full_20260915_040013/artifacts/lfr__Distribute_Library__Mux_04_In__Mux_04_In_fromLFR/result_control.json,/home/student/Desktop/Neptune_2026/Microfluidics-Benchmarks/Results/ilp_full_20260915_040013/artifacts/lfr__Distribute_Library__Mux_04_In__Mux_04_In_fromLFR/metrics.json,Microfluidics-Benchmarks/Results/ilp_full_20260915_040013/logs/lfr__Distribute_Library__Mux_04_In__Mux_04_In_fromLFR.log,Microfluidics-Benchmarks/Results/ilp_full_20260915_040013/artifacts/lfr__Distribute_Library__Mux_04_In__Mux_04_In_fromLFR
57,lfr,lfr__Distribute_Library__Mux_04_Out__Mux_04_Out_fromLFR,Distribute_Library/Mux_04_Out/Mux_04_Out_fromLFR.json,/home/student/Desktop/Neptune_2026/Microfluidics-Benchmarks/Results/LFR-TestCases/Distribute_Library/Mux_04_Out/Mux_04_Out_fromLFR.json,ilp,success,,470.493,470.211641,0,optimal,True,463.92003896599635,True,0,True,True,,35400.0,144000000.0,494000000.0,/home/student/Desktop/Neptune_2026/Microfluidics-Benchmarks/Results/ilp_full_20260915_040013/artifacts/lfr__Distribute_Library__Mux_04_Out__Mux_04_Out_fromLFR/result_control.json,/home/student/Desktop/Neptune_2026/Microfluidics-Benchmarks/Results/ilp_full_20260915_040013/artifacts/lfr__Distribute_Library__Mux_04_Out__Mux_04_Out_fromLFR/metrics.json,Microfluidics-Benchmarks/Results/ilp_full_20260915_040013/logs/lfr__Distribute_Library__Mux_04_Out__Mux_04_Out_fromLFR.log,Microfluidics-Benchmarks/Results/ilp_full_20260915_040013/artifacts/lfr__Distribute_Library__Mux_04_Out__Mux_04_Out_fromLFR
58,lfr,lfr__Distribute_Library__Mux_08_In__Mux_08_In_fromLFR,Distribute_Library/Mux_08_In/Mux_08_In_fromLFR.json,/home/student/Desktop/Neptune_2026/Microfluidics-Benchmarks/Results/LFR-TestCases/Distribute_Library/Mux_08_In/Mux_08_In_fromLFR.json,ilp,timeout,exceeded 1800s,1800.066,,,,,,,,,,,,,,,,Microfluidics-Benchmarks/Results/ilp_full_20260915_040013/logs/lfr__Distribute_Library__Mux_08_In__Mux_08_In_fromLFR.log,Microfluidics-Benchmarks/Results/ilp_full_20260915_040013/artifacts/lfr__Distribute_Library__Mux_08_In__Mux_08_In_fromLFR
59,lfr,lfr__Distribute_Library__Mux_08_Out__Mux_08_Out_fromLFR,Distribute_Library/Mux_08_Out/Mux_08_Out_fromLFR.json,/home/student/Desktop/Neptune_2026/Microfluidics-Benchmarks/Results/LFR-TestCases/Distribute_Library/Mux_08_Out/Mux_08_Out_fromLFR.json,ilp,timeout,exceeded 1800s,1800.067,,,,,,,,,,,,,,,,Microfluidics-Benchmarks/Results/ilp_full_20260915_040013/logs/lfr__Distribute_Library__Mux_08_Out__Mux_08_Out_fromLFR.log,Microfluidics-Benchmarks/Results/ilp_full_20260915_040013/artifacts/lfr__Distribute_Library__Mux_08_Out__Mux_08_Out_fromLFR
60,lfr,lfr__Distribute_Library__Mux_16_In__Mux_16_In_fromLFR,Distribute_Library/Mux_16_In/Mux_16_In_fromLFR.json,/home/student/Desktop/Neptune_2026/Microfluidics-Benchmarks/Results/LFR-TestCases/Distribute_Library/Mux_16_In/Mux_16_In_fromLFR.json,ilp,timeout,exceeded 1800s,1800.068,,,,,,,,,,,,,,,,Microfluidics-Benchmarks/Results/ilp_full_20260915_040013/logs/lfr__Distribute_Library__Mux_16_In__Mux_16_In_fromLFR.log,Microfluidics-Benchmarks/Results/ilp_full_20260915_040013/artifacts/lfr__Distribute_Library__Mux_16_In__Mux_16_In_fromLFR
61,lfr,lfr__Distribute_Library__Mux_16_Out__Mux_16_Out_fromLFR,Distribute_Library/Mux_16_Out/Mux_16_Out_fromLFR.json,/home/student/Desktop/Neptune_2026/Microfluidics-Benchmarks/Results/LFR-TestCases/Distribute_Library/Mux_16_Out/Mux_16_Out_fromLFR.json,ilp,timeout,exceeded 1800s,1800.067,,,,,,,,,,,,,,,,Microfluidics-Benchmarks/Results/ilp_full_20260915_040013/logs/lfr__Distribute_Library__Mux_16_Out__Mux_16_Out_fromLFR.log,Microfluidics-Benchmarks/Results/ilp_full_20260915_040013/artifacts/lfr__Distribute_Library__Mux_16_Out__Mux_16_Out_fromLFR
62,lfr,lfr__Distribute_Library__Mux_32_In__Mux_32_In_fromLFR,Distribute_Library/Mux_32_In/Mux_32_In_fromLFR.json,/home/student/Desktop/Neptune_2026/Microfluidics-Benchmarks/Results/LFR-TestCases/Distribute_Library/Mux_32_In/Mux_32_In_fromLFR.json,ilp,timeout,exceeded 1800s,1800.07,,,,,,,,,,,,,,,,Microfluidics-Benchmarks/Results/ilp_full_20260915_040013/logs/lfr__Distribute_Library__Mux_32_In__Mux_32_In_fromLFR.log,Microfluidics-Benchmarks/Results/ilp_full_20260915_040013/artifacts/lfr__Distribute_Library__Mux_32_In__Mux_32_In_fromLFR
63,lfr,lfr__Distribute_Library__Mux_32_Out__Mux_32_Out_fromLFR,Distribute_Library/Mux_32_Out/Mux_32_Out_fromLFR.json,/home/student/Desktop/Neptune_2026/Microfluidics-Benchmarks/Results/LFR-TestCases/Distribute_Library/Mux_32_Out/Mux_32_Out_fromLFR.json,ilp,timeout,exceeded 1800s,1800.116,,,,,,,,,,,,,,,,Microfluidics-Benchmarks/Results/ilp_full_20260915_040013/logs/lfr__Distribute_Library__Mux_32_Out__Mux_32_Out_fromLFR.log,Microfluidics-Benchmarks/Results/ilp_full_20260915_040013/artifacts/lfr__Distribute_Library__Mux_32_Out__Mux_32_Out_fromLFR
64,lfr,lfr__Distribute_Library__Mux_64_In__Mux_64_In_fromLFR,Distribute_Library/Mux_64_In/Mux_64_In_fromLFR.json,/home/student/Desktop/Neptune_2026/Microfluidics-Benchmarks/Results/LFR-TestCases/Distribute_Library/Mux_64_In/Mux_64_In_fromLFR.json,ilp,timeout,exceeded 1800s,1800.217,,,,,,,,,,,,,,,,Microfluidics-Benchmarks/Results/ilp_full_20260915_040013/logs/lfr__Distribute_Library__Mux_64_In__Mux_64_In_fromLFR.log,Microfluidics-Benchmarks/Results/ilp_full_20260915_040013/artifacts/lfr__Distribute_Library__Mux_64_In__Mux_64_In_fromLFR
65,lfr,lfr__Distribute_Library__Mux_64_Out__Mux_64_Out_fromLFR,Distribute_Library/Mux_64_Out/Mux_64_Out_fromLFR.json,/home/student/Desktop/Neptune_2026/Microfluidics-Benchmarks/Results/LFR-TestCases/Distribute_Library/Mux_64_Out/Mux_64_Out_fromLFR.json,ilp,timeout,exceeded 1800s,1800.217,,,,,,,,,,,,,,,,Microfluidics-Benchmarks/Results/ilp_full_20260915_040013/logs/lfr__Distribute_Library__Mux_64_Out__Mux_64_Out_fromLFR.log,Microfluidics-Benchmarks/Results/ilp_full_20260915_040013/artifacts/lfr__Distribute_Library__Mux_64_Out__Mux_64_Out_fromLFR
66,lfr,lfr__Distribute_Library__Single_Storage_Grid_01__Single_Storage_Grid_01_fromLFR,Distribute_Library/Single_Storage_Grid_01/Single_Storage_Grid_01_fromLFR.json,/home/student/Desktop/Neptune_2026/Microfluidics-Benchmarks/Results/LFR-TestCases/Distribute_Library/Single_Storage_Grid_01/Single_Storage_Grid_01_fromLFR.json,ilp,success,,1.27,0.999472,0,optimal,True,0.1169909059535712,True,0,False,True,,1000.0,10000000.0,180000000.0,/home/student/Desktop/Neptune_2026/Microfluidics-Benchmarks/Results/ilp_full_20260915_040013/artifacts/lfr__Distribute_Library__Single_Storage_Grid_01__Single_Storage_Grid_01_fromLFR/result.json,/home/student/Desktop/Neptune_2026/Microfluidics-Benchmarks/Results/ilp_full_20260915_040013/artifacts/lfr__Distribute_Library__Single_Storage_Grid_01__Single_Storage_Grid_01_fromLFR/metrics.json,Microfluidics-Benchmarks/Results/ilp_full_20260915_040013/logs/lfr__Distribute_Library__Single_Storage_Grid_01__Single_Storage_Grid_01_fromLFR.log,Microfluidics-Benchmarks/Results/ilp_full_20260915_040013/artifacts/lfr__Distribute_Library__Single_Storage_Grid_01__Single_Storage_Grid_01_fromLFR
67,lfr,lfr__Distribute_Library__Single_Storage_Grid_02__Single_Storage_Grid_02_fromLFR,Distribute_Library/Single_Storage_Grid_02/Single_Storage_Grid_02_fromLFR.json,/home/student/Desktop/Neptune_2026/Microfluidics-Benchmarks/Results/LFR-TestCases/Distribute_Library/Single_Storage_Grid_02/Single_Storage_Grid_02_fromLFR.json,ilp,success,,1.222,0.94834,0,optimal,True,0.07490426185540855,True,0,False,True,,1000.0,10000000.0,180000000.0,/home/student/Desktop/Neptune_2026/Microfluidics-Benchmarks/Results/ilp_full_20260915_040013/artifacts/lfr__Distribute_Library__Single_Storage_Grid_02__Single_Storage_Grid_02_fromLFR/result.json,/home/student/Desktop/Neptune_2026/Microfluidics-Benchmarks/Results/ilp_full_20260915_040013/artifacts/lfr__Distribute_Library__Single_Storage_Grid_02__Single_Storage_Grid_02_fromLFR/metrics.json,Microfluidics-Benchmarks/Results/ilp_full_20260915_040013/logs/lfr__Distribute_Library__Single_Storage_Grid_02__Single_Storage_Grid_02_fromLFR.log,Microfluidics-Benchmarks/Results/ilp_full_20260915_040013/artifacts/lfr__Distribute_Library__Single_Storage_Grid_02__Single_Storage_Grid_02_fromLFR
68,lfr,lfr__Distribute_Library__Single_Storage_Grid_04__Single_Storage_Grid_04_fromLFR,Distribute_Library/Single_Storage_Grid_04/Single_Storage_Grid_04_fromLFR.json,/home/student/Desktop/Neptune_2026/Microfluidics-Benchmarks/Results/LFR-TestCases/Distribute_Library/Single_Storage_Grid_04/Single_Storage_Grid_04_fromLFR.json,ilp,success,,1.22,0.958319,0,optimal,True,0.08950036205351353,True,0,False,True,,1000.0,10000000.0,180000000.0,/home/student/Desktop/Neptune_2026/Microfluidics-Benchmarks/Results/ilp_full_20260915_040013/artifacts/lfr__Distribute_Library__Single_Storage_Grid_04__Single_Storage_Grid_04_fromLFR/result.json,/home/student/Desktop/Neptune_2026/Microfluidics-Benchmarks/Results/ilp_full_20260915_040013/artifacts/lfr__Distribute_Library__Single_Storage_Grid_04__Single_Storage_Grid_04_fromLFR/metrics.json,Microfluidics-Benchmarks/Results/ilp_full_20260915_040013/logs/lfr__Distribute_Library__Single_Storage_Grid_04__Single_Storage_Grid_04_fromLFR.log,Microfluidics-Benchmarks/Results/ilp_full_20260915_040013/artifacts/lfr__Distribute_Library__Single_Storage_Grid_04__Single_Storage_Grid_04_fromLFR
69,lfr,lfr__Distribute_Library__Single_Storage_Grid_08__Single_Storage_Grid_08_fromLFR,Distribute_Library/Single_Storage_Grid_08/Single_Storage_Grid_08_fromLFR.json,/home/student/Desktop/Neptune_2026/Microfluidics-Benchmarks/Results/LFR-TestCases/Distribute_Library/Single_Storage_Grid_08/Single_Storage_Grid_08_fromLFR.json,ilp,success,,1.223,0.959363,0,optimal,True,0.07473185402341187,True,0,False,True,,1000.0,10000000.0,180000000.0,/home/student/Desktop/Neptune_2026/Microfluidics-Benchmarks/Results/ilp_full_20260915_040013/artifacts/lfr__Distribute_Library__Single_Storage_Grid_08__Single_Storage_Grid_08_fromLFR/result.json,/home/student/Desktop/Neptune_2026/Microfluidics-Benchmarks/Results/ilp_full_20260915_040013/artifacts/lfr__Distribute_Library__Single_Storage_Grid_08__Single_Storage_Grid_08_fromLFR/metrics.json,Microfluidics-Benchmarks/Results/ilp_full_20260915_040013/logs/lfr__Distribute_Library__Single_Storage_Grid_08__Single_Storage_Grid_08_fromLFR.log,Microfluidics-Benchmarks/Results/ilp_full_20260915_040013/artifacts/lfr__Distribute_Library__Single_Storage_Grid_08__Single_Storage_Grid_08_fromLFR
70,lfr,lfr__Distribute_Library__Single_Storage_Grid_16__Single_Storage_Grid_16_fromLFR,Distribute_Library/Single_Storage_Grid_16/Single_Storage_Grid_16_fromLFR.json,/home/student/Desktop/Neptune_2026/Microfluidics-Benchmarks/Results/LFR-TestCases/Distribute_Library/Single_Storage_Grid_16/Single_Storage_Grid_16_fromLFR.json,ilp,success,,1.22,0.945188,0,optimal,True,0.07562606711871922,True,0,False,True,,1000.0,10000000.0,180000000.0,/home/student/Desktop/Neptune_2026/Microfluidics-Benchmarks/Results/ilp_full_20260915_040013/artifacts/lfr__Distribute_Library__Single_Storage_Grid_16__Single_Storage_Grid_16_fromLFR/result.json,/home/student/Desktop/Neptune_2026/Microfluidics-Benchmarks/Results/ilp_full_20260915_040013/artifacts/lfr__Distribute_Library__Single_Storage_Grid_16__Single_Storage_Grid_16_fromLFR/metrics.json,Microfluidics-Benchmarks/Results/ilp_full_20260915_040013/logs/lfr__Distribute_Library__Single_Storage_Grid_16__Single_Storage_Grid_16_fromLFR.log,Microfluidics-Benchmarks/Results/ilp_full_20260915_040013/artifacts/lfr__Distribute_Library__Single_Storage_Grid_16__Single_Storage_Grid_16_fromLFR
71,lfr,lfr__Distribute_Library__Single_Storage_Grid_32__Single_Storage_Grid_32_fromLFR,Distribute_Library/Single_Storage_Grid_32/Single_Storage_Grid_32_fromLFR.json,/home/student/Desktop/Neptune_2026/Microfluidics-Benchmarks/Results/LFR-TestCases/Distribute_Library/Single_Storage_Grid_32/Single_Storage_Grid_32_fromLFR.json,ilp,success,,1.219,0.951919,0,optimal,True,0.07378158811479807,True,0,False,True,,1000.0,10000000.0,180000000.0,/home/student/Desktop/Neptune_2026/Microfluidics-Benchmarks/Results/ilp_full_20260915_040013/artifacts/lfr__Distribute_Library__Single_Storage_Grid_32__Single_Storage_Grid_32_fromLFR/result.json,/home/student/Desktop/Neptune_2026/Microfluidics-Benchmarks/Results/ilp_full_20260915_040013/artifacts/lfr__Distribute_Library__Single_Storage_Grid_32__Single_Storage_Grid_32_fromLFR/metrics.json,Microfluidics-Benchmarks/Results/ilp_full_20260915_040013/logs/lfr__Distribute_Library__Single_Storage_Grid_32__Single_Storage_Grid_32_fromLFR.log,Microfluidics-Benchmarks/Results/ilp_full_20260915_040013/artifacts/lfr__Distribute_Library__Single_Storage_Grid_32__Single_Storage_Grid_32_fromLFR
72,lfr,lfr__Distribute_Library__Single_Storage_Grid_64__Single_Storage_Grid_64_fromLFR,Distribute_Library/Single_Storage_Grid_64/Single_Storage_Grid_64_fromLFR.json,/home/student/Desktop/Neptune_2026/Microfluidics-Benchmarks/Results/LFR-TestCases/Distribute_Library/Single_Storage_Grid_64/Single_Storage_Grid_64_fromLFR.json,ilp,success,,1.17,0.928729,0,optimal,True,0.0732798099052161,True,0,False,True,,1000.0,10000000.0,180000000.0,/home/student/Desktop/Neptune_2026/Microfluidics-Benchmarks/Results/ilp_full_20260915_040013/artifacts/lfr__Distribute_Library__Single_Storage_Grid_64__Single_Storage_Grid_64_fromLFR/result.json,/home/student/Desktop/Neptune_2026/Microfluidics-Benchmarks/Results/ilp_full_20260915_040013/artifacts/lfr__Distribute_Library__Single_Storage_Grid_64__Single_Storage_Grid_64_fromLFR/metrics.json,Microfluidics-Benchmarks/Results/ilp_full_20260915_040013/logs/lfr__Distribute_Library__Single_Storage_Grid_64__Single_Storage_Grid_64_fromLFR.log,Microfluidics-Benchmarks/Results/ilp_full_20260915_040013/artifacts/lfr__Distribute_Library__Single_Storage_Grid_64__Single_Storage_Grid_64_fromLFR
73,lfr,lfr__Distribute_Library__Transposer_02__Transposer_02_fromLFR,Distribute_Library/Transposer_02/Transposer_02_fromLFR.json,/home/student/Desktop/Neptune_2026/Microfluidics-Benchmarks/Results/LFR-TestCases/Distribute_Library/Transposer_02/Transposer_02_fromLFR.json,ilp,success,,40.116,39.85194,0,optimal,True,35.07426333404146,True,0,True,True,,47400.0,212400000.0,609400000.0,/home/student/Desktop/Neptune_2026/Microfluidics-Benchmarks/Results/ilp_full_20260915_040013/artifacts/lfr__Distribute_Library__Transposer_02__Transposer_02_fromLFR/result_control.json,/home/student/Desktop/Neptune_2026/Microfluidics-Benchmarks/Results/ilp_full_20260915_040013/artifacts/lfr__Distribute_Library__Transposer_02__Transposer_02_fromLFR/metrics.json,Microfluidics-Benchmarks/Results/ilp_full_20260915_040013/logs/lfr__Distribute_Library__Transposer_02__Transposer_02_fromLFR.log,Microfluidics-Benchmarks/Results/ilp_full_20260915_040013/artifacts/lfr__Distribute_Library__Transposer_02__Transposer_02_fromLFR
74,lfr,lfr__Distribute_Library__Transposer_03__Transposer_03_fromLFR,Distribute_Library/Transposer_03/Transposer_03_fromLFR.json,/home/student/Desktop/Neptune_2026/Microfluidics-Benchmarks/Results/LFR-TestCases/Distribute_Library/Transposer_03/Transposer_03_fromLFR.json,ilp,timeout,exceeded 1800s,1800.034,,,,,,,,,,,,,,,,Microfluidics-Benchmarks/Results/ilp_full_20260915_040013/logs/lfr__Distribute_Library__Transposer_03__Transposer_03_fromLFR.log,Microfluidics-Benchmarks/Results/ilp_full_20260915_040013/artifacts/lfr__Distribute_Library__Transposer_03__Transposer_03_fromLFR
75,lfr,lfr__Distribute_Library__Transposer_04__Transposer_04_fromLFR,Distribute_Library/Transposer_04/Transposer_04_fromLFR.json,/home/student/Desktop/Neptune_2026/Microfluidics-Benchmarks/Results/LFR-TestCases/Distribute_Library/Transposer_04/Transposer_04_fromLFR.json,ilp,timeout,exceeded 1800s,1800.067,,,,,,,,,,,,,,,,Microfluidics-Benchmarks/Results/ilp_full_20260915_040013/logs/lfr__Distribute_Library__Transposer_04__Transposer_04_fromLFR.log,Microfluidics-Benchmarks/Results/ilp_full_20260915_040013/artifacts/lfr__Distribute_Library__Transposer_04__Transposer_04_fromLFR
76,lfr,lfr__Distribute_Library__Transposer_08__Transposer_08_fromLFR,Distribute_Library/Transposer_08/Transposer_08_fromLFR.json,/home/student/Desktop/Neptune_2026/Microfluidics-Benchmarks/Results/LFR-TestCases/Distribute_Library/Transposer_08/Transposer_08_fromLFR.json,ilp,success,,1.326,0.994107,0,optimal,True,0.09209006815217435,True,0,False,True,,1000.0,10000000.0,180000000.0,/home/student/Desktop/Neptune_2026/Microfluidics-Benchmarks/Results/ilp_full_20260915_040013/artifacts/lfr__Distribute_Library__Transposer_08__Transposer_08_fromLFR/result.json,/home/student/Desktop/Neptune_2026/Microfluidics-Benchmarks/Results/ilp_full_20260915_040013/artifacts/lfr__Distribute_Library__Transposer_08__Transposer_08_fromLFR/metrics.json,Microfluidics-Benchmarks/Results/ilp_full_20260915_040013/logs/lfr__Distribute_Library__Transposer_08__Transposer_08_fromLFR.log,Microfluidics-Benchmarks/Results/ilp_full_20260915_040013/artifacts/lfr__Distribute_Library__Transposer_08__Transposer_08_fromLFR
77,lfr,lfr__Distribute_Library__Transposer_16__Transposer_16_fromLFR,Distribute_Library/Transposer_16/Transposer_16_fromLFR.json,/home/student/Desktop/Neptune_2026/Microfluidics-Benchmarks/Results/LFR-TestCases/Distribute_Library/Transposer_16/Transposer_16_fromLFR.json,ilp,success,,1.22,0.939935,0,optimal,True,0.07424874696880579,True,0,False,True,,1000.0,10000000.0,180000000.0,/home/student/Desktop/Neptune_2026/Microfluidics-Benchmarks/Results/ilp_full_20260915_040013/artifacts/lfr__Distribute_Library__Transposer_16__Transposer_16_fromLFR/result.json,/home/student/Desktop/Neptune_2026/Microfluidics-Benchmarks/Results/ilp_full_20260915_040013/artifacts/lfr__Distribute_Library__Transposer_16__Transposer_16_fromLFR/metrics.json,Microfluidics-Benchmarks/Results/ilp_full_20260915_040013/logs/lfr__Distribute_Library__Transposer_16__Transposer_16_fromLFR.log,Microfluidics-Benchmarks/Results/ilp_full_20260915_040013/artifacts/lfr__Distribute_Library__Transposer_16__Transposer_16_fromLFR
78,lfr,lfr__Distribute_Library__Transposer_32__Transposer_32_fromLFR,Distribute_Library/Transposer_32/Transposer_32_fromLFR.json,/home/student/Desktop/Neptune_2026/Microfluidics-Benchmarks/Results/LFR-TestCases/Distribute_Library/Transposer_32/Transposer_32_fromLFR.json,ilp,success,,1.221,0.943097,0,optimal,True,0.08755875704810023,True,0,False,True,,1000.0,10000000.0,180000000.0,/home/student/Desktop/Neptune_2026/Microfluidics-Benchmarks/Results/ilp_full_20260915_040013/artifacts/lfr__Distribute_Library__Transposer_32__Transposer_32_fromLFR/result.json,/home/student/Desktop/Neptune_2026/Microfluidics-Benchmarks/Results/ilp_full_20260915_040013/artifacts/lfr__Distribute_Library__Transposer_32__Transposer_32_fromLFR/metrics.json,Microfluidics-Benchmarks/Results/ilp_full_20260915_040013/logs/lfr__Distribute_Library__Transposer_32__Transposer_32_fromLFR.log,Microfluidics-Benchmarks/Results/ilp_full_20260915_040013/artifacts/lfr__Distribute_Library__Transposer_32__Transposer_32_fromLFR
79,lfr,lfr__Distribute_Library__Transposer_64__Transposer_64_fromLFR,Distribute_Library/Transposer_64/Transposer_64_fromLFR.json,/home/student/Desktop/Neptune_2026/Microfluidics-Benchmarks/Results/LFR-TestCases/Distribute_Library/Transposer_64/Transposer_64_fromLFR.json,ilp,success,,1.222,0.944606,0,optimal,True,0.0745841390453279,True,0,False,True,,1000.0,10000000.0,180000000.0,/home/student/Desktop/Neptune_2026/Microfluidics-Benchmarks/Results/ilp_full_20260915_040013/artifacts/lfr__Distribute_Library__Transposer_64__Transposer_64_fromLFR/result.json,/home/student/Desktop/Neptune_2026/Microfluidics-Benchmarks/Results/ilp_full_20260915_040013/artifacts/lfr__Distribute_Library__Transposer_64__Transposer_64_fromLFR/metrics.json,Microfluidics-Benchmarks/Results/ilp_full_20260915_040013/logs/lfr__Distribute_Library__Transposer_64__Transposer_64_fromLFR.log,Microfluidics-Benchmarks/Results/ilp_full_20260915_040013/artifacts/lfr__Distribute_Library__Transposer_64__Transposer_64_fromLFR
80,lfr,lfr__Drop_Ref__Droplet_Generator_1__Droplet_Generator_1_fromLFR,Drop_Ref/Droplet_Generator_1/Droplet_Generator_1_fromLFR.json,/home/student/Desktop/Neptune_2026/Microfluidics-Benchmarks/Results/LFR-TestCases/Drop_Ref/Droplet_Generator_1/Droplet_Generator_1_fromLFR.json,ilp,fail,RuntimeError: DRC violations: channel_spacing: channels of connections 'channel_1' and 'channel_3' violate the 1000 edge-to-edge clearance; channel_spacing: channels of connections 'channel_1' and 'channel_4' violate the 1000 edge-to-edge clearance; channel_spacing: channels of connections 'channel_2' and 'channel_3' violate the 1000 edge-to-edge clearance; channel_spacing: channels of connections 'channel_2' and 'channel_4' violate the 1000 edge-to-edge clearance; channel_spacing: channels of connections 'channel_3' and 'channel_4' violate the 1000 edge-to-edge clearance,7.646,7.39706,1,optimal,True,6.513169021112844,False,5,False,True,,4600.0,81840000.0,371840000.0,/home/student/Desktop/Neptune_2026/Microfluidics-Benchmarks/Results/ilp_full_20260915_040013/artifacts/lfr__Drop_Ref__Droplet_Generator_1__Droplet_Generator_1_fromLFR/result.json,/home/student/Desktop/Neptune_2026/Microfluidics-Benchmarks/Results/ilp_full_20260915_040013/artifacts/lfr__Drop_Ref__Droplet_Generator_1__Droplet_Generator_1_fromLFR/metrics.json,Microfluidics-Benchmarks/Results/ilp_full_20260915_040013/logs/lfr__Drop_Ref__Droplet_Generator_1__Droplet_Generator_1_fromLFR.log,Microfluidics-Benchmarks/Results/ilp_full_20260915_040013/artifacts/lfr__Drop_Ref__Droplet_Generator_1__Droplet_Generator_1_fromLFR
81,lfr,lfr__Drop_Ref__Droplet_Generator_2__Droplet_Generator_2_fromLFR,Drop_Ref/Droplet_Generator_2/Droplet_Generator_2_fromLFR.json,/home/student/Desktop/Neptune_2026/Microfluidics-Benchmarks/Results/LFR-TestCases/Drop_Ref/Droplet_Generator_2/Droplet_Generator_2_fromLFR.json,ilp,timeout,exceeded 1800s,1800.035,,,,,,,,,,,,,,,,Microfluidics-Benchmarks/Results/ilp_full_20260915_040013/logs/lfr__Drop_Ref__Droplet_Generator_2__Droplet_Generator_2_fromLFR.log,Microfluidics-Benchmarks/Results/ilp_full_20260915_040013/artifacts/lfr__Drop_Ref__Droplet_Generator_2__Droplet_Generator_2_fromLFR
82,lfr,lfr__Drop_Ref__Droplet_Generator_3__Droplet_Generator_3_fromLFR,Drop_Ref/Droplet_Generator_3/Droplet_Generator_3_fromLFR.json,/home/student/Desktop/Neptune_2026/Microfluidics-Benchmarks/Results/LFR-TestCases/Drop_Ref/Droplet_Generator_3/Droplet_Generator_3_fromLFR.json,ilp,timeout,exceeded 1800s,1800.067,,,,,,,,,,,,,,,,Microfluidics-Benchmarks/Results/ilp_full_20260915_040013/logs/lfr__Drop_Ref__Droplet_Generator_3__Droplet_Generator_3_fromLFR.log,Microfluidics-Benchmarks/Results/ilp_full_20260915_040013/artifacts/lfr__Drop_Ref__Droplet_Generator_3__Droplet_Generator_3_fromLFR
83,lfr,lfr__Drop_Ref__Droplet_Generator_4__Droplet_Generator_4_fromLFR,Drop_Ref/Droplet_Generator_4/Droplet_Generator_4_fromLFR.json,/home/student/Desktop/Neptune_2026/Microfluidics-Benchmarks/Results/LFR-TestCases/Drop_Ref/Droplet_Generator_4/Droplet_Generator_4_fromLFR.json,ilp,timeout,exceeded 1800s,1800.035,,,,,,,,,,,,,,,,Microfluidics-Benchmarks/Results/ilp_full_20260915_040013/logs/lfr__Drop_Ref__Droplet_Generator_4__Droplet_Generator_4_fromLFR.log,Microfluidics-Benchmarks/Results/ilp_full_20260915_040013/artifacts/lfr__Drop_Ref__Droplet_Generator_4__Droplet_Generator_4_fromLFR
84,lfr,lfr__Drop_Ref__Dropx_Test_1__Dropx_Test_1_fromLFR,Drop_Ref/Dropx_Test_1/Dropx_Test_1_fromLFR.json,/home/student/Desktop/Neptune_2026/Microfluidics-Benchmarks/Results/LFR-TestCases/Drop_Ref/Dropx_Test_1/Dropx_Test_1_fromLFR.json,ilp,fail,RuntimeError: DRC violations: channel_spacing: channels of connections 'channel_1' and 'channel_3' violate the 1000 edge-to-edge clearance; channel_spacing: channels of connections 'channel_1' and 'channel_4' violate the 1000 edge-to-edge clearance; channel_spacing: channels of connections 'channel_2' and 'channel_3' violate the 1000 edge-to-edge clearance; channel_spacing: channels of connections 'channel_2' and 'channel_4' violate the 1000 edge-to-edge clearance; channel_spacing: channels of connections 'channel_3' and 'channel_4' violate the 1000 edge-to-edge clearance,7.746,7.50302,1,optimal,True,6.621517285006121,False,5,False,True,,4600.0,81840000.0,371840000.0,/home/student/Desktop/Neptune_2026/Microfluidics-Benchmarks/Results/ilp_full_20260915_040013/artifacts/lfr__Drop_Ref__Dropx_Test_1__Dropx_Test_1_fromLFR/result.json,/home/student/Desktop/Neptune_2026/Microfluidics-Benchmarks/Results/ilp_full_20260915_040013/artifacts/lfr__Drop_Ref__Dropx_Test_1__Dropx_Test_1_fromLFR/metrics.json,Microfluidics-Benchmarks/Results/ilp_full_20260915_040013/logs/lfr__Drop_Ref__Dropx_Test_1__Dropx_Test_1_fromLFR.log,Microfluidics-Benchmarks/Results/ilp_full_20260915_040013/artifacts/lfr__Drop_Ref__Dropx_Test_1__Dropx_Test_1_fromLFR
85,lfr,lfr__Drop_Ref__Dropx_Test_2__Dropx_Test_2_fromLFR,Drop_Ref/Dropx_Test_2/Dropx_Test_2_fromLFR.json,/home/student/Desktop/Neptune_2026/Microfluidics-Benchmarks/Results/LFR-TestCases/Drop_Ref/Dropx_Test_2/Dropx_Test_2_fromLFR.json,ilp,timeout,exceeded 1800s,1800.038,,,,,,,,,,,,,,,,Microfluidics-Benchmarks/Results/ilp_full_20260915_040013/logs/lfr__Drop_Ref__Dropx_Test_2__Dropx_Test_2_fromLFR.log,Microfluidics-Benchmarks/Results/ilp_full_20260915_040013/artifacts/lfr__Drop_Ref__Dropx_Test_2__Dropx_Test_2_fromLFR
86,lfr,lfr__Drop_Ref__Dropx_Test_3__Dropx_Test_3_fromLFR,Drop_Ref/Dropx_Test_3/Dropx_Test_3_fromLFR.json,/home/student/Desktop/Neptune_2026/Microfluidics-Benchmarks/Results/LFR-TestCases/Drop_Ref/Dropx_Test_3/Dropx_Test_3_fromLFR.json,ilp,timeout,exceeded 1800s,1800.035,,,,,,,,,,,,,,,,Microfluidics-Benchmarks/Results/ilp_full_20260915_040013/logs/lfr__Drop_Ref__Dropx_Test_3__Dropx_Test_3_fromLFR.log,Microfluidics-Benchmarks/Results/ilp_full_20260915_040013/artifacts/lfr__Drop_Ref__Dropx_Test_3__Dropx_Test_3_fromLFR
87,lfr,lfr__Drop_Ref__Dropx_Test_4__Dropx_Test_4_fromLFR,Drop_Ref/Dropx_Test_4/Dropx_Test_4_fromLFR.json,/home/student/Desktop/Neptune_2026/Microfluidics-Benchmarks/Results/LFR-TestCases/Drop_Ref/Dropx_Test_4/Dropx_Test_4_fromLFR.json,ilp,success,,1385.446,1385.169158,0,optimal,True,1384.2892541170586,True,0,False,True,,32200.0,400930800.0,907330800.0,/home/student/Desktop/Neptune_2026/Microfluidics-Benchmarks/Results/ilp_full_20260915_040013/artifacts/lfr__Drop_Ref__Dropx_Test_4__Dropx_Test_4_fromLFR/result.json,/home/student/Desktop/Neptune_2026/Microfluidics-Benchmarks/Results/ilp_full_20260915_040013/artifacts/lfr__Drop_Ref__Dropx_Test_4__Dropx_Test_4_fromLFR/metrics.json,Microfluidics-Benchmarks/Results/ilp_full_20260915_040013/logs/lfr__Drop_Ref__Dropx_Test_4__Dropx_Test_4_fromLFR.log,Microfluidics-Benchmarks/Results/ilp_full_20260915_040013/artifacts/lfr__Drop_Ref__Dropx_Test_4__Dropx_Test_4_fromLFR
88,lfr,lfr__Drop_Ref__Dx_1__Dx_1_fromLFR,Drop_Ref/Dx_1/Dx_1_fromLFR.json,/home/student/Desktop/Neptune_2026/Microfluidics-Benchmarks/Results/LFR-TestCases/Drop_Ref/Dx_1/Dx_1_fromLFR.json,ilp,timeout,exceeded 1800s,1800.034,,,,,,,,,,,,,,,,Microfluidics-Benchmarks/Results/ilp_full_20260915_040013/logs/lfr__Drop_Ref__Dx_1__Dx_1_fromLFR.log,Microfluidics-Benchmarks/Results/ilp_full_20260915_040013/artifacts/lfr__Drop_Ref__Dx_1__Dx_1_fromLFR
89,lfr,lfr__Drop_Ref__Dx_10__Dx_10_fromLFR,Drop_Ref/Dx_10/Dx_10_fromLFR.json,/home/student/Desktop/Neptune_2026/Microfluidics-Benchmarks/Results/LFR-TestCases/Drop_Ref/Dx_10/Dx_10_fromLFR.json,ilp,timeout,exceeded 1800s,1800.036,,,,,,,,,,,,,,,,Microfluidics-Benchmarks/Results/ilp_full_20260915_040013/logs/lfr__Drop_Ref__Dx_10__Dx_10_fromLFR.log,Microfluidics-Benchmarks/Results/ilp_full_20260915_040013/artifacts/lfr__Drop_Ref__Dx_10__Dx_10_fromLFR
90,lfr,lfr__Drop_Ref__Dx_11__Dx_11_fromLFR,Drop_Ref/Dx_11/Dx_11_fromLFR.json,/home/student/Desktop/Neptune_2026/Microfluidics-Benchmarks/Results/LFR-TestCases/Drop_Ref/Dx_11/Dx_11_fromLFR.json,ilp,timeout,exceeded 1800s,1800.067,,,,,,,,,,,,,,,,Microfluidics-Benchmarks/Results/ilp_full_20260915_040013/logs/lfr__Drop_Ref__Dx_11__Dx_11_fromLFR.log,Microfluidics-Benchmarks/Results/ilp_full_20260915_040013/artifacts/lfr__Drop_Ref__Dx_11__Dx_11_fromLFR
91,lfr,lfr__Drop_Ref__Dx_12__Dx_12_fromLFR,Drop_Ref/Dx_12/Dx_12_fromLFR.json,/home/student/Desktop/Neptune_2026/Microfluidics-Benchmarks/Results/LFR-TestCases/Drop_Ref/Dx_12/Dx_12_fromLFR.json,ilp,timeout,exceeded 1800s,1800.035,,,,,,,,,,,,,,,,Microfluidics-Benchmarks/Results/ilp_full_20260915_040013/logs/lfr__Drop_Ref__Dx_12__Dx_12_fromLFR.log,Microfluidics-Benchmarks/Results/ilp_full_20260915_040013/artifacts/lfr__Drop_Ref__Dx_12__Dx_12_fromLFR
92,lfr,lfr__Drop_Ref__Dx_13__Dx_13_fromLFR,Drop_Ref/Dx_13/Dx_13_fromLFR.json,/home/student/Desktop/Neptune_2026/Microfluidics-Benchmarks/Results/LFR-TestCases/Drop_Ref/Dx_13/Dx_13_fromLFR.json,ilp,timeout,exceeded 1800s,1800.066,,,,,,,,,,,,,,,,Microfluidics-Benchmarks/Results/ilp_full_20260915_040013/logs/lfr__Drop_Ref__Dx_13__Dx_13_fromLFR.log,Microfluidics-Benchmarks/Results/ilp_full_20260915_040013/artifacts/lfr__Drop_Ref__Dx_13__Dx_13_fromLFR
93,lfr,lfr__Drop_Ref__Dx_14__Dx_14_fromLFR,Drop_Ref/Dx_14/Dx_14_fromLFR.json,/home/student/Desktop/Neptune_2026/Microfluidics-Benchmarks/Results/LFR-TestCases/Drop_Ref/Dx_14/Dx_14_fromLFR.json,ilp,timeout,exceeded 1800s,1800.034,,,,,,,,,,,,,,,,Microfluidics-Benchmarks/Results/ilp_full_20260915_040013/logs/lfr__Drop_Ref__Dx_14__Dx_14_fromLFR.log,Microfluidics-Benchmarks/Results/ilp_full_20260915_040013/artifacts/lfr__Drop_Ref__Dx_14__Dx_14_fromLFR
94,lfr,lfr__Drop_Ref__Dx_15__Dx_15_fromLFR,Drop_Ref/Dx_15/Dx_15_fromLFR.json,/home/student/Desktop/Neptune_2026/Microfluidics-Benchmarks/Results/LFR-TestCases/Drop_Ref/Dx_15/Dx_15_fromLFR.json,ilp,timeout,exceeded 1800s,1800.035,,,,,,,,,,,,,,,,Microfluidics-Benchmarks/Results/ilp_full_20260915_040013/logs/lfr__Drop_Ref__Dx_15__Dx_15_fromLFR.log,Microfluidics-Benchmarks/Results/ilp_full_20260915_040013/artifacts/lfr__Drop_Ref__Dx_15__Dx_15_fromLFR
95,lfr,lfr__Drop_Ref__Dx_2__Dx_2_fromLFR,Drop_Ref/Dx_2/Dx_2_fromLFR.json,/home/student/Desktop/Neptune_2026/Microfluidics-Benchmarks/Results/LFR-TestCases/Drop_Ref/Dx_2/Dx_2_fromLFR.json,ilp,timeout,exceeded 1800s,1800.067,,,,,,,,,,,,,,,,Microfluidics-Benchmarks/Results/ilp_full_20260915_040013/logs/lfr__Drop_Ref__Dx_2__Dx_2_fromLFR.log,Microfluidics-Benchmarks/Results/ilp_full_20260915_040013/artifacts/lfr__Drop_Ref__Dx_2__Dx_2_fromLFR
96,lfr,lfr__Drop_Ref__Dx_3__Dx_3_fromLFR,Drop_Ref/Dx_3/Dx_3_fromLFR.json,/home/student/Desktop/Neptune_2026/Microfluidics-Benchmarks/Results/LFR-TestCases/Drop_Ref/Dx_3/Dx_3_fromLFR.json,ilp,timeout,exceeded 1800s,1800.035,,,,,,,,,,,,,,,,Microfluidics-Benchmarks/Results/ilp_full_20260915_040013/logs/lfr__Drop_Ref__Dx_3__Dx_3_fromLFR.log,Microfluidics-Benchmarks/Results/ilp_full_20260915_040013/artifacts/lfr__Drop_Ref__Dx_3__Dx_3_fromLFR
97,lfr,lfr__Drop_Ref__Dx_4__Dx_4_fromLFR,Drop_Ref/Dx_4/Dx_4_fromLFR.json,/home/student/Desktop/Neptune_2026/Microfluidics-Benchmarks/Results/LFR-TestCases/Drop_Ref/Dx_4/Dx_4_fromLFR.json,ilp,timeout,exceeded 1800s,1800.066,,,,,,,,,,,,,,,,Microfluidics-Benchmarks/Results/ilp_full_20260915_040013/logs/lfr__Drop_Ref__Dx_4__Dx_4_fromLFR.log,Microfluidics-Benchmarks/Results/ilp_full_20260915_040013/artifacts/lfr__Drop_Ref__Dx_4__Dx_4_fromLFR
98,lfr,lfr__Drop_Ref__Dx_5__Dx_5_fromLFR,Drop_Ref/Dx_5/Dx_5_fromLFR.json,/home/student/Desktop/Neptune_2026/Microfluidics-Benchmarks/Results/LFR-TestCases/Drop_Ref/Dx_5/Dx_5_fromLFR.json,ilp,timeout,exceeded 1800s,1800.067,,,,,,,,,,,,,,,,Microfluidics-Benchmarks/Results/ilp_full_20260915_040013/logs/lfr__Drop_Ref__Dx_5__Dx_5_fromLFR.log,Microfluidics-Benchmarks/Results/ilp_full_20260915_040013/artifacts/lfr__Drop_Ref__Dx_5__Dx_5_fromLFR
99,lfr,lfr__Drop_Ref__Dx_6__Dx_6_fromLFR,Drop_Ref/Dx_6/Dx_6_fromLFR.json,/home/student/Desktop/Neptune_2026/Microfluidics-Benchmarks/Results/LFR-TestCases/Drop_Ref/Dx_6/Dx_6_fromLFR.json,ilp,timeout,exceeded 1800s,1800.035,,,,,,,,,,,,,,,,Microfluidics-Benchmarks/Results/ilp_full_20260915_040013/logs/lfr__Drop_Ref__Dx_6__Dx_6_fromLFR.log,Microfluidics-Benchmarks/Results/ilp_full_20260915_040013/artifacts/lfr__Drop_Ref__Dx_6__Dx_6_fromLFR
100,lfr,lfr__Drop_Ref__Dx_7__Dx_7_fromLFR,Drop_Ref/Dx_7/Dx_7_fromLFR.json,/home/student/Desktop/Neptune_2026/Microfluidics-Benchmarks/Results/LFR-TestCases/Drop_Ref/Dx_7/Dx_7_fromLFR.json,ilp,timeout,exceeded 1800s,1800.067,,,,,,,,,,,,,,,,Microfluidics-Benchmarks/Results/ilp_full_20260915_040013/logs/lfr__Drop_Ref__Dx_7__Dx_7_fromLFR.log,Microfluidics-Benchmarks/Results/ilp_full_20260915_040013/artifacts/lfr__Drop_Ref__Dx_7__Dx_7_fromLFR
101,lfr,lfr__Drop_Ref__Dx_8__Dx_8_fromLFR,Drop_Ref/Dx_8/Dx_8_fromLFR.json,/home/student/Desktop/Neptune_2026/Microfluidics-Benchmarks/Results/LFR-TestCases/Drop_Ref/Dx_8/Dx_8_fromLFR.json,ilp,timeout,exceeded 1800s,1800.068,,,,,,,,,,,,,,,,Microfluidics-Benchmarks/Results/ilp_full_20260915_040013/logs/lfr__Drop_Ref__Dx_8__Dx_8_fromLFR.log,Microfluidics-Benchmarks/Results/ilp_full_20260915_040013/artifacts/lfr__Drop_Ref__Dx_8__Dx_8_fromLFR
102,lfr,lfr__Drop_Ref__Dx_9__Dx_9_fromLFR,Drop_Ref/Dx_9/Dx_9_fromLFR.json,/home/student/Desktop/Neptune_2026/Microfluidics-Benchmarks/Results/LFR-TestCases/Drop_Ref/Dx_9/Dx_9_fromLFR.json,ilp,timeout,exceeded 1800s,1800.071,,,,,,,,,,,,,,,,Microfluidics-Benchmarks/Results/ilp_full_20260915_040013/logs/lfr__Drop_Ref__Dx_9__Dx_9_fromLFR.log,Microfluidics-Benchmarks/Results/ilp_full_20260915_040013/artifacts/lfr__Drop_Ref__Dx_9__Dx_9_fromLFR
103,lfr,lfr__Expressions__Expression_1__Expression_1_fromLFR,Expressions/Expression_1/Expression_1_fromLFR.json,/home/student/Desktop/Neptune_2026/Microfluidics-Benchmarks/Results/LFR-TestCases/Expressions/Expression_1/Expression_1_fromLFR.json,ilp,timeout,exceeded 1800s,1800.071,,,,,,,,,,,,,,,,Microfluidics-Benchmarks/Results/ilp_full_20260915_040013/logs/lfr__Expressions__Expression_1__Expression_1_fromLFR.log,Microfluidics-Benchmarks/Results/ilp_full_20260915_040013/artifacts/lfr__Expressions__Expression_1__Expression_1_fromLFR
104,lfr,lfr__Expressions__Expression_10__Expression_10_fromLFR,Expressions/Expression_10/Expression_10_fromLFR.json,/home/student/Desktop/Neptune_2026/Microfluidics-Benchmarks/Results/LFR-TestCases/Expressions/Expression_10/Expression_10_fromLFR.json,ilp,timeout,exceeded 1800s,1800.038,,,,,,,,,,,,,,,,Microfluidics-Benchmarks/Results/ilp_full_20260915_040013/logs/lfr__Expressions__Expression_10__Expression_10_fromLFR.log,Microfluidics-Benchmarks/Results/ilp_full_20260915_040013/artifacts/lfr__Expressions__Expression_10__Expression_10_fromLFR
105,lfr,lfr__Expressions__Expression_11__Expression_11_fromLFR,Expressions/Expression_11/Expression_11_fromLFR.json,/home/student/Desktop/Neptune_2026/Microfluidics-Benchmarks/Results/LFR-TestCases/Expressions/Expression_11/Expression_11_fromLFR.json,ilp,success,,4.828,4.570728,0,optimal,True,3.7241127230226994,True,0,False,True,,9000.0,64685800.0,343585800.0,/home/student/Desktop/Neptune_2026/Microfluidics-Benchmarks/Results/ilp_full_20260915_040013/artifacts/lfr__Expressions__Expression_11__Expression_11_fromLFR/result.json,/home/student/Desktop/Neptune_2026/Microfluidics-Benchmarks/Results/ilp_full_20260915_040013/artifacts/lfr__Expressions__Expression_11__Expression_11_fromLFR/metrics.json,Microfluidics-Benchmarks/Results/ilp_full_20260915_040013/logs/lfr__Expressions__Expression_11__Expression_11_fromLFR.log,Microfluidics-Benchmarks/Results/ilp_full_20260915_040013/artifacts/lfr__Expressions__Expression_11__Expression_11_fromLFR
106,lfr,lfr__Expressions__Expression_12__Expression_12_fromLFR,Expressions/Expression_12/Expression_12_fromLFR.json,/home/student/Desktop/Neptune_2026/Microfluidics-Benchmarks/Results/LFR-TestCases/Expressions/Expression_12/Expression_12_fromLFR.json,ilp,timeout,exceeded 1800s,1800.07,,,,,,,,,,,,,,,,Microfluidics-Benchmarks/Results/ilp_full_20260915_040013/logs/lfr__Expressions__Expression_12__Expression_12_fromLFR.log,Microfluidics-Benchmarks/Results/ilp_full_20260915_040013/artifacts/lfr__Expressions__Expression_12__Expression_12_fromLFR
107,lfr,lfr__Expressions__Expression_13__Expression_13_fromLFR,Expressions/Expression_13/Expression_13_fromLFR.json,/home/student/Desktop/Neptune_2026/Microfluidics-Benchmarks/Results/LFR-TestCases/Expressions/Expression_13/Expression_13_fromLFR.json,ilp,success,,4.834,4.586588,0,optimal,True,3.7092146680224687,True,0,False,True,,9000.0,120000000.0,440000000.0,/home/student/Desktop/Neptune_2026/Microfluidics-Benchmarks/Results/ilp_full_20260915_040013/artifacts/lfr__Expressions__Expression_13__Expression_13_fromLFR/result.json,/home/student/Desktop/Neptune_2026/Microfluidics-Benchmarks/Results/ilp_full_20260915_040013/artifacts/lfr__Expressions__Expression_13__Expression_13_fromLFR/metrics.json,Microfluidics-Benchmarks/Results/ilp_full_20260915_040013/logs/lfr__Expressions__Expression_13__Expression_13_fromLFR.log,Microfluidics-Benchmarks/Results/ilp_full_20260915_040013/artifacts/lfr__Expressions__Expression_13__Expression_13_fromLFR
108,lfr,lfr__Expressions__Expression_14__Expression_14_fromLFR,Expressions/Expression_14/Expression_14_fromLFR.json,/home/student/Desktop/Neptune_2026/Microfluidics-Benchmarks/Results/LFR-TestCases/Expressions/Expression_14/Expression_14_fromLFR.json,ilp,timeout,exceeded 1800s,1800.121,,,,,,,,,,,,,,,,Microfluidics-Benchmarks/Results/ilp_full_20260915_040013/logs/lfr__Expressions__Expression_14__Expression_14_fromLFR.log,Microfluidics-Benchmarks/Results/ilp_full_20260915_040013/artifacts/lfr__Expressions__Expression_14__Expression_14_fromLFR
109,lfr,lfr__Expressions__Expression_15__Expression_15_fromLFR,Expressions/Expression_15/Expression_15_fromLFR.json,/home/student/Desktop/Neptune_2026/Microfluidics-Benchmarks/Results/LFR-TestCases/Expressions/Expression_15/Expression_15_fromLFR.json,ilp,timeout,exceeded 1800s,1800.067,,,,,,,,,,,,,,,,Microfluidics-Benchmarks/Results/ilp_full_20260915_040013/logs/lfr__Expressions__Expression_15__Expression_15_fromLFR.log,Microfluidics-Benchmarks/Results/ilp_full_20260915_040013/artifacts/lfr__Expressions__Expression_15__Expression_15_fromLFR
110,lfr,lfr__Expressions__Expression_2__Expression_2_fromLFR,Expressions/Expression_2/Expression_2_fromLFR.json,/home/student/Desktop/Neptune_2026/Microfluidics-Benchmarks/Results/LFR-TestCases/Expressions/Expression_2/Expression_2_fromLFR.json,ilp,timeout,exceeded 1800s,1800.024,,,,,,,,,,,,,,,,Microfluidics-Benchmarks/Results/ilp_full_20260915_040013/logs/lfr__Expressions__Expression_2__Expression_2_fromLFR.log,Microfluidics-Benchmarks/Results/ilp_full_20260915_040013/artifacts/lfr__Expressions__Expression_2__Expression_2_fromLFR
111,lfr,lfr__Expressions__Expression_3__Expression_3_fromLFR,Expressions/Expression_3/Expression_3_fromLFR.json,/home/student/Desktop/Neptune_2026/Microfluidics-Benchmarks/Results/LFR-TestCases/Expressions/Expression_3/Expression_3_fromLFR.json,ilp,success,,677.298,677.017896,0,optimal,True,676.1442584840115,True,0,False,True,,20030.0,540215400.0,1107715400.0,/home/student/Desktop/Neptune_2026/Microfluidics-Benchmarks/Results/ilp_full_20260915_040013/artifacts/lfr__Expressions__Expression_3__Expression_3_fromLFR/result.json,/home/student/Desktop/Neptune_2026/Microfluidics-Benchmarks/Results/ilp_full_20260915_040013/artifacts/lfr__Expressions__Expression_3__Expression_3_fromLFR/metrics.json,Microfluidics-Benchmarks/Results/ilp_full_20260915_040013/logs/lfr__Expressions__Expression_3__Expression_3_fromLFR.log,Microfluidics-Benchmarks/Results/ilp_full_20260915_040013/artifacts/lfr__Expressions__Expression_3__Expression_3_fromLFR
112,lfr,lfr__Expressions__Expression_4__Expression_4_fromLFR,Expressions/Expression_4/Expression_4_fromLFR.json,/home/student/Desktop/Neptune_2026/Microfluidics-Benchmarks/Results/LFR-TestCases/Expressions/Expression_4/Expression_4_fromLFR.json,ilp,timeout,exceeded 1800s,1800.034,,,,,,,,,,,,,,,,Microfluidics-Benchmarks/Results/ilp_full_20260915_040013/logs/lfr__Expressions__Expression_4__Expression_4_fromLFR.log,Microfluidics-Benchmarks/Results/ilp_full_20260915_040013/artifacts/lfr__Expressions__Expression_4__Expression_4_fromLFR
113,lfr,lfr__Expressions__Expression_5__Expression_5_fromLFR,Expressions/Expression_5/Expression_5_fromLFR.json,/home/student/Desktop/Neptune_2026/Microfluidics-Benchmarks/Results/LFR-TestCases/Expressions/Expression_5/Expression_5_fromLFR.json,ilp,timeout,exceeded 1800s,1800.04,,,,,,,,,,,,,,,,Microfluidics-Benchmarks/Results/ilp_full_20260915_040013/logs/lfr__Expressions__Expression_5__Expression_5_fromLFR.log,Microfluidics-Benchmarks/Results/ilp_full_20260915_040013/artifacts/lfr__Expressions__Expression_5__Expression_5_fromLFR
114,lfr,lfr__Expressions__Expression_6__Expression_6_fromLFR,Expressions/Expression_6/Expression_6_fromLFR.json,/home/student/Desktop/Neptune_2026/Microfluidics-Benchmarks/Results/LFR-TestCases/Expressions/Expression_6/Expression_6_fromLFR.json,ilp,timeout,exceeded 1800s,1800.067,,,,,,,,,,,,,,,,Microfluidics-Benchmarks/Results/ilp_full_20260915_040013/logs/lfr__Expressions__Expression_6__Expression_6_fromLFR.log,Microfluidics-Benchmarks/Results/ilp_full_20260915_040013/artifacts/lfr__Expressions__Expression_6__Expression_6_fromLFR
115,lfr,lfr__Expressions__Expression_7__Expression_7_fromLFR,Expressions/Expression_7/Expression_7_fromLFR.json,/home/student/Desktop/Neptune_2026/Microfluidics-Benchmarks/Results/LFR-TestCases/Expressions/Expression_7/Expression_7_fromLFR.json,ilp,timeout,exceeded 1800s,1800.072,,,,,,,,,,,,,,,,Microfluidics-Benchmarks/Results/ilp_full_20260915_040013/logs/lfr__Expressions__Expression_7__Expression_7_fromLFR.log,Microfluidics-Benchmarks/Results/ilp_full_20260915_040013/artifacts/lfr__Expressions__Expression_7__Expression_7_fromLFR
116,lfr,lfr__Expressions__Expression_8__Expression_8_fromLFR,Expressions/Expression_8/Expression_8_fromLFR.json,/home/student/Desktop/Neptune_2026/Microfluidics-Benchmarks/Results/LFR-TestCases/Expressions/Expression_8/Expression_8_fromLFR.json,ilp,timeout,exceeded 1800s,1800.036,,,,,,,,,,,,,,,,Microfluidics-Benchmarks/Results/ilp_full_20260915_040013/logs/lfr__Expressions__Expression_8__Expression_8_fromLFR.log,Microfluidics-Benchmarks/Results/ilp_full_20260915_040013/artifacts/lfr__Expressions__Expression_8__Expression_8_fromLFR
117,lfr,lfr__Expressions__Expression_9__Expression_9_fromLFR,Expressions/Expression_9/Expression_9_fromLFR.json,/home/student/Desktop/Neptune_2026/Microfluidics-Benchmarks/Results/LFR-TestCases/Expressions/Expression_9/Expression_9_fromLFR.json,ilp,timeout,exceeded 1800s,1800.035,,,,,,,,,,,,,,,,Microfluidics-Benchmarks/Results/ilp_full_20260915_040013/logs/lfr__Expressions__Expression_9__Expression_9_fromLFR.log,Microfluidics-Benchmarks/Results/ilp_full_20260915_040013/artifacts/lfr__Expressions__Expression_9__Expression_9_fromLFR
118,lfr,lfr__Ghissues__Issue_10__Issue_10_fromLFR,Ghissues/Issue_10/Issue_10_fromLFR.json,/home/student/Desktop/Neptune_2026/Microfluidics-Benchmarks/Results/LFR-TestCases/Ghissues/Issue_10/Issue_10_fromLFR.json,ilp,timeout,exceeded 1800s,1800.036,,,,,,,,,,,,,,,,Microfluidics-Benchmarks/Results/ilp_full_20260915_040013/logs/lfr__Ghissues__Issue_10__Issue_10_fromLFR.log,Microfluidics-Benchmarks/Results/ilp_full_20260915_040013/artifacts/lfr__Ghissues__Issue_10__Issue_10_fromLFR
119,lfr,lfr__Ghissues__Issue_15__Issue_15_fromLFR,Ghissues/Issue_15/Issue_15_fromLFR.json,/home/student/Desktop/Neptune_2026/Microfluidics-Benchmarks/Results/LFR-TestCases/Ghissues/Issue_15/Issue_15_fromLFR.json,ilp,timeout,exceeded 1800s,1800.019,,,,,,,,,,,,,,,,Microfluidics-Benchmarks/Results/ilp_full_20260915_040013/logs/lfr__Ghissues__Issue_15__Issue_15_fromLFR.log,Microfluidics-Benchmarks/Results/ilp_full_20260915_040013/artifacts/lfr__Ghissues__Issue_15__Issue_15_fromLFR
120,lfr,lfr__Ghissues__Issue_2__Issue_2_fromLFR,Ghissues/Issue_2/Issue_2_fromLFR.json,/home/student/Desktop/Neptune_2026/Microfluidics-Benchmarks/Results/LFR-TestCases/Ghissues/Issue_2/Issue_2_fromLFR.json,ilp,success,,1.175,0.94192,0,optimal,True,0.08831716002896428,True,0,False,True,,1000.0,10000000.0,180000000.0,/home/student/Desktop/Neptune_2026/Microfluidics-Benchmarks/Results/ilp_full_20260915_040013/artifacts/lfr__Ghissues__Issue_2__Issue_2_fromLFR/result.json,/home/student/Desktop/Neptune_2026/Microfluidics-Benchmarks/Results/ilp_full_20260915_040013/artifacts/lfr__Ghissues__Issue_2__Issue_2_fromLFR/metrics.json,Microfluidics-Benchmarks/Results/ilp_full_20260915_040013/logs/lfr__Ghissues__Issue_2__Issue_2_fromLFR.log,Microfluidics-Benchmarks/Results/ilp_full_20260915_040013/artifacts/lfr__Ghissues__Issue_2__Issue_2_fromLFR
121,lfr,lfr__Ghissues__Issue_3__Issue_3_fromLFR,Ghissues/Issue_3/Issue_3_fromLFR.json,/home/student/Desktop/Neptune_2026/Microfluidics-Benchmarks/Results/LFR-TestCases/Ghissues/Issue_3/Issue_3_fromLFR.json,ilp,timeout,exceeded 1800s,1800.038,,,,,,,,,,,,,,,,Microfluidics-Benchmarks/Results/ilp_full_20260915_040013/logs/lfr__Ghissues__Issue_3__Issue_3_fromLFR.log,Microfluidics-Benchmarks/Results/ilp_full_20260915_040013/artifacts/lfr__Ghissues__Issue_3__Issue_3_fromLFR
122,lfr,lfr__Ghissues__Issue_6__Issue_6_fromLFR,Ghissues/Issue_6/Issue_6_fromLFR.json,/home/student/Desktop/Neptune_2026/Microfluidics-Benchmarks/Results/LFR-TestCases/Ghissues/Issue_6/Issue_6_fromLFR.json,ilp,timeout,exceeded 1800s,1800.116,,,,,,,,,,,,,,,,Microfluidics-Benchmarks/Results/ilp_full_20260915_040013/logs/lfr__Ghissues__Issue_6__Issue_6_fromLFR.log,Microfluidics-Benchmarks/Results/ilp_full_20260915_040013/artifacts/lfr__Ghissues__Issue_6__Issue_6_fromLFR
123,lfr,lfr__Ghissues__Issue_7__Issue_7_fromLFR,Ghissues/Issue_7/Issue_7_fromLFR.json,/home/student/Desktop/Neptune_2026/Microfluidics-Benchmarks/Results/LFR-TestCases/Ghissues/Issue_7/Issue_7_fromLFR.json,ilp,timeout,exceeded 1800s,1800.118,,,,,,,,,,,,,,,,Microfluidics-Benchmarks/Results/ilp_full_20260915_040013/logs/lfr__Ghissues__Issue_7__Issue_7_fromLFR.log,Microfluidics-Benchmarks/Results/ilp_full_20260915_040013/artifacts/lfr__Ghissues__Issue_7__Issue_7_fromLFR
124,lfr,lfr__Ghissues__Issue_8__Issue_8_fromLFR,Ghissues/Issue_8/Issue_8_fromLFR.json,/home/student/Desktop/Neptune_2026/Microfluidics-Benchmarks/Results/LFR-TestCases/Ghissues/Issue_8/Issue_8_fromLFR.json,ilp,timeout,exceeded 1800s,1800.118,,,,,,,,,,,,,,,,Microfluidics-Benchmarks/Results/ilp_full_20260915_040013/logs/lfr__Ghissues__Issue_8__Issue_8_fromLFR.log,Microfluidics-Benchmarks/Results/ilp_full_20260915_040013/artifacts/lfr__Ghissues__Issue_8__Issue_8_fromLFR
125,lfr,lfr__Ghissues__Issue_9__Issue_9_fromLFR,Ghissues/Issue_9/Issue_9_fromLFR.json,/home/student/Desktop/Neptune_2026/Microfluidics-Benchmarks/Results/LFR-TestCases/Ghissues/Issue_9/Issue_9_fromLFR.json,ilp,timeout,exceeded 1800s,1800.117,,,,,,,,,,,,,,,,Microfluidics-Benchmarks/Results/ilp_full_20260915_040013/logs/lfr__Ghissues__Issue_9__Issue_9_fromLFR.log,Microfluidics-Benchmarks/Results/ilp_full_20260915_040013/artifacts/lfr__Ghissues__Issue_9__Issue_9_fromLFR
126,lfr,lfr__Graph_Coverage__Tree_Fanin__Tree_Fanin_fromLFR,Graph_Coverage/Tree_Fanin/Tree_Fanin_fromLFR.json,/home/student/Desktop/Neptune_2026/Microfluidics-Benchmarks/Results/LFR-TestCases/Graph_Coverage/Tree_Fanin/Tree_Fanin_fromLFR.json,ilp,timeout,exceeded 1800s,1800.066,,,,,,,,,,,,,,,,Microfluidics-Benchmarks/Results/ilp_full_20260915_040013/logs/lfr__Graph_Coverage__Tree_Fanin__Tree_Fanin_fromLFR.log,Microfluidics-Benchmarks/Results/ilp_full_20260915_040013/artifacts/lfr__Graph_Coverage__Tree_Fanin__Tree_Fanin_fromLFR
127,lfr,lfr__Graph_Coverage__Tree_Fanout__Tree_Fanout_fromLFR,Graph_Coverage/Tree_Fanout/Tree_Fanout_fromLFR.json,/home/student/Desktop/Neptune_2026/Microfluidics-Benchmarks/Results/LFR-TestCases/Graph_Coverage/Tree_Fanout/Tree_Fanout_fromLFR.json,ilp,timeout,exceeded 1800s,1800.035,,,,,,,,,,,,,,,,Microfluidics-Benchmarks/Results/ilp_full_20260915_040013/logs/lfr__Graph_Coverage__Tree_Fanout__Tree_Fanout_fromLFR.log,Microfluidics-Benchmarks/Results/ilp_full_20260915_040013/artifacts/lfr__Graph_Coverage__Tree_Fanout__Tree_Fanout_fromLFR
128,lfr,lfr__Literature_Benchmarks__Device_1_Sc_Rna_Seq__Device_1_Sc_Rna_Seq_fromLFR,Literature_Benchmarks/Device_1_Sc_Rna_Seq/Device_1_Sc_Rna_Seq_fromLFR.json,/home/student/Desktop/Neptune_2026/Microfluidics-Benchmarks/Results/LFR-TestCases/Literature_Benchmarks/Device_1_Sc_Rna_Seq/Device_1_Sc_Rna_Seq_fromLFR.json,ilp,timeout,exceeded 1800s,1800.023,,,,,,,,,,,,,,,,Microfluidics-Benchmarks/Results/ilp_full_20260915_040013/logs/lfr__Literature_Benchmarks__Device_1_Sc_Rna_Seq__Device_1_Sc_Rna_Seq_fromLFR.log,Microfluidics-Benchmarks/Results/ilp_full_20260915_040013/artifacts/lfr__Literature_Benchmarks__Device_1_Sc_Rna_Seq__Device_1_Sc_Rna_Seq_fromLFR
129,lfr,lfr__Literature_Benchmarks__Device_2_Artificial_Cells__Device_2_Artificial_Cells_fromLFR,Literature_Benchmarks/Device_2_Artificial_Cells/Device_2_Artificial_Cells_fromLFR.json,/home/student/Desktop/Neptune_2026/Microfluidics-Benchmarks/Results/LFR-TestCases/Literature_Benchmarks/Device_2_Artificial_Cells/Device_2_Artificial_Cells_fromLFR.json,ilp,timeout,exceeded 1800s,1800.073,,,,,,,,,,,,,,,,Microfluidics-Benchmarks/Results/ilp_full_20260915_040013/logs/lfr__Literature_Benchmarks__Device_2_Artificial_Cells__Device_2_Artificial_Cells_fromLFR.log,Microfluidics-Benchmarks/Results/ilp_full_20260915_040013/artifacts/lfr__Literature_Benchmarks__Device_2_Artificial_Cells__Device_2_Artificial_Cells_fromLFR
130,lfr,lfr__Literature_Benchmarks__Device_4_Molecular_Diagnostics__Device_4_Molecular_Diagnostics_fromLFR,Literature_Benchmarks/Device_4_Molecular_Diagnostics/Device_4_Molecular_Diagnostics_fromLFR.json,/home/student/Desktop/Neptune_2026/Microfluidics-Benchmarks/Results/LFR-TestCases/Literature_Benchmarks/Device_4_Molecular_Diagnostics/Device_4_Molecular_Diagnostics_fromLFR.json,ilp,timeout,exceeded 1800s,1800.036,,,,,,,,,,,,,,,,Microfluidics-Benchmarks/Results/ilp_full_20260915_040013/logs/lfr__Literature_Benchmarks__Device_4_Molecular_Diagnostics__Device_4_Molecular_Diagnostics_fromLFR.log,Microfluidics-Benchmarks/Results/ilp_full_20260915_040013/artifacts/lfr__Literature_Benchmarks__Device_4_Molecular_Diagnostics__Device_4_Molecular_Diagnostics_fromLFR
131,lfr,lfr__Literature_Benchmarks__Device_5_Bacteria_Diagnostics__Device_5_Bacteria_Diagnostics_fromLFR,Literature_Benchmarks/Device_5_Bacteria_Diagnostics/Device_5_Bacteria_Diagnostics_fromLFR.json,/home/student/Desktop/Neptune_2026/Microfluidics-Benchmarks/Results/LFR-TestCases/Literature_Benchmarks/Device_5_Bacteria_Diagnostics/Device_5_Bacteria_Diagnostics_fromLFR.json,ilp,timeout,exceeded 1800s,1800.041,,,,,,,,,,,,,,,,Microfluidics-Benchmarks/Results/ilp_full_20260915_040013/logs/lfr__Literature_Benchmarks__Device_5_Bacteria_Diagnostics__Device_5_Bacteria_Diagnostics_fromLFR.log,Microfluidics-Benchmarks/Results/ilp_full_20260915_040013/artifacts/lfr__Literature_Benchmarks__Device_5_Bacteria_Diagnostics__Device_5_Bacteria_Diagnostics_fromLFR
132,lfr,lfr__Literature_Benchmarks__Device_6_Organic_Chemical_Synthesis__Device_6_Organic_Chemical_Synthesis_fromLFR,Literature_Benchmarks/Device_6_Organic_Chemical_Synthesis/Device_6_Organic_Chemical_Synthesis_fromLFR.json,/home/student/Desktop/Neptune_2026/Microfluidics-Benchmarks/Results/LFR-TestCases/Literature_Benchmarks/Device_6_Organic_Chemical_Synthesis/Device_6_Organic_Chemical_Synthesis_fromLFR.json,ilp,timeout,exceeded 1800s,1800.119,,,,,,,,,,,,,,,,Microfluidics-Benchmarks/Results/ilp_full_20260915_040013/logs/lfr__Literature_Benchmarks__Device_6_Organic_Chemical_Synthesis__Device_6_Organic_Chemical_Synthesis_fromLFR.log,Microfluidics-Benchmarks/Results/ilp_full_20260915_040013/artifacts/lfr__Literature_Benchmarks__Device_6_Organic_Chemical_Synthesis__Device_6_Organic_Chemical_Synthesis_fromLFR
133,lfr,lfr__Literature_Benchmarks__Device_7_Enzyme_Screening__Device_7_Enzyme_Screening_fromLFR,Literature_Benchmarks/Device_7_Enzyme_Screening/Device_7_Enzyme_Screening_fromLFR.json,/home/student/Desktop/Neptune_2026/Microfluidics-Benchmarks/Results/LFR-TestCases/Literature_Benchmarks/Device_7_Enzyme_Screening/Device_7_Enzyme_Screening_fromLFR.json,ilp,timeout,exceeded 1800s,1800.069,,,,,,,,,,,,,,,,Microfluidics-Benchmarks/Results/ilp_full_20260915_040013/logs/lfr__Literature_Benchmarks__Device_7_Enzyme_Screening__Device_7_Enzyme_Screening_fromLFR.log,Microfluidics-Benchmarks/Results/ilp_full_20260915_040013/artifacts/lfr__Literature_Benchmarks__Device_7_Enzyme_Screening__Device_7_Enzyme_Screening_fromLFR
134,lfr,lfr__Mars__Antibiotic_Resistance__Antibiotic_Resistance_fromLFR,Mars/Antibiotic_Resistance/Antibiotic_Resistance_fromLFR.json,/home/student/Desktop/Neptune_2026/Microfluidics-Benchmarks/Results/LFR-TestCases/Mars/Antibiotic_Resistance/Antibiotic_Resistance_fromLFR.json,ilp,timeout,exceeded 1800s,1800.067,,,,,,,,,,,,,,,,Microfluidics-Benchmarks/Results/ilp_full_20260915_040013/logs/lfr__Mars__Antibiotic_Resistance__Antibiotic_Resistance_fromLFR.log,Microfluidics-Benchmarks/Results/ilp_full_20260915_040013/artifacts/lfr__Mars__Antibiotic_Resistance__Antibiotic_Resistance_fromLFR
135,lfr,lfr__Mars__Cell_Lysis__Cell_Lysis_fromLFR,Mars/Cell_Lysis/Cell_Lysis_fromLFR.json,/home/student/Desktop/Neptune_2026/Microfluidics-Benchmarks/Results/LFR-TestCases/Mars/Cell_Lysis/Cell_Lysis_fromLFR.json,ilp,timeout,exceeded 1800s,1800.035,,,,,,,,,,,,,,,,Microfluidics-Benchmarks/Results/ilp_full_20260915_040013/logs/lfr__Mars__Cell_Lysis__Cell_Lysis_fromLFR.log,Microfluidics-Benchmarks/Results/ilp_full_20260915_040013/artifacts/lfr__Mars__Cell_Lysis__Cell_Lysis_fromLFR
136,lfr,lfr__Mars__Dna_Digest__Dna_Digest_fromLFR,Mars/Dna_Digest/Dna_Digest_fromLFR.json,/home/student/Desktop/Neptune_2026/Microfluidics-Benchmarks/Results/LFR-TestCases/Mars/Dna_Digest/Dna_Digest_fromLFR.json,ilp,timeout,exceeded 1800s,1800.066,,,,,,,,,,,,,,,,Microfluidics-Benchmarks/Results/ilp_full_20260915_040013/logs/lfr__Mars__Dna_Digest__Dna_Digest_fromLFR.log,Microfluidics-Benchmarks/Results/ilp_full_20260915_040013/artifacts/lfr__Mars__Dna_Digest__Dna_Digest_fromLFR
137,lfr,lfr__Mars__Fluorescence__Fluorescence_fromLFR,Mars/Fluorescence/Fluorescence_fromLFR.json,/home/student/Desktop/Neptune_2026/Microfluidics-Benchmarks/Results/LFR-TestCases/Mars/Fluorescence/Fluorescence_fromLFR.json,ilp,timeout,exceeded 1800s,1800.067,,,,,,,,,,,,,,,,Microfluidics-Benchmarks/Results/ilp_full_20260915_040013/logs/lfr__Mars__Fluorescence__Fluorescence_fromLFR.log,Microfluidics-Benchmarks/Results/ilp_full_20260915_040013/artifacts/lfr__Mars__Fluorescence__Fluorescence_fromLFR
138,lfr,lfr__Mars__Ligation__Ligation_fromLFR,Mars/Ligation/Ligation_fromLFR.json,/home/student/Desktop/Neptune_2026/Microfluidics-Benchmarks/Results/LFR-TestCases/Mars/Ligation/Ligation_fromLFR.json,ilp,timeout,exceeded 1800s,1800.067,,,,,,,,,,,,,,,,Microfluidics-Benchmarks/Results/ilp_full_20260915_040013/logs/lfr__Mars__Ligation__Ligation_fromLFR.log,Microfluidics-Benchmarks/Results/ilp_full_20260915_040013/artifacts/lfr__Mars__Ligation__Ligation_fromLFR
139,lfr,lfr__Mars__Pcr__Pcr_fromLFR,Mars/Pcr/Pcr_fromLFR.json,/home/student/Desktop/Neptune_2026/Microfluidics-Benchmarks/Results/LFR-TestCases/Mars/Pcr/Pcr_fromLFR.json,ilp,success,,13.871,13.596002,0,optimal,True,2.6000183529686183,True,0,True,True,,27000.0,814000000.0,1504000000.0,/home/student/Desktop/Neptune_2026/Microfluidics-Benchmarks/Results/ilp_full_20260915_040013/artifacts/lfr__Mars__Pcr__Pcr_fromLFR/result_control.json,/home/student/Desktop/Neptune_2026/Microfluidics-Benchmarks/Results/ilp_full_20260915_040013/artifacts/lfr__Mars__Pcr__Pcr_fromLFR/metrics.json,Microfluidics-Benchmarks/Results/ilp_full_20260915_040013/logs/lfr__Mars__Pcr__Pcr_fromLFR.log,Microfluidics-Benchmarks/Results/ilp_full_20260915_040013/artifacts/lfr__Mars__Pcr__Pcr_fromLFR
140,lfr,lfr__Mars__Sorting__Sorting_fromLFR,Mars/Sorting/Sorting_fromLFR.json,/home/student/Desktop/Neptune_2026/Microfluidics-Benchmarks/Results/LFR-TestCases/Mars/Sorting/Sorting_fromLFR.json,ilp,success,,45.18,44.901375,0,optimal,True,43.994216874009,True,0,False,True,,13000.0,168000000.0,528000000.0,/home/student/Desktop/Neptune_2026/Microfluidics-Benchmarks/Results/ilp_full_20260915_040013/artifacts/lfr__Mars__Sorting__Sorting_fromLFR/result.json,/home/student/Desktop/Neptune_2026/Microfluidics-Benchmarks/Results/ilp_full_20260915_040013/artifacts/lfr__Mars__Sorting__Sorting_fromLFR/metrics.json,Microfluidics-Benchmarks/Results/ilp_full_20260915_040013/logs/lfr__Mars__Sorting__Sorting_fromLFR.log,Microfluidics-Benchmarks/Results/ilp_full_20260915_040013/artifacts/lfr__Mars__Sorting__Sorting_fromLFR
141,lfr,lfr__Mars__Transformation__Transformation_fromLFR,Mars/Transformation/Transformation_fromLFR.json,/home/student/Desktop/Neptune_2026/Microfluidics-Benchmarks/Results/LFR-TestCases/Mars/Transformation/Transformation_fromLFR.json,ilp,timeout,exceeded 1800s,1800.035,,,,,,,,,,,,,,,,Microfluidics-Benchmarks/Results/ilp_full_20260915_040013/logs/lfr__Mars__Transformation__Transformation_fromLFR.log,Microfluidics-Benchmarks/Results/ilp_full_20260915_040013/artifacts/lfr__Mars__Transformation__Transformation_fromLFR
142,lfr,lfr__Protocols__Cell_Sorting__Cell_Sorting_fromLFR,Protocols/Cell_Sorting/Cell_Sorting_fromLFR.json,/home/student/Desktop/Neptune_2026/Microfluidics-Benchmarks/Results/LFR-TestCases/Protocols/Cell_Sorting/Cell_Sorting_fromLFR.json,ilp,success,,10.411,10.122541,0,optimal,True,9.246693440945819,True,0,False,True,,5000.0,40000000.0,270000000.0,/home/student/Desktop/Neptune_2026/Microfluidics-Benchmarks/Results/ilp_full_20260915_040013/artifacts/lfr__Protocols__Cell_Sorting__Cell_Sorting_fromLFR/result.json,/home/student/Desktop/Neptune_2026/Microfluidics-Benchmarks/Results/ilp_full_20260915_040013/artifacts/lfr__Protocols__Cell_Sorting__Cell_Sorting_fromLFR/metrics.json,Microfluidics-Benchmarks/Results/ilp_full_20260915_040013/logs/lfr__Protocols__Cell_Sorting__Cell_Sorting_fromLFR.log,Microfluidics-Benchmarks/Results/ilp_full_20260915_040013/artifacts/lfr__Protocols__Cell_Sorting__Cell_Sorting_fromLFR
143,lfr,lfr__Protocols__Directed_Evolution__Directed_Evolution_fromLFR,Protocols/Directed_Evolution/Directed_Evolution_fromLFR.json,/home/student/Desktop/Neptune_2026/Microfluidics-Benchmarks/Results/LFR-TestCases/Protocols/Directed_Evolution/Directed_Evolution_fromLFR.json,ilp,timeout,exceeded 1800s,1800.068,,,,,,,,,,,,,,,,Microfluidics-Benchmarks/Results/ilp_full_20260915_040013/logs/lfr__Protocols__Directed_Evolution__Directed_Evolution_fromLFR.log,Microfluidics-Benchmarks/Results/ilp_full_20260915_040013/artifacts/lfr__Protocols__Directed_Evolution__Directed_Evolution_fromLFR
144,lfr,lfr__Technology_Mapping__Cycle__Cycle_fromLFR,Technology_Mapping/Cycle/Cycle_fromLFR.json,/home/student/Desktop/Neptune_2026/Microfluidics-Benchmarks/Results/LFR-TestCases/Technology_Mapping/Cycle/Cycle_fromLFR.json,ilp,success,,383.606,383.346769,0,optimal,True,382.47286148020066,True,0,False,True,,19600.0,118600000.0,505800000.0,/home/student/Desktop/Neptune_2026/Microfluidics-Benchmarks/Results/ilp_full_20260915_040013/artifacts/lfr__Technology_Mapping__Cycle__Cycle_fromLFR/result.json,/home/student/Desktop/Neptune_2026/Microfluidics-Benchmarks/Results/ilp_full_20260915_040013/artifacts/lfr__Technology_Mapping__Cycle__Cycle_fromLFR/metrics.json,Microfluidics-Benchmarks/Results/ilp_full_20260915_040013/logs/lfr__Technology_Mapping__Cycle__Cycle_fromLFR.log,Microfluidics-Benchmarks/Results/ilp_full_20260915_040013/artifacts/lfr__Technology_Mapping__Cycle__Cycle_fromLFR
145,lfr,lfr__Technology_Mapping__Instance_Mapping__Instance_Mapping_fromLFR,Technology_Mapping/Instance_Mapping/Instance_Mapping_fromLFR.json,/home/student/Desktop/Neptune_2026/Microfluidics-Benchmarks/Results/LFR-TestCases/Technology_Mapping/Instance_Mapping/Instance_Mapping_fromLFR.json,ilp,success,,1.479,1.181101,0,optimal,True,0.3006062349304557,True,0,False,True,,2000.0,44091600.0,293291600.0,/home/student/Desktop/Neptune_2026/Microfluidics-Benchmarks/Results/ilp_full_20260915_040013/artifacts/lfr__Technology_Mapping__Instance_Mapping__Instance_Mapping_fromLFR/result.json,/home/student/Desktop/Neptune_2026/Microfluidics-Benchmarks/Results/ilp_full_20260915_040013/artifacts/lfr__Technology_Mapping__Instance_Mapping__Instance_Mapping_fromLFR/metrics.json,Microfluidics-Benchmarks/Results/ilp_full_20260915_040013/logs/lfr__Technology_Mapping__Instance_Mapping__Instance_Mapping_fromLFR.log,Microfluidics-Benchmarks/Results/ilp_full_20260915_040013/artifacts/lfr__Technology_Mapping__Instance_Mapping__Instance_Mapping_fromLFR
146,lfr,lfr__Technology_Mapping__N_Greater_M_Map__N_Greater_M_Map_fromLFR,Technology_Mapping/N_Greater_M_Map/N_Greater_M_Map_fromLFR.json,/home/student/Desktop/Neptune_2026/Microfluidics-Benchmarks/Results/LFR-TestCases/Technology_Mapping/N_Greater_M_Map/N_Greater_M_Map_fromLFR.json,ilp,timeout,exceeded 1800s,1800.066,,,,,,,,,,,,,,,,Microfluidics-Benchmarks/Results/ilp_full_20260915_040013/logs/lfr__Technology_Mapping__N_Greater_M_Map__N_Greater_M_Map_fromLFR.log,Microfluidics-Benchmarks/Results/ilp_full_20260915_040013/artifacts/lfr__Technology_Mapping__N_Greater_M_Map__N_Greater_M_Map_fromLFR
147,lfr,lfr__Technology_Mapping__N_Less_M_Map__N_Less_M_Map_fromLFR,Technology_Mapping/N_Less_M_Map/N_Less_M_Map_fromLFR.json,/home/student/Desktop/Neptune_2026/Microfluidics-Benchmarks/Results/LFR-TestCases/Technology_Mapping/N_Less_M_Map/N_Less_M_Map_fromLFR.json,ilp,timeout,exceeded 1800s,1800.043,,,,,,,,,,,,,,,,Microfluidics-Benchmarks/Results/ilp_full_20260915_040013/logs/lfr__Technology_Mapping__N_Less_M_Map__N_Less_M_Map_fromLFR.log,Microfluidics-Benchmarks/Results/ilp_full_20260915_040013/artifacts/lfr__Technology_Mapping__N_Less_M_Map__N_Less_M_Map_fromLFR
148,lfr,lfr__Technology_Mapping__One_To_One_Mapping__One_To_One_Mapping_fromLFR,Technology_Mapping/One_To_One_Mapping/One_To_One_Mapping_fromLFR.json,/home/student/Desktop/Neptune_2026/Microfluidics-Benchmarks/Results/LFR-TestCases/Technology_Mapping/One_To_One_Mapping/One_To_One_Mapping_fromLFR.json,ilp,success,,1.424,1.145926,0,optimal,True,0.2840600539930165,True,0,False,True,,2000.0,44091600.0,293291600.0,/home/student/Desktop/Neptune_2026/Microfluidics-Benchmarks/Results/ilp_full_20260915_040013/artifacts/lfr__Technology_Mapping__One_To_One_Mapping__One_To_One_Mapping_fromLFR/result.json,/home/student/Desktop/Neptune_2026/Microfluidics-Benchmarks/Results/ilp_full_20260915_040013/artifacts/lfr__Technology_Mapping__One_To_One_Mapping__One_To_One_Mapping_fromLFR/metrics.json,Microfluidics-Benchmarks/Results/ilp_full_20260915_040013/logs/lfr__Technology_Mapping__One_To_One_Mapping__One_To_One_Mapping_fromLFR.log,Microfluidics-Benchmarks/Results/ilp_full_20260915_040013/artifacts/lfr__Technology_Mapping__One_To_One_Mapping__One_To_One_Mapping_fromLFR
149,lfr,lfr__Technology_Mapping__Tree_Bus__Tree_Bus_fromLFR,Technology_Mapping/Tree_Bus/Tree_Bus_fromLFR.json,/home/student/Desktop/Neptune_2026/Microfluidics-Benchmarks/Results/LFR-TestCases/Technology_Mapping/Tree_Bus/Tree_Bus_fromLFR.json,ilp,timeout,exceeded 1800s,1800.072,,,,,,,,,,,,,,,,Microfluidics-Benchmarks/Results/ilp_full_20260915_040013/logs/lfr__Technology_Mapping__Tree_Bus__Tree_Bus_fromLFR.log,Microfluidics-Benchmarks/Results/ilp_full_20260915_040013/artifacts/lfr__Technology_Mapping__Tree_Bus__Tree_Bus_fromLFR
150,lfr,lfr__Technology_Mapping__Tree_Fanin_Mapping__Tree_Fanin_Mapping_fromLFR,Technology_Mapping/Tree_Fanin_Mapping/Tree_Fanin_Mapping_fromLFR.json,/home/student/Desktop/Neptune_2026/Microfluidics-Benchmarks/Results/LFR-TestCases/Technology_Mapping/Tree_Fanin_Mapping/Tree_Fanin_Mapping_fromLFR.json,ilp,timeout,exceeded 1800s,1800.067,,,,,,,,,,,,,,,,Microfluidics-Benchmarks/Results/ilp_full_20260915_040013/logs/lfr__Technology_Mapping__Tree_Fanin_Mapping__Tree_Fanin_Mapping_fromLFR.log,Microfluidics-Benchmarks/Results/ilp_full_20260915_040013/artifacts/lfr__Technology_Mapping__Tree_Fanin_Mapping__Tree_Fanin_Mapping_fromLFR
151,lfr,lfr__Technology_Mapping__Tree_Fanout_Mapping_1__Tree_Fanout_Mapping_1_fromLFR,Technology_Mapping/Tree_Fanout_Mapping_1/Tree_Fanout_Mapping_1_fromLFR.json,/home/student/Desktop/Neptune_2026/Microfluidics-Benchmarks/Results/LFR-TestCases/Technology_Mapping/Tree_Fanout_Mapping_1/Tree_Fanout_Mapping_1_fromLFR.json,ilp,timeout,exceeded 1800s,1800.066,,,,,,,,,,,,,,,,Microfluidics-Benchmarks/Results/ilp_full_20260915_040013/logs/lfr__Technology_Mapping__Tree_Fanout_Mapping_1__Tree_Fanout_Mapping_1_fromLFR.log,Microfluidics-Benchmarks/Results/ilp_full_20260915_040013/artifacts/lfr__Technology_Mapping__Tree_Fanout_Mapping_1__Tree_Fanout_Mapping_1_fromLFR
152,lfr,lfr__Technology_Mapping__Tree_Fanout_Mapping_2__Tree_Fanout_Mapping_2_fromLFR,Technology_Mapping/Tree_Fanout_Mapping_2/Tree_Fanout_Mapping_2_fromLFR.json,/home/student/Desktop/Neptune_2026/Microfluidics-Benchmarks/Results/LFR-TestCases/Technology_Mapping/Tree_Fanout_Mapping_2/Tree_Fanout_Mapping_2_fromLFR.json,ilp,timeout,exceeded 1800s,1800.067,,,,,,,,,,,,,,,,Microfluidics-Benchmarks/Results/ilp_full_20260915_040013/logs/lfr__Technology_Mapping__Tree_Fanout_Mapping_2__Tree_Fanout_Mapping_2_fromLFR.log,Microfluidics-Benchmarks/Results/ilp_full_20260915_040013/artifacts/lfr__Technology_Mapping__Tree_Fanout_Mapping_2__Tree_Fanout_Mapping_2_fromLFR
153,lfr,lfr__Technology_Mapping__Tree_Fanout_Mapping_3__Tree_Fanout_Mapping_3_fromLFR,Technology_Mapping/Tree_Fanout_Mapping_3/Tree_Fanout_Mapping_3_fromLFR.json,/home/student/Desktop/Neptune_2026/Microfluidics-Benchmarks/Results/LFR-TestCases/Technology_Mapping/Tree_Fanout_Mapping_3/Tree_Fanout_Mapping_3_fromLFR.json,ilp,timeout,exceeded 1800s,1800.067,,,,,,,,,,,,,,,,Microfluidics-Benchmarks/Results/ilp_full_20260915_040013/logs/lfr__Technology_Mapping__Tree_Fanout_Mapping_3__Tree_Fanout_Mapping_3_fromLFR.log,Microfluidics-Benchmarks/Results/ilp_full_20260915_040013/artifacts/lfr__Technology_Mapping__Tree_Fanout_Mapping_3__Tree_Fanout_Mapping_3_fromLFR
154,lfr,lfr__Technology_Mapping__Tree_Storage_Bus_Mapping__Tree_Storage_Bus_Mapping_fromLFR,Technology_Mapping/Tree_Storage_Bus_Mapping/Tree_Storage_Bus_Mapping_fromLFR.json,/home/student/Desktop/Neptune_2026/Microfluidics-Benchmarks/Results/LFR-TestCases/Technology_Mapping/Tree_Storage_Bus_Mapping/Tree_Storage_Bus_Mapping_fromLFR.json,ilp,timeout,exceeded 1800s,1800.069,,,,,,,,,,,,,,,,Microfluidics-Benchmarks/Results/ilp_full_20260915_040013/logs/lfr__Technology_Mapping__Tree_Storage_Bus_Mapping__Tree_Storage_Bus_Mapping_fromLFR.log,Microfluidics-Benchmarks/Results/ilp_full_20260915_040013/artifacts/lfr__Technology_Mapping__Tree_Storage_Bus_Mapping__Tree_Storage_Bus_Mapping_fromLFR
155,lfr,lfr__Transport_Networks__Distribute_Network_Examples__Distribute_Network_Examples_fromLFR,Transport_Networks/Distribute_Network_Examples/Distribute_Network_Examples_fromLFR.json,/home/student/Desktop/Neptune_2026/Microfluidics-Benchmarks/Results/LFR-TestCases/Transport_Networks/Distribute_Network_Examples/Distribute_Network_Examples_fromLFR.json,ilp,timeout,exceeded 1800s,1800.067,,,,,,,,,,,,,,,,Microfluidics-Benchmarks/Results/ilp_full_20260915_040013/logs/lfr__Transport_Networks__Distribute_Network_Examples__Distribute_Network_Examples_fromLFR.log,Microfluidics-Benchmarks/Results/ilp_full_20260915_040013/artifacts/lfr__Transport_Networks__Distribute_Network_Examples__Distribute_Network_Examples_fromLFR
156,lfr,lfr__Transport_Networks__One_To_8__One_To_8_fromLFR,Transport_Networks/One_To_8/One_To_8_fromLFR.json,/home/student/Desktop/Neptune_2026/Microfluidics-Benchmarks/Results/LFR-TestCases/Transport_Networks/One_To_8/One_To_8_fromLFR.json,ilp,timeout,exceeded 1800s,1800.068,,,,,,,,,,,,,,,,Microfluidics-Benchmarks/Results/ilp_full_20260915_040013/logs/lfr__Transport_Networks__One_To_8__One_To_8_fromLFR.log,Microfluidics-Benchmarks/Results/ilp_full_20260915_040013/artifacts/lfr__Transport_Networks__One_To_8__One_To_8_fromLFR
157,lfr,lfr__Transport_Networks__One_To_One__One_To_One_fromLFR,Transport_Networks/One_To_One/One_To_One_fromLFR.json,/home/student/Desktop/Neptune_2026/Microfluidics-Benchmarks/Results/LFR-TestCases/Transport_Networks/One_To_One/One_To_One_fromLFR.json,ilp,success,,1.731,1.384774,0,optimal,True,0.17728746100328863,True,0,True,True,,5700.0,19400000.0,236400000.0,/home/student/Desktop/Neptune_2026/Microfluidics-Benchmarks/Results/ilp_full_20260915_040013/artifacts/lfr__Transport_Networks__One_To_One__One_To_One_fromLFR/result_control.json,/home/student/Desktop/Neptune_2026/Microfluidics-Benchmarks/Results/ilp_full_20260915_040013/artifacts/lfr__Transport_Networks__One_To_One__One_To_One_fromLFR/metrics.json,Microfluidics-Benchmarks/Results/ilp_full_20260915_040013/logs/lfr__Transport_Networks__One_To_One__One_To_One_fromLFR.log,Microfluidics-Benchmarks/Results/ilp_full_20260915_040013/artifacts/lfr__Transport_Networks__One_To_One__One_To_One_fromLFR
158,mint,mint__Base__Crossing_H__Crossing_H_fromMINT,Base/Crossing_H/Crossing_H_fromMINT.json,/home/student/Desktop/Neptune_2026/Microfluidics-Benchmarks/Results/MINT-TestCases/Base/Crossing_H/Crossing_H_fromMINT.json,ilp,timeout,exceeded 1800s,1800.073,,,,,,,,,,,,,,,,Microfluidics-Benchmarks/Results/ilp_full_20260915_040013/logs/mint__Base__Crossing_H__Crossing_H_fromMINT.log,Microfluidics-Benchmarks/Results/ilp_full_20260915_040013/artifacts/mint__Base__Crossing_H__Crossing_H_fromMINT
159,mint,mint__Base__Crossing_V__Crossing_V_fromMINT,Base/Crossing_V/Crossing_V_fromMINT.json,/home/student/Desktop/Neptune_2026/Microfluidics-Benchmarks/Results/MINT-TestCases/Base/Crossing_V/Crossing_V_fromMINT.json,ilp,timeout,exceeded 1800s,1800.069,,,,,,,,,,,,,,,,Microfluidics-Benchmarks/Results/ilp_full_20260915_040013/logs/mint__Base__Crossing_V__Crossing_V_fromMINT.log,Microfluidics-Benchmarks/Results/ilp_full_20260915_040013/artifacts/mint__Base__Crossing_V__Crossing_V_fromMINT
160,mint,mint__Base__Grad_Gen_H__Grad_Gen_H_fromMINT,Base/Grad_Gen_H/Grad_Gen_H_fromMINT.json,/home/student/Desktop/Neptune_2026/Microfluidics-Benchmarks/Results/MINT-TestCases/Base/Grad_Gen_H/Grad_Gen_H_fromMINT.json,ilp,timeout,exceeded 1800s,1800.035,,,,,,,,,,,,,,,,Microfluidics-Benchmarks/Results/ilp_full_20260915_040013/logs/mint__Base__Grad_Gen_H__Grad_Gen_H_fromMINT.log,Microfluidics-Benchmarks/Results/ilp_full_20260915_040013/artifacts/mint__Base__Grad_Gen_H__Grad_Gen_H_fromMINT
161,mint,mint__Base__Grad_Gen_V__Grad_Gen_V_fromMINT,Base/Grad_Gen_V/Grad_Gen_V_fromMINT.json,/home/student/Desktop/Neptune_2026/Microfluidics-Benchmarks/Results/MINT-TestCases/Base/Grad_Gen_V/Grad_Gen_V_fromMINT.json,ilp,fail,RuntimeError: DRC violations: channel_spacing: channels of connections 'c1' and 'c5' violate the 1000 edge-to-edge clearance; channel_spacing: channels of connections 'c1' and 'c9' violate the 1000 edge-to-edge clearance; channel_spacing: channels of connections 'c2' and 'c5' violate the 1000 edge-to-edge clearance; channel_spacing: channels of connections 'c2' and 'c6' violate the 1000 edge-to-edge clearance; channel_spacing: channels of connections 'c3' and 'c7' violate the 1000 edge-to-edge clearance,65.538,65.297209,1,optimal,True,64.44061256712303,False,15,False,True,,30600.0,1007620000.0,1880620000.0,/home/student/Desktop/Neptune_2026/Microfluidics-Benchmarks/Results/ilp_full_20260915_040013/artifacts/mint__Base__Grad_Gen_V__Grad_Gen_V_fromMINT/result.json,/home/student/Desktop/Neptune_2026/Microfluidics-Benchmarks/Results/ilp_full_20260915_040013/artifacts/mint__Base__Grad_Gen_V__Grad_Gen_V_fromMINT/metrics.json,Microfluidics-Benchmarks/Results/ilp_full_20260915_040013/logs/mint__Base__Grad_Gen_V__Grad_Gen_V_fromMINT.log,Microfluidics-Benchmarks/Results/ilp_full_20260915_040013/artifacts/mint__Base__Grad_Gen_V__Grad_Gen_V_fromMINT
162,mint,mint__Base__Grid_4_Mixer__Grid_4_Mixer_fromMINT,Base/Grid_4_Mixer/Grid_4_Mixer_fromMINT.json,/home/student/Desktop/Neptune_2026/Microfluidics-Benchmarks/Results/MINT-TestCases/Base/Grid_4_Mixer/Grid_4_Mixer_fromMINT.json,ilp,timeout,exceeded 1800s,1800.066,,,,,,,,,,,,,,,,Microfluidics-Benchmarks/Results/ilp_full_20260915_040013/logs/mint__Base__Grid_4_Mixer__Grid_4_Mixer_fromMINT.log,Microfluidics-Benchmarks/Results/ilp_full_20260915_040013/artifacts/mint__Base__Grid_4_Mixer__Grid_4_Mixer_fromMINT
163,mint,mint__Base__Horizontal_Mux_01__Horizontal_Mux_01_fromMINT,Base/Horizontal_Mux_01/Horizontal_Mux_01_fromMINT.json,/home/student/Desktop/Neptune_2026/Microfluidics-Benchmarks/Results/MINT-TestCases/Base/Horizontal_Mux_01/Horizontal_Mux_01_fromMINT.json,ilp,fail,RuntimeError: DRC violations: channel_component_clearance: channel of connection 'c1' crosses the effective envelope of unrelated component 'pb_1'; channel_component_clearance: channel of connection 'c1' crosses the effective envelope of unrelated component 'pb_2'; channel_component_clearance: channel of connection 'c1' crosses the effective envelope of unrelated component 'pb_3'; channel_component_clearance: channel of connection 'c1' crosses the effective envelope of unrelated component 'pb_4'; channel_component_clearance: channel of connection 'c1' crosses the effective envelope of unrelated component 'pb_5',11.549,11.276604,1,optimal,True,10.390299283899367,False,72,False,True,,9000.0,535972500.0,1110972500.0,/home/student/Desktop/Neptune_2026/Microfluidics-Benchmarks/Results/ilp_full_20260915_040013/artifacts/mint__Base__Horizontal_Mux_01__Horizontal_Mux_01_fromMINT/result.json,/home/student/Desktop/Neptune_2026/Microfluidics-Benchmarks/Results/ilp_full_20260915_040013/artifacts/mint__Base__Horizontal_Mux_01__Horizontal_Mux_01_fromMINT/metrics.json,Microfluidics-Benchmarks/Results/ilp_full_20260915_040013/logs/mint__Base__Horizontal_Mux_01__Horizontal_Mux_01_fromMINT.log,Microfluidics-Benchmarks/Results/ilp_full_20260915_040013/artifacts/mint__Base__Horizontal_Mux_01__Horizontal_Mux_01_fromMINT
164,mint,mint__Base__Logic_Test_01__Logic_Test_01_fromMINT,Base/Logic_Test_01/Logic_Test_01_fromMINT.json,/home/student/Desktop/Neptune_2026/Microfluidics-Benchmarks/Results/MINT-TestCases/Base/Logic_Test_01/Logic_Test_01_fromMINT.json,ilp,success,,1.62,1.362759,0,optimal,True,0.48978953110054135,True,0,False,True,,3000.0,1380000000.0,2240000000.0,/home/student/Desktop/Neptune_2026/Microfluidics-Benchmarks/Results/ilp_full_20260915_040013/artifacts/mint__Base__Logic_Test_01__Logic_Test_01_fromMINT/result.json,/home/student/Desktop/Neptune_2026/Microfluidics-Benchmarks/Results/ilp_full_20260915_040013/artifacts/mint__Base__Logic_Test_01__Logic_Test_01_fromMINT/metrics.json,Microfluidics-Benchmarks/Results/ilp_full_20260915_040013/logs/mint__Base__Logic_Test_01__Logic_Test_01_fromMINT.log,Microfluidics-Benchmarks/Results/ilp_full_20260915_040013/artifacts/mint__Base__Logic_Test_01__Logic_Test_01_fromMINT
165,mint,mint__Base__Logic_Test_02__Logic_Test_02_fromMINT,Base/Logic_Test_02/Logic_Test_02_fromMINT.json,/home/student/Desktop/Neptune_2026/Microfluidics-Benchmarks/Results/MINT-TestCases/Base/Logic_Test_02/Logic_Test_02_fromMINT.json,ilp,success,,8.597,8.340791,0,optimal,True,7.45588462613523,True,0,False,True,,11000.0,3306000000.0,4556000000.0,/home/student/Desktop/Neptune_2026/Microfluidics-Benchmarks/Results/ilp_full_20260915_040013/artifacts/mint__Base__Logic_Test_02__Logic_Test_02_fromMINT/result.json,/home/student/Desktop/Neptune_2026/Microfluidics-Benchmarks/Results/ilp_full_20260915_040013/artifacts/mint__Base__Logic_Test_02__Logic_Test_02_fromMINT/metrics.json,Microfluidics-Benchmarks/Results/ilp_full_20260915_040013/logs/mint__Base__Logic_Test_02__Logic_Test_02_fromMINT.log,Microfluidics-Benchmarks/Results/ilp_full_20260915_040013/artifacts/mint__Base__Logic_Test_02__Logic_Test_02_fromMINT
166,mint,mint__Base__Logic_Test_03__Logic_Test_03_fromMINT,Base/Logic_Test_03/Logic_Test_03_fromMINT.json,/home/student/Desktop/Neptune_2026/Microfluidics-Benchmarks/Results/MINT-TestCases/Base/Logic_Test_03/Logic_Test_03_fromMINT.json,ilp,success,,168.825,168.56554,0,optimal,True,167.70919172791764,True,0,False,True,,46000.0,4740000000.0,6230000000.0,/home/student/Desktop/Neptune_2026/Microfluidics-Benchmarks/Results/ilp_full_20260915_040013/artifacts/mint__Base__Logic_Test_03__Logic_Test_03_fromMINT/result.json,/home/student/Desktop/Neptune_2026/Microfluidics-Benchmarks/Results/ilp_full_20260915_040013/artifacts/mint__Base__Logic_Test_03__Logic_Test_03_fromMINT/metrics.json,Microfluidics-Benchmarks/Results/ilp_full_20260915_040013/logs/mint__Base__Logic_Test_03__Logic_Test_03_fromMINT.log,Microfluidics-Benchmarks/Results/ilp_full_20260915_040013/artifacts/mint__Base__Logic_Test_03__Logic_Test_03_fromMINT
167,mint,mint__Base__Long_Cell_Trap_Two_Port__Long_Cell_Trap_Two_Port_fromMINT,Base/Long_Cell_Trap_Two_Port/Long_Cell_Trap_Two_Port_fromMINT.json,/home/student/Desktop/Neptune_2026/Microfluidics-Benchmarks/Results/MINT-TestCases/Base/Long_Cell_Trap_Two_Port/Long_Cell_Trap_Two_Port_fromMINT.json,ilp,fail,RuntimeError: DRC violations: channel_spacing: channels of connections 'c1' and 'c2' violate the 1000 edge-to-edge clearance,1.53,1.269684,1,optimal,True,0.40948220202699304,False,1,False,True,,2000.0,960000.0,135960000.0,/home/student/Desktop/Neptune_2026/Microfluidics-Benchmarks/Results/ilp_full_20260915_040013/artifacts/mint__Base__Long_Cell_Trap_Two_Port__Long_Cell_Trap_Two_Port_fromMINT/result.json,/home/student/Desktop/Neptune_2026/Microfluidics-Benchmarks/Results/ilp_full_20260915_040013/artifacts/mint__Base__Long_Cell_Trap_Two_Port__Long_Cell_Trap_Two_Port_fromMINT/metrics.json,Microfluidics-Benchmarks/Results/ilp_full_20260915_040013/logs/mint__Base__Long_Cell_Trap_Two_Port__Long_Cell_Trap_Two_Port_fromMINT.log,Microfluidics-Benchmarks/Results/ilp_full_20260915_040013/artifacts/mint__Base__Long_Cell_Trap_Two_Port__Long_Cell_Trap_Two_Port_fromMINT
168,mint,mint__Base__Mux_8__Mux_8_fromMINT,Base/Mux_8/Mux_8_fromMINT.json,/home/student/Desktop/Neptune_2026/Microfluidics-Benchmarks/Results/MINT-TestCases/Base/Mux_8/Mux_8_fromMINT.json,ilp,success,,13.601,13.34342,0,optimal,True,12.500345740932971,True,0,False,True,,9000.0,535972500.0,1110972500.0,/home/student/Desktop/Neptune_2026/Microfluidics-Benchmarks/Results/ilp_full_20260915_040013/artifacts/mint__Base__Mux_8__Mux_8_fromMINT/result.json,/home/student/Desktop/Neptune_2026/Microfluidics-Benchmarks/Results/ilp_full_20260915_040013/artifacts/mint__Base__Mux_8__Mux_8_fromMINT/metrics.json,Microfluidics-Benchmarks/Results/ilp_full_20260915_040013/logs/mint__Base__Mux_8__Mux_8_fromMINT.log,Microfluidics-Benchmarks/Results/ilp_full_20260915_040013/artifacts/mint__Base__Mux_8__Mux_8_fromMINT
169,mint,mint__Base__Net_Multi_Test__Net_Multi_Test_fromMINT,Base/Net_Multi_Test/Net_Multi_Test_fromMINT.json,/home/student/Desktop/Neptune_2026/Microfluidics-Benchmarks/Results/MINT-TestCases/Base/Net_Multi_Test/Net_Multi_Test_fromMINT.json,ilp,timeout,exceeded 1800s,1800.038,,,,,,,,,,,,,,,,Microfluidics-Benchmarks/Results/ilp_full_20260915_040013/logs/mint__Base__Net_Multi_Test__Net_Multi_Test_fromMINT.log,Microfluidics-Benchmarks/Results/ilp_full_20260915_040013/artifacts/mint__Base__Net_Multi_Test__Net_Multi_Test_fromMINT
170,mint,mint__Base__Net_Test__Net_Test_fromMINT,Base/Net_Test/Net_Test_fromMINT.json,/home/student/Desktop/Neptune_2026/Microfluidics-Benchmarks/Results/MINT-TestCases/Base/Net_Test/Net_Test_fromMINT.json,ilp,fail,RuntimeError: DRC violations: channel_spacing: channels of connections 'c1' and 'c2' violate the 1000 edge-to-edge clearance,2.525,2.269394,1,optimal,True,1.0372228720225394,False,1,True,True,,12000.0,3960000.0,238960000.0,/home/student/Desktop/Neptune_2026/Microfluidics-Benchmarks/Results/ilp_full_20260915_040013/artifacts/mint__Base__Net_Test__Net_Test_fromMINT/result_control.json,/home/student/Desktop/Neptune_2026/Microfluidics-Benchmarks/Results/ilp_full_20260915_040013/artifacts/mint__Base__Net_Test__Net_Test_fromMINT/metrics.json,Microfluidics-Benchmarks/Results/ilp_full_20260915_040013/logs/mint__Base__Net_Test__Net_Test_fromMINT.log,Microfluidics-Benchmarks/Results/ilp_full_20260915_040013/artifacts/mint__Base__Net_Test__Net_Test_fromMINT
171,mint,mint__Base__Net_Valve_Test__Net_Valve_Test_fromMINT,Base/Net_Valve_Test/Net_Valve_Test_fromMINT.json,/home/student/Desktop/Neptune_2026/Microfluidics-Benchmarks/Results/MINT-TestCases/Base/Net_Valve_Test/Net_Valve_Test_fromMINT.json,ilp,timeout,exceeded 1800s,1800.067,,,,,,,,,,,,,,,,Microfluidics-Benchmarks/Results/ilp_full_20260915_040013/logs/mint__Base__Net_Valve_Test__Net_Valve_Test_fromMINT.log,Microfluidics-Benchmarks/Results/ilp_full_20260915_040013/artifacts/mint__Base__Net_Valve_Test__Net_Valve_Test_fromMINT
172,mint,mint__Base__Node_Long_Cell_Trap_01__Node_Long_Cell_Trap_01_fromMINT,Base/Node_Long_Cell_Trap_01/Node_Long_Cell_Trap_01_fromMINT.json,/home/student/Desktop/Neptune_2026/Microfluidics-Benchmarks/Results/MINT-TestCases/Base/Node_Long_Cell_Trap_01/Node_Long_Cell_Trap_01_fromMINT.json,ilp,fail,"BaselineError: all routability-aware placement attempts failed for gaps (5000.0, 8000.0, 12000.0); last error: All 3 deterministic routing orders failed; order 1: No legal route for connection 'c3' sink 0 ({'component': 'n1', 'port': '2'} -> {'component': 'ct1', 'port': '1'}) | order 2: No legal route for connection 'c2' sink 0 ({'component': 'p2', 'port': '1'} -> {'component': 'n1', 'port': '3'}) | order 3: No legal route for connection 'c3' sink 0 ({'component': 'n1', 'port': '2'} -> {'component': 'ct1', 'port': '1'})",943.118,942.960102,1,,,,,,,,,,,,,,Microfluidics-Benchmarks/Results/ilp_full_20260915_040013/logs/mint__Base__Node_Long_Cell_Trap_01__Node_Long_Cell_Trap_01_fromMINT.log,Microfluidics-Benchmarks/Results/ilp_full_20260915_040013/artifacts/mint__Base__Node_Long_Cell_Trap_01__Node_Long_Cell_Trap_01_fromMINT
173,mint,mint__Base__Node_Long_Cell_Trap_02__Node_Long_Cell_Trap_02_fromMINT,Base/Node_Long_Cell_Trap_02/Node_Long_Cell_Trap_02_fromMINT.json,/home/student/Desktop/Neptune_2026/Microfluidics-Benchmarks/Results/MINT-TestCases/Base/Node_Long_Cell_Trap_02/Node_Long_Cell_Trap_02_fromMINT.json,ilp,fail,"BaselineError: all routability-aware placement attempts failed for gaps (5000.0, 8000.0, 12000.0); last error: All 3 deterministic routing orders failed; order 1: No legal route for connection 'c3' sink 0 ({'component': 'n1', 'port': '2'} -> {'component': 'ct1', 'port': '1'}) | order 2: No legal route for connection 'c2' sink 0 ({'component': 'p2', 'port': '1'} -> {'component': 'n1', 'port': '3'}) | order 3: No legal route for connection 'c3' sink 0 ({'component': 'n1', 'port': '2'} -> {'component': 'ct1', 'port': '1'})",909.833,909.695647,1,,,,,,,,,,,,,,Microfluidics-Benchmarks/Results/ilp_full_20260915_040013/logs/mint__Base__Node_Long_Cell_Trap_02__Node_Long_Cell_Trap_02_fromMINT.log,Microfluidics-Benchmarks/Results/ilp_full_20260915_040013/artifacts/mint__Base__Node_Long_Cell_Trap_02__Node_Long_Cell_Trap_02_fromMINT
174,mint,mint__Base__Node_Long_Cell_Trap_03__Node_Long_Cell_Trap_03_fromMINT,Base/Node_Long_Cell_Trap_03/Node_Long_Cell_Trap_03_fromMINT.json,/home/student/Desktop/Neptune_2026/Microfluidics-Benchmarks/Results/MINT-TestCases/Base/Node_Long_Cell_Trap_03/Node_Long_Cell_Trap_03_fromMINT.json,ilp,fail,"BaselineError: all routability-aware placement attempts failed for gaps (5000.0, 8000.0, 12000.0); last error: All 4 deterministic routing orders failed; order 1: No legal route for connection 'c1' sink 0 ({'component': 'p1', 'port': '3'} -> {'component': 'n1', 'port': '1'}) | order 2: No legal route for connection 'c3' sink 0 ({'component': 'n1', 'port': '2'} -> {'component': 'ct1', 'port': '1'}) | order 3: No legal route for connection 'c3' sink 0 ({'component': 'n1', 'port': '2'} -> {'component': 'ct1', 'port': '1'}) | order 4: No legal route for connection 'c3' sink 0 ({'component': 'n1', 'port': '2'} -> {'component': 'ct1', 'port': '1'})",808.177,807.984418,1,,,,,,,,,,,,,,Microfluidics-Benchmarks/Results/ilp_full_20260915_040013/logs/mint__Base__Node_Long_Cell_Trap_03__Node_Long_Cell_Trap_03_fromMINT.log,Microfluidics-Benchmarks/Results/ilp_full_20260915_040013/artifacts/mint__Base__Node_Long_Cell_Trap_03__Node_Long_Cell_Trap_03_fromMINT
175,mint,mint__Base__Node_Long_Cell_Trap_04__Node_Long_Cell_Trap_04_fromMINT,Base/Node_Long_Cell_Trap_04/Node_Long_Cell_Trap_04_fromMINT.json,/home/student/Desktop/Neptune_2026/Microfluidics-Benchmarks/Results/MINT-TestCases/Base/Node_Long_Cell_Trap_04/Node_Long_Cell_Trap_04_fromMINT.json,ilp,fail,"BaselineError: all routability-aware placement attempts failed for gaps (5000.0, 8000.0, 12000.0); last error: All 3 deterministic routing orders failed; order 1: No legal route for connection 'c3' sink 0 ({'component': 'n1', 'port': '2'} -> {'component': 'ct1', 'port': '1'}) | order 2: No legal route for connection 'c2' sink 0 ({'component': 'p2', 'port': '1'} -> {'component': 'n1', 'port': '3'}) | order 3: No legal route for connection 'c3' sink 0 ({'component': 'n1', 'port': '2'} -> {'component': 'ct1', 'port': '1'})",1647.57,1647.404766,1,,,,,,,,,,,,,,Microfluidics-Benchmarks/Results/ilp_full_20260915_040013/logs/mint__Base__Node_Long_Cell_Trap_04__Node_Long_Cell_Trap_04_fromMINT.log,Microfluidics-Benchmarks/Results/ilp_full_20260915_040013/artifacts/mint__Base__Node_Long_Cell_Trap_04__Node_Long_Cell_Trap_04_fromMINT
176,mint,mint__Base__Node_Test_01__Node_Test_01_fromMINT,Base/Node_Test_01/Node_Test_01_fromMINT.json,/home/student/Desktop/Neptune_2026/Microfluidics-Benchmarks/Results/MINT-TestCases/Base/Node_Test_01/Node_Test_01_fromMINT.json,ilp,timeout,exceeded 1800s,1800.044,,,,,,,,,,,,,,,,Microfluidics-Benchmarks/Results/ilp_full_20260915_040013/logs/mint__Base__Node_Test_01__Node_Test_01_fromMINT.log,Microfluidics-Benchmarks/Results/ilp_full_20260915_040013/artifacts/mint__Base__Node_Test_01__Node_Test_01_fromMINT
177,mint,mint__Base__Nonplanar__Nonplanar_fromMINT,Base/Nonplanar/Nonplanar_fromMINT.json,/home/student/Desktop/Neptune_2026/Microfluidics-Benchmarks/Results/MINT-TestCases/Base/Nonplanar/Nonplanar_fromMINT.json,ilp,fail,"BaselineError: all routability-aware placement attempts failed for gaps (0.0, 1000.0, 2000.0, 4000.0, 8000.0); last error: All 4 deterministic routing orders failed; order 1: No legal route for connection 'c2' sink 0 ({'component': 'p2', 'port': '2'} -> {'component': 'p3', 'port': '1'}) | order 2: No legal route for connection 'c4' sink 0 ({'component': 'p4', 'port': '2'} -> {'component': 'p1', 'port': '2'}) | order 3: No legal route for connection 'c3' sink 0 ({'component': 'p3', 'port': '2'} -> {'component': 'p4', 'port': '1'}) | order 4: No legal route for connection 'c5' sink 0 ({'component': 'p1', 'port': '3'} -> {'component': 'p3', 'port': '3'})",679.089,678.924221,1,,,,,,,,,,,,,,Microfluidics-Benchmarks/Results/ilp_full_20260915_040013/logs/mint__Base__Nonplanar__Nonplanar_fromMINT.log,Microfluidics-Benchmarks/Results/ilp_full_20260915_040013/artifacts/mint__Base__Nonplanar__Nonplanar_fromMINT
178,mint,mint__Base__Port_Bank_01__Port_Bank_01_fromMINT,Base/Port_Bank_01/Port_Bank_01_fromMINT.json,/home/student/Desktop/Neptune_2026/Microfluidics-Benchmarks/Results/MINT-TestCases/Base/Port_Bank_01/Port_Bank_01_fromMINT.json,ilp,success,,1187.673,1187.457595,0,optimal,True,1186.619179355912,True,0,False,True,,0,5320000.0,157320000.0,/home/student/Desktop/Neptune_2026/Microfluidics-Benchmarks/Results/ilp_full_20260915_040013/artifacts/mint__Base__Port_Bank_01__Port_Bank_01_fromMINT/result.json,/home/student/Desktop/Neptune_2026/Microfluidics-Benchmarks/Results/ilp_full_20260915_040013/artifacts/mint__Base__Port_Bank_01__Port_Bank_01_fromMINT/metrics.json,Microfluidics-Benchmarks/Results/ilp_full_20260915_040013/logs/mint__Base__Port_Bank_01__Port_Bank_01_fromMINT.log,Microfluidics-Benchmarks/Results/ilp_full_20260915_040013/artifacts/mint__Base__Port_Bank_01__Port_Bank_01_fromMINT
179,mint,mint__Base__Port_Multi_Connection__Port_Multi_Connection_fromMINT,Base/Port_Multi_Connection/Port_Multi_Connection_fromMINT.json,/home/student/Desktop/Neptune_2026/Microfluidics-Benchmarks/Results/MINT-TestCases/Base/Port_Multi_Connection/Port_Multi_Connection_fromMINT.json,ilp,fail,"BaselineError: all routability-aware placement attempts failed for gaps (0.0, 1000.0, 2000.0, 4000.0, 8000.0); last error: All 4 deterministic routing orders failed; order 1: No legal route for connection 'c2' sink 0 ({'component': 'p1', 'port': '2'} -> {'component': 'm2', 'port': '1'}) | order 2: No legal route for connection 'c3' sink 0 ({'component': 'm1', 'port': '2'} -> {'component': 'p2', 'port': '1'}) | order 3: No legal route for connection 'c3' sink 0 ({'component': 'm1', 'port': '2'} -> {'component': 'p2', 'port': '1'}) | order 4: No legal route for connection 'c4' sink 0 ({'component': 'm2', 'port': '2'} -> {'component': 'p2', 'port': '2'})",11.853,11.730053,1,,,,,,,,,,,,,,Microfluidics-Benchmarks/Results/ilp_full_20260915_040013/logs/mint__Base__Port_Multi_Connection__Port_Multi_Connection_fromMINT.log,Microfluidics-Benchmarks/Results/ilp_full_20260915_040013/artifacts/mint__Base__Port_Multi_Connection__Port_Multi_Connection_fromMINT
180,mint,mint__Base__Square_Cell_Trap_Chambers__Square_Cell_Trap_Chambers_fromMINT,Base/Square_Cell_Trap_Chambers/Square_Cell_Trap_Chambers_fromMINT.json,/home/student/Desktop/Neptune_2026/Microfluidics-Benchmarks/Results/MINT-TestCases/Base/Square_Cell_Trap_Chambers/Square_Cell_Trap_Chambers_fromMINT.json,ilp,timeout,exceeded 1800s,1800.066,,,,,,,,,,,,,,,,Microfluidics-Benchmarks/Results/ilp_full_20260915_040013/logs/mint__Base__Square_Cell_Trap_Chambers__Square_Cell_Trap_Chambers_fromMINT.log,Microfluidics-Benchmarks/Results/ilp_full_20260915_040013/artifacts/mint__Base__Square_Cell_Trap_Chambers__Square_Cell_Trap_Chambers_fromMINT
181,mint,mint__Base__Square_Cell_Trap_Ports__Square_Cell_Trap_Ports_fromMINT,Base/Square_Cell_Trap_Ports/Square_Cell_Trap_Ports_fromMINT.json,/home/student/Desktop/Neptune_2026/Microfluidics-Benchmarks/Results/MINT-TestCases/Base/Square_Cell_Trap_Ports/Square_Cell_Trap_Ports_fromMINT.json,ilp,success,,86.191,85.958123,0,optimal,True,83.99136074306443,True,0,True,True,,36000.0,126000000.0,476000000.0,/home/student/Desktop/Neptune_2026/Microfluidics-Benchmarks/Results/ilp_full_20260915_040013/artifacts/mint__Base__Square_Cell_Trap_Ports__Square_Cell_Trap_Ports_fromMINT/result_control.json,/home/student/Desktop/Neptune_2026/Microfluidics-Benchmarks/Results/ilp_full_20260915_040013/artifacts/mint__Base__Square_Cell_Trap_Ports__Square_Cell_Trap_Ports_fromMINT/metrics.json,Microfluidics-Benchmarks/Results/ilp_full_20260915_040013/logs/mint__Base__Square_Cell_Trap_Ports__Square_Cell_Trap_Ports_fromMINT.log,Microfluidics-Benchmarks/Results/ilp_full_20260915_040013/artifacts/mint__Base__Square_Cell_Trap_Ports__Square_Cell_Trap_Ports_fromMINT
182,mint,mint__Base__Super_Mux_1024__Super_Mux_1024_fromMINT,Base/Super_Mux_1024/Super_Mux_1024_fromMINT.json,/home/student/Desktop/Neptune_2026/Microfluidics-Benchmarks/Results/MINT-TestCases/Base/Super_Mux_1024/Super_Mux_1024_fromMINT.json,ilp,timeout,exceeded 1800s,1801.427,,,,,,,,,,,,,,,,Microfluidics-Benchmarks/Results/ilp_full_20260915_040013/logs/mint__Base__Super_Mux_1024__Super_Mux_1024_fromMINT.log,Microfluidics-Benchmarks/Results/ilp_full_20260915_040013/artifacts/mint__Base__Super_Mux_1024__Super_Mux_1024_fromMINT
183,mint,mint__Base__Super_Mux_128__Super_Mux_128_fromMINT,Base/Super_Mux_128/Super_Mux_128_fromMINT.json,/home/student/Desktop/Neptune_2026/Microfluidics-Benchmarks/Results/MINT-TestCases/Base/Super_Mux_128/Super_Mux_128_fromMINT.json,ilp,fail,"BaselineError: all routability-aware placement attempts failed for gaps (0.0, 1000.0, 2000.0, 4000.0, 8000.0); last error: Placement MILP failed: status=2 message=The problem is infeasible. (HiGHS Status 8: model_status is Infeasible; primal_status is None)",51.101,50.877563,1,,,,,,,,,,,,,,Microfluidics-Benchmarks/Results/ilp_full_20260915_040013/logs/mint__Base__Super_Mux_128__Super_Mux_128_fromMINT.log,Microfluidics-Benchmarks/Results/ilp_full_20260915_040013/artifacts/mint__Base__Super_Mux_128__Super_Mux_128_fromMINT
184,mint,mint__Base__Super_Mux_16__Super_Mux_16_fromMINT,Base/Super_Mux_16/Super_Mux_16_fromMINT.json,/home/student/Desktop/Neptune_2026/Microfluidics-Benchmarks/Results/MINT-TestCases/Base/Super_Mux_16/Super_Mux_16_fromMINT.json,ilp,timeout,exceeded 1800s,1800.068,,,,,,,,,,,,,,,,Microfluidics-Benchmarks/Results/ilp_full_20260915_040013/logs/mint__Base__Super_Mux_16__Super_Mux_16_fromMINT.log,Microfluidics-Benchmarks/Results/ilp_full_20260915_040013/artifacts/mint__Base__Super_Mux_16__Super_Mux_16_fromMINT
185,mint,mint__Base__Super_Mux_2__Super_Mux_2_fromMINT,Base/Super_Mux_2/Super_Mux_2_fromMINT.json,/home/student/Desktop/Neptune_2026/Microfluidics-Benchmarks/Results/MINT-TestCases/Base/Super_Mux_2/Super_Mux_2_fromMINT.json,ilp,success,,1.678,1.384741,0,optimal,True,0.4901712171267718,True,0,False,True,,3400.0,58187500.0,312187500.0,/home/student/Desktop/Neptune_2026/Microfluidics-Benchmarks/Results/ilp_full_20260915_040013/artifacts/mint__Base__Super_Mux_2__Super_Mux_2_fromMINT/result.json,/home/student/Desktop/Neptune_2026/Microfluidics-Benchmarks/Results/ilp_full_20260915_040013/artifacts/mint__Base__Super_Mux_2__Super_Mux_2_fromMINT/metrics.json,Microfluidics-Benchmarks/Results/ilp_full_20260915_040013/logs/mint__Base__Super_Mux_2__Super_Mux_2_fromMINT.log,Microfluidics-Benchmarks/Results/ilp_full_20260915_040013/artifacts/mint__Base__Super_Mux_2__Super_Mux_2_fromMINT
186,mint,mint__Base__Super_Mux_256__Super_Mux_256_fromMINT,Base/Super_Mux_256/Super_Mux_256_fromMINT.json,/home/student/Desktop/Neptune_2026/Microfluidics-Benchmarks/Results/MINT-TestCases/Base/Super_Mux_256/Super_Mux_256_fromMINT.json,ilp,fail,"BaselineError: all routability-aware placement attempts failed for gaps (0.0, 1000.0, 2000.0, 4000.0, 8000.0); last error: Placement MILP failed: status=2 message=The problem is infeasible. (HiGHS Status 8: model_status is Infeasible; primal_status is None)",208.247,207.984986,1,,,,,,,,,,,,,,Microfluidics-Benchmarks/Results/ilp_full_20260915_040013/logs/mint__Base__Super_Mux_256__Super_Mux_256_fromMINT.log,Microfluidics-Benchmarks/Results/ilp_full_20260915_040013/artifacts/mint__Base__Super_Mux_256__Super_Mux_256_fromMINT
187,mint,mint__Base__Super_Mux_32__Super_Mux_32_fromMINT,Base/Super_Mux_32/Super_Mux_32_fromMINT.json,/home/student/Desktop/Neptune_2026/Microfluidics-Benchmarks/Results/MINT-TestCases/Base/Super_Mux_32/Super_Mux_32_fromMINT.json,ilp,timeout,exceeded 1800s,1800.066,,,,,,,,,,,,,,,,Microfluidics-Benchmarks/Results/ilp_full_20260915_040013/logs/mint__Base__Super_Mux_32__Super_Mux_32_fromMINT.log,Microfluidics-Benchmarks/Results/ilp_full_20260915_040013/artifacts/mint__Base__Super_Mux_32__Super_Mux_32_fromMINT
188,mint,mint__Base__Super_Mux_4__Super_Mux_4_fromMINT,Base/Super_Mux_4/Super_Mux_4_fromMINT.json,/home/student/Desktop/Neptune_2026/Microfluidics-Benchmarks/Results/MINT-TestCases/Base/Super_Mux_4/Super_Mux_4_fromMINT.json,ilp,success,,2.928,2.624157,0,optimal,True,1.7290893271565437,True,0,False,True,,5000.0,180000000.0,549000000.0,/home/student/Desktop/Neptune_2026/Microfluidics-Benchmarks/Results/ilp_full_20260915_040013/artifacts/mint__Base__Super_Mux_4__Super_Mux_4_fromMINT/result.json,/home/student/Desktop/Neptune_2026/Microfluidics-Benchmarks/Results/ilp_full_20260915_040013/artifacts/mint__Base__Super_Mux_4__Super_Mux_4_fromMINT/metrics.json,Microfluidics-Benchmarks/Results/ilp_full_20260915_040013/logs/mint__Base__Super_Mux_4__Super_Mux_4_fromMINT.log,Microfluidics-Benchmarks/Results/ilp_full_20260915_040013/artifacts/mint__Base__Super_Mux_4__Super_Mux_4_fromMINT
189,mint,mint__Base__Super_Mux_512__Super_Mux_512_fromMINT,Base/Super_Mux_512/Super_Mux_512_fromMINT.json,/home/student/Desktop/Neptune_2026/Microfluidics-Benchmarks/Results/MINT-TestCases/Base/Super_Mux_512/Super_Mux_512_fromMINT.json,ilp,fail,"BaselineError: all routability-aware placement attempts failed for gaps (0.0, 1000.0, 2000.0, 4000.0, 8000.0); last error: Placement MILP failed: status=2 message=The problem is infeasible. (HiGHS Status 8: model_status is Infeasible; primal_status is None)",874.421,874.203599,1,,,,,,,,,,,,,,Microfluidics-Benchmarks/Results/ilp_full_20260915_040013/logs/mint__Base__Super_Mux_512__Super_Mux_512_fromMINT.log,Microfluidics-Benchmarks/Results/ilp_full_20260915_040013/artifacts/mint__Base__Super_Mux_512__Super_Mux_512_fromMINT
190,mint,mint__Base__Super_Mux_64__Super_Mux_64_fromMINT,Base/Super_Mux_64/Super_Mux_64_fromMINT.json,/home/student/Desktop/Neptune_2026/Microfluidics-Benchmarks/Results/MINT-TestCases/Base/Super_Mux_64/Super_Mux_64_fromMINT.json,ilp,fail,"BaselineError: all routability-aware placement attempts failed for gaps (0.0, 1000.0, 2000.0, 4000.0, 8000.0); last error: Placement MILP failed: status=2 message=The problem is infeasible. (HiGHS Status 8: model_status is Infeasible; primal_status is None)",12.812,12.638588,1,,,,,,,,,,,,,,Microfluidics-Benchmarks/Results/ilp_full_20260915_040013/logs/mint__Base__Super_Mux_64__Super_Mux_64_fromMINT.log,Microfluidics-Benchmarks/Results/ilp_full_20260915_040013/artifacts/mint__Base__Super_Mux_64__Super_Mux_64_fromMINT
191,mint,mint__Base__Super_Mux_8__Super_Mux_8_fromMINT,Base/Super_Mux_8/Super_Mux_8_fromMINT.json,/home/student/Desktop/Neptune_2026/Microfluidics-Benchmarks/Results/MINT-TestCases/Base/Super_Mux_8/Super_Mux_8_fromMINT.json,ilp,success,,67.488,67.24702,0,optimal,True,66.40803240099922,True,0,False,True,,9000.0,496637500.0,1060637500.0,/home/student/Desktop/Neptune_2026/Microfluidics-Benchmarks/Results/ilp_full_20260915_040013/artifacts/mint__Base__Super_Mux_8__Super_Mux_8_fromMINT/result.json,/home/student/Desktop/Neptune_2026/Microfluidics-Benchmarks/Results/ilp_full_20260915_040013/artifacts/mint__Base__Super_Mux_8__Super_Mux_8_fromMINT/metrics.json,Microfluidics-Benchmarks/Results/ilp_full_20260915_040013/logs/mint__Base__Super_Mux_8__Super_Mux_8_fromMINT.log,Microfluidics-Benchmarks/Results/ilp_full_20260915_040013/artifacts/mint__Base__Super_Mux_8__Super_Mux_8_fromMINT
192,mint,mint__Base__Test_Mux_01__Test_Mux_01_fromMINT,Base/Test_Mux_01/Test_Mux_01_fromMINT.json,/home/student/Desktop/Neptune_2026/Microfluidics-Benchmarks/Results/MINT-TestCases/Base/Test_Mux_01/Test_Mux_01_fromMINT.json,ilp,timeout,exceeded 1800s,1800.074,,,,,,,,,,,,,,,,Microfluidics-Benchmarks/Results/ilp_full_20260915_040013/logs/mint__Base__Test_Mux_01__Test_Mux_01_fromMINT.log,Microfluidics-Benchmarks/Results/ilp_full_20260915_040013/artifacts/mint__Base__Test_Mux_01__Test_Mux_01_fromMINT
193,mint,mint__Base__Test_Mux_02__Test_Mux_02_fromMINT,Base/Test_Mux_02/Test_Mux_02_fromMINT.json,/home/student/Desktop/Neptune_2026/Microfluidics-Benchmarks/Results/MINT-TestCases/Base/Test_Mux_02/Test_Mux_02_fromMINT.json,ilp,timeout,exceeded 1800s,1800.035,,,,,,,,,,,,,,,,Microfluidics-Benchmarks/Results/ilp_full_20260915_040013/logs/mint__Base__Test_Mux_02__Test_Mux_02_fromMINT.log,Microfluidics-Benchmarks/Results/ilp_full_20260915_040013/artifacts/mint__Base__Test_Mux_02__Test_Mux_02_fromMINT
194,mint,mint__Base__Three_Port_Channel__Three_Port_Channel_fromMINT,Base/Three_Port_Channel/Three_Port_Channel_fromMINT.json,/home/student/Desktop/Neptune_2026/Microfluidics-Benchmarks/Results/MINT-TestCases/Base/Three_Port_Channel/Three_Port_Channel_fromMINT.json,ilp,fail,"BaselineError: all routability-aware placement attempts failed for gaps (0.0, 1000.0, 2000.0, 4000.0, 8000.0); last error: All 2 deterministic routing orders failed; order 1: No legal route for connection 'c2' sink 0 ({'component': 'p2', 'port': '2'} -> {'component': 'p3', 'port': '1'}) | order 2: No legal route for connection 'c1' sink 0 ({'component': 'p1', 'port': '1'} -> {'component': 'p2', 'port': '1'})",8.848,8.674885,1,,,,,,,,,,,,,,Microfluidics-Benchmarks/Results/ilp_full_20260915_040013/logs/mint__Base__Three_Port_Channel__Three_Port_Channel_fromMINT.log,Microfluidics-Benchmarks/Results/ilp_full_20260915_040013/artifacts/mint__Base__Three_Port_Channel__Three_Port_Channel_fromMINT
195,mint,mint__Base__Transposer_Test__Transposer_Test_fromMINT,Base/Transposer_Test/Transposer_Test_fromMINT.json,/home/student/Desktop/Neptune_2026/Microfluidics-Benchmarks/Results/MINT-TestCases/Base/Transposer_Test/Transposer_Test_fromMINT.json,ilp,fail,ValueError: connection 'c12_13' sink component 'v2' not found,0.468,0.318698,1,,,,,,,,,,,,,,Microfluidics-Benchmarks/Results/ilp_full_20260915_040013/logs/mint__Base__Transposer_Test__Transposer_Test_fromMINT.log,Microfluidics-Benchmarks/Results/ilp_full_20260915_040013/artifacts/mint__Base__Transposer_Test__Transposer_Test_fromMINT
196,mint,mint__Base__Tree_Test_01__Tree_Test_01_fromMINT,Base/Tree_Test_01/Tree_Test_01_fromMINT.json,/home/student/Desktop/Neptune_2026/Microfluidics-Benchmarks/Results/MINT-TestCases/Base/Tree_Test_01/Tree_Test_01_fromMINT.json,ilp,timeout,exceeded 1800s,1800.067,,,,,,,,,,,,,,,,Microfluidics-Benchmarks/Results/ilp_full_20260915_040013/logs/mint__Base__Tree_Test_01__Tree_Test_01_fromMINT.log,Microfluidics-Benchmarks/Results/ilp_full_20260915_040013/artifacts/mint__Base__Tree_Test_01__Tree_Test_01_fromMINT
197,mint,mint__Base__Tree_Test_02__Tree_Test_02_fromMINT,Base/Tree_Test_02/Tree_Test_02_fromMINT.json,/home/student/Desktop/Neptune_2026/Microfluidics-Benchmarks/Results/MINT-TestCases/Base/Tree_Test_02/Tree_Test_02_fromMINT.json,ilp,fail,RuntimeError: DRC violations: channel_spacing: channels of connections 'c2' and 'c4' violate the 1000 edge-to-edge clearance; channel_spacing: channels of connections 'c3' and 'c5' violate the 1000 edge-to-edge clearance; channel_component_clearance: channel of connection 'c1' crosses the effective envelope of unrelated component 'ct0'; channel_component_clearance: channel of connection 'c2' crosses the effective envelope of unrelated component 'pin'; channel_component_clearance: channel of connection 'c2' crosses the effective envelope of unrelated component 'pin',3.284,3.010228,1,optimal,True,2.134071301901713,False,5,False,True,,7000.0,86751000.0,374851000.0,/home/student/Desktop/Neptune_2026/Microfluidics-Benchmarks/Results/ilp_full_20260915_040013/artifacts/mint__Base__Tree_Test_02__Tree_Test_02_fromMINT/result.json,/home/student/Desktop/Neptune_2026/Microfluidics-Benchmarks/Results/ilp_full_20260915_040013/artifacts/mint__Base__Tree_Test_02__Tree_Test_02_fromMINT/metrics.json,Microfluidics-Benchmarks/Results/ilp_full_20260915_040013/logs/mint__Base__Tree_Test_02__Tree_Test_02_fromMINT.log,Microfluidics-Benchmarks/Results/ilp_full_20260915_040013/artifacts/mint__Base__Tree_Test_02__Tree_Test_02_fromMINT
198,mint,mint__Base__Tree_Valve_Test__Tree_Valve_Test_fromMINT,Base/Tree_Valve_Test/Tree_Valve_Test_fromMINT.json,/home/student/Desktop/Neptune_2026/Microfluidics-Benchmarks/Results/MINT-TestCases/Base/Tree_Valve_Test/Tree_Valve_Test_fromMINT.json,ilp,timeout,exceeded 1800s,1800.073,,,,,,,,,,,,,,,,Microfluidics-Benchmarks/Results/ilp_full_20260915_040013/logs/mint__Base__Tree_Valve_Test__Tree_Valve_Test_fromMINT.log,Microfluidics-Benchmarks/Results/ilp_full_20260915_040013/artifacts/mint__Base__Tree_Valve_Test__Tree_Valve_Test_fromMINT
199,mint,mint__CIDAR_Lab_Past_Devices__Chemostat_Chip__Chemostat_Chip_fromMINT,CIDAR_Lab_Past_Devices/Chemostat_Chip/Chemostat_Chip_fromMINT.json,/home/student/Desktop/Neptune_2026/Microfluidics-Benchmarks/Results/MINT-TestCases/CIDAR_Lab_Past_Devices/Chemostat_Chip/Chemostat_Chip_fromMINT.json,ilp,timeout,exceeded 1800s,1800.072,,,,,,,,,,,,,,,,Microfluidics-Benchmarks/Results/ilp_full_20260915_040013/logs/mint__CIDAR_Lab_Past_Devices__Chemostat_Chip__Chemostat_Chip_fromMINT.log,Microfluidics-Benchmarks/Results/ilp_full_20260915_040013/artifacts/mint__CIDAR_Lab_Past_Devices__Chemostat_Chip__Chemostat_Chip_fromMINT
200,mint,mint__CIDAR_Lab_Past_Devices__Dna_Synthesizer__Dna_Synthesizer_fromMINT,CIDAR_Lab_Past_Devices/Dna_Synthesizer/Dna_Synthesizer_fromMINT.json,/home/student/Desktop/Neptune_2026/Microfluidics-Benchmarks/Results/MINT-TestCases/CIDAR_Lab_Past_Devices/Dna_Synthesizer/Dna_Synthesizer_fromMINT.json,ilp,timeout,exceeded 1800s,1800.166,,,,,,,,,,,,,,,,Microfluidics-Benchmarks/Results/ilp_full_20260915_040013/logs/mint__CIDAR_Lab_Past_Devices__Dna_Synthesizer__Dna_Synthesizer_fromMINT.log,Microfluidics-Benchmarks/Results/ilp_full_20260915_040013/artifacts/mint__CIDAR_Lab_Past_Devices__Dna_Synthesizer__Dna_Synthesizer_fromMINT
201,mint,mint__CIDAR_Lab_Past_Devices__Droplet_Merger_Simple__Droplet_Merger_Simple_fromMINT,CIDAR_Lab_Past_Devices/Droplet_Merger_Simple/Droplet_Merger_Simple_fromMINT.json,/home/student/Desktop/Neptune_2026/Microfluidics-Benchmarks/Results/MINT-TestCases/CIDAR_Lab_Past_Devices/Droplet_Merger_Simple/Droplet_Merger_Simple_fromMINT.json,ilp,timeout,exceeded 1800s,1800.036,,,,,,,,,,,,,,,,Microfluidics-Benchmarks/Results/ilp_full_20260915_040013/logs/mint__CIDAR_Lab_Past_Devices__Droplet_Merger_Simple__Droplet_Merger_Simple_fromMINT.log,Microfluidics-Benchmarks/Results/ilp_full_20260915_040013/artifacts/mint__CIDAR_Lab_Past_Devices__Droplet_Merger_Simple__Droplet_Merger_Simple_fromMINT
202,mint,mint__CIDAR_Lab_Past_Devices__Dual_Lane_Droplet__Dual_Lane_Droplet_fromMINT,CIDAR_Lab_Past_Devices/Dual_Lane_Droplet/Dual_Lane_Droplet_fromMINT.json,/home/student/Desktop/Neptune_2026/Microfluidics-Benchmarks/Results/MINT-TestCases/CIDAR_Lab_Past_Devices/Dual_Lane_Droplet/Dual_Lane_Droplet_fromMINT.json,ilp,timeout,exceeded 1800s,1800.068,,,,,,,,,,,,,,,,Microfluidics-Benchmarks/Results/ilp_full_20260915_040013/logs/mint__CIDAR_Lab_Past_Devices__Dual_Lane_Droplet__Dual_Lane_Droplet_fromMINT.log,Microfluidics-Benchmarks/Results/ilp_full_20260915_040013/artifacts/mint__CIDAR_Lab_Past_Devices__Dual_Lane_Droplet__Dual_Lane_Droplet_fromMINT
203,mint,mint__CIDAR_Lab_Past_Devices__Flow_Focus__Flow_Focus_fromMINT,CIDAR_Lab_Past_Devices/Flow_Focus/Flow_Focus_fromMINT.json,/home/student/Desktop/Neptune_2026/Microfluidics-Benchmarks/Results/MINT-TestCases/CIDAR_Lab_Past_Devices/Flow_Focus/Flow_Focus_fromMINT.json,ilp,fail,RuntimeError: DRC violations: channel_spacing: channels of connections 'c1' and 'c2' violate the 1000 edge-to-edge clearance; channel_spacing: channels of connections 'c2' and 'c3' violate the 1000 edge-to-edge clearance,1.973,1.672858,1,optimal,True,0.7678546428214759,False,2,False,True,,5001.0,7575750.0,163745750.0,/home/student/Desktop/Neptune_2026/Microfluidics-Benchmarks/Results/ilp_full_20260915_040013/artifacts/mint__CIDAR_Lab_Past_Devices__Flow_Focus__Flow_Focus_fromMINT/result.json,/home/student/Desktop/Neptune_2026/Microfluidics-Benchmarks/Results/ilp_full_20260915_040013/artifacts/mint__CIDAR_Lab_Past_Devices__Flow_Focus__Flow_Focus_fromMINT/metrics.json,Microfluidics-Benchmarks/Results/ilp_full_20260915_040013/logs/mint__CIDAR_Lab_Past_Devices__Flow_Focus__Flow_Focus_fromMINT.log,Microfluidics-Benchmarks/Results/ilp_full_20260915_040013/artifacts/mint__CIDAR_Lab_Past_Devices__Flow_Focus__Flow_Focus_fromMINT
204,mint,mint__CIDAR_Lab_Past_Devices__Genetic_Clock_Testing_Tool__Genetic_Clock_Testing_Tool_fromMINT,CIDAR_Lab_Past_Devices/Genetic_Clock_Testing_Tool/Genetic_Clock_Testing_Tool_fromMINT.json,/home/student/Desktop/Neptune_2026/Microfluidics-Benchmarks/Results/MINT-TestCases/CIDAR_Lab_Past_Devices/Genetic_Clock_Testing_Tool/Genetic_Clock_Testing_Tool_fromMINT.json,ilp,timeout,exceeded 1800s,1800.044,,,,,,,,,,,,,,,,Microfluidics-Benchmarks/Results/ilp_full_20260915_040013/logs/mint__CIDAR_Lab_Past_Devices__Genetic_Clock_Testing_Tool__Genetic_Clock_Testing_Tool_fromMINT.log,Microfluidics-Benchmarks/Results/ilp_full_20260915_040013/artifacts/mint__CIDAR_Lab_Past_Devices__Genetic_Clock_Testing_Tool__Genetic_Clock_Testing_Tool_fromMINT
205,mint,mint__CIDAR_Lab_Past_Devices__Glycoform__Glycoform_fromMINT,CIDAR_Lab_Past_Devices/Glycoform/Glycoform_fromMINT.json,/home/student/Desktop/Neptune_2026/Microfluidics-Benchmarks/Results/MINT-TestCases/CIDAR_Lab_Past_Devices/Glycoform/Glycoform_fromMINT.json,ilp,timeout,exceeded 1800s,1800.041,,,,,,,,,,,,,,,,Microfluidics-Benchmarks/Results/ilp_full_20260915_040013/logs/mint__CIDAR_Lab_Past_Devices__Glycoform__Glycoform_fromMINT.log,Microfluidics-Benchmarks/Results/ilp_full_20260915_040013/artifacts/mint__CIDAR_Lab_Past_Devices__Glycoform__Glycoform_fromMINT
206,mint,mint__CIDAR_Lab_Past_Devices__Grad_Cells__Grad_Cells_fromMINT,CIDAR_Lab_Past_Devices/Grad_Cells/Grad_Cells_fromMINT.json,/home/student/Desktop/Neptune_2026/Microfluidics-Benchmarks/Results/MINT-TestCases/CIDAR_Lab_Past_Devices/Grad_Cells/Grad_Cells_fromMINT.json,ilp,timeout,exceeded 1800s,1800.078,,,,,,,,,,,,,,,,Microfluidics-Benchmarks/Results/ilp_full_20260915_040013/logs/mint__CIDAR_Lab_Past_Devices__Grad_Cells__Grad_Cells_fromMINT.log,Microfluidics-Benchmarks/Results/ilp_full_20260915_040013/artifacts/mint__CIDAR_Lab_Past_Devices__Grad_Cells__Grad_Cells_fromMINT
207,mint,mint__CIDAR_Lab_Past_Devices__Gradient__Gradient_fromMINT,CIDAR_Lab_Past_Devices/Gradient/Gradient_fromMINT.json,/home/student/Desktop/Neptune_2026/Microfluidics-Benchmarks/Results/MINT-TestCases/CIDAR_Lab_Past_Devices/Gradient/Gradient_fromMINT.json,ilp,timeout,exceeded 1800s,1800.067,,,,,,,,,,,,,,,,Microfluidics-Benchmarks/Results/ilp_full_20260915_040013/logs/mint__CIDAR_Lab_Past_Devices__Gradient__Gradient_fromMINT.log,Microfluidics-Benchmarks/Results/ilp_full_20260915_040013/artifacts/mint__CIDAR_Lab_Past_Devices__Gradient__Gradient_fromMINT
208,mint,mint__CIDAR_Lab_Past_Devices__Grid_02__Grid_02_fromMINT,CIDAR_Lab_Past_Devices/Grid_02/Grid_02_fromMINT.json,/home/student/Desktop/Neptune_2026/Microfluidics-Benchmarks/Results/MINT-TestCases/CIDAR_Lab_Past_Devices/Grid_02/Grid_02_fromMINT.json,ilp,timeout,exceeded 1800s,1800.073,,,,,,,,,,,,,,,,Microfluidics-Benchmarks/Results/ilp_full_20260915_040013/logs/mint__CIDAR_Lab_Past_Devices__Grid_02__Grid_02_fromMINT.log,Microfluidics-Benchmarks/Results/ilp_full_20260915_040013/artifacts/mint__CIDAR_Lab_Past_Devices__Grid_02__Grid_02_fromMINT
209,mint,mint__CIDAR_Lab_Past_Devices__Hasty_Cell_Traps__Hasty_Cell_Traps_fromMINT,CIDAR_Lab_Past_Devices/Hasty_Cell_Traps/Hasty_Cell_Traps_fromMINT.json,/home/student/Desktop/Neptune_2026/Microfluidics-Benchmarks/Results/MINT-TestCases/CIDAR_Lab_Past_Devices/Hasty_Cell_Traps/Hasty_Cell_Traps_fromMINT.json,ilp,success,,1291.814,1291.53013,0,optimal,True,1290.5821154671721,True,0,False,True,,87200.0,330480000.0,796480000.0,/home/student/Desktop/Neptune_2026/Microfluidics-Benchmarks/Results/ilp_full_20260915_040013/artifacts/mint__CIDAR_Lab_Past_Devices__Hasty_Cell_Traps__Hasty_Cell_Traps_fromMINT/result.json,/home/student/Desktop/Neptune_2026/Microfluidics-Benchmarks/Results/ilp_full_20260915_040013/artifacts/mint__CIDAR_Lab_Past_Devices__Hasty_Cell_Traps__Hasty_Cell_Traps_fromMINT/metrics.json,Microfluidics-Benchmarks/Results/ilp_full_20260915_040013/logs/mint__CIDAR_Lab_Past_Devices__Hasty_Cell_Traps__Hasty_Cell_Traps_fromMINT.log,Microfluidics-Benchmarks/Results/ilp_full_20260915_040013/artifacts/mint__CIDAR_Lab_Past_Devices__Hasty_Cell_Traps__Hasty_Cell_Traps_fromMINT
210,mint,mint__CIDAR_Lab_Past_Devices__Hmlp_Dual_Bank__Hmlp_Dual_Bank_fromMINT,CIDAR_Lab_Past_Devices/Hmlp_Dual_Bank/Hmlp_Dual_Bank_fromMINT.json,/home/student/Desktop/Neptune_2026/Microfluidics-Benchmarks/Results/MINT-TestCases/CIDAR_Lab_Past_Devices/Hmlp_Dual_Bank/Hmlp_Dual_Bank_fromMINT.json,ilp,timeout,exceeded 1800s,1800.125,,,,,,,,,,,,,,,,Microfluidics-Benchmarks/Results/ilp_full_20260915_040013/logs/mint__CIDAR_Lab_Past_Devices__Hmlp_Dual_Bank__Hmlp_Dual_Bank_fromMINT.log,Microfluidics-Benchmarks/Results/ilp_full_20260915_040013/artifacts/mint__CIDAR_Lab_Past_Devices__Hmlp_Dual_Bank__Hmlp_Dual_Bank_fromMINT
211,mint,mint__CIDAR_Lab_Past_Devices__Incubator__Incubator_fromMINT,CIDAR_Lab_Past_Devices/Incubator/Incubator_fromMINT.json,/home/student/Desktop/Neptune_2026/Microfluidics-Benchmarks/Results/MINT-TestCases/CIDAR_Lab_Past_Devices/Incubator/Incubator_fromMINT.json,ilp,timeout,exceeded 1800s,1800.066,,,,,,,,,,,,,,,,Microfluidics-Benchmarks/Results/ilp_full_20260915_040013/logs/mint__CIDAR_Lab_Past_Devices__Incubator__Incubator_fromMINT.log,Microfluidics-Benchmarks/Results/ilp_full_20260915_040013/artifacts/mint__CIDAR_Lab_Past_Devices__Incubator__Incubator_fromMINT
212,mint,mint__CIDAR_Lab_Past_Devices__Inlet_16__Inlet_16_fromMINT,CIDAR_Lab_Past_Devices/Inlet_16/Inlet_16_fromMINT.json,/home/student/Desktop/Neptune_2026/Microfluidics-Benchmarks/Results/MINT-TestCases/CIDAR_Lab_Past_Devices/Inlet_16/Inlet_16_fromMINT.json,ilp,timeout,exceeded 1800s,1800.167,,,,,,,,,,,,,,,,Microfluidics-Benchmarks/Results/ilp_full_20260915_040013/logs/mint__CIDAR_Lab_Past_Devices__Inlet_16__Inlet_16_fromMINT.log,Microfluidics-Benchmarks/Results/ilp_full_20260915_040013/artifacts/mint__CIDAR_Lab_Past_Devices__Inlet_16__Inlet_16_fromMINT
213,mint,mint__CIDAR_Lab_Past_Devices__Kinetics__Kinetics_fromMINT,CIDAR_Lab_Past_Devices/Kinetics/Kinetics_fromMINT.json,/home/student/Desktop/Neptune_2026/Microfluidics-Benchmarks/Results/MINT-TestCases/CIDAR_Lab_Past_Devices/Kinetics/Kinetics_fromMINT.json,ilp,success,,309.223,308.955904,0,optimal,True,308.0757567039691,True,0,False,True,,17600.0,110915200.0,480715200.0,/home/student/Desktop/Neptune_2026/Microfluidics-Benchmarks/Results/ilp_full_20260915_040013/artifacts/mint__CIDAR_Lab_Past_Devices__Kinetics__Kinetics_fromMINT/result.json,/home/student/Desktop/Neptune_2026/Microfluidics-Benchmarks/Results/ilp_full_20260915_040013/artifacts/mint__CIDAR_Lab_Past_Devices__Kinetics__Kinetics_fromMINT/metrics.json,Microfluidics-Benchmarks/Results/ilp_full_20260915_040013/logs/mint__CIDAR_Lab_Past_Devices__Kinetics__Kinetics_fromMINT.log,Microfluidics-Benchmarks/Results/ilp_full_20260915_040013/artifacts/mint__CIDAR_Lab_Past_Devices__Kinetics__Kinetics_fromMINT
214,mint,mint__CIDAR_Lab_Past_Devices__Logic_04__Logic_04_fromMINT,CIDAR_Lab_Past_Devices/Logic_04/Logic_04_fromMINT.json,/home/student/Desktop/Neptune_2026/Microfluidics-Benchmarks/Results/MINT-TestCases/CIDAR_Lab_Past_Devices/Logic_04/Logic_04_fromMINT.json,ilp,timeout,exceeded 1800s,1800.077,,,,,,,,,,,,,,,,Microfluidics-Benchmarks/Results/ilp_full_20260915_040013/logs/mint__CIDAR_Lab_Past_Devices__Logic_04__Logic_04_fromMINT.log,Microfluidics-Benchmarks/Results/ilp_full_20260915_040013/artifacts/mint__CIDAR_Lab_Past_Devices__Logic_04__Logic_04_fromMINT
215,mint,mint__CIDAR_Lab_Past_Devices__Mfd_005_Chip__Mfd_005_Chip_fromMINT,CIDAR_Lab_Past_Devices/Mfd_005_Chip/Mfd_005_Chip_fromMINT.json,/home/student/Desktop/Neptune_2026/Microfluidics-Benchmarks/Results/MINT-TestCases/CIDAR_Lab_Past_Devices/Mfd_005_Chip/Mfd_005_Chip_fromMINT.json,ilp,timeout,exceeded 1800s,1800.041,,,,,,,,,,,,,,,,Microfluidics-Benchmarks/Results/ilp_full_20260915_040013/logs/mint__CIDAR_Lab_Past_Devices__Mfd_005_Chip__Mfd_005_Chip_fromMINT.log,Microfluidics-Benchmarks/Results/ilp_full_20260915_040013/artifacts/mint__CIDAR_Lab_Past_Devices__Mfd_005_Chip__Mfd_005_Chip_fromMINT
216,mint,mint__CIDAR_Lab_Past_Devices__Microalgal_Bioassay__Microalgal_Bioassay_fromMINT,CIDAR_Lab_Past_Devices/Microalgal_Bioassay/Microalgal_Bioassay_fromMINT.json,/home/student/Desktop/Neptune_2026/Microfluidics-Benchmarks/Results/MINT-TestCases/CIDAR_Lab_Past_Devices/Microalgal_Bioassay/Microalgal_Bioassay_fromMINT.json,ilp,timeout,exceeded 1800s,1800.079,,,,,,,,,,,,,,,,Microfluidics-Benchmarks/Results/ilp_full_20260915_040013/logs/mint__CIDAR_Lab_Past_Devices__Microalgal_Bioassay__Microalgal_Bioassay_fromMINT.log,Microfluidics-Benchmarks/Results/ilp_full_20260915_040013/artifacts/mint__CIDAR_Lab_Past_Devices__Microalgal_Bioassay__Microalgal_Bioassay_fromMINT
217,mint,mint__CIDAR_Lab_Past_Devices__Microdroplet__Microdroplet_fromMINT,CIDAR_Lab_Past_Devices/Microdroplet/Microdroplet_fromMINT.json,/home/student/Desktop/Neptune_2026/Microfluidics-Benchmarks/Results/MINT-TestCases/CIDAR_Lab_Past_Devices/Microdroplet/Microdroplet_fromMINT.json,ilp,timeout,exceeded 1800s,1800.067,,,,,,,,,,,,,,,,Microfluidics-Benchmarks/Results/ilp_full_20260915_040013/logs/mint__CIDAR_Lab_Past_Devices__Microdroplet__Microdroplet_fromMINT.log,Microfluidics-Benchmarks/Results/ilp_full_20260915_040013/artifacts/mint__CIDAR_Lab_Past_Devices__Microdroplet__Microdroplet_fromMINT
218,mint,mint__CIDAR_Lab_Past_Devices__Microreactor__Microreactor_fromMINT,CIDAR_Lab_Past_Devices/Microreactor/Microreactor_fromMINT.json,/home/student/Desktop/Neptune_2026/Microfluidics-Benchmarks/Results/MINT-TestCases/CIDAR_Lab_Past_Devices/Microreactor/Microreactor_fromMINT.json,ilp,timeout,exceeded 1800s,1800.067,,,,,,,,,,,,,,,,Microfluidics-Benchmarks/Results/ilp_full_20260915_040013/logs/mint__CIDAR_Lab_Past_Devices__Microreactor__Microreactor_fromMINT.log,Microfluidics-Benchmarks/Results/ilp_full_20260915_040013/artifacts/mint__CIDAR_Lab_Past_Devices__Microreactor__Microreactor_fromMINT
219,mint,mint__CIDAR_Lab_Past_Devices__Mix_Incubate_Express__Mix_Incubate_Express_fromMINT,CIDAR_Lab_Past_Devices/Mix_Incubate_Express/Mix_Incubate_Express_fromMINT.json,/home/student/Desktop/Neptune_2026/Microfluidics-Benchmarks/Results/MINT-TestCases/CIDAR_Lab_Past_Devices/Mix_Incubate_Express/Mix_Incubate_Express_fromMINT.json,ilp,success,,52.598,52.343645,0,optimal,True,51.47905542491935,True,0,False,True,,14400.0,149296000.0,571896000.0,/home/student/Desktop/Neptune_2026/Microfluidics-Benchmarks/Results/ilp_full_20260915_040013/artifacts/mint__CIDAR_Lab_Past_Devices__Mix_Incubate_Express__Mix_Incubate_Express_fromMINT/result.json,/home/student/Desktop/Neptune_2026/Microfluidics-Benchmarks/Results/ilp_full_20260915_040013/artifacts/mint__CIDAR_Lab_Past_Devices__Mix_Incubate_Express__Mix_Incubate_Express_fromMINT/metrics.json,Microfluidics-Benchmarks/Results/ilp_full_20260915_040013/logs/mint__CIDAR_Lab_Past_Devices__Mix_Incubate_Express__Mix_Incubate_Express_fromMINT.log,Microfluidics-Benchmarks/Results/ilp_full_20260915_040013/artifacts/mint__CIDAR_Lab_Past_Devices__Mix_Incubate_Express__Mix_Incubate_Express_fromMINT
220,mint,mint__CIDAR_Lab_Past_Devices__Mixer_Trap_Simple__Mixer_Trap_Simple_fromMINT,CIDAR_Lab_Past_Devices/Mixer_Trap_Simple/Mixer_Trap_Simple_fromMINT.json,/home/student/Desktop/Neptune_2026/Microfluidics-Benchmarks/Results/MINT-TestCases/CIDAR_Lab_Past_Devices/Mixer_Trap_Simple/Mixer_Trap_Simple_fromMINT.json,ilp,success,,1.975,1.693829,0,optimal,True,0.8172584669664502,True,0,False,True,,4000.0,35200000.0,331200000.0,/home/student/Desktop/Neptune_2026/Microfluidics-Benchmarks/Results/ilp_full_20260915_040013/artifacts/mint__CIDAR_Lab_Past_Devices__Mixer_Trap_Simple__Mixer_Trap_Simple_fromMINT/result.json,/home/student/Desktop/Neptune_2026/Microfluidics-Benchmarks/Results/ilp_full_20260915_040013/artifacts/mint__CIDAR_Lab_Past_Devices__Mixer_Trap_Simple__Mixer_Trap_Simple_fromMINT/metrics.json,Microfluidics-Benchmarks/Results/ilp_full_20260915_040013/logs/mint__CIDAR_Lab_Past_Devices__Mixer_Trap_Simple__Mixer_Trap_Simple_fromMINT.log,Microfluidics-Benchmarks/Results/ilp_full_20260915_040013/artifacts/mint__CIDAR_Lab_Past_Devices__Mixer_Trap_Simple__Mixer_Trap_Simple_fromMINT
221,mint,mint__CIDAR_Lab_Past_Devices__Multi_Input__Multi_Input_fromMINT,CIDAR_Lab_Past_Devices/Multi_Input/Multi_Input_fromMINT.json,/home/student/Desktop/Neptune_2026/Microfluidics-Benchmarks/Results/MINT-TestCases/CIDAR_Lab_Past_Devices/Multi_Input/Multi_Input_fromMINT.json,ilp,timeout,exceeded 1800s,1800.069,,,,,,,,,,,,,,,,Microfluidics-Benchmarks/Results/ilp_full_20260915_040013/logs/mint__CIDAR_Lab_Past_Devices__Multi_Input__Multi_Input_fromMINT.log,Microfluidics-Benchmarks/Results/ilp_full_20260915_040013/artifacts/mint__CIDAR_Lab_Past_Devices__Multi_Input__Multi_Input_fromMINT
222,mint,mint__CIDAR_Lab_Past_Devices__Mux_96_Chambers__Mux_96_Chambers_fromMINT,CIDAR_Lab_Past_Devices/Mux_96_Chambers/Mux_96_Chambers_fromMINT.json,/home/student/Desktop/Neptune_2026/Microfluidics-Benchmarks/Results/MINT-TestCases/CIDAR_Lab_Past_Devices/Mux_96_Chambers/Mux_96_Chambers_fromMINT.json,ilp,timeout,exceeded 1800s,1800.369,,,,,,,,,,,,,,,,Microfluidics-Benchmarks/Results/ilp_full_20260915_040013/logs/mint__CIDAR_Lab_Past_Devices__Mux_96_Chambers__Mux_96_Chambers_fromMINT.log,Microfluidics-Benchmarks/Results/ilp_full_20260915_040013/artifacts/mint__CIDAR_Lab_Past_Devices__Mux_96_Chambers__Mux_96_Chambers_fromMINT
223,mint,mint__CIDAR_Lab_Past_Devices__Net_Mux__Net_Mux_fromMINT,CIDAR_Lab_Past_Devices/Net_Mux/Net_Mux_fromMINT.json,/home/student/Desktop/Neptune_2026/Microfluidics-Benchmarks/Results/MINT-TestCases/CIDAR_Lab_Past_Devices/Net_Mux/Net_Mux_fromMINT.json,ilp,timeout,exceeded 1800s,1800.124,,,,,,,,,,,,,,,,Microfluidics-Benchmarks/Results/ilp_full_20260915_040013/logs/mint__CIDAR_Lab_Past_Devices__Net_Mux__Net_Mux_fromMINT.log,Microfluidics-Benchmarks/Results/ilp_full_20260915_040013/artifacts/mint__CIDAR_Lab_Past_Devices__Net_Mux__Net_Mux_fromMINT
224,mint,mint__CIDAR_Lab_Past_Devices__Nine_To_One_Mux__Nine_To_One_Mux_fromMINT,CIDAR_Lab_Past_Devices/Nine_To_One_Mux/Nine_To_One_Mux_fromMINT.json,/home/student/Desktop/Neptune_2026/Microfluidics-Benchmarks/Results/MINT-TestCases/CIDAR_Lab_Past_Devices/Nine_To_One_Mux/Nine_To_One_Mux_fromMINT.json,ilp,timeout,exceeded 1800s,1800.066,,,,,,,,,,,,,,,,Microfluidics-Benchmarks/Results/ilp_full_20260915_040013/logs/mint__CIDAR_Lab_Past_Devices__Nine_To_One_Mux__Nine_To_One_Mux_fromMINT.log,Microfluidics-Benchmarks/Results/ilp_full_20260915_040013/artifacts/mint__CIDAR_Lab_Past_Devices__Nine_To_One_Mux__Nine_To_One_Mux_fromMINT
225,mint,mint__CIDAR_Lab_Past_Devices__Number_Declarations__Number_Declarations_fromMINT,CIDAR_Lab_Past_Devices/Number_Declarations/Number_Declarations_fromMINT.json,/home/student/Desktop/Neptune_2026/Microfluidics-Benchmarks/Results/MINT-TestCases/CIDAR_Lab_Past_Devices/Number_Declarations/Number_Declarations_fromMINT.json,ilp,success,,1.221,0.932087,0,optimal,True,0.07589959702454507,True,0,False,True,,1000.0,5320000.0,157320000.0,/home/student/Desktop/Neptune_2026/Microfluidics-Benchmarks/Results/ilp_full_20260915_040013/artifacts/mint__CIDAR_Lab_Past_Devices__Number_Declarations__Number_Declarations_fromMINT/result.json,/home/student/Desktop/Neptune_2026/Microfluidics-Benchmarks/Results/ilp_full_20260915_040013/artifacts/mint__CIDAR_Lab_Past_Devices__Number_Declarations__Number_Declarations_fromMINT/metrics.json,Microfluidics-Benchmarks/Results/ilp_full_20260915_040013/logs/mint__CIDAR_Lab_Past_Devices__Number_Declarations__Number_Declarations_fromMINT.log,Microfluidics-Benchmarks/Results/ilp_full_20260915_040013/artifacts/mint__CIDAR_Lab_Past_Devices__Number_Declarations__Number_Declarations_fromMINT
226,mint,mint__CIDAR_Lab_Past_Devices__Olfactory__Olfactory_fromMINT,CIDAR_Lab_Past_Devices/Olfactory/Olfactory_fromMINT.json,/home/student/Desktop/Neptune_2026/Microfluidics-Benchmarks/Results/MINT-TestCases/CIDAR_Lab_Past_Devices/Olfactory/Olfactory_fromMINT.json,ilp,timeout,exceeded 1800s,1800.035,,,,,,,,,,,,,,,,Microfluidics-Benchmarks/Results/ilp_full_20260915_040013/logs/mint__CIDAR_Lab_Past_Devices__Olfactory__Olfactory_fromMINT.log,Microfluidics-Benchmarks/Results/ilp_full_20260915_040013/artifacts/mint__CIDAR_Lab_Past_Devices__Olfactory__Olfactory_fromMINT
227,mint,mint__CIDAR_Lab_Past_Devices__Pump_Passthrough__Pump_Passthrough_fromMINT,CIDAR_Lab_Past_Devices/Pump_Passthrough/Pump_Passthrough_fromMINT.json,/home/student/Desktop/Neptune_2026/Microfluidics-Benchmarks/Results/MINT-TestCases/CIDAR_Lab_Past_Devices/Pump_Passthrough/Pump_Passthrough_fromMINT.json,ilp,success,,1.221,0.95432,0,optimal,True,0.07563232304528356,True,0,False,True,,1000.0,5320000.0,157320000.0,/home/student/Desktop/Neptune_2026/Microfluidics-Benchmarks/Results/ilp_full_20260915_040013/artifacts/mint__CIDAR_Lab_Past_Devices__Pump_Passthrough__Pump_Passthrough_fromMINT/result.json,/home/student/Desktop/Neptune_2026/Microfluidics-Benchmarks/Results/ilp_full_20260915_040013/artifacts/mint__CIDAR_Lab_Past_Devices__Pump_Passthrough__Pump_Passthrough_fromMINT/metrics.json,Microfluidics-Benchmarks/Results/ilp_full_20260915_040013/logs/mint__CIDAR_Lab_Past_Devices__Pump_Passthrough__Pump_Passthrough_fromMINT.log,Microfluidics-Benchmarks/Results/ilp_full_20260915_040013/artifacts/mint__CIDAR_Lab_Past_Devices__Pump_Passthrough__Pump_Passthrough_fromMINT
228,mint,mint__CIDAR_Lab_Past_Devices__Ring__Ring_fromMINT,CIDAR_Lab_Past_Devices/Ring/Ring_fromMINT.json,/home/student/Desktop/Neptune_2026/Microfluidics-Benchmarks/Results/MINT-TestCases/CIDAR_Lab_Past_Devices/Ring/Ring_fromMINT.json,ilp,success,,257.849,257.553892,0,optimal,True,256.63041568291374,True,0,False,True,,17600.0,88995200.0,448795200.0,/home/student/Desktop/Neptune_2026/Microfluidics-Benchmarks/Results/ilp_full_20260915_040013/artifacts/mint__CIDAR_Lab_Past_Devices__Ring__Ring_fromMINT/result.json,/home/student/Desktop/Neptune_2026/Microfluidics-Benchmarks/Results/ilp_full_20260915_040013/artifacts/mint__CIDAR_Lab_Past_Devices__Ring__Ring_fromMINT/metrics.json,Microfluidics-Benchmarks/Results/ilp_full_20260915_040013/logs/mint__CIDAR_Lab_Past_Devices__Ring__Ring_fromMINT.log,Microfluidics-Benchmarks/Results/ilp_full_20260915_040013/artifacts/mint__CIDAR_Lab_Past_Devices__Ring__Ring_fromMINT
229,mint,mint__CIDAR_Lab_Past_Devices__Root_Chip__Root_Chip_fromMINT,CIDAR_Lab_Past_Devices/Root_Chip/Root_Chip_fromMINT.json,/home/student/Desktop/Neptune_2026/Microfluidics-Benchmarks/Results/MINT-TestCases/CIDAR_Lab_Past_Devices/Root_Chip/Root_Chip_fromMINT.json,ilp,timeout,exceeded 1800s,1800.078,,,,,,,,,,,,,,,,Microfluidics-Benchmarks/Results/ilp_full_20260915_040013/logs/mint__CIDAR_Lab_Past_Devices__Root_Chip__Root_Chip_fromMINT.log,Microfluidics-Benchmarks/Results/ilp_full_20260915_040013/artifacts/mint__CIDAR_Lab_Past_Devices__Root_Chip__Root_Chip_fromMINT
230,mint,mint__CIDAR_Lab_Past_Devices__Rotary_16__Rotary_16_fromMINT,CIDAR_Lab_Past_Devices/Rotary_16/Rotary_16_fromMINT.json,/home/student/Desktop/Neptune_2026/Microfluidics-Benchmarks/Results/MINT-TestCases/CIDAR_Lab_Past_Devices/Rotary_16/Rotary_16_fromMINT.json,ilp,timeout,exceeded 1800s,1800.178,,,,,,,,,,,,,,,,Microfluidics-Benchmarks/Results/ilp_full_20260915_040013/logs/mint__CIDAR_Lab_Past_Devices__Rotary_16__Rotary_16_fromMINT.log,Microfluidics-Benchmarks/Results/ilp_full_20260915_040013/artifacts/mint__CIDAR_Lab_Past_Devices__Rotary_16__Rotary_16_fromMINT
231,mint,mint__CIDAR_Lab_Past_Devices__Rotary_Cells__Rotary_Cells_fromMINT,CIDAR_Lab_Past_Devices/Rotary_Cells/Rotary_Cells_fromMINT.json,/home/student/Desktop/Neptune_2026/Microfluidics-Benchmarks/Results/MINT-TestCases/CIDAR_Lab_Past_Devices/Rotary_Cells/Rotary_Cells_fromMINT.json,ilp,timeout,exceeded 1800s,1800.067,,,,,,,,,,,,,,,,Microfluidics-Benchmarks/Results/ilp_full_20260915_040013/logs/mint__CIDAR_Lab_Past_Devices__Rotary_Cells__Rotary_Cells_fromMINT.log,Microfluidics-Benchmarks/Results/ilp_full_20260915_040013/artifacts/mint__CIDAR_Lab_Past_Devices__Rotary_Cells__Rotary_Cells_fromMINT
232,mint,mint__CIDAR_Lab_Past_Devices__Seeding__Seeding_fromMINT,CIDAR_Lab_Past_Devices/Seeding/Seeding_fromMINT.json,/home/student/Desktop/Neptune_2026/Microfluidics-Benchmarks/Results/MINT-TestCases/CIDAR_Lab_Past_Devices/Seeding/Seeding_fromMINT.json,ilp,timeout,exceeded 1800s,1800.046,,,,,,,,,,,,,,,,Microfluidics-Benchmarks/Results/ilp_full_20260915_040013/logs/mint__CIDAR_Lab_Past_Devices__Seeding__Seeding_fromMINT.log,Microfluidics-Benchmarks/Results/ilp_full_20260915_040013/artifacts/mint__CIDAR_Lab_Past_Devices__Seeding__Seeding_fromMINT
233,mint,mint__CIDAR_Lab_Past_Devices__Single_Port__Single_Port_fromMINT,CIDAR_Lab_Past_Devices/Single_Port/Single_Port_fromMINT.json,/home/student/Desktop/Neptune_2026/Microfluidics-Benchmarks/Results/MINT-TestCases/CIDAR_Lab_Past_Devices/Single_Port/Single_Port_fromMINT.json,ilp,success,,1.183,0.90815,0,optimal,True,0.01768181100487709,True,0,False,True,,0,40000.0,104040000.0,/home/student/Desktop/Neptune_2026/Microfluidics-Benchmarks/Results/ilp_full_20260915_040013/artifacts/mint__CIDAR_Lab_Past_Devices__Single_Port__Single_Port_fromMINT/result.json,/home/student/Desktop/Neptune_2026/Microfluidics-Benchmarks/Results/ilp_full_20260915_040013/artifacts/mint__CIDAR_Lab_Past_Devices__Single_Port__Single_Port_fromMINT/metrics.json,Microfluidics-Benchmarks/Results/ilp_full_20260915_040013/logs/mint__CIDAR_Lab_Past_Devices__Single_Port__Single_Port_fromMINT.log,Microfluidics-Benchmarks/Results/ilp_full_20260915_040013/artifacts/mint__CIDAR_Lab_Past_Devices__Single_Port__Single_Port_fromMINT
234,mint,mint__CIDAR_Lab_Past_Devices__Three_Reagent_Mix__Three_Reagent_Mix_fromMINT,CIDAR_Lab_Past_Devices/Three_Reagent_Mix/Three_Reagent_Mix_fromMINT.json,/home/student/Desktop/Neptune_2026/Microfluidics-Benchmarks/Results/MINT-TestCases/CIDAR_Lab_Past_Devices/Three_Reagent_Mix/Three_Reagent_Mix_fromMINT.json,ilp,timeout,exceeded 1800s,1800.037,,,,,,,,,,,,,,,,Microfluidics-Benchmarks/Results/ilp_full_20260915_040013/logs/mint__CIDAR_Lab_Past_Devices__Three_Reagent_Mix__Three_Reagent_Mix_fromMINT.log,Microfluidics-Benchmarks/Results/ilp_full_20260915_040013/artifacts/mint__CIDAR_Lab_Past_Devices__Three_Reagent_Mix__Three_Reagent_Mix_fromMINT
235,mint,mint__Constraints__Array_Constraint__Array_Constraint_fromMINT,Constraints/Array_Constraint/Array_Constraint_fromMINT.json,/home/student/Desktop/Neptune_2026/Microfluidics-Benchmarks/Results/MINT-TestCases/Constraints/Array_Constraint/Array_Constraint_fromMINT.json,ilp,timeout,exceeded 1800s,1800.219,,,,,,,,,,,,,,,,Microfluidics-Benchmarks/Results/ilp_full_20260915_040013/logs/mint__Constraints__Array_Constraint__Array_Constraint_fromMINT.log,Microfluidics-Benchmarks/Results/ilp_full_20260915_040013/artifacts/mint__Constraints__Array_Constraint__Array_Constraint_fromMINT
236,mint,mint__Constraints__Orthogonal_Constraint__Orthogonal_Constraint_fromMINT,Constraints/Orthogonal_Constraint/Orthogonal_Constraint_fromMINT.json,/home/student/Desktop/Neptune_2026/Microfluidics-Benchmarks/Results/MINT-TestCases/Constraints/Orthogonal_Constraint/Orthogonal_Constraint_fromMINT.json,ilp,fail,RuntimeError: DRC violations: channel_spacing: channels of connections 'c_north' and 'c_south' violate the 1000 edge-to-edge clearance; channel_spacing: channels of connections 'c_north' and 'c_east' violate the 1000 edge-to-edge clearance; channel_spacing: channels of connections 'c_north' and 'c_west' violate the 1000 edge-to-edge clearance; channel_spacing: channels of connections 'c_south' and 'c_east' violate the 1000 edge-to-edge clearance; channel_spacing: channels of connections 'c_south' and 'c_west' violate the 1000 edge-to-edge clearance,20.742,20.460512,1,optimal,True,19.478501701029018,False,6,False,True,,7600.0,145600000.0,489600000.0,/home/student/Desktop/Neptune_2026/Microfluidics-Benchmarks/Results/ilp_full_20260915_040013/artifacts/mint__Constraints__Orthogonal_Constraint__Orthogonal_Constraint_fromMINT/result.json,/home/student/Desktop/Neptune_2026/Microfluidics-Benchmarks/Results/ilp_full_20260915_040013/artifacts/mint__Constraints__Orthogonal_Constraint__Orthogonal_Constraint_fromMINT/metrics.json,Microfluidics-Benchmarks/Results/ilp_full_20260915_040013/logs/mint__Constraints__Orthogonal_Constraint__Orthogonal_Constraint_fromMINT.log,Microfluidics-Benchmarks/Results/ilp_full_20260915_040013/artifacts/mint__Constraints__Orthogonal_Constraint__Orthogonal_Constraint_fromMINT
237,mint,mint__Constraints__Orthogonal_Constraint_Large__Orthogonal_Constraint_Large_fromMINT,Constraints/Orthogonal_Constraint_Large/Orthogonal_Constraint_Large_fromMINT.json,/home/student/Desktop/Neptune_2026/Microfluidics-Benchmarks/Results/MINT-TestCases/Constraints/Orthogonal_Constraint_Large/Orthogonal_Constraint_Large_fromMINT.json,ilp,timeout,exceeded 1800s,1800.069,,,,,,,,,,,,,,,,Microfluidics-Benchmarks/Results/ilp_full_20260915_040013/logs/mint__Constraints__Orthogonal_Constraint_Large__Orthogonal_Constraint_Large_fromMINT.log,Microfluidics-Benchmarks/Results/ilp_full_20260915_040013/artifacts/mint__Constraints__Orthogonal_Constraint_Large__Orthogonal_Constraint_Large_fromMINT
238,mint,mint__Constraints__Position_Constraint__Position_Constraint_fromMINT,Constraints/Position_Constraint/Position_Constraint_fromMINT.json,/home/student/Desktop/Neptune_2026/Microfluidics-Benchmarks/Results/MINT-TestCases/Constraints/Position_Constraint/Position_Constraint_fromMINT.json,ilp,success,,1.472,1.21482,0,optimal,True,0.3875767569988966,True,0,False,True,,2000.0,94120000.0,469420000.0,/home/student/Desktop/Neptune_2026/Microfluidics-Benchmarks/Results/ilp_full_20260915_040013/artifacts/mint__Constraints__Position_Constraint__Position_Constraint_fromMINT/result.json,/home/student/Desktop/Neptune_2026/Microfluidics-Benchmarks/Results/ilp_full_20260915_040013/artifacts/mint__Constraints__Position_Constraint__Position_Constraint_fromMINT/metrics.json,Microfluidics-Benchmarks/Results/ilp_full_20260915_040013/logs/mint__Constraints__Position_Constraint__Position_Constraint_fromMINT.log,Microfluidics-Benchmarks/Results/ilp_full_20260915_040013/artifacts/mint__Constraints__Position_Constraint__Position_Constraint_fromMINT
239,mint,mint__Constraints__Relative_Orientation_Constraint__Relative_Orientation_Constraint_fromMINT,Constraints/Relative_Orientation_Constraint/Relative_Orientation_Constraint_fromMINT.json,/home/student/Desktop/Neptune_2026/Microfluidics-Benchmarks/Results/MINT-TestCases/Constraints/Relative_Orientation_Constraint/Relative_Orientation_Constraint_fromMINT.json,ilp,success,,3.178,2.928505,0,optimal,True,2.0839601040352136,True,0,False,True,,9810.0,247353650.0,730603650.0,/home/student/Desktop/Neptune_2026/Microfluidics-Benchmarks/Results/ilp_full_20260915_040013/artifacts/mint__Constraints__Relative_Orientation_Constraint__Relative_Orientation_Constraint_fromMINT/result.json,/home/student/Desktop/Neptune_2026/Microfluidics-Benchmarks/Results/ilp_full_20260915_040013/artifacts/mint__Constraints__Relative_Orientation_Constraint__Relative_Orientation_Constraint_fromMINT/metrics.json,Microfluidics-Benchmarks/Results/ilp_full_20260915_040013/logs/mint__Constraints__Relative_Orientation_Constraint__Relative_Orientation_Constraint_fromMINT.log,Microfluidics-Benchmarks/Results/ilp_full_20260915_040013/artifacts/mint__Constraints__Relative_Orientation_Constraint__Relative_Orientation_Constraint_fromMINT
240,mint,mint__Constraints__Tree_Constraint__Tree_Constraint_fromMINT,Constraints/Tree_Constraint/Tree_Constraint_fromMINT.json,/home/student/Desktop/Neptune_2026/Microfluidics-Benchmarks/Results/MINT-TestCases/Constraints/Tree_Constraint/Tree_Constraint_fromMINT.json,ilp,success,,3.076,2.849518,0,optimal,True,1.992663319921121,True,0,False,True,,5000.0,345470000.0,817470000.0,/home/student/Desktop/Neptune_2026/Microfluidics-Benchmarks/Results/ilp_full_20260915_040013/artifacts/mint__Constraints__Tree_Constraint__Tree_Constraint_fromMINT/result.json,/home/student/Desktop/Neptune_2026/Microfluidics-Benchmarks/Results/ilp_full_20260915_040013/artifacts/mint__Constraints__Tree_Constraint__Tree_Constraint_fromMINT/metrics.json,Microfluidics-Benchmarks/Results/ilp_full_20260915_040013/logs/mint__Constraints__Tree_Constraint__Tree_Constraint_fromMINT.log,Microfluidics-Benchmarks/Results/ilp_full_20260915_040013/artifacts/mint__Constraints__Tree_Constraint__Tree_Constraint_fromMINT
241,mint,mint__COVID__Aj_Rtpcr_8_Primer__Aj_Rtpcr_8_Primer_fromMINT,COVID/Aj_Rtpcr_8_Primer/Aj_Rtpcr_8_Primer_fromMINT.json,/home/student/Desktop/Neptune_2026/Microfluidics-Benchmarks/Results/MINT-TestCases/COVID/Aj_Rtpcr_8_Primer/Aj_Rtpcr_8_Primer_fromMINT.json,ilp,timeout,exceeded 1800s,1800.117,,,,,,,,,,,,,,,,Microfluidics-Benchmarks/Results/ilp_full_20260915_040013/logs/mint__COVID__Aj_Rtpcr_8_Primer__Aj_Rtpcr_8_Primer_fromMINT.log,Microfluidics-Benchmarks/Results/ilp_full_20260915_040013/artifacts/mint__COVID__Aj_Rtpcr_8_Primer__Aj_Rtpcr_8_Primer_fromMINT
242,mint,mint__COVID__Arize__Arize_fromMINT,COVID/Arize/Arize_fromMINT.json,/home/student/Desktop/Neptune_2026/Microfluidics-Benchmarks/Results/MINT-TestCases/COVID/Arize/Arize_fromMINT.json,ilp,timeout,exceeded 1800s,1800.066,,,,,,,,,,,,,,,,Microfluidics-Benchmarks/Results/ilp_full_20260915_040013/logs/mint__COVID__Arize__Arize_fromMINT.log,Microfluidics-Benchmarks/Results/ilp_full_20260915_040013/artifacts/mint__COVID__Arize__Arize_fromMINT
243,mint,mint__COVID__Covid_Crispr__Covid_Crispr_fromMINT,COVID/Covid_Crispr/Covid_Crispr_fromMINT.json,/home/student/Desktop/Neptune_2026/Microfluidics-Benchmarks/Results/MINT-TestCases/COVID/Covid_Crispr/Covid_Crispr_fromMINT.json,ilp,success,,2.728,2.454285,0,optimal,True,1.591653754003346,True,0,False,True,,5400.0,39219600.0,276419600.0,/home/student/Desktop/Neptune_2026/Microfluidics-Benchmarks/Results/ilp_full_20260915_040013/artifacts/mint__COVID__Covid_Crispr__Covid_Crispr_fromMINT/result.json,/home/student/Desktop/Neptune_2026/Microfluidics-Benchmarks/Results/ilp_full_20260915_040013/artifacts/mint__COVID__Covid_Crispr__Covid_Crispr_fromMINT/metrics.json,Microfluidics-Benchmarks/Results/ilp_full_20260915_040013/logs/mint__COVID__Covid_Crispr__Covid_Crispr_fromMINT.log,Microfluidics-Benchmarks/Results/ilp_full_20260915_040013/artifacts/mint__COVID__Covid_Crispr__Covid_Crispr_fromMINT
244,mint,mint__COVID__Crispr__Crispr_fromMINT,COVID/Crispr/Crispr_fromMINT.json,/home/student/Desktop/Neptune_2026/Microfluidics-Benchmarks/Results/MINT-TestCases/COVID/Crispr/Crispr_fromMINT.json,ilp,timeout,exceeded 1800s,1800.038,,,,,,,,,,,,,,,,Microfluidics-Benchmarks/Results/ilp_full_20260915_040013/logs/mint__COVID__Crispr__Crispr_fromMINT.log,Microfluidics-Benchmarks/Results/ilp_full_20260915_040013/artifacts/mint__COVID__Crispr__Crispr_fromMINT
245,mint,mint__COVID__Detectr__Detectr_fromMINT,COVID/Detectr/Detectr_fromMINT.json,/home/student/Desktop/Neptune_2026/Microfluidics-Benchmarks/Results/MINT-TestCases/COVID/Detectr/Detectr_fromMINT.json,ilp,timeout,exceeded 1800s,1800.079,,,,,,,,,,,,,,,,Microfluidics-Benchmarks/Results/ilp_full_20260915_040013/logs/mint__COVID__Detectr__Detectr_fromMINT.log,Microfluidics-Benchmarks/Results/ilp_full_20260915_040013/artifacts/mint__COVID__Detectr__Detectr_fromMINT
246,mint,mint__COVID__Elisa__Elisa_fromMINT,COVID/Elisa/Elisa_fromMINT.json,/home/student/Desktop/Neptune_2026/Microfluidics-Benchmarks/Results/MINT-TestCases/COVID/Elisa/Elisa_fromMINT.json,ilp,timeout,exceeded 1800s,1800.035,,,,,,,,,,,,,,,,Microfluidics-Benchmarks/Results/ilp_full_20260915_040013/logs/mint__COVID__Elisa__Elisa_fromMINT.log,Microfluidics-Benchmarks/Results/ilp_full_20260915_040013/artifacts/mint__COVID__Elisa__Elisa_fromMINT
247,mint,mint__COVID__Gel_Electrophoresis__Gel_Electrophoresis_fromMINT,COVID/Gel_Electrophoresis/Gel_Electrophoresis_fromMINT.json,/home/student/Desktop/Neptune_2026/Microfluidics-Benchmarks/Results/MINT-TestCases/COVID/Gel_Electrophoresis/Gel_Electrophoresis_fromMINT.json,ilp,timeout,exceeded 1800s,1800.039,,,,,,,,,,,,,,,,Microfluidics-Benchmarks/Results/ilp_full_20260915_040013/logs/mint__COVID__Gel_Electrophoresis__Gel_Electrophoresis_fromMINT.log,Microfluidics-Benchmarks/Results/ilp_full_20260915_040013/artifacts/mint__COVID__Gel_Electrophoresis__Gel_Electrophoresis_fromMINT
248,mint,mint__COVID__Hybri_Detect__Hybri_Detect_fromMINT,COVID/Hybri_Detect/Hybri_Detect_fromMINT.json,/home/student/Desktop/Neptune_2026/Microfluidics-Benchmarks/Results/MINT-TestCases/COVID/Hybri_Detect/Hybri_Detect_fromMINT.json,ilp,timeout,exceeded 1800s,1800.042,,,,,,,,,,,,,,,,Microfluidics-Benchmarks/Results/ilp_full_20260915_040013/logs/mint__COVID__Hybri_Detect__Hybri_Detect_fromMINT.log,Microfluidics-Benchmarks/Results/ilp_full_20260915_040013/artifacts/mint__COVID__Hybri_Detect__Hybri_Detect_fromMINT
249,mint,mint__COVID__Part_1_Rna_Prep__Part_1_Rna_Prep_fromMINT,COVID/Part_1_Rna_Prep/Part_1_Rna_Prep_fromMINT.json,/home/student/Desktop/Neptune_2026/Microfluidics-Benchmarks/Results/MINT-TestCases/COVID/Part_1_Rna_Prep/Part_1_Rna_Prep_fromMINT.json,ilp,timeout,exceeded 1800s,1800.047,,,,,,,,,,,,,,,,Microfluidics-Benchmarks/Results/ilp_full_20260915_040013/logs/mint__COVID__Part_1_Rna_Prep__Part_1_Rna_Prep_fromMINT.log,Microfluidics-Benchmarks/Results/ilp_full_20260915_040013/artifacts/mint__COVID__Part_1_Rna_Prep__Part_1_Rna_Prep_fromMINT
250,mint,mint__COVID__Part_2_Rt_Step__Part_2_Rt_Step_fromMINT,COVID/Part_2_Rt_Step/Part_2_Rt_Step_fromMINT.json,/home/student/Desktop/Neptune_2026/Microfluidics-Benchmarks/Results/MINT-TestCases/COVID/Part_2_Rt_Step/Part_2_Rt_Step_fromMINT.json,ilp,timeout,exceeded 1800s,1800.043,,,,,,,,,,,,,,,,Microfluidics-Benchmarks/Results/ilp_full_20260915_040013/logs/mint__COVID__Part_2_Rt_Step__Part_2_Rt_Step_fromMINT.log,Microfluidics-Benchmarks/Results/ilp_full_20260915_040013/artifacts/mint__COVID__Part_2_Rt_Step__Part_2_Rt_Step_fromMINT
251,mint,mint__COVID__Part_3_Gel__Part_3_Gel_fromMINT,COVID/Part_3_Gel/Part_3_Gel_fromMINT.json,/home/student/Desktop/Neptune_2026/Microfluidics-Benchmarks/Results/MINT-TestCases/COVID/Part_3_Gel/Part_3_Gel_fromMINT.json,ilp,timeout,exceeded 1800s,1800.077,,,,,,,,,,,,,,,,Microfluidics-Benchmarks/Results/ilp_full_20260915_040013/logs/mint__COVID__Part_3_Gel__Part_3_Gel_fromMINT.log,Microfluidics-Benchmarks/Results/ilp_full_20260915_040013/artifacts/mint__COVID__Part_3_Gel__Part_3_Gel_fromMINT
252,mint,mint__COVID__Rt_Pcr__Rt_Pcr_fromMINT,COVID/Rt_Pcr/Rt_Pcr_fromMINT.json,/home/student/Desktop/Neptune_2026/Microfluidics-Benchmarks/Results/MINT-TestCases/COVID/Rt_Pcr/Rt_Pcr_fromMINT.json,ilp,success,,1.778,1.487127,0,optimal,True,0.5873413691297174,True,0,False,True,,4000.0,84000000.0,402000000.0,/home/student/Desktop/Neptune_2026/Microfluidics-Benchmarks/Results/ilp_full_20260915_040013/artifacts/mint__COVID__Rt_Pcr__Rt_Pcr_fromMINT/result.json,/home/student/Desktop/Neptune_2026/Microfluidics-Benchmarks/Results/ilp_full_20260915_040013/artifacts/mint__COVID__Rt_Pcr__Rt_Pcr_fromMINT/metrics.json,Microfluidics-Benchmarks/Results/ilp_full_20260915_040013/logs/mint__COVID__Rt_Pcr__Rt_Pcr_fromMINT.log,Microfluidics-Benchmarks/Results/ilp_full_20260915_040013/artifacts/mint__COVID__Rt_Pcr__Rt_Pcr_fromMINT
253,mint,mint__Distribute_Expressions__And_Annotation_Test__And_Annotation_Test_fromMINT,Distribute_Expressions/And_Annotation_Test/And_Annotation_Test_fromMINT.json,/home/student/Desktop/Neptune_2026/Microfluidics-Benchmarks/Results/MINT-TestCases/Distribute_Expressions/And_Annotation_Test/And_Annotation_Test_fromMINT.json,ilp,success,,58.845,58.58307,0,optimal,True,56.759911731118336,True,0,True,True,,27300.0,115020000.0,438020000.0,/home/student/Desktop/Neptune_2026/Microfluidics-Benchmarks/Results/ilp_full_20260915_040013/artifacts/mint__Distribute_Expressions__And_Annotation_Test__And_Annotation_Test_fromMINT/result_control.json,/home/student/Desktop/Neptune_2026/Microfluidics-Benchmarks/Results/ilp_full_20260915_040013/artifacts/mint__Distribute_Expressions__And_Annotation_Test__And_Annotation_Test_fromMINT/metrics.json,Microfluidics-Benchmarks/Results/ilp_full_20260915_040013/logs/mint__Distribute_Expressions__And_Annotation_Test__And_Annotation_Test_fromMINT.log,Microfluidics-Benchmarks/Results/ilp_full_20260915_040013/artifacts/mint__Distribute_Expressions__And_Annotation_Test__And_Annotation_Test_fromMINT
254,mint,mint__Distribute_Expressions__Dist_Expression_1__Dist_Expression_1_fromMINT,Distribute_Expressions/Dist_Expression_1/Dist_Expression_1_fromMINT.json,/home/student/Desktop/Neptune_2026/Microfluidics-Benchmarks/Results/MINT-TestCases/Distribute_Expressions/Dist_Expression_1/Dist_Expression_1_fromMINT.json,ilp,success,,1.23,0.946473,0,optimal,True,0.07568182609975338,True,0,False,True,,1000.0,5320000.0,157320000.0,/home/student/Desktop/Neptune_2026/Microfluidics-Benchmarks/Results/ilp_full_20260915_040013/artifacts/mint__Distribute_Expressions__Dist_Expression_1__Dist_Expression_1_fromMINT/result.json,/home/student/Desktop/Neptune_2026/Microfluidics-Benchmarks/Results/ilp_full_20260915_040013/artifacts/mint__Distribute_Expressions__Dist_Expression_1__Dist_Expression_1_fromMINT/metrics.json,Microfluidics-Benchmarks/Results/ilp_full_20260915_040013/logs/mint__Distribute_Expressions__Dist_Expression_1__Dist_Expression_1_fromMINT.log,Microfluidics-Benchmarks/Results/ilp_full_20260915_040013/artifacts/mint__Distribute_Expressions__Dist_Expression_1__Dist_Expression_1_fromMINT
255,mint,mint__Distribute_Expressions__Dist_Expression_2__Dist_Expression_2_fromMINT,Distribute_Expressions/Dist_Expression_2/Dist_Expression_2_fromMINT.json,/home/student/Desktop/Neptune_2026/Microfluidics-Benchmarks/Results/MINT-TestCases/Distribute_Expressions/Dist_Expression_2/Dist_Expression_2_fromMINT.json,ilp,success,,2.841,2.559765,0,optimal,True,1.319795818068087,True,0,True,True,,10700.0,60840000.0,316840000.0,/home/student/Desktop/Neptune_2026/Microfluidics-Benchmarks/Results/ilp_full_20260915_040013/artifacts/mint__Distribute_Expressions__Dist_Expression_2__Dist_Expression_2_fromMINT/result_control.json,/home/student/Desktop/Neptune_2026/Microfluidics-Benchmarks/Results/ilp_full_20260915_040013/artifacts/mint__Distribute_Expressions__Dist_Expression_2__Dist_Expression_2_fromMINT/metrics.json,Microfluidics-Benchmarks/Results/ilp_full_20260915_040013/logs/mint__Distribute_Expressions__Dist_Expression_2__Dist_Expression_2_fromMINT.log,Microfluidics-Benchmarks/Results/ilp_full_20260915_040013/artifacts/mint__Distribute_Expressions__Dist_Expression_2__Dist_Expression_2_fromMINT
256,mint,mint__Distribute_Expressions__Dist_Expression_3__Dist_Expression_3_fromMINT,Distribute_Expressions/Dist_Expression_3/Dist_Expression_3_fromMINT.json,/home/student/Desktop/Neptune_2026/Microfluidics-Benchmarks/Results/MINT-TestCases/Distribute_Expressions/Dist_Expression_3/Dist_Expression_3_fromMINT.json,ilp,success,,2.682,2.402846,0,optimal,True,1.1501758110243827,True,0,True,True,,10700.0,60840000.0,316840000.0,/home/student/Desktop/Neptune_2026/Microfluidics-Benchmarks/Results/ilp_full_20260915_040013/artifacts/mint__Distribute_Expressions__Dist_Expression_3__Dist_Expression_3_fromMINT/result_control.json,/home/student/Desktop/Neptune_2026/Microfluidics-Benchmarks/Results/ilp_full_20260915_040013/artifacts/mint__Distribute_Expressions__Dist_Expression_3__Dist_Expression_3_fromMINT/metrics.json,Microfluidics-Benchmarks/Results/ilp_full_20260915_040013/logs/mint__Distribute_Expressions__Dist_Expression_3__Dist_Expression_3_fromMINT.log,Microfluidics-Benchmarks/Results/ilp_full_20260915_040013/artifacts/mint__Distribute_Expressions__Dist_Expression_3__Dist_Expression_3_fromMINT
257,mint,mint__Distribute_Library__Cell_Traps_4__Cell_Traps_4_fromMINT,Distribute_Library/Cell_Traps_4/Cell_Traps_4_fromMINT.json,/home/student/Desktop/Neptune_2026/Microfluidics-Benchmarks/Results/MINT-TestCases/Distribute_Library/Cell_Traps_4/Cell_Traps_4_fromMINT.json,ilp,success,,1.23,0.944884,0,optimal,True,0.07631676900200546,True,0,False,True,,1000.0,5320000.0,157320000.0,/home/student/Desktop/Neptune_2026/Microfluidics-Benchmarks/Results/ilp_full_20260915_040013/artifacts/mint__Distribute_Library__Cell_Traps_4__Cell_Traps_4_fromMINT/result.json,/home/student/Desktop/Neptune_2026/Microfluidics-Benchmarks/Results/ilp_full_20260915_040013/artifacts/mint__Distribute_Library__Cell_Traps_4__Cell_Traps_4_fromMINT/metrics.json,Microfluidics-Benchmarks/Results/ilp_full_20260915_040013/logs/mint__Distribute_Library__Cell_Traps_4__Cell_Traps_4_fromMINT.log,Microfluidics-Benchmarks/Results/ilp_full_20260915_040013/artifacts/mint__Distribute_Library__Cell_Traps_4__Cell_Traps_4_fromMINT
258,mint,mint__Distribute_Library__Hv_Storage_Grid_04__Hv_Storage_Grid_04_fromMINT,Distribute_Library/Hv_Storage_Grid_04/Hv_Storage_Grid_04_fromMINT.json,/home/student/Desktop/Neptune_2026/Microfluidics-Benchmarks/Results/MINT-TestCases/Distribute_Library/Hv_Storage_Grid_04/Hv_Storage_Grid_04_fromMINT.json,ilp,success,,1.321,0.986149,0,optimal,True,0.09276267886161804,True,0,False,True,,1000.0,5320000.0,157320000.0,/home/student/Desktop/Neptune_2026/Microfluidics-Benchmarks/Results/ilp_full_20260915_040013/artifacts/mint__Distribute_Library__Hv_Storage_Grid_04__Hv_Storage_Grid_04_fromMINT/result.json,/home/student/Desktop/Neptune_2026/Microfluidics-Benchmarks/Results/ilp_full_20260915_040013/artifacts/mint__Distribute_Library__Hv_Storage_Grid_04__Hv_Storage_Grid_04_fromMINT/metrics.json,Microfluidics-Benchmarks/Results/ilp_full_20260915_040013/logs/mint__Distribute_Library__Hv_Storage_Grid_04__Hv_Storage_Grid_04_fromMINT.log,Microfluidics-Benchmarks/Results/ilp_full_20260915_040013/artifacts/mint__Distribute_Library__Hv_Storage_Grid_04__Hv_Storage_Grid_04_fromMINT
259,mint,mint__Distribute_Library__Hv_Storage_Grid_08__Hv_Storage_Grid_08_fromMINT,Distribute_Library/Hv_Storage_Grid_08/Hv_Storage_Grid_08_fromMINT.json,/home/student/Desktop/Neptune_2026/Microfluidics-Benchmarks/Results/MINT-TestCases/Distribute_Library/Hv_Storage_Grid_08/Hv_Storage_Grid_08_fromMINT.json,ilp,success,,1.231,0.929459,0,optimal,True,0.07540747290477157,True,0,False,True,,1000.0,5320000.0,157320000.0,/home/student/Desktop/Neptune_2026/Microfluidics-Benchmarks/Results/ilp_full_20260915_040013/artifacts/mint__Distribute_Library__Hv_Storage_Grid_08__Hv_Storage_Grid_08_fromMINT/result.json,/home/student/Desktop/Neptune_2026/Microfluidics-Benchmarks/Results/ilp_full_20260915_040013/artifacts/mint__Distribute_Library__Hv_Storage_Grid_08__Hv_Storage_Grid_08_fromMINT/metrics.json,Microfluidics-Benchmarks/Results/ilp_full_20260915_040013/logs/mint__Distribute_Library__Hv_Storage_Grid_08__Hv_Storage_Grid_08_fromMINT.log,Microfluidics-Benchmarks/Results/ilp_full_20260915_040013/artifacts/mint__Distribute_Library__Hv_Storage_Grid_08__Hv_Storage_Grid_08_fromMINT
260,mint,mint__Distribute_Library__Hv_Storage_Grid_16__Hv_Storage_Grid_16_fromMINT,Distribute_Library/Hv_Storage_Grid_16/Hv_Storage_Grid_16_fromMINT.json,/home/student/Desktop/Neptune_2026/Microfluidics-Benchmarks/Results/MINT-TestCases/Distribute_Library/Hv_Storage_Grid_16/Hv_Storage_Grid_16_fromMINT.json,ilp,success,,1.325,0.995102,0,optimal,True,0.09082031110301614,True,0,False,True,,1000.0,5320000.0,157320000.0,/home/student/Desktop/Neptune_2026/Microfluidics-Benchmarks/Results/ilp_full_20260915_040013/artifacts/mint__Distribute_Library__Hv_Storage_Grid_16__Hv_Storage_Grid_16_fromMINT/result.json,/home/student/Desktop/Neptune_2026/Microfluidics-Benchmarks/Results/ilp_full_20260915_040013/artifacts/mint__Distribute_Library__Hv_Storage_Grid_16__Hv_Storage_Grid_16_fromMINT/metrics.json,Microfluidics-Benchmarks/Results/ilp_full_20260915_040013/logs/mint__Distribute_Library__Hv_Storage_Grid_16__Hv_Storage_Grid_16_fromMINT.log,Microfluidics-Benchmarks/Results/ilp_full_20260915_040013/artifacts/mint__Distribute_Library__Hv_Storage_Grid_16__Hv_Storage_Grid_16_fromMINT
261,mint,mint__Distribute_Library__Hv_Storage_Grid_32__Hv_Storage_Grid_32_fromMINT,Distribute_Library/Hv_Storage_Grid_32/Hv_Storage_Grid_32_fromMINT.json,/home/student/Desktop/Neptune_2026/Microfluidics-Benchmarks/Results/MINT-TestCases/Distribute_Library/Hv_Storage_Grid_32/Hv_Storage_Grid_32_fromMINT.json,ilp,success,,1.235,0.937989,0,optimal,True,0.0758227079641074,True,0,False,True,,1000.0,5320000.0,157320000.0,/home/student/Desktop/Neptune_2026/Microfluidics-Benchmarks/Results/ilp_full_20260915_040013/artifacts/mint__Distribute_Library__Hv_Storage_Grid_32__Hv_Storage_Grid_32_fromMINT/result.json,/home/student/Desktop/Neptune_2026/Microfluidics-Benchmarks/Results/ilp_full_20260915_040013/artifacts/mint__Distribute_Library__Hv_Storage_Grid_32__Hv_Storage_Grid_32_fromMINT/metrics.json,Microfluidics-Benchmarks/Results/ilp_full_20260915_040013/logs/mint__Distribute_Library__Hv_Storage_Grid_32__Hv_Storage_Grid_32_fromMINT.log,Microfluidics-Benchmarks/Results/ilp_full_20260915_040013/artifacts/mint__Distribute_Library__Hv_Storage_Grid_32__Hv_Storage_Grid_32_fromMINT
262,mint,mint__Distribute_Library__Hv_Storage_Grid_64__Hv_Storage_Grid_64_fromMINT,Distribute_Library/Hv_Storage_Grid_64/Hv_Storage_Grid_64_fromMINT.json,/home/student/Desktop/Neptune_2026/Microfluidics-Benchmarks/Results/MINT-TestCases/Distribute_Library/Hv_Storage_Grid_64/Hv_Storage_Grid_64_fromMINT.json,ilp,success,,1.229,0.940708,0,optimal,True,0.08195505081675947,True,0,False,True,,1000.0,5320000.0,157320000.0,/home/student/Desktop/Neptune_2026/Microfluidics-Benchmarks/Results/ilp_full_20260915_040013/artifacts/mint__Distribute_Library__Hv_Storage_Grid_64__Hv_Storage_Grid_64_fromMINT/result.json,/home/student/Desktop/Neptune_2026/Microfluidics-Benchmarks/Results/ilp_full_20260915_040013/artifacts/mint__Distribute_Library__Hv_Storage_Grid_64__Hv_Storage_Grid_64_fromMINT/metrics.json,Microfluidics-Benchmarks/Results/ilp_full_20260915_040013/logs/mint__Distribute_Library__Hv_Storage_Grid_64__Hv_Storage_Grid_64_fromMINT.log,Microfluidics-Benchmarks/Results/ilp_full_20260915_040013/artifacts/mint__Distribute_Library__Hv_Storage_Grid_64__Hv_Storage_Grid_64_fromMINT
263,mint,mint__Distribute_Library__Mux_02_In__Mux_02_In_fromMINT,Distribute_Library/Mux_02_In/Mux_02_In_fromMINT.json,/home/student/Desktop/Neptune_2026/Microfluidics-Benchmarks/Results/MINT-TestCases/Distribute_Library/Mux_02_In/Mux_02_In_fromMINT.json,ilp,success,,2.278,2.006196,0,optimal,True,0.6438374069985002,True,0,True,True,,11400.0,29820000.0,292820000.0,/home/student/Desktop/Neptune_2026/Microfluidics-Benchmarks/Results/ilp_full_20260915_040013/artifacts/mint__Distribute_Library__Mux_02_In__Mux_02_In_fromMINT/result_control.json,/home/student/Desktop/Neptune_2026/Microfluidics-Benchmarks/Results/ilp_full_20260915_040013/artifacts/mint__Distribute_Library__Mux_02_In__Mux_02_In_fromMINT/metrics.json,Microfluidics-Benchmarks/Results/ilp_full_20260915_040013/logs/mint__Distribute_Library__Mux_02_In__Mux_02_In_fromMINT.log,Microfluidics-Benchmarks/Results/ilp_full_20260915_040013/artifacts/mint__Distribute_Library__Mux_02_In__Mux_02_In_fromMINT
264,mint,mint__Distribute_Library__Mux_02_Out__Mux_02_Out_fromMINT,Distribute_Library/Mux_02_Out/Mux_02_Out_fromMINT.json,/home/student/Desktop/Neptune_2026/Microfluidics-Benchmarks/Results/MINT-TestCases/Distribute_Library/Mux_02_Out/Mux_02_Out_fromMINT.json,ilp,success,,2.426,2.130228,0,optimal,True,0.7248508289922029,True,0,True,True,,11400.0,29820000.0,292820000.0,/home/student/Desktop/Neptune_2026/Microfluidics-Benchmarks/Results/ilp_full_20260915_040013/artifacts/mint__Distribute_Library__Mux_02_Out__Mux_02_Out_fromMINT/result_control.json,/home/student/Desktop/Neptune_2026/Microfluidics-Benchmarks/Results/ilp_full_20260915_040013/artifacts/mint__Distribute_Library__Mux_02_Out__Mux_02_Out_fromMINT/metrics.json,Microfluidics-Benchmarks/Results/ilp_full_20260915_040013/logs/mint__Distribute_Library__Mux_02_Out__Mux_02_Out_fromMINT.log,Microfluidics-Benchmarks/Results/ilp_full_20260915_040013/artifacts/mint__Distribute_Library__Mux_02_Out__Mux_02_Out_fromMINT
265,mint,mint__Distribute_Library__Mux_04_In__Mux_04_In_fromMINT,Distribute_Library/Mux_04_In/Mux_04_In_fromMINT.json,/home/student/Desktop/Neptune_2026/Microfluidics-Benchmarks/Results/MINT-TestCases/Distribute_Library/Mux_04_In/Mux_04_In_fromMINT.json,ilp,timeout,exceeded 1800s,1800.067,,,,,,,,,,,,,,,,Microfluidics-Benchmarks/Results/ilp_full_20260915_040013/logs/mint__Distribute_Library__Mux_04_In__Mux_04_In_fromMINT.log,Microfluidics-Benchmarks/Results/ilp_full_20260915_040013/artifacts/mint__Distribute_Library__Mux_04_In__Mux_04_In_fromMINT
266,mint,mint__Distribute_Library__Mux_04_Out__Mux_04_Out_fromMINT,Distribute_Library/Mux_04_Out/Mux_04_Out_fromMINT.json,/home/student/Desktop/Neptune_2026/Microfluidics-Benchmarks/Results/MINT-TestCases/Distribute_Library/Mux_04_Out/Mux_04_Out_fromMINT.json,ilp,fail,RuntimeError: DRC violations: control_route: layer-1 connection 'Ctrlchannel_1' has a sentinel or missing route,512.826,512.51205,1,optimal,True,508.6805113928858,False,1,True,False,,33400.0,110760000.0,430760000.0,/home/student/Desktop/Neptune_2026/Microfluidics-Benchmarks/Results/ilp_full_20260915_040013/artifacts/mint__Distribute_Library__Mux_04_Out__Mux_04_Out_fromMINT/result_control.json,/home/student/Desktop/Neptune_2026/Microfluidics-Benchmarks/Results/ilp_full_20260915_040013/artifacts/mint__Distribute_Library__Mux_04_Out__Mux_04_Out_fromMINT/metrics.json,Microfluidics-Benchmarks/Results/ilp_full_20260915_040013/logs/mint__Distribute_Library__Mux_04_Out__Mux_04_Out_fromMINT.log,Microfluidics-Benchmarks/Results/ilp_full_20260915_040013/artifacts/mint__Distribute_Library__Mux_04_Out__Mux_04_Out_fromMINT
267,mint,mint__Distribute_Library__Mux_08_In__Mux_08_In_fromMINT,Distribute_Library/Mux_08_In/Mux_08_In_fromMINT.json,/home/student/Desktop/Neptune_2026/Microfluidics-Benchmarks/Results/MINT-TestCases/Distribute_Library/Mux_08_In/Mux_08_In_fromMINT.json,ilp,timeout,exceeded 1800s,1800.13,,,,,,,,,,,,,,,,Microfluidics-Benchmarks/Results/ilp_full_20260915_040013/logs/mint__Distribute_Library__Mux_08_In__Mux_08_In_fromMINT.log,Microfluidics-Benchmarks/Results/ilp_full_20260915_040013/artifacts/mint__Distribute_Library__Mux_08_In__Mux_08_In_fromMINT
268,mint,mint__Distribute_Library__Mux_08_Out__Mux_08_Out_fromMINT,Distribute_Library/Mux_08_Out/Mux_08_Out_fromMINT.json,/home/student/Desktop/Neptune_2026/Microfluidics-Benchmarks/Results/MINT-TestCases/Distribute_Library/Mux_08_Out/Mux_08_Out_fromMINT.json,ilp,timeout,exceeded 1800s,1800.076,,,,,,,,,,,,,,,,Microfluidics-Benchmarks/Results/ilp_full_20260915_040013/logs/mint__Distribute_Library__Mux_08_Out__Mux_08_Out_fromMINT.log,Microfluidics-Benchmarks/Results/ilp_full_20260915_040013/artifacts/mint__Distribute_Library__Mux_08_Out__Mux_08_Out_fromMINT
269,mint,mint__Distribute_Library__Mux_16_In__Mux_16_In_fromMINT,Distribute_Library/Mux_16_In/Mux_16_In_fromMINT.json,/home/student/Desktop/Neptune_2026/Microfluidics-Benchmarks/Results/MINT-TestCases/Distribute_Library/Mux_16_In/Mux_16_In_fromMINT.json,ilp,timeout,exceeded 1800s,1800.073,,,,,,,,,,,,,,,,Microfluidics-Benchmarks/Results/ilp_full_20260915_040013/logs/mint__Distribute_Library__Mux_16_In__Mux_16_In_fromMINT.log,Microfluidics-Benchmarks/Results/ilp_full_20260915_040013/artifacts/mint__Distribute_Library__Mux_16_In__Mux_16_In_fromMINT
270,mint,mint__Distribute_Library__Mux_16_Out__Mux_16_Out_fromMINT,Distribute_Library/Mux_16_Out/Mux_16_Out_fromMINT.json,/home/student/Desktop/Neptune_2026/Microfluidics-Benchmarks/Results/MINT-TestCases/Distribute_Library/Mux_16_Out/Mux_16_Out_fromMINT.json,ilp,timeout,exceeded 1800s,1800.067,,,,,,,,,,,,,,,,Microfluidics-Benchmarks/Results/ilp_full_20260915_040013/logs/mint__Distribute_Library__Mux_16_Out__Mux_16_Out_fromMINT.log,Microfluidics-Benchmarks/Results/ilp_full_20260915_040013/artifacts/mint__Distribute_Library__Mux_16_Out__Mux_16_Out_fromMINT
271,mint,mint__Distribute_Library__Mux_32_In__Mux_32_In_fromMINT,Distribute_Library/Mux_32_In/Mux_32_In_fromMINT.json,/home/student/Desktop/Neptune_2026/Microfluidics-Benchmarks/Results/MINT-TestCases/Distribute_Library/Mux_32_In/Mux_32_In_fromMINT.json,ilp,timeout,exceeded 1800s,1800.116,,,,,,,,,,,,,,,,Microfluidics-Benchmarks/Results/ilp_full_20260915_040013/logs/mint__Distribute_Library__Mux_32_In__Mux_32_In_fromMINT.log,Microfluidics-Benchmarks/Results/ilp_full_20260915_040013/artifacts/mint__Distribute_Library__Mux_32_In__Mux_32_In_fromMINT
272,mint,mint__Distribute_Library__Mux_32_Out__Mux_32_Out_fromMINT,Distribute_Library/Mux_32_Out/Mux_32_Out_fromMINT.json,/home/student/Desktop/Neptune_2026/Microfluidics-Benchmarks/Results/MINT-TestCases/Distribute_Library/Mux_32_Out/Mux_32_Out_fromMINT.json,ilp,timeout,exceeded 1800s,1800.118,,,,,,,,,,,,,,,,Microfluidics-Benchmarks/Results/ilp_full_20260915_040013/logs/mint__Distribute_Library__Mux_32_Out__Mux_32_Out_fromMINT.log,Microfluidics-Benchmarks/Results/ilp_full_20260915_040013/artifacts/mint__Distribute_Library__Mux_32_Out__Mux_32_Out_fromMINT
273,mint,mint__Distribute_Library__Mux_64_In__Mux_64_In_fromMINT,Distribute_Library/Mux_64_In/Mux_64_In_fromMINT.json,/home/student/Desktop/Neptune_2026/Microfluidics-Benchmarks/Results/MINT-TestCases/Distribute_Library/Mux_64_In/Mux_64_In_fromMINT.json,ilp,timeout,exceeded 1800s,1800.267,,,,,,,,,,,,,,,,Microfluidics-Benchmarks/Results/ilp_full_20260915_040013/logs/mint__Distribute_Library__Mux_64_In__Mux_64_In_fromMINT.log,Microfluidics-Benchmarks/Results/ilp_full_20260915_040013/artifacts/mint__Distribute_Library__Mux_64_In__Mux_64_In_fromMINT
274,mint,mint__Distribute_Library__Mux_64_Out__Mux_64_Out_fromMINT,Distribute_Library/Mux_64_Out/Mux_64_Out_fromMINT.json,/home/student/Desktop/Neptune_2026/Microfluidics-Benchmarks/Results/MINT-TestCases/Distribute_Library/Mux_64_Out/Mux_64_Out_fromMINT.json,ilp,timeout,exceeded 1800s,1800.267,,,,,,,,,,,,,,,,Microfluidics-Benchmarks/Results/ilp_full_20260915_040013/logs/mint__Distribute_Library__Mux_64_Out__Mux_64_Out_fromMINT.log,Microfluidics-Benchmarks/Results/ilp_full_20260915_040013/artifacts/mint__Distribute_Library__Mux_64_Out__Mux_64_Out_fromMINT
275,mint,mint__Distribute_Library__Single_Storage_Grid_01__Single_Storage_Grid_01_fromMINT,Distribute_Library/Single_Storage_Grid_01/Single_Storage_Grid_01_fromMINT.json,/home/student/Desktop/Neptune_2026/Microfluidics-Benchmarks/Results/MINT-TestCases/Distribute_Library/Single_Storage_Grid_01/Single_Storage_Grid_01_fromMINT.json,ilp,success,,1.286,0.989162,0,optimal,True,0.11730094207450747,True,0,False,True,,1000.0,5320000.0,157320000.0,/home/student/Desktop/Neptune_2026/Microfluidics-Benchmarks/Results/ilp_full_20260915_040013/artifacts/mint__Distribute_Library__Single_Storage_Grid_01__Single_Storage_Grid_01_fromMINT/result.json,/home/student/Desktop/Neptune_2026/Microfluidics-Benchmarks/Results/ilp_full_20260915_040013/artifacts/mint__Distribute_Library__Single_Storage_Grid_01__Single_Storage_Grid_01_fromMINT/metrics.json,Microfluidics-Benchmarks/Results/ilp_full_20260915_040013/logs/mint__Distribute_Library__Single_Storage_Grid_01__Single_Storage_Grid_01_fromMINT.log,Microfluidics-Benchmarks/Results/ilp_full_20260915_040013/artifacts/mint__Distribute_Library__Single_Storage_Grid_01__Single_Storage_Grid_01_fromMINT
276,mint,mint__Distribute_Library__Single_Storage_Grid_02__Single_Storage_Grid_02_fromMINT,Distribute_Library/Single_Storage_Grid_02/Single_Storage_Grid_02_fromMINT.json,/home/student/Desktop/Neptune_2026/Microfluidics-Benchmarks/Results/MINT-TestCases/Distribute_Library/Single_Storage_Grid_02/Single_Storage_Grid_02_fromMINT.json,ilp,success,,1.221,0.95079,0,optimal,True,0.07688887603580952,True,0,False,True,,1000.0,5320000.0,157320000.0,/home/student/Desktop/Neptune_2026/Microfluidics-Benchmarks/Results/ilp_full_20260915_040013/artifacts/mint__Distribute_Library__Single_Storage_Grid_02__Single_Storage_Grid_02_fromMINT/result.json,/home/student/Desktop/Neptune_2026/Microfluidics-Benchmarks/Results/ilp_full_20260915_040013/artifacts/mint__Distribute_Library__Single_Storage_Grid_02__Single_Storage_Grid_02_fromMINT/metrics.json,Microfluidics-Benchmarks/Results/ilp_full_20260915_040013/logs/mint__Distribute_Library__Single_Storage_Grid_02__Single_Storage_Grid_02_fromMINT.log,Microfluidics-Benchmarks/Results/ilp_full_20260915_040013/artifacts/mint__Distribute_Library__Single_Storage_Grid_02__Single_Storage_Grid_02_fromMINT
277,mint,mint__Distribute_Library__Single_Storage_Grid_04__Single_Storage_Grid_04_fromMINT,Distribute_Library/Single_Storage_Grid_04/Single_Storage_Grid_04_fromMINT.json,/home/student/Desktop/Neptune_2026/Microfluidics-Benchmarks/Results/MINT-TestCases/Distribute_Library/Single_Storage_Grid_04/Single_Storage_Grid_04_fromMINT.json,ilp,success,,1.337,1.002599,0,optimal,True,0.09024260798469186,True,0,False,True,,1000.0,5320000.0,157320000.0,/home/student/Desktop/Neptune_2026/Microfluidics-Benchmarks/Results/ilp_full_20260915_040013/artifacts/mint__Distribute_Library__Single_Storage_Grid_04__Single_Storage_Grid_04_fromMINT/result.json,/home/student/Desktop/Neptune_2026/Microfluidics-Benchmarks/Results/ilp_full_20260915_040013/artifacts/mint__Distribute_Library__Single_Storage_Grid_04__Single_Storage_Grid_04_fromMINT/metrics.json,Microfluidics-Benchmarks/Results/ilp_full_20260915_040013/logs/mint__Distribute_Library__Single_Storage_Grid_04__Single_Storage_Grid_04_fromMINT.log,Microfluidics-Benchmarks/Results/ilp_full_20260915_040013/artifacts/mint__Distribute_Library__Single_Storage_Grid_04__Single_Storage_Grid_04_fromMINT
278,mint,mint__Distribute_Library__Single_Storage_Grid_08__Single_Storage_Grid_08_fromMINT,Distribute_Library/Single_Storage_Grid_08/Single_Storage_Grid_08_fromMINT.json,/home/student/Desktop/Neptune_2026/Microfluidics-Benchmarks/Results/MINT-TestCases/Distribute_Library/Single_Storage_Grid_08/Single_Storage_Grid_08_fromMINT.json,ilp,success,,1.272,0.98868,0,optimal,True,0.11491071502678096,True,0,False,True,,1000.0,5320000.0,157320000.0,/home/student/Desktop/Neptune_2026/Microfluidics-Benchmarks/Results/ilp_full_20260915_040013/artifacts/mint__Distribute_Library__Single_Storage_Grid_08__Single_Storage_Grid_08_fromMINT/result.json,/home/student/Desktop/Neptune_2026/Microfluidics-Benchmarks/Results/ilp_full_20260915_040013/artifacts/mint__Distribute_Library__Single_Storage_Grid_08__Single_Storage_Grid_08_fromMINT/metrics.json,Microfluidics-Benchmarks/Results/ilp_full_20260915_040013/logs/mint__Distribute_Library__Single_Storage_Grid_08__Single_Storage_Grid_08_fromMINT.log,Microfluidics-Benchmarks/Results/ilp_full_20260915_040013/artifacts/mint__Distribute_Library__Single_Storage_Grid_08__Single_Storage_Grid_08_fromMINT
279,mint,mint__Distribute_Library__Single_Storage_Grid_16__Single_Storage_Grid_16_fromMINT,Distribute_Library/Single_Storage_Grid_16/Single_Storage_Grid_16_fromMINT.json,/home/student/Desktop/Neptune_2026/Microfluidics-Benchmarks/Results/MINT-TestCases/Distribute_Library/Single_Storage_Grid_16/Single_Storage_Grid_16_fromMINT.json,ilp,success,,1.225,0.94204,0,optimal,True,0.07673434191383421,True,0,False,True,,1000.0,5320000.0,157320000.0,/home/student/Desktop/Neptune_2026/Microfluidics-Benchmarks/Results/ilp_full_20260915_040013/artifacts/mint__Distribute_Library__Single_Storage_Grid_16__Single_Storage_Grid_16_fromMINT/result.json,/home/student/Desktop/Neptune_2026/Microfluidics-Benchmarks/Results/ilp_full_20260915_040013/artifacts/mint__Distribute_Library__Single_Storage_Grid_16__Single_Storage_Grid_16_fromMINT/metrics.json,Microfluidics-Benchmarks/Results/ilp_full_20260915_040013/logs/mint__Distribute_Library__Single_Storage_Grid_16__Single_Storage_Grid_16_fromMINT.log,Microfluidics-Benchmarks/Results/ilp_full_20260915_040013/artifacts/mint__Distribute_Library__Single_Storage_Grid_16__Single_Storage_Grid_16_fromMINT
280,mint,mint__Distribute_Library__Single_Storage_Grid_32__Single_Storage_Grid_32_fromMINT,Distribute_Library/Single_Storage_Grid_32/Single_Storage_Grid_32_fromMINT.json,/home/student/Desktop/Neptune_2026/Microfluidics-Benchmarks/Results/MINT-TestCases/Distribute_Library/Single_Storage_Grid_32/Single_Storage_Grid_32_fromMINT.json,ilp,success,,1.23,0.949306,0,optimal,True,0.07564377412199974,True,0,False,True,,1000.0,5320000.0,157320000.0,/home/student/Desktop/Neptune_2026/Microfluidics-Benchmarks/Results/ilp_full_20260915_040013/artifacts/mint__Distribute_Library__Single_Storage_Grid_32__Single_Storage_Grid_32_fromMINT/result.json,/home/student/Desktop/Neptune_2026/Microfluidics-Benchmarks/Results/ilp_full_20260915_040013/artifacts/mint__Distribute_Library__Single_Storage_Grid_32__Single_Storage_Grid_32_fromMINT/metrics.json,Microfluidics-Benchmarks/Results/ilp_full_20260915_040013/logs/mint__Distribute_Library__Single_Storage_Grid_32__Single_Storage_Grid_32_fromMINT.log,Microfluidics-Benchmarks/Results/ilp_full_20260915_040013/artifacts/mint__Distribute_Library__Single_Storage_Grid_32__Single_Storage_Grid_32_fromMINT
281,mint,mint__Distribute_Library__Single_Storage_Grid_64__Single_Storage_Grid_64_fromMINT,Distribute_Library/Single_Storage_Grid_64/Single_Storage_Grid_64_fromMINT.json,/home/student/Desktop/Neptune_2026/Microfluidics-Benchmarks/Results/MINT-TestCases/Distribute_Library/Single_Storage_Grid_64/Single_Storage_Grid_64_fromMINT.json,ilp,success,,1.225,0.953367,0,optimal,True,0.07681488990783691,True,0,False,True,,1000.0,5320000.0,157320000.0,/home/student/Desktop/Neptune_2026/Microfluidics-Benchmarks/Results/ilp_full_20260915_040013/artifacts/mint__Distribute_Library__Single_Storage_Grid_64__Single_Storage_Grid_64_fromMINT/result.json,/home/student/Desktop/Neptune_2026/Microfluidics-Benchmarks/Results/ilp_full_20260915_040013/artifacts/mint__Distribute_Library__Single_Storage_Grid_64__Single_Storage_Grid_64_fromMINT/metrics.json,Microfluidics-Benchmarks/Results/ilp_full_20260915_040013/logs/mint__Distribute_Library__Single_Storage_Grid_64__Single_Storage_Grid_64_fromMINT.log,Microfluidics-Benchmarks/Results/ilp_full_20260915_040013/artifacts/mint__Distribute_Library__Single_Storage_Grid_64__Single_Storage_Grid_64_fromMINT
282,mint,mint__Distribute_Library__Transposer_02__Transposer_02_fromMINT,Distribute_Library/Transposer_02/Transposer_02_fromMINT.json,/home/student/Desktop/Neptune_2026/Microfluidics-Benchmarks/Results/MINT-TestCases/Distribute_Library/Transposer_02/Transposer_02_fromMINT.json,ilp,success,,52.926,52.637488,0,optimal,True,43.97781542688608,True,0,True,True,,45400.0,173880000.0,542880000.0,/home/student/Desktop/Neptune_2026/Microfluidics-Benchmarks/Results/ilp_full_20260915_040013/artifacts/mint__Distribute_Library__Transposer_02__Transposer_02_fromMINT/result_control.json,/home/student/Desktop/Neptune_2026/Microfluidics-Benchmarks/Results/ilp_full_20260915_040013/artifacts/mint__Distribute_Library__Transposer_02__Transposer_02_fromMINT/metrics.json,Microfluidics-Benchmarks/Results/ilp_full_20260915_040013/logs/mint__Distribute_Library__Transposer_02__Transposer_02_fromMINT.log,Microfluidics-Benchmarks/Results/ilp_full_20260915_040013/artifacts/mint__Distribute_Library__Transposer_02__Transposer_02_fromMINT
283,mint,mint__Distribute_Library__Transposer_03__Transposer_03_fromMINT,Distribute_Library/Transposer_03/Transposer_03_fromMINT.json,/home/student/Desktop/Neptune_2026/Microfluidics-Benchmarks/Results/MINT-TestCases/Distribute_Library/Transposer_03/Transposer_03_fromMINT.json,ilp,timeout,exceeded 1800s,1800.043,,,,,,,,,,,,,,,,Microfluidics-Benchmarks/Results/ilp_full_20260915_040013/logs/mint__Distribute_Library__Transposer_03__Transposer_03_fromMINT.log,Microfluidics-Benchmarks/Results/ilp_full_20260915_040013/artifacts/mint__Distribute_Library__Transposer_03__Transposer_03_fromMINT
284,mint,mint__Distribute_Library__Transposer_04__Transposer_04_fromMINT,Distribute_Library/Transposer_04/Transposer_04_fromMINT.json,/home/student/Desktop/Neptune_2026/Microfluidics-Benchmarks/Results/MINT-TestCases/Distribute_Library/Transposer_04/Transposer_04_fromMINT.json,ilp,timeout,exceeded 1800s,1800.045,,,,,,,,,,,,,,,,Microfluidics-Benchmarks/Results/ilp_full_20260915_040013/logs/mint__Distribute_Library__Transposer_04__Transposer_04_fromMINT.log,Microfluidics-Benchmarks/Results/ilp_full_20260915_040013/artifacts/mint__Distribute_Library__Transposer_04__Transposer_04_fromMINT
285,mint,mint__Distribute_Library__Transposer_08__Transposer_08_fromMINT,Distribute_Library/Transposer_08/Transposer_08_fromMINT.json,/home/student/Desktop/Neptune_2026/Microfluidics-Benchmarks/Results/MINT-TestCases/Distribute_Library/Transposer_08/Transposer_08_fromMINT.json,ilp,success,,1.322,0.975213,0,optimal,True,0.08878469001501799,True,0,False,True,,1000.0,5320000.0,157320000.0,/home/student/Desktop/Neptune_2026/Microfluidics-Benchmarks/Results/ilp_full_20260915_040013/artifacts/mint__Distribute_Library__Transposer_08__Transposer_08_fromMINT/result.json,/home/student/Desktop/Neptune_2026/Microfluidics-Benchmarks/Results/ilp_full_20260915_040013/artifacts/mint__Distribute_Library__Transposer_08__Transposer_08_fromMINT/metrics.json,Microfluidics-Benchmarks/Results/ilp_full_20260915_040013/logs/mint__Distribute_Library__Transposer_08__Transposer_08_fromMINT.log,Microfluidics-Benchmarks/Results/ilp_full_20260915_040013/artifacts/mint__Distribute_Library__Transposer_08__Transposer_08_fromMINT
286,mint,mint__Distribute_Library__Transposer_16__Transposer_16_fromMINT,Distribute_Library/Transposer_16/Transposer_16_fromMINT.json,/home/student/Desktop/Neptune_2026/Microfluidics-Benchmarks/Results/MINT-TestCases/Distribute_Library/Transposer_16/Transposer_16_fromMINT.json,ilp,success,,1.322,0.993663,0,optimal,True,0.09352155798114836,True,0,False,True,,1000.0,5320000.0,157320000.0,/home/student/Desktop/Neptune_2026/Microfluidics-Benchmarks/Results/ilp_full_20260915_040013/artifacts/mint__Distribute_Library__Transposer_16__Transposer_16_fromMINT/result.json,/home/student/Desktop/Neptune_2026/Microfluidics-Benchmarks/Results/ilp_full_20260915_040013/artifacts/mint__Distribute_Library__Transposer_16__Transposer_16_fromMINT/metrics.json,Microfluidics-Benchmarks/Results/ilp_full_20260915_040013/logs/mint__Distribute_Library__Transposer_16__Transposer_16_fromMINT.log,Microfluidics-Benchmarks/Results/ilp_full_20260915_040013/artifacts/mint__Distribute_Library__Transposer_16__Transposer_16_fromMINT
287,mint,mint__Distribute_Library__Transposer_32__Transposer_32_fromMINT,Distribute_Library/Transposer_32/Transposer_32_fromMINT.json,/home/student/Desktop/Neptune_2026/Microfluidics-Benchmarks/Results/MINT-TestCases/Distribute_Library/Transposer_32/Transposer_32_fromMINT.json,ilp,success,,1.186,0.915843,0,optimal,True,0.07542776712216437,True,0,False,True,,1000.0,5320000.0,157320000.0,/home/student/Desktop/Neptune_2026/Microfluidics-Benchmarks/Results/ilp_full_20260915_040013/artifacts/mint__Distribute_Library__Transposer_32__Transposer_32_fromMINT/result.json,/home/student/Desktop/Neptune_2026/Microfluidics-Benchmarks/Results/ilp_full_20260915_040013/artifacts/mint__Distribute_Library__Transposer_32__Transposer_32_fromMINT/metrics.json,Microfluidics-Benchmarks/Results/ilp_full_20260915_040013/logs/mint__Distribute_Library__Transposer_32__Transposer_32_fromMINT.log,Microfluidics-Benchmarks/Results/ilp_full_20260915_040013/artifacts/mint__Distribute_Library__Transposer_32__Transposer_32_fromMINT
288,mint,mint__Distribute_Library__Transposer_64__Transposer_64_fromMINT,Distribute_Library/Transposer_64/Transposer_64_fromMINT.json,/home/student/Desktop/Neptune_2026/Microfluidics-Benchmarks/Results/MINT-TestCases/Distribute_Library/Transposer_64/Transposer_64_fromMINT.json,ilp,success,,1.18,0.912985,0,optimal,True,0.07549126679077744,True,0,False,True,,1000.0,5320000.0,157320000.0,/home/student/Desktop/Neptune_2026/Microfluidics-Benchmarks/Results/ilp_full_20260915_040013/artifacts/mint__Distribute_Library__Transposer_64__Transposer_64_fromMINT/result.json,/home/student/Desktop/Neptune_2026/Microfluidics-Benchmarks/Results/ilp_full_20260915_040013/artifacts/mint__Distribute_Library__Transposer_64__Transposer_64_fromMINT/metrics.json,Microfluidics-Benchmarks/Results/ilp_full_20260915_040013/logs/mint__Distribute_Library__Transposer_64__Transposer_64_fromMINT.log,Microfluidics-Benchmarks/Results/ilp_full_20260915_040013/artifacts/mint__Distribute_Library__Transposer_64__Transposer_64_fromMINT
289,mint,mint__Drop_Ref__Droplet_Generator_1__Droplet_Generator_1_fromMINT,Drop_Ref/Droplet_Generator_1/Droplet_Generator_1_fromMINT.json,/home/student/Desktop/Neptune_2026/Microfluidics-Benchmarks/Results/MINT-TestCases/Drop_Ref/Droplet_Generator_1/Droplet_Generator_1_fromMINT.json,ilp,fail,RuntimeError: DRC violations: channel_spacing: channels of connections 'channel_2' and 'channel_3' violate the 1000 edge-to-edge clearance; channel_spacing: channels of connections 'channel_2' and 'channel_4' violate the 1000 edge-to-edge clearance; channel_spacing: channels of connections 'channel_3' and 'channel_4' violate the 1000 edge-to-edge clearance,6.49,6.19863,1,optimal,True,5.317097703926265,False,3,False,True,,4300.0,65340000.0,340340000.0,/home/student/Desktop/Neptune_2026/Microfluidics-Benchmarks/Results/ilp_full_20260915_040013/artifacts/mint__Drop_Ref__Droplet_Generator_1__Droplet_Generator_1_fromMINT/result.json,/home/student/Desktop/Neptune_2026/Microfluidics-Benchmarks/Results/ilp_full_20260915_040013/artifacts/mint__Drop_Ref__Droplet_Generator_1__Droplet_Generator_1_fromMINT/metrics.json,Microfluidics-Benchmarks/Results/ilp_full_20260915_040013/logs/mint__Drop_Ref__Droplet_Generator_1__Droplet_Generator_1_fromMINT.log,Microfluidics-Benchmarks/Results/ilp_full_20260915_040013/artifacts/mint__Drop_Ref__Droplet_Generator_1__Droplet_Generator_1_fromMINT
290,mint,mint__Drop_Ref__Droplet_Generator_2__Droplet_Generator_2_fromMINT,Drop_Ref/Droplet_Generator_2/Droplet_Generator_2_fromMINT.json,/home/student/Desktop/Neptune_2026/Microfluidics-Benchmarks/Results/MINT-TestCases/Drop_Ref/Droplet_Generator_2/Droplet_Generator_2_fromMINT.json,ilp,timeout,exceeded 1800s,1800.066,,,,,,,,,,,,,,,,Microfluidics-Benchmarks/Results/ilp_full_20260915_040013/logs/mint__Drop_Ref__Droplet_Generator_2__Droplet_Generator_2_fromMINT.log,Microfluidics-Benchmarks/Results/ilp_full_20260915_040013/artifacts/mint__Drop_Ref__Droplet_Generator_2__Droplet_Generator_2_fromMINT
291,mint,mint__Drop_Ref__Droplet_Generator_3__Droplet_Generator_3_fromMINT,Drop_Ref/Droplet_Generator_3/Droplet_Generator_3_fromMINT.json,/home/student/Desktop/Neptune_2026/Microfluidics-Benchmarks/Results/MINT-TestCases/Drop_Ref/Droplet_Generator_3/Droplet_Generator_3_fromMINT.json,ilp,timeout,exceeded 1800s,1800.066,,,,,,,,,,,,,,,,Microfluidics-Benchmarks/Results/ilp_full_20260915_040013/logs/mint__Drop_Ref__Droplet_Generator_3__Droplet_Generator_3_fromMINT.log,Microfluidics-Benchmarks/Results/ilp_full_20260915_040013/artifacts/mint__Drop_Ref__Droplet_Generator_3__Droplet_Generator_3_fromMINT
292,mint,mint__Drop_Ref__Droplet_Generator_4__Droplet_Generator_4_fromMINT,Drop_Ref/Droplet_Generator_4/Droplet_Generator_4_fromMINT.json,/home/student/Desktop/Neptune_2026/Microfluidics-Benchmarks/Results/MINT-TestCases/Drop_Ref/Droplet_Generator_4/Droplet_Generator_4_fromMINT.json,ilp,timeout,exceeded 1800s,1800.08,,,,,,,,,,,,,,,,Microfluidics-Benchmarks/Results/ilp_full_20260915_040013/logs/mint__Drop_Ref__Droplet_Generator_4__Droplet_Generator_4_fromMINT.log,Microfluidics-Benchmarks/Results/ilp_full_20260915_040013/artifacts/mint__Drop_Ref__Droplet_Generator_4__Droplet_Generator_4_fromMINT
293,mint,mint__Drop_Ref__Dropx_Test_1__Dropx_Test_1_fromMINT,Drop_Ref/Dropx_Test_1/Dropx_Test_1_fromMINT.json,/home/student/Desktop/Neptune_2026/Microfluidics-Benchmarks/Results/MINT-TestCases/Drop_Ref/Dropx_Test_1/Dropx_Test_1_fromMINT.json,ilp,fail,RuntimeError: DRC violations: channel_spacing: channels of connections 'channel_2' and 'channel_3' violate the 1000 edge-to-edge clearance; channel_spacing: channels of connections 'channel_2' and 'channel_4' violate the 1000 edge-to-edge clearance; channel_spacing: channels of connections 'channel_3' and 'channel_4' violate the 1000 edge-to-edge clearance,6.539,6.229952,1,optimal,True,5.345487115904689,False,3,False,True,,4300.0,65340000.0,340340000.0,/home/student/Desktop/Neptune_2026/Microfluidics-Benchmarks/Results/ilp_full_20260915_040013/artifacts/mint__Drop_Ref__Dropx_Test_1__Dropx_Test_1_fromMINT/result.json,/home/student/Desktop/Neptune_2026/Microfluidics-Benchmarks/Results/ilp_full_20260915_040013/artifacts/mint__Drop_Ref__Dropx_Test_1__Dropx_Test_1_fromMINT/metrics.json,Microfluidics-Benchmarks/Results/ilp_full_20260915_040013/logs/mint__Drop_Ref__Dropx_Test_1__Dropx_Test_1_fromMINT.log,Microfluidics-Benchmarks/Results/ilp_full_20260915_040013/artifacts/mint__Drop_Ref__Dropx_Test_1__Dropx_Test_1_fromMINT
294,mint,mint__Drop_Ref__Dropx_Test_2__Dropx_Test_2_fromMINT,Drop_Ref/Dropx_Test_2/Dropx_Test_2_fromMINT.json,/home/student/Desktop/Neptune_2026/Microfluidics-Benchmarks/Results/MINT-TestCases/Drop_Ref/Dropx_Test_2/Dropx_Test_2_fromMINT.json,ilp,timeout,exceeded 1800s,1800.034,,,,,,,,,,,,,,,,Microfluidics-Benchmarks/Results/ilp_full_20260915_040013/logs/mint__Drop_Ref__Dropx_Test_2__Dropx_Test_2_fromMINT.log,Microfluidics-Benchmarks/Results/ilp_full_20260915_040013/artifacts/mint__Drop_Ref__Dropx_Test_2__Dropx_Test_2_fromMINT
295,mint,mint__Drop_Ref__Dropx_Test_3__Dropx_Test_3_fromMINT,Drop_Ref/Dropx_Test_3/Dropx_Test_3_fromMINT.json,/home/student/Desktop/Neptune_2026/Microfluidics-Benchmarks/Results/MINT-TestCases/Drop_Ref/Dropx_Test_3/Dropx_Test_3_fromMINT.json,ilp,timeout,exceeded 1800s,1800.079,,,,,,,,,,,,,,,,Microfluidics-Benchmarks/Results/ilp_full_20260915_040013/logs/mint__Drop_Ref__Dropx_Test_3__Dropx_Test_3_fromMINT.log,Microfluidics-Benchmarks/Results/ilp_full_20260915_040013/artifacts/mint__Drop_Ref__Dropx_Test_3__Dropx_Test_3_fromMINT
296,mint,mint__Drop_Ref__Dropx_Test_4__Dropx_Test_4_fromMINT,Drop_Ref/Dropx_Test_4/Dropx_Test_4_fromMINT.json,/home/student/Desktop/Neptune_2026/Microfluidics-Benchmarks/Results/MINT-TestCases/Drop_Ref/Dropx_Test_4/Dropx_Test_4_fromMINT.json,ilp,success,,1574.082,1573.803462,0,optimal,True,1572.9264960680157,True,0,False,True,,32200.0,380615600.0,876615600.0,/home/student/Desktop/Neptune_2026/Microfluidics-Benchmarks/Results/ilp_full_20260915_040013/artifacts/mint__Drop_Ref__Dropx_Test_4__Dropx_Test_4_fromMINT/result.json,/home/student/Desktop/Neptune_2026/Microfluidics-Benchmarks/Results/ilp_full_20260915_040013/artifacts/mint__Drop_Ref__Dropx_Test_4__Dropx_Test_4_fromMINT/metrics.json,Microfluidics-Benchmarks/Results/ilp_full_20260915_040013/logs/mint__Drop_Ref__Dropx_Test_4__Dropx_Test_4_fromMINT.log,Microfluidics-Benchmarks/Results/ilp_full_20260915_040013/artifacts/mint__Drop_Ref__Dropx_Test_4__Dropx_Test_4_fromMINT
297,mint,mint__Drop_Ref__Dx_1__Dx_1_fromMINT,Drop_Ref/Dx_1/Dx_1_fromMINT.json,/home/student/Desktop/Neptune_2026/Microfluidics-Benchmarks/Results/MINT-TestCases/Drop_Ref/Dx_1/Dx_1_fromMINT.json,ilp,timeout,exceeded 1800s,1800.034,,,,,,,,,,,,,,,,Microfluidics-Benchmarks/Results/ilp_full_20260915_040013/logs/mint__Drop_Ref__Dx_1__Dx_1_fromMINT.log,Microfluidics-Benchmarks/Results/ilp_full_20260915_040013/artifacts/mint__Drop_Ref__Dx_1__Dx_1_fromMINT
298,mint,mint__Drop_Ref__Dx_10__Dx_10_fromMINT,Drop_Ref/Dx_10/Dx_10_fromMINT.json,/home/student/Desktop/Neptune_2026/Microfluidics-Benchmarks/Results/MINT-TestCases/Drop_Ref/Dx_10/Dx_10_fromMINT.json,ilp,timeout,exceeded 1800s,1800.049,,,,,,,,,,,,,,,,Microfluidics-Benchmarks/Results/ilp_full_20260915_040013/logs/mint__Drop_Ref__Dx_10__Dx_10_fromMINT.log,Microfluidics-Benchmarks/Results/ilp_full_20260915_040013/artifacts/mint__Drop_Ref__Dx_10__Dx_10_fromMINT
299,mint,mint__Drop_Ref__Dx_10_Ref__Dx_10_Ref_fromMINT,Drop_Ref/Dx_10_Ref/Dx_10_Ref_fromMINT.json,/home/student/Desktop/Neptune_2026/Microfluidics-Benchmarks/Results/MINT-TestCases/Drop_Ref/Dx_10_Ref/Dx_10_Ref_fromMINT.json,ilp,fail,RuntimeError: DRC violations: channel_spacing: channels of connections 'connection_1' and 'connection_2' violate the 1000 edge-to-edge clearance; channel_spacing: channels of connections 'connection_1' and 'connection_3' violate the 1000 edge-to-edge clearance; channel_spacing: channels of connections 'connection_2' and 'connection_3' violate the 1000 edge-to-edge clearance,786.411,786.111022,1,optimal,True,785.2658044309355,False,3,False,True,,11700.0,963680150.0,1778310150.0,/home/student/Desktop/Neptune_2026/Microfluidics-Benchmarks/Results/ilp_full_20260915_040013/artifacts/mint__Drop_Ref__Dx_10_Ref__Dx_10_Ref_fromMINT/result.json,/home/student/Desktop/Neptune_2026/Microfluidics-Benchmarks/Results/ilp_full_20260915_040013/artifacts/mint__Drop_Ref__Dx_10_Ref__Dx_10_Ref_fromMINT/metrics.json,Microfluidics-Benchmarks/Results/ilp_full_20260915_040013/logs/mint__Drop_Ref__Dx_10_Ref__Dx_10_Ref_fromMINT.log,Microfluidics-Benchmarks/Results/ilp_full_20260915_040013/artifacts/mint__Drop_Ref__Dx_10_Ref__Dx_10_Ref_fromMINT
300,mint,mint__Drop_Ref__Dx_11__Dx_11_fromMINT,Drop_Ref/Dx_11/Dx_11_fromMINT.json,/home/student/Desktop/Neptune_2026/Microfluidics-Benchmarks/Results/MINT-TestCases/Drop_Ref/Dx_11/Dx_11_fromMINT.json,ilp,timeout,exceeded 1800s,1800.082,,,,,,,,,,,,,,,,Microfluidics-Benchmarks/Results/ilp_full_20260915_040013/logs/mint__Drop_Ref__Dx_11__Dx_11_fromMINT.log,Microfluidics-Benchmarks/Results/ilp_full_20260915_040013/artifacts/mint__Drop_Ref__Dx_11__Dx_11_fromMINT
301,mint,mint__Drop_Ref__Dx_11_Ref__Dx_11_Ref_fromMINT,Drop_Ref/Dx_11_Ref/Dx_11_Ref_fromMINT.json,/home/student/Desktop/Neptune_2026/Microfluidics-Benchmarks/Results/MINT-TestCases/Drop_Ref/Dx_11_Ref/Dx_11_Ref_fromMINT.json,ilp,timeout,exceeded 1800s,1800.073,,,,,,,,,,,,,,,,Microfluidics-Benchmarks/Results/ilp_full_20260915_040013/logs/mint__Drop_Ref__Dx_11_Ref__Dx_11_Ref_fromMINT.log,Microfluidics-Benchmarks/Results/ilp_full_20260915_040013/artifacts/mint__Drop_Ref__Dx_11_Ref__Dx_11_Ref_fromMINT
302,mint,mint__Drop_Ref__Dx_12__Dx_12_fromMINT,Drop_Ref/Dx_12/Dx_12_fromMINT.json,/home/student/Desktop/Neptune_2026/Microfluidics-Benchmarks/Results/MINT-TestCases/Drop_Ref/Dx_12/Dx_12_fromMINT.json,ilp,timeout,exceeded 1800s,1800.067,,,,,,,,,,,,,,,,Microfluidics-Benchmarks/Results/ilp_full_20260915_040013/logs/mint__Drop_Ref__Dx_12__Dx_12_fromMINT.log,Microfluidics-Benchmarks/Results/ilp_full_20260915_040013/artifacts/mint__Drop_Ref__Dx_12__Dx_12_fromMINT
303,mint,mint__Drop_Ref__Dx_12_Ref__Dx_12_Ref_fromMINT,Drop_Ref/Dx_12_Ref/Dx_12_Ref_fromMINT.json,/home/student/Desktop/Neptune_2026/Microfluidics-Benchmarks/Results/MINT-TestCases/Drop_Ref/Dx_12_Ref/Dx_12_Ref_fromMINT.json,ilp,fail,RuntimeError: DRC violations: channel_spacing: channels of connections 'connection_1' and 'connection_2' violate the 1000 edge-to-edge clearance; channel_spacing: channels of connections 'connection_1' and 'connection_3' violate the 1000 edge-to-edge clearance; channel_spacing: channels of connections 'connection_2' and 'connection_3' violate the 1000 edge-to-edge clearance,1429.027,1428.714616,1,optimal,True,1427.815848492086,False,3,False,True,,19768.0,944230650.0,1658920650.0,/home/student/Desktop/Neptune_2026/Microfluidics-Benchmarks/Results/ilp_full_20260915_040013/artifacts/mint__Drop_Ref__Dx_12_Ref__Dx_12_Ref_fromMINT/result.json,/home/student/Desktop/Neptune_2026/Microfluidics-Benchmarks/Results/ilp_full_20260915_040013/artifacts/mint__Drop_Ref__Dx_12_Ref__Dx_12_Ref_fromMINT/metrics.json,Microfluidics-Benchmarks/Results/ilp_full_20260915_040013/logs/mint__Drop_Ref__Dx_12_Ref__Dx_12_Ref_fromMINT.log,Microfluidics-Benchmarks/Results/ilp_full_20260915_040013/artifacts/mint__Drop_Ref__Dx_12_Ref__Dx_12_Ref_fromMINT
304,mint,mint__Drop_Ref__Dx_13__Dx_13_fromMINT,Drop_Ref/Dx_13/Dx_13_fromMINT.json,/home/student/Desktop/Neptune_2026/Microfluidics-Benchmarks/Results/MINT-TestCases/Drop_Ref/Dx_13/Dx_13_fromMINT.json,ilp,timeout,exceeded 1800s,1800.077,,,,,,,,,,,,,,,,Microfluidics-Benchmarks/Results/ilp_full_20260915_040013/logs/mint__Drop_Ref__Dx_13__Dx_13_fromMINT.log,Microfluidics-Benchmarks/Results/ilp_full_20260915_040013/artifacts/mint__Drop_Ref__Dx_13__Dx_13_fromMINT
305,mint,mint__Drop_Ref__Dx_13_Ref__Dx_13_Ref_fromMINT,Drop_Ref/Dx_13_Ref/Dx_13_Ref_fromMINT.json,/home/student/Desktop/Neptune_2026/Microfluidics-Benchmarks/Results/MINT-TestCases/Drop_Ref/Dx_13_Ref/Dx_13_Ref_fromMINT.json,ilp,timeout,exceeded 1800s,1800.076,,,,,,,,,,,,,,,,Microfluidics-Benchmarks/Results/ilp_full_20260915_040013/logs/mint__Drop_Ref__Dx_13_Ref__Dx_13_Ref_fromMINT.log,Microfluidics-Benchmarks/Results/ilp_full_20260915_040013/artifacts/mint__Drop_Ref__Dx_13_Ref__Dx_13_Ref_fromMINT
306,mint,mint__Drop_Ref__Dx_14__Dx_14_fromMINT,Drop_Ref/Dx_14/Dx_14_fromMINT.json,/home/student/Desktop/Neptune_2026/Microfluidics-Benchmarks/Results/MINT-TestCases/Drop_Ref/Dx_14/Dx_14_fromMINT.json,ilp,timeout,exceeded 1800s,1800.034,,,,,,,,,,,,,,,,Microfluidics-Benchmarks/Results/ilp_full_20260915_040013/logs/mint__Drop_Ref__Dx_14__Dx_14_fromMINT.log,Microfluidics-Benchmarks/Results/ilp_full_20260915_040013/artifacts/mint__Drop_Ref__Dx_14__Dx_14_fromMINT
307,mint,mint__Drop_Ref__Dx_14_Ref__Dx_14_Ref_fromMINT,Drop_Ref/Dx_14_Ref/Dx_14_Ref_fromMINT.json,/home/student/Desktop/Neptune_2026/Microfluidics-Benchmarks/Results/MINT-TestCases/Drop_Ref/Dx_14_Ref/Dx_14_Ref_fromMINT.json,ilp,timeout,exceeded 1800s,1800.067,,,,,,,,,,,,,,,,Microfluidics-Benchmarks/Results/ilp_full_20260915_040013/logs/mint__Drop_Ref__Dx_14_Ref__Dx_14_Ref_fromMINT.log,Microfluidics-Benchmarks/Results/ilp_full_20260915_040013/artifacts/mint__Drop_Ref__Dx_14_Ref__Dx_14_Ref_fromMINT
308,mint,mint__Drop_Ref__Dx_15__Dx_15_fromMINT,Drop_Ref/Dx_15/Dx_15_fromMINT.json,/home/student/Desktop/Neptune_2026/Microfluidics-Benchmarks/Results/MINT-TestCases/Drop_Ref/Dx_15/Dx_15_fromMINT.json,ilp,fail,RuntimeError: DRC violations: channel_spacing: channels of connections 'channel_2' and 'channel_4' violate the 1000 edge-to-edge clearance; channel_spacing: channels of connections 'channel_2' and 'channel_7' violate the 1000 edge-to-edge clearance; channel_spacing: channels of connections 'channel_4' and 'channel_7' violate the 1000 edge-to-edge clearance,464.31,464.03805,1,optimal,True,463.16175045096315,False,3,False,True,,19100.0,612720000.0,1282220000.0,/home/student/Desktop/Neptune_2026/Microfluidics-Benchmarks/Results/ilp_full_20260915_040013/artifacts/mint__Drop_Ref__Dx_15__Dx_15_fromMINT/result.json,/home/student/Desktop/Neptune_2026/Microfluidics-Benchmarks/Results/ilp_full_20260915_040013/artifacts/mint__Drop_Ref__Dx_15__Dx_15_fromMINT/metrics.json,Microfluidics-Benchmarks/Results/ilp_full_20260915_040013/logs/mint__Drop_Ref__Dx_15__Dx_15_fromMINT.log,Microfluidics-Benchmarks/Results/ilp_full_20260915_040013/artifacts/mint__Drop_Ref__Dx_15__Dx_15_fromMINT
309,mint,mint__Drop_Ref__Dx_15_Ref__Dx_15_Ref_fromMINT,Drop_Ref/Dx_15_Ref/Dx_15_Ref_fromMINT.json,/home/student/Desktop/Neptune_2026/Microfluidics-Benchmarks/Results/MINT-TestCases/Drop_Ref/Dx_15_Ref/Dx_15_Ref_fromMINT.json,ilp,success,,426.94,426.671203,0,optimal,True,425.8253186349757,True,0,False,True,,17600.0,689690850.0,1399960850.0,/home/student/Desktop/Neptune_2026/Microfluidics-Benchmarks/Results/ilp_full_20260915_040013/artifacts/mint__Drop_Ref__Dx_15_Ref__Dx_15_Ref_fromMINT/result.json,/home/student/Desktop/Neptune_2026/Microfluidics-Benchmarks/Results/ilp_full_20260915_040013/artifacts/mint__Drop_Ref__Dx_15_Ref__Dx_15_Ref_fromMINT/metrics.json,Microfluidics-Benchmarks/Results/ilp_full_20260915_040013/logs/mint__Drop_Ref__Dx_15_Ref__Dx_15_Ref_fromMINT.log,Microfluidics-Benchmarks/Results/ilp_full_20260915_040013/artifacts/mint__Drop_Ref__Dx_15_Ref__Dx_15_Ref_fromMINT
310,mint,mint__Drop_Ref__Dx_1_Ref__Dx_1_Ref_fromMINT,Drop_Ref/Dx_1_Ref/Dx_1_Ref_fromMINT.json,/home/student/Desktop/Neptune_2026/Microfluidics-Benchmarks/Results/MINT-TestCases/Drop_Ref/Dx_1_Ref/Dx_1_Ref_fromMINT.json,ilp,timeout,exceeded 1800s,1800.044,,,,,,,,,,,,,,,,Microfluidics-Benchmarks/Results/ilp_full_20260915_040013/logs/mint__Drop_Ref__Dx_1_Ref__Dx_1_Ref_fromMINT.log,Microfluidics-Benchmarks/Results/ilp_full_20260915_040013/artifacts/mint__Drop_Ref__Dx_1_Ref__Dx_1_Ref_fromMINT
311,mint,mint__Drop_Ref__Dx_2__Dx_2_fromMINT,Drop_Ref/Dx_2/Dx_2_fromMINT.json,/home/student/Desktop/Neptune_2026/Microfluidics-Benchmarks/Results/MINT-TestCases/Drop_Ref/Dx_2/Dx_2_fromMINT.json,ilp,timeout,exceeded 1800s,1800.073,,,,,,,,,,,,,,,,Microfluidics-Benchmarks/Results/ilp_full_20260915_040013/logs/mint__Drop_Ref__Dx_2__Dx_2_fromMINT.log,Microfluidics-Benchmarks/Results/ilp_full_20260915_040013/artifacts/mint__Drop_Ref__Dx_2__Dx_2_fromMINT
312,mint,mint__Drop_Ref__Dx_2_Ref__Dx_2_Ref_fromMINT,Drop_Ref/Dx_2_Ref/Dx_2_Ref_fromMINT.json,/home/student/Desktop/Neptune_2026/Microfluidics-Benchmarks/Results/MINT-TestCases/Drop_Ref/Dx_2_Ref/Dx_2_Ref_fromMINT.json,ilp,timeout,exceeded 1800s,1800.049,,,,,,,,,,,,,,,,Microfluidics-Benchmarks/Results/ilp_full_20260915_040013/logs/mint__Drop_Ref__Dx_2_Ref__Dx_2_Ref_fromMINT.log,Microfluidics-Benchmarks/Results/ilp_full_20260915_040013/artifacts/mint__Drop_Ref__Dx_2_Ref__Dx_2_Ref_fromMINT
313,mint,mint__Drop_Ref__Dx_3__Dx_3_fromMINT,Drop_Ref/Dx_3/Dx_3_fromMINT.json,/home/student/Desktop/Neptune_2026/Microfluidics-Benchmarks/Results/MINT-TestCases/Drop_Ref/Dx_3/Dx_3_fromMINT.json,ilp,timeout,exceeded 1800s,1800.067,,,,,,,,,,,,,,,,Microfluidics-Benchmarks/Results/ilp_full_20260915_040013/logs/mint__Drop_Ref__Dx_3__Dx_3_fromMINT.log,Microfluidics-Benchmarks/Results/ilp_full_20260915_040013/artifacts/mint__Drop_Ref__Dx_3__Dx_3_fromMINT
314,mint,mint__Drop_Ref__Dx_3_Ref__Dx_3_Ref_fromMINT,Drop_Ref/Dx_3_Ref/Dx_3_Ref_fromMINT.json,/home/student/Desktop/Neptune_2026/Microfluidics-Benchmarks/Results/MINT-TestCases/Drop_Ref/Dx_3_Ref/Dx_3_Ref_fromMINT.json,ilp,timeout,exceeded 1800s,1800.078,,,,,,,,,,,,,,,,Microfluidics-Benchmarks/Results/ilp_full_20260915_040013/logs/mint__Drop_Ref__Dx_3_Ref__Dx_3_Ref_fromMINT.log,Microfluidics-Benchmarks/Results/ilp_full_20260915_040013/artifacts/mint__Drop_Ref__Dx_3_Ref__Dx_3_Ref_fromMINT
315,mint,mint__Drop_Ref__Dx_4__Dx_4_fromMINT,Drop_Ref/Dx_4/Dx_4_fromMINT.json,/home/student/Desktop/Neptune_2026/Microfluidics-Benchmarks/Results/MINT-TestCases/Drop_Ref/Dx_4/Dx_4_fromMINT.json,ilp,timeout,exceeded 1800s,1800.072,,,,,,,,,,,,,,,,Microfluidics-Benchmarks/Results/ilp_full_20260915_040013/logs/mint__Drop_Ref__Dx_4__Dx_4_fromMINT.log,Microfluidics-Benchmarks/Results/ilp_full_20260915_040013/artifacts/mint__Drop_Ref__Dx_4__Dx_4_fromMINT
316,mint,mint__Drop_Ref__Dx_4_Ref__Dx_4_Ref_fromMINT,Drop_Ref/Dx_4_Ref/Dx_4_Ref_fromMINT.json,/home/student/Desktop/Neptune_2026/Microfluidics-Benchmarks/Results/MINT-TestCases/Drop_Ref/Dx_4_Ref/Dx_4_Ref_fromMINT.json,ilp,timeout,exceeded 1800s,1800.133,,,,,,,,,,,,,,,,Microfluidics-Benchmarks/Results/ilp_full_20260915_040013/logs/mint__Drop_Ref__Dx_4_Ref__Dx_4_Ref_fromMINT.log,Microfluidics-Benchmarks/Results/ilp_full_20260915_040013/artifacts/mint__Drop_Ref__Dx_4_Ref__Dx_4_Ref_fromMINT
317,mint,mint__Drop_Ref__Dx_5__Dx_5_fromMINT,Drop_Ref/Dx_5/Dx_5_fromMINT.json,/home/student/Desktop/Neptune_2026/Microfluidics-Benchmarks/Results/MINT-TestCases/Drop_Ref/Dx_5/Dx_5_fromMINT.json,ilp,timeout,exceeded 1800s,1800.081,,,,,,,,,,,,,,,,Microfluidics-Benchmarks/Results/ilp_full_20260915_040013/logs/mint__Drop_Ref__Dx_5__Dx_5_fromMINT.log,Microfluidics-Benchmarks/Results/ilp_full_20260915_040013/artifacts/mint__Drop_Ref__Dx_5__Dx_5_fromMINT
318,mint,mint__Drop_Ref__Dx_5_Ref__Dx_5_Ref_fromMINT,Drop_Ref/Dx_5_Ref/Dx_5_Ref_fromMINT.json,/home/student/Desktop/Neptune_2026/Microfluidics-Benchmarks/Results/MINT-TestCases/Drop_Ref/Dx_5_Ref/Dx_5_Ref_fromMINT.json,ilp,timeout,exceeded 1800s,1800.081,,,,,,,,,,,,,,,,Microfluidics-Benchmarks/Results/ilp_full_20260915_040013/logs/mint__Drop_Ref__Dx_5_Ref__Dx_5_Ref_fromMINT.log,Microfluidics-Benchmarks/Results/ilp_full_20260915_040013/artifacts/mint__Drop_Ref__Dx_5_Ref__Dx_5_Ref_fromMINT
319,mint,mint__Drop_Ref__Dx_6__Dx_6_fromMINT,Drop_Ref/Dx_6/Dx_6_fromMINT.json,/home/student/Desktop/Neptune_2026/Microfluidics-Benchmarks/Results/MINT-TestCases/Drop_Ref/Dx_6/Dx_6_fromMINT.json,ilp,timeout,exceeded 1800s,1800.03,,,,,,,,,,,,,,,,Microfluidics-Benchmarks/Results/ilp_full_20260915_040013/logs/mint__Drop_Ref__Dx_6__Dx_6_fromMINT.log,Microfluidics-Benchmarks/Results/ilp_full_20260915_040013/artifacts/mint__Drop_Ref__Dx_6__Dx_6_fromMINT
320,mint,mint__Drop_Ref__Dx_6_Ref__Dx_6_Ref_fromMINT,Drop_Ref/Dx_6_Ref/Dx_6_Ref_fromMINT.json,/home/student/Desktop/Neptune_2026/Microfluidics-Benchmarks/Results/MINT-TestCases/Drop_Ref/Dx_6_Ref/Dx_6_Ref_fromMINT.json,ilp,timeout,exceeded 1800s,1800.052,,,,,,,,,,,,,,,,Microfluidics-Benchmarks/Results/ilp_full_20260915_040013/logs/mint__Drop_Ref__Dx_6_Ref__Dx_6_Ref_fromMINT.log,Microfluidics-Benchmarks/Results/ilp_full_20260915_040013/artifacts/mint__Drop_Ref__Dx_6_Ref__Dx_6_Ref_fromMINT
321,mint,mint__Drop_Ref__Dx_7__Dx_7_fromMINT,Drop_Ref/Dx_7/Dx_7_fromMINT.json,/home/student/Desktop/Neptune_2026/Microfluidics-Benchmarks/Results/MINT-TestCases/Drop_Ref/Dx_7/Dx_7_fromMINT.json,ilp,timeout,exceeded 1800s,1800.068,,,,,,,,,,,,,,,,Microfluidics-Benchmarks/Results/ilp_full_20260915_040013/logs/mint__Drop_Ref__Dx_7__Dx_7_fromMINT.log,Microfluidics-Benchmarks/Results/ilp_full_20260915_040013/artifacts/mint__Drop_Ref__Dx_7__Dx_7_fromMINT
322,mint,mint__Drop_Ref__Dx_7_Ref__Dx_7_Ref_fromMINT,Drop_Ref/Dx_7_Ref/Dx_7_Ref_fromMINT.json,/home/student/Desktop/Neptune_2026/Microfluidics-Benchmarks/Results/MINT-TestCases/Drop_Ref/Dx_7_Ref/Dx_7_Ref_fromMINT.json,ilp,timeout,exceeded 1800s,1800.077,,,,,,,,,,,,,,,,Microfluidics-Benchmarks/Results/ilp_full_20260915_040013/logs/mint__Drop_Ref__Dx_7_Ref__Dx_7_Ref_fromMINT.log,Microfluidics-Benchmarks/Results/ilp_full_20260915_040013/artifacts/mint__Drop_Ref__Dx_7_Ref__Dx_7_Ref_fromMINT
323,mint,mint__Drop_Ref__Dx_8__Dx_8_fromMINT,Drop_Ref/Dx_8/Dx_8_fromMINT.json,/home/student/Desktop/Neptune_2026/Microfluidics-Benchmarks/Results/MINT-TestCases/Drop_Ref/Dx_8/Dx_8_fromMINT.json,ilp,timeout,exceeded 1800s,1800.066,,,,,,,,,,,,,,,,Microfluidics-Benchmarks/Results/ilp_full_20260915_040013/logs/mint__Drop_Ref__Dx_8__Dx_8_fromMINT.log,Microfluidics-Benchmarks/Results/ilp_full_20260915_040013/artifacts/mint__Drop_Ref__Dx_8__Dx_8_fromMINT
324,mint,mint__Drop_Ref__Dx_8_Ref__Dx_8_Ref_fromMINT,Drop_Ref/Dx_8_Ref/Dx_8_Ref_fromMINT.json,/home/student/Desktop/Neptune_2026/Microfluidics-Benchmarks/Results/MINT-TestCases/Drop_Ref/Dx_8_Ref/Dx_8_Ref_fromMINT.json,ilp,timeout,exceeded 1800s,1800.068,,,,,,,,,,,,,,,,Microfluidics-Benchmarks/Results/ilp_full_20260915_040013/logs/mint__Drop_Ref__Dx_8_Ref__Dx_8_Ref_fromMINT.log,Microfluidics-Benchmarks/Results/ilp_full_20260915_040013/artifacts/mint__Drop_Ref__Dx_8_Ref__Dx_8_Ref_fromMINT
325,mint,mint__Drop_Ref__Dx_9__Dx_9_fromMINT,Drop_Ref/Dx_9/Dx_9_fromMINT.json,/home/student/Desktop/Neptune_2026/Microfluidics-Benchmarks/Results/MINT-TestCases/Drop_Ref/Dx_9/Dx_9_fromMINT.json,ilp,timeout,exceeded 1800s,1800.074,,,,,,,,,,,,,,,,Microfluidics-Benchmarks/Results/ilp_full_20260915_040013/logs/mint__Drop_Ref__Dx_9__Dx_9_fromMINT.log,Microfluidics-Benchmarks/Results/ilp_full_20260915_040013/artifacts/mint__Drop_Ref__Dx_9__Dx_9_fromMINT
326,mint,mint__Drop_Ref__Dx_9_Ref__Dx_9_Ref_fromMINT,Drop_Ref/Dx_9_Ref/Dx_9_Ref_fromMINT.json,/home/student/Desktop/Neptune_2026/Microfluidics-Benchmarks/Results/MINT-TestCases/Drop_Ref/Dx_9_Ref/Dx_9_Ref_fromMINT.json,ilp,timeout,exceeded 1800s,1800.075,,,,,,,,,,,,,,,,Microfluidics-Benchmarks/Results/ilp_full_20260915_040013/logs/mint__Drop_Ref__Dx_9_Ref__Dx_9_Ref_fromMINT.log,Microfluidics-Benchmarks/Results/ilp_full_20260915_040013/artifacts/mint__Drop_Ref__Dx_9_Ref__Dx_9_Ref_fromMINT
327,mint,mint__Expressions__Expression_1__Expression_1_fromMINT,Expressions/Expression_1/Expression_1_fromMINT.json,/home/student/Desktop/Neptune_2026/Microfluidics-Benchmarks/Results/MINT-TestCases/Expressions/Expression_1/Expression_1_fromMINT.json,ilp,timeout,exceeded 1800s,1800.034,,,,,,,,,,,,,,,,Microfluidics-Benchmarks/Results/ilp_full_20260915_040013/logs/mint__Expressions__Expression_1__Expression_1_fromMINT.log,Microfluidics-Benchmarks/Results/ilp_full_20260915_040013/artifacts/mint__Expressions__Expression_1__Expression_1_fromMINT
328,mint,mint__Expressions__Expression_10__Expression_10_fromMINT,Expressions/Expression_10/Expression_10_fromMINT.json,/home/student/Desktop/Neptune_2026/Microfluidics-Benchmarks/Results/MINT-TestCases/Expressions/Expression_10/Expression_10_fromMINT.json,ilp,timeout,exceeded 1800s,1800.034,,,,,,,,,,,,,,,,Microfluidics-Benchmarks/Results/ilp_full_20260915_040013/logs/mint__Expressions__Expression_10__Expression_10_fromMINT.log,Microfluidics-Benchmarks/Results/ilp_full_20260915_040013/artifacts/mint__Expressions__Expression_10__Expression_10_fromMINT
329,mint,mint__Expressions__Expression_11__Expression_11_fromMINT,Expressions/Expression_11/Expression_11_fromMINT.json,/home/student/Desktop/Neptune_2026/Microfluidics-Benchmarks/Results/MINT-TestCases/Expressions/Expression_11/Expression_11_fromMINT.json,ilp,success,,2.876,2.526816,0,optimal,True,1.6188271418213844,True,0,False,True,,5400.0,39219600.0,276419600.0,/home/student/Desktop/Neptune_2026/Microfluidics-Benchmarks/Results/ilp_full_20260915_040013/artifacts/mint__Expressions__Expression_11__Expression_11_fromMINT/result.json,/home/student/Desktop/Neptune_2026/Microfluidics-Benchmarks/Results/ilp_full_20260915_040013/artifacts/mint__Expressions__Expression_11__Expression_11_fromMINT/metrics.json,Microfluidics-Benchmarks/Results/ilp_full_20260915_040013/logs/mint__Expressions__Expression_11__Expression_11_fromMINT.log,Microfluidics-Benchmarks/Results/ilp_full_20260915_040013/artifacts/mint__Expressions__Expression_11__Expression_11_fromMINT
330,mint,mint__Expressions__Expression_12__Expression_12_fromMINT,Expressions/Expression_12/Expression_12_fromMINT.json,/home/student/Desktop/Neptune_2026/Microfluidics-Benchmarks/Results/MINT-TestCases/Expressions/Expression_12/Expression_12_fromMINT.json,ilp,timeout,exceeded 1800s,1800.067,,,,,,,,,,,,,,,,Microfluidics-Benchmarks/Results/ilp_full_20260915_040013/logs/mint__Expressions__Expression_12__Expression_12_fromMINT.log,Microfluidics-Benchmarks/Results/ilp_full_20260915_040013/artifacts/mint__Expressions__Expression_12__Expression_12_fromMINT
331,mint,mint__Expressions__Expression_13__Expression_13_fromMINT,Expressions/Expression_13/Expression_13_fromMINT.json,/home/student/Desktop/Neptune_2026/Microfluidics-Benchmarks/Results/MINT-TestCases/Expressions/Expression_13/Expression_13_fromMINT.json,ilp,success,,5.736,5.432255,0,optimal,True,4.503861827077344,True,0,False,True,,8400.0,111720000.0,423720000.0,/home/student/Desktop/Neptune_2026/Microfluidics-Benchmarks/Results/ilp_full_20260915_040013/artifacts/mint__Expressions__Expression_13__Expression_13_fromMINT/result.json,/home/student/Desktop/Neptune_2026/Microfluidics-Benchmarks/Results/ilp_full_20260915_040013/artifacts/mint__Expressions__Expression_13__Expression_13_fromMINT/metrics.json,Microfluidics-Benchmarks/Results/ilp_full_20260915_040013/logs/mint__Expressions__Expression_13__Expression_13_fromMINT.log,Microfluidics-Benchmarks/Results/ilp_full_20260915_040013/artifacts/mint__Expressions__Expression_13__Expression_13_fromMINT
332,mint,mint__Expressions__Expression_14__Expression_14_fromMINT,Expressions/Expression_14/Expression_14_fromMINT.json,/home/student/Desktop/Neptune_2026/Microfluidics-Benchmarks/Results/MINT-TestCases/Expressions/Expression_14/Expression_14_fromMINT.json,ilp,timeout,exceeded 1800s,1800.119,,,,,,,,,,,,,,,,Microfluidics-Benchmarks/Results/ilp_full_20260915_040013/logs/mint__Expressions__Expression_14__Expression_14_fromMINT.log,Microfluidics-Benchmarks/Results/ilp_full_20260915_040013/artifacts/mint__Expressions__Expression_14__Expression_14_fromMINT
333,mint,mint__Expressions__Expression_15__Expression_15_fromMINT,Expressions/Expression_15/Expression_15_fromMINT.json,/home/student/Desktop/Neptune_2026/Microfluidics-Benchmarks/Results/MINT-TestCases/Expressions/Expression_15/Expression_15_fromMINT.json,ilp,timeout,exceeded 1800s,1800.067,,,,,,,,,,,,,,,,Microfluidics-Benchmarks/Results/ilp_full_20260915_040013/logs/mint__Expressions__Expression_15__Expression_15_fromMINT.log,Microfluidics-Benchmarks/Results/ilp_full_20260915_040013/artifacts/mint__Expressions__Expression_15__Expression_15_fromMINT
334,mint,mint__Expressions__Expression_2__Expression_2_fromMINT,Expressions/Expression_2/Expression_2_fromMINT.json,/home/student/Desktop/Neptune_2026/Microfluidics-Benchmarks/Results/MINT-TestCases/Expressions/Expression_2/Expression_2_fromMINT.json,ilp,fail,RuntimeError: DRC violations: channel_spacing: channels of connections 'channel_2' and 'channel_3' violate the 1000 edge-to-edge clearance; channel_spacing: channels of connections 'channel_2' and 'channel_6' violate the 1000 edge-to-edge clearance; channel_spacing: channels of connections 'channel_3' and 'channel_6' violate the 1000 edge-to-edge clearance,1139.177,1138.881822,1,optimal,True,1137.998498143861,False,3,False,True,,16730.0,173199600.0,540399600.0,/home/student/Desktop/Neptune_2026/Microfluidics-Benchmarks/Results/ilp_full_20260915_040013/artifacts/mint__Expressions__Expression_2__Expression_2_fromMINT/result.json,/home/student/Desktop/Neptune_2026/Microfluidics-Benchmarks/Results/ilp_full_20260915_040013/artifacts/mint__Expressions__Expression_2__Expression_2_fromMINT/metrics.json,Microfluidics-Benchmarks/Results/ilp_full_20260915_040013/logs/mint__Expressions__Expression_2__Expression_2_fromMINT.log,Microfluidics-Benchmarks/Results/ilp_full_20260915_040013/artifacts/mint__Expressions__Expression_2__Expression_2_fromMINT
335,mint,mint__Expressions__Expression_3__Expression_3_fromMINT,Expressions/Expression_3/Expression_3_fromMINT.json,/home/student/Desktop/Neptune_2026/Microfluidics-Benchmarks/Results/MINT-TestCases/Expressions/Expression_3/Expression_3_fromMINT.json,ilp,success,,619.468,619.175297,0,optimal,True,618.291475854814,True,0,False,True,,19430.0,500351400.0,1049851400.0,/home/student/Desktop/Neptune_2026/Microfluidics-Benchmarks/Results/ilp_full_20260915_040013/artifacts/mint__Expressions__Expression_3__Expression_3_fromMINT/result.json,/home/student/Desktop/Neptune_2026/Microfluidics-Benchmarks/Results/ilp_full_20260915_040013/artifacts/mint__Expressions__Expression_3__Expression_3_fromMINT/metrics.json,Microfluidics-Benchmarks/Results/ilp_full_20260915_040013/logs/mint__Expressions__Expression_3__Expression_3_fromMINT.log,Microfluidics-Benchmarks/Results/ilp_full_20260915_040013/artifacts/mint__Expressions__Expression_3__Expression_3_fromMINT
336,mint,mint__Expressions__Expression_4__Expression_4_fromMINT,Expressions/Expression_4/Expression_4_fromMINT.json,/home/student/Desktop/Neptune_2026/Microfluidics-Benchmarks/Results/MINT-TestCases/Expressions/Expression_4/Expression_4_fromMINT.json,ilp,timeout,exceeded 1800s,1800.05,,,,,,,,,,,,,,,,Microfluidics-Benchmarks/Results/ilp_full_20260915_040013/logs/mint__Expressions__Expression_4__Expression_4_fromMINT.log,Microfluidics-Benchmarks/Results/ilp_full_20260915_040013/artifacts/mint__Expressions__Expression_4__Expression_4_fromMINT
337,mint,mint__Expressions__Expression_5__Expression_5_fromMINT,Expressions/Expression_5/Expression_5_fromMINT.json,/home/student/Desktop/Neptune_2026/Microfluidics-Benchmarks/Results/MINT-TestCases/Expressions/Expression_5/Expression_5_fromMINT.json,ilp,timeout,exceeded 1800s,1800.046,,,,,,,,,,,,,,,,Microfluidics-Benchmarks/Results/ilp_full_20260915_040013/logs/mint__Expressions__Expression_5__Expression_5_fromMINT.log,Microfluidics-Benchmarks/Results/ilp_full_20260915_040013/artifacts/mint__Expressions__Expression_5__Expression_5_fromMINT
338,mint,mint__Expressions__Expression_6__Expression_6_fromMINT,Expressions/Expression_6/Expression_6_fromMINT.json,/home/student/Desktop/Neptune_2026/Microfluidics-Benchmarks/Results/MINT-TestCases/Expressions/Expression_6/Expression_6_fromMINT.json,ilp,timeout,exceeded 1800s,1800.046,,,,,,,,,,,,,,,,Microfluidics-Benchmarks/Results/ilp_full_20260915_040013/logs/mint__Expressions__Expression_6__Expression_6_fromMINT.log,Microfluidics-Benchmarks/Results/ilp_full_20260915_040013/artifacts/mint__Expressions__Expression_6__Expression_6_fromMINT
339,mint,mint__Expressions__Expression_7__Expression_7_fromMINT,Expressions/Expression_7/Expression_7_fromMINT.json,/home/student/Desktop/Neptune_2026/Microfluidics-Benchmarks/Results/MINT-TestCases/Expressions/Expression_7/Expression_7_fromMINT.json,ilp,timeout,exceeded 1800s,1800.066,,,,,,,,,,,,,,,,Microfluidics-Benchmarks/Results/ilp_full_20260915_040013/logs/mint__Expressions__Expression_7__Expression_7_fromMINT.log,Microfluidics-Benchmarks/Results/ilp_full_20260915_040013/artifacts/mint__Expressions__Expression_7__Expression_7_fromMINT
340,mint,mint__Expressions__Expression_8__Expression_8_fromMINT,Expressions/Expression_8/Expression_8_fromMINT.json,/home/student/Desktop/Neptune_2026/Microfluidics-Benchmarks/Results/MINT-TestCases/Expressions/Expression_8/Expression_8_fromMINT.json,ilp,timeout,exceeded 1800s,1800.051,,,,,,,,,,,,,,,,Microfluidics-Benchmarks/Results/ilp_full_20260915_040013/logs/mint__Expressions__Expression_8__Expression_8_fromMINT.log,Microfluidics-Benchmarks/Results/ilp_full_20260915_040013/artifacts/mint__Expressions__Expression_8__Expression_8_fromMINT
341,mint,mint__Expressions__Expression_9__Expression_9_fromMINT,Expressions/Expression_9/Expression_9_fromMINT.json,/home/student/Desktop/Neptune_2026/Microfluidics-Benchmarks/Results/MINT-TestCases/Expressions/Expression_9/Expression_9_fromMINT.json,ilp,timeout,exceeded 1800s,1800.051,,,,,,,,,,,,,,,,Microfluidics-Benchmarks/Results/ilp_full_20260915_040013/logs/mint__Expressions__Expression_9__Expression_9_fromMINT.log,Microfluidics-Benchmarks/Results/ilp_full_20260915_040013/artifacts/mint__Expressions__Expression_9__Expression_9_fromMINT
342,mint,mint__Ghissues__Issue_10__Issue_10_fromMINT,Ghissues/Issue_10/Issue_10_fromMINT.json,/home/student/Desktop/Neptune_2026/Microfluidics-Benchmarks/Results/MINT-TestCases/Ghissues/Issue_10/Issue_10_fromMINT.json,ilp,timeout,exceeded 1800s,1800.078,,,,,,,,,,,,,,,,Microfluidics-Benchmarks/Results/ilp_full_20260915_040013/logs/mint__Ghissues__Issue_10__Issue_10_fromMINT.log,Microfluidics-Benchmarks/Results/ilp_full_20260915_040013/artifacts/mint__Ghissues__Issue_10__Issue_10_fromMINT
343,mint,mint__Ghissues__Issue_15__Issue_15_fromMINT,Ghissues/Issue_15/Issue_15_fromMINT.json,/home/student/Desktop/Neptune_2026/Microfluidics-Benchmarks/Results/MINT-TestCases/Ghissues/Issue_15/Issue_15_fromMINT.json,ilp,fail,RuntimeError: DRC violations: channel_spacing: channels of connections 'channel_2' and 'channel_4' violate the 1000 edge-to-edge clearance; channel_spacing: channels of connections 'channel_2' and 'channel_7' violate the 1000 edge-to-edge clearance; channel_spacing: channels of connections 'channel_4' and 'channel_7' violate the 1000 edge-to-edge clearance,457.601,457.315009,1,optimal,True,456.4618256739341,False,3,False,True,,19100.0,612720000.0,1282220000.0,/home/student/Desktop/Neptune_2026/Microfluidics-Benchmarks/Results/ilp_full_20260915_040013/artifacts/mint__Ghissues__Issue_15__Issue_15_fromMINT/result.json,/home/student/Desktop/Neptune_2026/Microfluidics-Benchmarks/Results/ilp_full_20260915_040013/artifacts/mint__Ghissues__Issue_15__Issue_15_fromMINT/metrics.json,Microfluidics-Benchmarks/Results/ilp_full_20260915_040013/logs/mint__Ghissues__Issue_15__Issue_15_fromMINT.log,Microfluidics-Benchmarks/Results/ilp_full_20260915_040013/artifacts/mint__Ghissues__Issue_15__Issue_15_fromMINT
344,mint,mint__Ghissues__Issue_2__Issue_2_fromMINT,Ghissues/Issue_2/Issue_2_fromMINT.json,/home/student/Desktop/Neptune_2026/Microfluidics-Benchmarks/Results/MINT-TestCases/Ghissues/Issue_2/Issue_2_fromMINT.json,ilp,success,,1.179,0.922148,0,optimal,True,0.07582725188694894,True,0,False,True,,1000.0,5320000.0,157320000.0,/home/student/Desktop/Neptune_2026/Microfluidics-Benchmarks/Results/ilp_full_20260915_040013/artifacts/mint__Ghissues__Issue_2__Issue_2_fromMINT/result.json,/home/student/Desktop/Neptune_2026/Microfluidics-Benchmarks/Results/ilp_full_20260915_040013/artifacts/mint__Ghissues__Issue_2__Issue_2_fromMINT/metrics.json,Microfluidics-Benchmarks/Results/ilp_full_20260915_040013/logs/mint__Ghissues__Issue_2__Issue_2_fromMINT.log,Microfluidics-Benchmarks/Results/ilp_full_20260915_040013/artifacts/mint__Ghissues__Issue_2__Issue_2_fromMINT
345,mint,mint__Ghissues__Issue_3__Issue_3_fromMINT,Ghissues/Issue_3/Issue_3_fromMINT.json,/home/student/Desktop/Neptune_2026/Microfluidics-Benchmarks/Results/MINT-TestCases/Ghissues/Issue_3/Issue_3_fromMINT.json,ilp,timeout,exceeded 1800s,1800.078,,,,,,,,,,,,,,,,Microfluidics-Benchmarks/Results/ilp_full_20260915_040013/logs/mint__Ghissues__Issue_3__Issue_3_fromMINT.log,Microfluidics-Benchmarks/Results/ilp_full_20260915_040013/artifacts/mint__Ghissues__Issue_3__Issue_3_fromMINT
346,mint,mint__Ghissues__Issue_6__Issue_6_fromMINT,Ghissues/Issue_6/Issue_6_fromMINT.json,/home/student/Desktop/Neptune_2026/Microfluidics-Benchmarks/Results/MINT-TestCases/Ghissues/Issue_6/Issue_6_fromMINT.json,ilp,timeout,exceeded 1800s,1800.133,,,,,,,,,,,,,,,,Microfluidics-Benchmarks/Results/ilp_full_20260915_040013/logs/mint__Ghissues__Issue_6__Issue_6_fromMINT.log,Microfluidics-Benchmarks/Results/ilp_full_20260915_040013/artifacts/mint__Ghissues__Issue_6__Issue_6_fromMINT
347,mint,mint__Ghissues__Issue_7__Issue_7_fromMINT,Ghissues/Issue_7/Issue_7_fromMINT.json,/home/student/Desktop/Neptune_2026/Microfluidics-Benchmarks/Results/MINT-TestCases/Ghissues/Issue_7/Issue_7_fromMINT.json,ilp,timeout,exceeded 1800s,1800.127,,,,,,,,,,,,,,,,Microfluidics-Benchmarks/Results/ilp_full_20260915_040013/logs/mint__Ghissues__Issue_7__Issue_7_fromMINT.log,Microfluidics-Benchmarks/Results/ilp_full_20260915_040013/artifacts/mint__Ghissues__Issue_7__Issue_7_fromMINT
348,mint,mint__Ghissues__Issue_8__Issue_8_fromMINT,Ghissues/Issue_8/Issue_8_fromMINT.json,/home/student/Desktop/Neptune_2026/Microfluidics-Benchmarks/Results/MINT-TestCases/Ghissues/Issue_8/Issue_8_fromMINT.json,ilp,timeout,exceeded 1800s,1800.067,,,,,,,,,,,,,,,,Microfluidics-Benchmarks/Results/ilp_full_20260915_040013/logs/mint__Ghissues__Issue_8__Issue_8_fromMINT.log,Microfluidics-Benchmarks/Results/ilp_full_20260915_040013/artifacts/mint__Ghissues__Issue_8__Issue_8_fromMINT
349,mint,mint__Ghissues__Issue_9__Issue_9_fromMINT,Ghissues/Issue_9/Issue_9_fromMINT.json,/home/student/Desktop/Neptune_2026/Microfluidics-Benchmarks/Results/MINT-TestCases/Ghissues/Issue_9/Issue_9_fromMINT.json,ilp,timeout,exceeded 1800s,1800.117,,,,,,,,,,,,,,,,Microfluidics-Benchmarks/Results/ilp_full_20260915_040013/logs/mint__Ghissues__Issue_9__Issue_9_fromMINT.log,Microfluidics-Benchmarks/Results/ilp_full_20260915_040013/artifacts/mint__Ghissues__Issue_9__Issue_9_fromMINT
350,mint,mint__Graph_Coverage__Tree_Fanin__Tree_Fanin_fromMINT,Graph_Coverage/Tree_Fanin/Tree_Fanin_fromMINT.json,/home/student/Desktop/Neptune_2026/Microfluidics-Benchmarks/Results/MINT-TestCases/Graph_Coverage/Tree_Fanin/Tree_Fanin_fromMINT.json,ilp,timeout,exceeded 1800s,1800.078,,,,,,,,,,,,,,,,Microfluidics-Benchmarks/Results/ilp_full_20260915_040013/logs/mint__Graph_Coverage__Tree_Fanin__Tree_Fanin_fromMINT.log,Microfluidics-Benchmarks/Results/ilp_full_20260915_040013/artifacts/mint__Graph_Coverage__Tree_Fanin__Tree_Fanin_fromMINT
351,mint,mint__Graph_Coverage__Tree_Fanout__Tree_Fanout_fromMINT,Graph_Coverage/Tree_Fanout/Tree_Fanout_fromMINT.json,/home/student/Desktop/Neptune_2026/Microfluidics-Benchmarks/Results/MINT-TestCases/Graph_Coverage/Tree_Fanout/Tree_Fanout_fromMINT.json,ilp,timeout,exceeded 1800s,1800.083,,,,,,,,,,,,,,,,Microfluidics-Benchmarks/Results/ilp_full_20260915_040013/logs/mint__Graph_Coverage__Tree_Fanout__Tree_Fanout_fromMINT.log,Microfluidics-Benchmarks/Results/ilp_full_20260915_040013/artifacts/mint__Graph_Coverage__Tree_Fanout__Tree_Fanout_fromMINT
352,mint,mint__Grid__Grid_03__Grid_03_fromMINT,Grid/Grid_03/Grid_03_fromMINT.json,/home/student/Desktop/Neptune_2026/Microfluidics-Benchmarks/Results/MINT-TestCases/Grid/Grid_03/Grid_03_fromMINT.json,ilp,timeout,exceeded 1800s,1800.034,,,,,,,,,,,,,,,,Microfluidics-Benchmarks/Results/ilp_full_20260915_040013/logs/mint__Grid__Grid_03__Grid_03_fromMINT.log,Microfluidics-Benchmarks/Results/ilp_full_20260915_040013/artifacts/mint__Grid__Grid_03__Grid_03_fromMINT
353,mint,mint__Grid__Grid_04__Grid_04_fromMINT,Grid/Grid_04/Grid_04_fromMINT.json,/home/student/Desktop/Neptune_2026/Microfluidics-Benchmarks/Results/MINT-TestCases/Grid/Grid_04/Grid_04_fromMINT.json,ilp,timeout,exceeded 1800s,1800.075,,,,,,,,,,,,,,,,Microfluidics-Benchmarks/Results/ilp_full_20260915_040013/logs/mint__Grid__Grid_04__Grid_04_fromMINT.log,Microfluidics-Benchmarks/Results/ilp_full_20260915_040013/artifacts/mint__Grid__Grid_04__Grid_04_fromMINT
354,mint,mint__Grid__Grid_05__Grid_05_fromMINT,Grid/Grid_05/Grid_05_fromMINT.json,/home/student/Desktop/Neptune_2026/Microfluidics-Benchmarks/Results/MINT-TestCases/Grid/Grid_05/Grid_05_fromMINT.json,ilp,timeout,exceeded 1800s,1800.069,,,,,,,,,,,,,,,,Microfluidics-Benchmarks/Results/ilp_full_20260915_040013/logs/mint__Grid__Grid_05__Grid_05_fromMINT.log,Microfluidics-Benchmarks/Results/ilp_full_20260915_040013/artifacts/mint__Grid__Grid_05__Grid_05_fromMINT
355,mint,mint__Grid__Grid_06__Grid_06_fromMINT,Grid/Grid_06/Grid_06_fromMINT.json,/home/student/Desktop/Neptune_2026/Microfluidics-Benchmarks/Results/MINT-TestCases/Grid/Grid_06/Grid_06_fromMINT.json,ilp,timeout,exceeded 1800s,1800.075,,,,,,,,,,,,,,,,Microfluidics-Benchmarks/Results/ilp_full_20260915_040013/logs/mint__Grid__Grid_06__Grid_06_fromMINT.log,Microfluidics-Benchmarks/Results/ilp_full_20260915_040013/artifacts/mint__Grid__Grid_06__Grid_06_fromMINT
356,mint,mint__Grid__Grid_07__Grid_07_fromMINT,Grid/Grid_07/Grid_07_fromMINT.json,/home/student/Desktop/Neptune_2026/Microfluidics-Benchmarks/Results/MINT-TestCases/Grid/Grid_07/Grid_07_fromMINT.json,ilp,timeout,exceeded 1800s,1800.185,,,,,,,,,,,,,,,,Microfluidics-Benchmarks/Results/ilp_full_20260915_040013/logs/mint__Grid__Grid_07__Grid_07_fromMINT.log,Microfluidics-Benchmarks/Results/ilp_full_20260915_040013/artifacts/mint__Grid__Grid_07__Grid_07_fromMINT
357,mint,mint__Grid__Grid_08__Grid_08_fromMINT,Grid/Grid_08/Grid_08_fromMINT.json,/home/student/Desktop/Neptune_2026/Microfluidics-Benchmarks/Results/MINT-TestCases/Grid/Grid_08/Grid_08_fromMINT.json,ilp,timeout,exceeded 1800s,1800.117,,,,,,,,,,,,,,,,Microfluidics-Benchmarks/Results/ilp_full_20260915_040013/logs/mint__Grid__Grid_08__Grid_08_fromMINT.log,Microfluidics-Benchmarks/Results/ilp_full_20260915_040013/artifacts/mint__Grid__Grid_08__Grid_08_fromMINT
358,mint,mint__Grid__Grid_09__Grid_09_fromMINT,Grid/Grid_09/Grid_09_fromMINT.json,/home/student/Desktop/Neptune_2026/Microfluidics-Benchmarks/Results/MINT-TestCases/Grid/Grid_09/Grid_09_fromMINT.json,ilp,timeout,exceeded 1800s,1800.116,,,,,,,,,,,,,,,,Microfluidics-Benchmarks/Results/ilp_full_20260915_040013/logs/mint__Grid__Grid_09__Grid_09_fromMINT.log,Microfluidics-Benchmarks/Results/ilp_full_20260915_040013/artifacts/mint__Grid__Grid_09__Grid_09_fromMINT
359,mint,mint__Grid__Grid_10__Grid_10_fromMINT,Grid/Grid_10/Grid_10_fromMINT.json,/home/student/Desktop/Neptune_2026/Microfluidics-Benchmarks/Results/MINT-TestCases/Grid/Grid_10/Grid_10_fromMINT.json,ilp,timeout,exceeded 1800s,1800.176,,,,,,,,,,,,,,,,Microfluidics-Benchmarks/Results/ilp_full_20260915_040013/logs/mint__Grid__Grid_10__Grid_10_fromMINT.log,Microfluidics-Benchmarks/Results/ilp_full_20260915_040013/artifacts/mint__Grid__Grid_10__Grid_10_fromMINT
360,mint,mint__Grid__Grid_11__Grid_11_fromMINT,Grid/Grid_11/Grid_11_fromMINT.json,/home/student/Desktop/Neptune_2026/Microfluidics-Benchmarks/Results/MINT-TestCases/Grid/Grid_11/Grid_11_fromMINT.json,ilp,timeout,exceeded 1800s,1800.134,,,,,,,,,,,,,,,,Microfluidics-Benchmarks/Results/ilp_full_20260915_040013/logs/mint__Grid__Grid_11__Grid_11_fromMINT.log,Microfluidics-Benchmarks/Results/ilp_full_20260915_040013/artifacts/mint__Grid__Grid_11__Grid_11_fromMINT
361,mint,mint__Grid__Grid_12__Grid_12_fromMINT,Grid/Grid_12/Grid_12_fromMINT.json,/home/student/Desktop/Neptune_2026/Microfluidics-Benchmarks/Results/MINT-TestCases/Grid/Grid_12/Grid_12_fromMINT.json,ilp,timeout,exceeded 1800s,1800.17,,,,,,,,,,,,,,,,Microfluidics-Benchmarks/Results/ilp_full_20260915_040013/logs/mint__Grid__Grid_12__Grid_12_fromMINT.log,Microfluidics-Benchmarks/Results/ilp_full_20260915_040013/artifacts/mint__Grid__Grid_12__Grid_12_fromMINT
362,mint,mint__Grid__Grid_13__Grid_13_fromMINT,Grid/Grid_13/Grid_13_fromMINT.json,/home/student/Desktop/Neptune_2026/Microfluidics-Benchmarks/Results/MINT-TestCases/Grid/Grid_13/Grid_13_fromMINT.json,ilp,timeout,exceeded 1800s,1800.182,,,,,,,,,,,,,,,,Microfluidics-Benchmarks/Results/ilp_full_20260915_040013/logs/mint__Grid__Grid_13__Grid_13_fromMINT.log,Microfluidics-Benchmarks/Results/ilp_full_20260915_040013/artifacts/mint__Grid__Grid_13__Grid_13_fromMINT
363,mint,mint__Grid__Grid_14__Grid_14_fromMINT,Grid/Grid_14/Grid_14_fromMINT.json,/home/student/Desktop/Neptune_2026/Microfluidics-Benchmarks/Results/MINT-TestCases/Grid/Grid_14/Grid_14_fromMINT.json,ilp,timeout,exceeded 1800s,1800.167,,,,,,,,,,,,,,,,Microfluidics-Benchmarks/Results/ilp_full_20260915_040013/logs/mint__Grid__Grid_14__Grid_14_fromMINT.log,Microfluidics-Benchmarks/Results/ilp_full_20260915_040013/artifacts/mint__Grid__Grid_14__Grid_14_fromMINT
364,mint,mint__Grid__Grid_15__Grid_15_fromMINT,Grid/Grid_15/Grid_15_fromMINT.json,/home/student/Desktop/Neptune_2026/Microfluidics-Benchmarks/Results/MINT-TestCases/Grid/Grid_15/Grid_15_fromMINT.json,ilp,timeout,exceeded 1800s,1800.28,,,,,,,,,,,,,,,,Microfluidics-Benchmarks/Results/ilp_full_20260915_040013/logs/mint__Grid__Grid_15__Grid_15_fromMINT.log,Microfluidics-Benchmarks/Results/ilp_full_20260915_040013/artifacts/mint__Grid__Grid_15__Grid_15_fromMINT
365,mint,mint__Grid__Grid_16__Grid_16_fromMINT,Grid/Grid_16/Grid_16_fromMINT.json,/home/student/Desktop/Neptune_2026/Microfluidics-Benchmarks/Results/MINT-TestCases/Grid/Grid_16/Grid_16_fromMINT.json,ilp,timeout,exceeded 1800s,1800.221,,,,,,,,,,,,,,,,Microfluidics-Benchmarks/Results/ilp_full_20260915_040013/logs/mint__Grid__Grid_16__Grid_16_fromMINT.log,Microfluidics-Benchmarks/Results/ilp_full_20260915_040013/artifacts/mint__Grid__Grid_16__Grid_16_fromMINT
366,mint,mint__Literature_Benchmarks__Device_1_Sc_Rna_Seq__Device_1_Sc_Rna_Seq_fromMINT,Literature_Benchmarks/Device_1_Sc_Rna_Seq/Device_1_Sc_Rna_Seq_fromMINT.json,/home/student/Desktop/Neptune_2026/Microfluidics-Benchmarks/Results/MINT-TestCases/Literature_Benchmarks/Device_1_Sc_Rna_Seq/Device_1_Sc_Rna_Seq_fromMINT.json,ilp,timeout,exceeded 1800s,1800.027,,,,,,,,,,,,,,,,Microfluidics-Benchmarks/Results/ilp_full_20260915_040013/logs/mint__Literature_Benchmarks__Device_1_Sc_Rna_Seq__Device_1_Sc_Rna_Seq_fromMINT.log,Microfluidics-Benchmarks/Results/ilp_full_20260915_040013/artifacts/mint__Literature_Benchmarks__Device_1_Sc_Rna_Seq__Device_1_Sc_Rna_Seq_fromMINT
367,mint,mint__Literature_Benchmarks__Device_2_Artificial_Cells__Device_2_Artificial_Cells_fromMINT,Literature_Benchmarks/Device_2_Artificial_Cells/Device_2_Artificial_Cells_fromMINT.json,/home/student/Desktop/Neptune_2026/Microfluidics-Benchmarks/Results/MINT-TestCases/Literature_Benchmarks/Device_2_Artificial_Cells/Device_2_Artificial_Cells_fromMINT.json,ilp,timeout,exceeded 1800s,1800.071,,,,,,,,,,,,,,,,Microfluidics-Benchmarks/Results/ilp_full_20260915_040013/logs/mint__Literature_Benchmarks__Device_2_Artificial_Cells__Device_2_Artificial_Cells_fromMINT.log,Microfluidics-Benchmarks/Results/ilp_full_20260915_040013/artifacts/mint__Literature_Benchmarks__Device_2_Artificial_Cells__Device_2_Artificial_Cells_fromMINT
368,mint,mint__Literature_Benchmarks__Device_4_Molecular_Diagnostics__Device_4_Molecular_Diagnostics_fromMINT,Literature_Benchmarks/Device_4_Molecular_Diagnostics/Device_4_Molecular_Diagnostics_fromMINT.json,/home/student/Desktop/Neptune_2026/Microfluidics-Benchmarks/Results/MINT-TestCases/Literature_Benchmarks/Device_4_Molecular_Diagnostics/Device_4_Molecular_Diagnostics_fromMINT.json,ilp,timeout,exceeded 1800s,1800.034,,,,,,,,,,,,,,,,Microfluidics-Benchmarks/Results/ilp_full_20260915_040013/logs/mint__Literature_Benchmarks__Device_4_Molecular_Diagnostics__Device_4_Molecular_Diagnostics_fromMINT.log,Microfluidics-Benchmarks/Results/ilp_full_20260915_040013/artifacts/mint__Literature_Benchmarks__Device_4_Molecular_Diagnostics__Device_4_Molecular_Diagnostics_fromMINT
369,mint,mint__Literature_Benchmarks__Device_5_Bacteria_Diagnostics__Device_5_Bacteria_Diagnostics_fromMINT,Literature_Benchmarks/Device_5_Bacteria_Diagnostics/Device_5_Bacteria_Diagnostics_fromMINT.json,/home/student/Desktop/Neptune_2026/Microfluidics-Benchmarks/Results/MINT-TestCases/Literature_Benchmarks/Device_5_Bacteria_Diagnostics/Device_5_Bacteria_Diagnostics_fromMINT.json,ilp,timeout,exceeded 1800s,1800.067,,,,,,,,,,,,,,,,Microfluidics-Benchmarks/Results/ilp_full_20260915_040013/logs/mint__Literature_Benchmarks__Device_5_Bacteria_Diagnostics__Device_5_Bacteria_Diagnostics_fromMINT.log,Microfluidics-Benchmarks/Results/ilp_full_20260915_040013/artifacts/mint__Literature_Benchmarks__Device_5_Bacteria_Diagnostics__Device_5_Bacteria_Diagnostics_fromMINT
370,mint,mint__Literature_Benchmarks__Device_6_Organic_Chemical_Synthesis__Device_6_Organic_Chemical_Synthesis_fromMINT,Literature_Benchmarks/Device_6_Organic_Chemical_Synthesis/Device_6_Organic_Chemical_Synthesis_fromMINT.json,/home/student/Desktop/Neptune_2026/Microfluidics-Benchmarks/Results/MINT-TestCases/Literature_Benchmarks/Device_6_Organic_Chemical_Synthesis/Device_6_Organic_Chemical_Synthesis_fromMINT.json,ilp,timeout,exceeded 1800s,1800.117,,,,,,,,,,,,,,,,Microfluidics-Benchmarks/Results/ilp_full_20260915_040013/logs/mint__Literature_Benchmarks__Device_6_Organic_Chemical_Synthesis__Device_6_Organic_Chemical_Synthesis_fromMINT.log,Microfluidics-Benchmarks/Results/ilp_full_20260915_040013/artifacts/mint__Literature_Benchmarks__Device_6_Organic_Chemical_Synthesis__Device_6_Organic_Chemical_Synthesis_fromMINT
371,mint,mint__Literature_Benchmarks__Device_7_Enzyme_Screening__Device_7_Enzyme_Screening_fromMINT,Literature_Benchmarks/Device_7_Enzyme_Screening/Device_7_Enzyme_Screening_fromMINT.json,/home/student/Desktop/Neptune_2026/Microfluidics-Benchmarks/Results/MINT-TestCases/Literature_Benchmarks/Device_7_Enzyme_Screening/Device_7_Enzyme_Screening_fromMINT.json,ilp,timeout,exceeded 1800s,1800.084,,,,,,,,,,,,,,,,Microfluidics-Benchmarks/Results/ilp_full_20260915_040013/logs/mint__Literature_Benchmarks__Device_7_Enzyme_Screening__Device_7_Enzyme_Screening_fromMINT.log,Microfluidics-Benchmarks/Results/ilp_full_20260915_040013/artifacts/mint__Literature_Benchmarks__Device_7_Enzyme_Screening__Device_7_Enzyme_Screening_fromMINT
372,mint,mint__Mars__Antibiotic_Resistance__Antibiotic_Resistance_fromMINT,Mars/Antibiotic_Resistance/Antibiotic_Resistance_fromMINT.json,/home/student/Desktop/Neptune_2026/Microfluidics-Benchmarks/Results/MINT-TestCases/Mars/Antibiotic_Resistance/Antibiotic_Resistance_fromMINT.json,ilp,timeout,exceeded 1800s,1800.067,,,,,,,,,,,,,,,,Microfluidics-Benchmarks/Results/ilp_full_20260915_040013/logs/mint__Mars__Antibiotic_Resistance__Antibiotic_Resistance_fromMINT.log,Microfluidics-Benchmarks/Results/ilp_full_20260915_040013/artifacts/mint__Mars__Antibiotic_Resistance__Antibiotic_Resistance_fromMINT
373,mint,mint__Mars__Cell_Lysis__Cell_Lysis_fromMINT,Mars/Cell_Lysis/Cell_Lysis_fromMINT.json,/home/student/Desktop/Neptune_2026/Microfluidics-Benchmarks/Results/MINT-TestCases/Mars/Cell_Lysis/Cell_Lysis_fromMINT.json,ilp,timeout,exceeded 1800s,1800.035,,,,,,,,,,,,,,,,Microfluidics-Benchmarks/Results/ilp_full_20260915_040013/logs/mint__Mars__Cell_Lysis__Cell_Lysis_fromMINT.log,Microfluidics-Benchmarks/Results/ilp_full_20260915_040013/artifacts/mint__Mars__Cell_Lysis__Cell_Lysis_fromMINT
374,mint,mint__Mars__Dna_Digest__Dna_Digest_fromMINT,Mars/Dna_Digest/Dna_Digest_fromMINT.json,/home/student/Desktop/Neptune_2026/Microfluidics-Benchmarks/Results/MINT-TestCases/Mars/Dna_Digest/Dna_Digest_fromMINT.json,ilp,timeout,exceeded 1800s,1800.123,,,,,,,,,,,,,,,,Microfluidics-Benchmarks/Results/ilp_full_20260915_040013/logs/mint__Mars__Dna_Digest__Dna_Digest_fromMINT.log,Microfluidics-Benchmarks/Results/ilp_full_20260915_040013/artifacts/mint__Mars__Dna_Digest__Dna_Digest_fromMINT
375,mint,mint__Mars__Fluorescence__Fluorescence_fromMINT,Mars/Fluorescence/Fluorescence_fromMINT.json,/home/student/Desktop/Neptune_2026/Microfluidics-Benchmarks/Results/MINT-TestCases/Mars/Fluorescence/Fluorescence_fromMINT.json,ilp,timeout,exceeded 1800s,1800.066,,,,,,,,,,,,,,,,Microfluidics-Benchmarks/Results/ilp_full_20260915_040013/logs/mint__Mars__Fluorescence__Fluorescence_fromMINT.log,Microfluidics-Benchmarks/Results/ilp_full_20260915_040013/artifacts/mint__Mars__Fluorescence__Fluorescence_fromMINT
376,mint,mint__Mars__Ligation__Ligation_fromMINT,Mars/Ligation/Ligation_fromMINT.json,/home/student/Desktop/Neptune_2026/Microfluidics-Benchmarks/Results/MINT-TestCases/Mars/Ligation/Ligation_fromMINT.json,ilp,timeout,exceeded 1800s,1800.074,,,,,,,,,,,,,,,,Microfluidics-Benchmarks/Results/ilp_full_20260915_040013/logs/mint__Mars__Ligation__Ligation_fromMINT.log,Microfluidics-Benchmarks/Results/ilp_full_20260915_040013/artifacts/mint__Mars__Ligation__Ligation_fromMINT
377,mint,mint__Mars__Pcr__Pcr_fromMINT,Mars/Pcr/Pcr_fromMINT.json,/home/student/Desktop/Neptune_2026/Microfluidics-Benchmarks/Results/MINT-TestCases/Mars/Pcr/Pcr_fromMINT.json,ilp,fail,RuntimeError: DRC violations: control_route: layer-1 connection 'Ctrlchannel_1' has a sentinel or missing route,13.321,13.039,1,optimal,True,2.6084376401267946,False,1,True,False,,27000.0,772540000.0,1447540000.0,/home/student/Desktop/Neptune_2026/Microfluidics-Benchmarks/Results/ilp_full_20260915_040013/artifacts/mint__Mars__Pcr__Pcr_fromMINT/result_control.json,/home/student/Desktop/Neptune_2026/Microfluidics-Benchmarks/Results/ilp_full_20260915_040013/artifacts/mint__Mars__Pcr__Pcr_fromMINT/metrics.json,Microfluidics-Benchmarks/Results/ilp_full_20260915_040013/logs/mint__Mars__Pcr__Pcr_fromMINT.log,Microfluidics-Benchmarks/Results/ilp_full_20260915_040013/artifacts/mint__Mars__Pcr__Pcr_fromMINT
378,mint,mint__Mars__Pre_Processor_Dump__Pre_Processor_Dump_fromMINT,Mars/Pre_Processor_Dump/Pre_Processor_Dump_fromMINT.json,/home/student/Desktop/Neptune_2026/Microfluidics-Benchmarks/Results/MINT-TestCases/Mars/Pre_Processor_Dump/Pre_Processor_Dump_fromMINT.json,ilp,success,,76.051,75.781733,0,optimal,True,74.88551185210235,True,0,False,True,,14000.0,102880000.0,411480000.0,/home/student/Desktop/Neptune_2026/Microfluidics-Benchmarks/Results/ilp_full_20260915_040013/artifacts/mint__Mars__Pre_Processor_Dump__Pre_Processor_Dump_fromMINT/result.json,/home/student/Desktop/Neptune_2026/Microfluidics-Benchmarks/Results/ilp_full_20260915_040013/artifacts/mint__Mars__Pre_Processor_Dump__Pre_Processor_Dump_fromMINT/metrics.json,Microfluidics-Benchmarks/Results/ilp_full_20260915_040013/logs/mint__Mars__Pre_Processor_Dump__Pre_Processor_Dump_fromMINT.log,Microfluidics-Benchmarks/Results/ilp_full_20260915_040013/artifacts/mint__Mars__Pre_Processor_Dump__Pre_Processor_Dump_fromMINT
379,mint,mint__Mars__Sorting__Sorting_fromMINT,Mars/Sorting/Sorting_fromMINT.json,/home/student/Desktop/Neptune_2026/Microfluidics-Benchmarks/Results/MINT-TestCases/Mars/Sorting/Sorting_fromMINT.json,ilp,success,,50.442,50.123431,0,optimal,True,49.22029185900465,True,0,False,True,,12800.0,131100000.0,460100000.0,/home/student/Desktop/Neptune_2026/Microfluidics-Benchmarks/Results/ilp_full_20260915_040013/artifacts/mint__Mars__Sorting__Sorting_fromMINT/result.json,/home/student/Desktop/Neptune_2026/Microfluidics-Benchmarks/Results/ilp_full_20260915_040013/artifacts/mint__Mars__Sorting__Sorting_fromMINT/metrics.json,Microfluidics-Benchmarks/Results/ilp_full_20260915_040013/logs/mint__Mars__Sorting__Sorting_fromMINT.log,Microfluidics-Benchmarks/Results/ilp_full_20260915_040013/artifacts/mint__Mars__Sorting__Sorting_fromMINT
380,mint,mint__Mars__Transformation__Transformation_fromMINT,Mars/Transformation/Transformation_fromMINT.json,/home/student/Desktop/Neptune_2026/Microfluidics-Benchmarks/Results/MINT-TestCases/Mars/Transformation/Transformation_fromMINT.json,ilp,timeout,exceeded 1800s,1800.045,,,,,,,,,,,,,,,,Microfluidics-Benchmarks/Results/ilp_full_20260915_040013/logs/mint__Mars__Transformation__Transformation_fromMINT.log,Microfluidics-Benchmarks/Results/ilp_full_20260915_040013/artifacts/mint__Mars__Transformation__Transformation_fromMINT
381,mint,mint__Primitive__Capacitance_Sensor__Capacitance_Sensor_fromMINT,Primitive/Capacitance_Sensor/Capacitance_Sensor_fromMINT.json,/home/student/Desktop/Neptune_2026/Microfluidics-Benchmarks/Results/MINT-TestCases/Primitive/Capacitance_Sensor/Capacitance_Sensor_fromMINT.json,ilp,success,,1.371,1.115031,0,optimal,True,0.2584974078927189,True,0,False,True,,2000.0,224000000.0,624000000.0,/home/student/Desktop/Neptune_2026/Microfluidics-Benchmarks/Results/ilp_full_20260915_040013/artifacts/mint__Primitive__Capacitance_Sensor__Capacitance_Sensor_fromMINT/result.json,/home/student/Desktop/Neptune_2026/Microfluidics-Benchmarks/Results/ilp_full_20260915_040013/artifacts/mint__Primitive__Capacitance_Sensor__Capacitance_Sensor_fromMINT/metrics.json,Microfluidics-Benchmarks/Results/ilp_full_20260915_040013/logs/mint__Primitive__Capacitance_Sensor__Capacitance_Sensor_fromMINT.log,Microfluidics-Benchmarks/Results/ilp_full_20260915_040013/artifacts/mint__Primitive__Capacitance_Sensor__Capacitance_Sensor_fromMINT
382,mint,mint__Primitive__Curved_Mixer__Curved_Mixer_fromMINT,Primitive/Curved_Mixer/Curved_Mixer_fromMINT.json,/home/student/Desktop/Neptune_2026/Microfluidics-Benchmarks/Results/MINT-TestCases/Primitive/Curved_Mixer/Curved_Mixer_fromMINT.json,ilp,success,,1.372,1.139654,0,optimal,True,0.28716092300601304,True,0,False,True,,2000.0,57449400.0,318949400.0,/home/student/Desktop/Neptune_2026/Microfluidics-Benchmarks/Results/ilp_full_20260915_040013/artifacts/mint__Primitive__Curved_Mixer__Curved_Mixer_fromMINT/result.json,/home/student/Desktop/Neptune_2026/Microfluidics-Benchmarks/Results/ilp_full_20260915_040013/artifacts/mint__Primitive__Curved_Mixer__Curved_Mixer_fromMINT/metrics.json,Microfluidics-Benchmarks/Results/ilp_full_20260915_040013/logs/mint__Primitive__Curved_Mixer__Curved_Mixer_fromMINT.log,Microfluidics-Benchmarks/Results/ilp_full_20260915_040013/artifacts/mint__Primitive__Curved_Mixer__Curved_Mixer_fromMINT
383,mint,mint__Primitive__Diamond_Chamber__Diamond_Chamber_fromMINT,Primitive/Diamond_Chamber/Diamond_Chamber_fromMINT.json,/home/student/Desktop/Neptune_2026/Microfluidics-Benchmarks/Results/MINT-TestCases/Primitive/Diamond_Chamber/Diamond_Chamber_fromMINT.json,ilp,success,,1.372,1.095996,0,optimal,True,0.24675665399990976,True,0,False,True,,2000.0,42954800.0,277054800.0,/home/student/Desktop/Neptune_2026/Microfluidics-Benchmarks/Results/ilp_full_20260915_040013/artifacts/mint__Primitive__Diamond_Chamber__Diamond_Chamber_fromMINT/result.json,/home/student/Desktop/Neptune_2026/Microfluidics-Benchmarks/Results/ilp_full_20260915_040013/artifacts/mint__Primitive__Diamond_Chamber__Diamond_Chamber_fromMINT/metrics.json,Microfluidics-Benchmarks/Results/ilp_full_20260915_040013/logs/mint__Primitive__Diamond_Chamber__Diamond_Chamber_fromMINT.log,Microfluidics-Benchmarks/Results/ilp_full_20260915_040013/artifacts/mint__Primitive__Diamond_Chamber__Diamond_Chamber_fromMINT
384,mint,mint__Primitive__Droplet_Generator_T__Droplet_Generator_T_fromMINT,Primitive/Droplet_Generator_T/Droplet_Generator_T_fromMINT.json,/home/student/Desktop/Neptune_2026/Microfluidics-Benchmarks/Results/MINT-TestCases/Primitive/Droplet_Generator_T/Droplet_Generator_T_fromMINT.json,ilp,success,,1.239,0.948584,0,optimal,True,0.08464615512639284,True,0,False,True,,1000.0,46750000.0,286750000.0,/home/student/Desktop/Neptune_2026/Microfluidics-Benchmarks/Results/ilp_full_20260915_040013/artifacts/mint__Primitive__Droplet_Generator_T__Droplet_Generator_T_fromMINT/result.json,/home/student/Desktop/Neptune_2026/Microfluidics-Benchmarks/Results/ilp_full_20260915_040013/artifacts/mint__Primitive__Droplet_Generator_T__Droplet_Generator_T_fromMINT/metrics.json,Microfluidics-Benchmarks/Results/ilp_full_20260915_040013/logs/mint__Primitive__Droplet_Generator_T__Droplet_Generator_T_fromMINT.log,Microfluidics-Benchmarks/Results/ilp_full_20260915_040013/artifacts/mint__Primitive__Droplet_Generator_T__Droplet_Generator_T_fromMINT
385,mint,mint__Primitive__Droplet_Merger__Droplet_Merger_fromMINT,Primitive/Droplet_Merger/Droplet_Merger_fromMINT.json,/home/student/Desktop/Neptune_2026/Microfluidics-Benchmarks/Results/MINT-TestCases/Primitive/Droplet_Merger/Droplet_Merger_fromMINT.json,ilp,success,,1.532,1.286556,0,optimal,True,0.4210104860831052,True,0,False,True,,2000.0,80000000.0,390000000.0,/home/student/Desktop/Neptune_2026/Microfluidics-Benchmarks/Results/ilp_full_20260915_040013/artifacts/mint__Primitive__Droplet_Merger__Droplet_Merger_fromMINT/result.json,/home/student/Desktop/Neptune_2026/Microfluidics-Benchmarks/Results/ilp_full_20260915_040013/artifacts/mint__Primitive__Droplet_Merger__Droplet_Merger_fromMINT/metrics.json,Microfluidics-Benchmarks/Results/ilp_full_20260915_040013/logs/mint__Primitive__Droplet_Merger__Droplet_Merger_fromMINT.log,Microfluidics-Benchmarks/Results/ilp_full_20260915_040013/artifacts/mint__Primitive__Droplet_Merger__Droplet_Merger_fromMINT
386,mint,mint__Primitive__Droplet_Sorter__Droplet_Sorter_fromMINT,Primitive/Droplet_Sorter/Droplet_Sorter_fromMINT.json,/home/student/Desktop/Neptune_2026/Microfluidics-Benchmarks/Results/MINT-TestCases/Primitive/Droplet_Sorter/Droplet_Sorter_fromMINT.json,ilp,success,,1.873,1.635606,0,optimal,True,0.7966553098522127,True,0,False,True,,3000.0,289145700.0,751905700.0,/home/student/Desktop/Neptune_2026/Microfluidics-Benchmarks/Results/ilp_full_20260915_040013/artifacts/mint__Primitive__Droplet_Sorter__Droplet_Sorter_fromMINT/result.json,/home/student/Desktop/Neptune_2026/Microfluidics-Benchmarks/Results/ilp_full_20260915_040013/artifacts/mint__Primitive__Droplet_Sorter__Droplet_Sorter_fromMINT/metrics.json,Microfluidics-Benchmarks/Results/ilp_full_20260915_040013/logs/mint__Primitive__Droplet_Sorter__Droplet_Sorter_fromMINT.log,Microfluidics-Benchmarks/Results/ilp_full_20260915_040013/artifacts/mint__Primitive__Droplet_Sorter__Droplet_Sorter_fromMINT
387,mint,mint__Primitive__Filter__Filter_fromMINT,Primitive/Filter/Filter_fromMINT.json,/home/student/Desktop/Neptune_2026/Microfluidics-Benchmarks/Results/MINT-TestCases/Primitive/Filter/Filter_fromMINT.json,ilp,success,,1.336,1.062102,0,optimal,True,0.2122420030646026,True,0,False,True,,2000.0,268200000.0,756200000.0,/home/student/Desktop/Neptune_2026/Microfluidics-Benchmarks/Results/ilp_full_20260915_040013/artifacts/mint__Primitive__Filter__Filter_fromMINT/result.json,/home/student/Desktop/Neptune_2026/Microfluidics-Benchmarks/Results/ilp_full_20260915_040013/artifacts/mint__Primitive__Filter__Filter_fromMINT/metrics.json,Microfluidics-Benchmarks/Results/ilp_full_20260915_040013/logs/mint__Primitive__Filter__Filter_fromMINT.log,Microfluidics-Benchmarks/Results/ilp_full_20260915_040013/artifacts/mint__Primitive__Filter__Filter_fromMINT
388,mint,mint__Primitive__Flow_Focus_Droplet_Generator__Flow_Focus_Droplet_Generator_fromMINT,Primitive/Flow_Focus_Droplet_Generator/Flow_Focus_Droplet_Generator_fromMINT.json,/home/student/Desktop/Neptune_2026/Microfluidics-Benchmarks/Results/MINT-TestCases/Primitive/Flow_Focus_Droplet_Generator/Flow_Focus_Droplet_Generator_fromMINT.json,ilp,success,,1.221,0.950123,0,optimal,True,0.07958395010791719,True,0,False,True,,1000.0,53070000.0,301070000.0,/home/student/Desktop/Neptune_2026/Microfluidics-Benchmarks/Results/ilp_full_20260915_040013/artifacts/mint__Primitive__Flow_Focus_Droplet_Generator__Flow_Focus_Droplet_Generator_fromMINT/result.json,/home/student/Desktop/Neptune_2026/Microfluidics-Benchmarks/Results/ilp_full_20260915_040013/artifacts/mint__Primitive__Flow_Focus_Droplet_Generator__Flow_Focus_Droplet_Generator_fromMINT/metrics.json,Microfluidics-Benchmarks/Results/ilp_full_20260915_040013/logs/mint__Primitive__Flow_Focus_Droplet_Generator__Flow_Focus_Droplet_Generator_fromMINT.log,Microfluidics-Benchmarks/Results/ilp_full_20260915_040013/artifacts/mint__Primitive__Flow_Focus_Droplet_Generator__Flow_Focus_Droplet_Generator_fromMINT
389,mint,mint__Primitive__Gradient_Generator__Gradient_Generator_fromMINT,Primitive/Gradient_Generator/Gradient_Generator_fromMINT.json,/home/student/Desktop/Neptune_2026/Microfluidics-Benchmarks/Results/MINT-TestCases/Primitive/Gradient_Generator/Gradient_Generator_fromMINT.json,ilp,success,,4.834,4.576029,0,optimal,True,3.685184351168573,True,0,False,True,,5000.0,1337876800.0,2171276800.0,/home/student/Desktop/Neptune_2026/Microfluidics-Benchmarks/Results/ilp_full_20260915_040013/artifacts/mint__Primitive__Gradient_Generator__Gradient_Generator_fromMINT/result.json,/home/student/Desktop/Neptune_2026/Microfluidics-Benchmarks/Results/ilp_full_20260915_040013/artifacts/mint__Primitive__Gradient_Generator__Gradient_Generator_fromMINT/metrics.json,Microfluidics-Benchmarks/Results/ilp_full_20260915_040013/logs/mint__Primitive__Gradient_Generator__Gradient_Generator_fromMINT.log,Microfluidics-Benchmarks/Results/ilp_full_20260915_040013/artifacts/mint__Primitive__Gradient_Generator__Gradient_Generator_fromMINT
390,mint,mint__Primitive__Long_Cell_Trap__Long_Cell_Trap_fromMINT,Primitive/Long_Cell_Trap/Long_Cell_Trap_fromMINT.json,/home/student/Desktop/Neptune_2026/Microfluidics-Benchmarks/Results/MINT-TestCases/Primitive/Long_Cell_Trap/Long_Cell_Trap_fromMINT.json,ilp,success,,1.422,1.148805,0,optimal,True,0.2711712110321969,True,0,False,True,,2000.0,54879300.0,378279300.0,/home/student/Desktop/Neptune_2026/Microfluidics-Benchmarks/Results/ilp_full_20260915_040013/artifacts/mint__Primitive__Long_Cell_Trap__Long_Cell_Trap_fromMINT/result.json,/home/student/Desktop/Neptune_2026/Microfluidics-Benchmarks/Results/ilp_full_20260915_040013/artifacts/mint__Primitive__Long_Cell_Trap__Long_Cell_Trap_fromMINT/metrics.json,Microfluidics-Benchmarks/Results/ilp_full_20260915_040013/logs/mint__Primitive__Long_Cell_Trap__Long_Cell_Trap_fromMINT.log,Microfluidics-Benchmarks/Results/ilp_full_20260915_040013/artifacts/mint__Primitive__Long_Cell_Trap__Long_Cell_Trap_fromMINT
391,mint,mint__Primitive__Mixer__Mixer_fromMINT,Primitive/Mixer/Mixer_fromMINT.json,/home/student/Desktop/Neptune_2026/Microfluidics-Benchmarks/Results/MINT-TestCases/Primitive/Mixer/Mixer_fromMINT.json,ilp,success,,1.33,1.065627,0,optimal,True,0.21521853609010577,True,0,False,True,,2000.0,44091600.0,293291600.0,/home/student/Desktop/Neptune_2026/Microfluidics-Benchmarks/Results/ilp_full_20260915_040013/artifacts/mint__Primitive__Mixer__Mixer_fromMINT/result.json,/home/student/Desktop/Neptune_2026/Microfluidics-Benchmarks/Results/ilp_full_20260915_040013/artifacts/mint__Primitive__Mixer__Mixer_fromMINT/metrics.json,Microfluidics-Benchmarks/Results/ilp_full_20260915_040013/logs/mint__Primitive__Mixer__Mixer_fromMINT.log,Microfluidics-Benchmarks/Results/ilp_full_20260915_040013/artifacts/mint__Primitive__Mixer__Mixer_fromMINT
392,mint,mint__Primitive__Mixer_To_Mixer__Mixer_To_Mixer_fromMINT,Primitive/Mixer_To_Mixer/Mixer_To_Mixer_fromMINT.json,/home/student/Desktop/Neptune_2026/Microfluidics-Benchmarks/Results/MINT-TestCases/Primitive/Mixer_To_Mixer/Mixer_To_Mixer_fromMINT.json,ilp,success,,1.231,0.957837,0,optimal,True,0.07579775201156735,True,0,False,True,,16120.0,71447200.0,343247200.0,/home/student/Desktop/Neptune_2026/Microfluidics-Benchmarks/Results/ilp_full_20260915_040013/artifacts/mint__Primitive__Mixer_To_Mixer__Mixer_To_Mixer_fromMINT/result.json,/home/student/Desktop/Neptune_2026/Microfluidics-Benchmarks/Results/ilp_full_20260915_040013/artifacts/mint__Primitive__Mixer_To_Mixer__Mixer_To_Mixer_fromMINT/metrics.json,Microfluidics-Benchmarks/Results/ilp_full_20260915_040013/logs/mint__Primitive__Mixer_To_Mixer__Mixer_To_Mixer_fromMINT.log,Microfluidics-Benchmarks/Results/ilp_full_20260915_040013/artifacts/mint__Primitive__Mixer_To_Mixer__Mixer_To_Mixer_fromMINT
393,mint,mint__Primitive__Mux__Mux_fromMINT,Primitive/Mux/Mux_fromMINT.json,/home/student/Desktop/Neptune_2026/Microfluidics-Benchmarks/Results/MINT-TestCases/Primitive/Mux/Mux_fromMINT.json,ilp,success,,2.491,2.184556,0,optimal,True,1.2929747570306063,True,0,False,True,,5000.0,230460000.0,635460000.0,/home/student/Desktop/Neptune_2026/Microfluidics-Benchmarks/Results/ilp_full_20260915_040013/artifacts/mint__Primitive__Mux__Mux_fromMINT/result.json,/home/student/Desktop/Neptune_2026/Microfluidics-Benchmarks/Results/ilp_full_20260915_040013/artifacts/mint__Primitive__Mux__Mux_fromMINT/metrics.json,Microfluidics-Benchmarks/Results/ilp_full_20260915_040013/logs/mint__Primitive__Mux__Mux_fromMINT.log,Microfluidics-Benchmarks/Results/ilp_full_20260915_040013/artifacts/mint__Primitive__Mux__Mux_fromMINT
394,mint,mint__Primitive__Mux_3d__Mux_3d_fromMINT,Primitive/Mux_3d/Mux_3d_fromMINT.json,/home/student/Desktop/Neptune_2026/Microfluidics-Benchmarks/Results/MINT-TestCases/Primitive/Mux_3d/Mux_3d_fromMINT.json,ilp,success,,2.774,2.514135,0,optimal,True,1.632174759870395,True,0,False,True,,5000.0,363810000.0,845810000.0,/home/student/Desktop/Neptune_2026/Microfluidics-Benchmarks/Results/ilp_full_20260915_040013/artifacts/mint__Primitive__Mux_3d__Mux_3d_fromMINT/result.json,/home/student/Desktop/Neptune_2026/Microfluidics-Benchmarks/Results/ilp_full_20260915_040013/artifacts/mint__Primitive__Mux_3d__Mux_3d_fromMINT/metrics.json,Microfluidics-Benchmarks/Results/ilp_full_20260915_040013/logs/mint__Primitive__Mux_3d__Mux_3d_fromMINT.log,Microfluidics-Benchmarks/Results/ilp_full_20260915_040013/artifacts/mint__Primitive__Mux_3d__Mux_3d_fromMINT
395,mint,mint__Primitive__Node__Node_fromMINT,Primitive/Node/Node_fromMINT.json,/home/student/Desktop/Neptune_2026/Microfluidics-Benchmarks/Results/MINT-TestCases/Primitive/Node/Node_fromMINT.json,ilp,fail,"BaselineError: all routability-aware placement attempts failed for gaps (0.0, 1000.0, 2000.0, 4000.0, 8000.0); last error: All 2 deterministic routing orders failed; order 1: No legal route for connection 'c2' sink 0 ({'component': 'n', 'port': '2'} -> {'component': 'p2', 'port': '1'}) | order 2: No legal route for connection 'c1' sink 0 ({'component': 'p1', 'port': '1'} -> {'component': 'n', 'port': '1'})",5.136,4.980563,1,,,,,,,,,,,,,,Microfluidics-Benchmarks/Results/ilp_full_20260915_040013/logs/mint__Primitive__Node__Node_fromMINT.log,Microfluidics-Benchmarks/Results/ilp_full_20260915_040013/artifacts/mint__Primitive__Node__Node_fromMINT
396,mint,mint__Primitive__Nozzle_Droplet_Generator__Nozzle_Droplet_Generator_fromMINT,Primitive/Nozzle_Droplet_Generator/Nozzle_Droplet_Generator_fromMINT.json,/home/student/Desktop/Neptune_2026/Microfluidics-Benchmarks/Results/MINT-TestCases/Primitive/Nozzle_Droplet_Generator/Nozzle_Droplet_Generator_fromMINT.json,ilp,fail,RuntimeError: DRC violations: channel_spacing: channels of connections 'co1' and 'co3' violate the 1000 edge-to-edge clearance; channel_spacing: channels of connections 'co1' and 'c04' violate the 1000 edge-to-edge clearance; channel_spacing: channels of connections 'co3' and 'c04' violate the 1000 edge-to-edge clearance,20.319,20.063631,1,optimal,True,19.2035065270029,False,3,False,True,,4600.0,55440000.0,305440000.0,/home/student/Desktop/Neptune_2026/Microfluidics-Benchmarks/Results/ilp_full_20260915_040013/artifacts/mint__Primitive__Nozzle_Droplet_Generator__Nozzle_Droplet_Generator_fromMINT/result.json,/home/student/Desktop/Neptune_2026/Microfluidics-Benchmarks/Results/ilp_full_20260915_040013/artifacts/mint__Primitive__Nozzle_Droplet_Generator__Nozzle_Droplet_Generator_fromMINT/metrics.json,Microfluidics-Benchmarks/Results/ilp_full_20260915_040013/logs/mint__Primitive__Nozzle_Droplet_Generator__Nozzle_Droplet_Generator_fromMINT.log,Microfluidics-Benchmarks/Results/ilp_full_20260915_040013/artifacts/mint__Primitive__Nozzle_Droplet_Generator__Nozzle_Droplet_Generator_fromMINT
397,mint,mint__Primitive__Picoinjector__Picoinjector_fromMINT,Primitive/Picoinjector/Picoinjector_fromMINT.json,/home/student/Desktop/Neptune_2026/Microfluidics-Benchmarks/Results/MINT-TestCases/Primitive/Picoinjector/Picoinjector_fromMINT.json,ilp,success,,2.073,1.746495,0,optimal,True,0.847528523998335,True,0,False,True,,3000.0,169600000.0,535600000.0,/home/student/Desktop/Neptune_2026/Microfluidics-Benchmarks/Results/ilp_full_20260915_040013/artifacts/mint__Primitive__Picoinjector__Picoinjector_fromMINT/result.json,/home/student/Desktop/Neptune_2026/Microfluidics-Benchmarks/Results/ilp_full_20260915_040013/artifacts/mint__Primitive__Picoinjector__Picoinjector_fromMINT/metrics.json,Microfluidics-Benchmarks/Results/ilp_full_20260915_040013/logs/mint__Primitive__Picoinjector__Picoinjector_fromMINT.log,Microfluidics-Benchmarks/Results/ilp_full_20260915_040013/artifacts/mint__Primitive__Picoinjector__Picoinjector_fromMINT
398,mint,mint__Primitive__Pump__Pump_fromMINT,Primitive/Pump/Pump_fromMINT.json,/home/student/Desktop/Neptune_2026/Microfluidics-Benchmarks/Results/MINT-TestCases/Primitive/Pump/Pump_fromMINT.json,ilp,success,,1.572,1.324312,0,optimal,True,0.47102733282372355,True,0,False,True,,2000.0,13860000.0,198860000.0,/home/student/Desktop/Neptune_2026/Microfluidics-Benchmarks/Results/ilp_full_20260915_040013/artifacts/mint__Primitive__Pump__Pump_fromMINT/result.json,/home/student/Desktop/Neptune_2026/Microfluidics-Benchmarks/Results/ilp_full_20260915_040013/artifacts/mint__Primitive__Pump__Pump_fromMINT/metrics.json,Microfluidics-Benchmarks/Results/ilp_full_20260915_040013/logs/mint__Primitive__Pump__Pump_fromMINT.log,Microfluidics-Benchmarks/Results/ilp_full_20260915_040013/artifacts/mint__Primitive__Pump__Pump_fromMINT
399,mint,mint__Primitive__Pump_3d__Pump_3d_fromMINT,Primitive/Pump_3d/Pump_3d_fromMINT.json,/home/student/Desktop/Neptune_2026/Microfluidics-Benchmarks/Results/MINT-TestCases/Primitive/Pump_3d/Pump_3d_fromMINT.json,ilp,success,,1.485,1.160309,0,optimal,True,0.26865727989934385,True,0,False,True,,2000.0,49920000.0,337920000.0,/home/student/Desktop/Neptune_2026/Microfluidics-Benchmarks/Results/ilp_full_20260915_040013/artifacts/mint__Primitive__Pump_3d__Pump_3d_fromMINT/result.json,/home/student/Desktop/Neptune_2026/Microfluidics-Benchmarks/Results/ilp_full_20260915_040013/artifacts/mint__Primitive__Pump_3d__Pump_3d_fromMINT/metrics.json,Microfluidics-Benchmarks/Results/ilp_full_20260915_040013/logs/mint__Primitive__Pump_3d__Pump_3d_fromMINT.log,Microfluidics-Benchmarks/Results/ilp_full_20260915_040013/artifacts/mint__Primitive__Pump_3d__Pump_3d_fromMINT
400,mint,mint__Primitive__Rotary_Mixer__Rotary_Mixer_fromMINT,Primitive/Rotary_Mixer/Rotary_Mixer_fromMINT.json,/home/student/Desktop/Neptune_2026/Microfluidics-Benchmarks/Results/MINT-TestCases/Primitive/Rotary_Mixer/Rotary_Mixer_fromMINT.json,ilp,success,,1.672,1.38138,0,optimal,True,0.519523594994098,True,0,False,True,,2300.0,151900000.0,504900000.0,/home/student/Desktop/Neptune_2026/Microfluidics-Benchmarks/Results/ilp_full_20260915_040013/artifacts/mint__Primitive__Rotary_Mixer__Rotary_Mixer_fromMINT/result.json,/home/student/Desktop/Neptune_2026/Microfluidics-Benchmarks/Results/ilp_full_20260915_040013/artifacts/mint__Primitive__Rotary_Mixer__Rotary_Mixer_fromMINT/metrics.json,Microfluidics-Benchmarks/Results/ilp_full_20260915_040013/logs/mint__Primitive__Rotary_Mixer__Rotary_Mixer_fromMINT.log,Microfluidics-Benchmarks/Results/ilp_full_20260915_040013/artifacts/mint__Primitive__Rotary_Mixer__Rotary_Mixer_fromMINT
401,mint,mint__Primitive__Splitter__Splitter_fromMINT,Primitive/Splitter/Splitter_fromMINT.json,/home/student/Desktop/Neptune_2026/Microfluidics-Benchmarks/Results/MINT-TestCases/Primitive/Splitter/Splitter_fromMINT.json,ilp,success,,2.379,2.026571,0,optimal,True,1.097605620045215,True,0,False,True,,3000.0,133000000.0,468000000.0,/home/student/Desktop/Neptune_2026/Microfluidics-Benchmarks/Results/ilp_full_20260915_040013/artifacts/mint__Primitive__Splitter__Splitter_fromMINT/result.json,/home/student/Desktop/Neptune_2026/Microfluidics-Benchmarks/Results/ilp_full_20260915_040013/artifacts/mint__Primitive__Splitter__Splitter_fromMINT/metrics.json,Microfluidics-Benchmarks/Results/ilp_full_20260915_040013/logs/mint__Primitive__Splitter__Splitter_fromMINT.log,Microfluidics-Benchmarks/Results/ilp_full_20260915_040013/artifacts/mint__Primitive__Splitter__Splitter_fromMINT
402,mint,mint__Primitive__Square_Cell_Trap__Square_Cell_Trap_fromMINT,Primitive/Square_Cell_Trap/Square_Cell_Trap_fromMINT.json,/home/student/Desktop/Neptune_2026/Microfluidics-Benchmarks/Results/MINT-TestCases/Primitive/Square_Cell_Trap/Square_Cell_Trap_fromMINT.json,ilp,success,,3.428,3.170116,0,optimal,True,2.3073003999888897,True,0,False,True,,4000.0,100000000.0,400000000.0,/home/student/Desktop/Neptune_2026/Microfluidics-Benchmarks/Results/ilp_full_20260915_040013/artifacts/mint__Primitive__Square_Cell_Trap__Square_Cell_Trap_fromMINT/result.json,/home/student/Desktop/Neptune_2026/Microfluidics-Benchmarks/Results/ilp_full_20260915_040013/artifacts/mint__Primitive__Square_Cell_Trap__Square_Cell_Trap_fromMINT/metrics.json,Microfluidics-Benchmarks/Results/ilp_full_20260915_040013/logs/mint__Primitive__Square_Cell_Trap__Square_Cell_Trap_fromMINT.log,Microfluidics-Benchmarks/Results/ilp_full_20260915_040013/artifacts/mint__Primitive__Square_Cell_Trap__Square_Cell_Trap_fromMINT
403,mint,mint__Primitive__Transposer__Transposer_fromMINT,Primitive/Transposer/Transposer_fromMINT.json,/home/student/Desktop/Neptune_2026/Microfluidics-Benchmarks/Results/MINT-TestCases/Primitive/Transposer/Transposer_fromMINT.json,ilp,success,,12.779,12.528786,0,optimal,True,11.59521787497215,True,0,False,True,,12900.0,274725000.0,713225000.0,/home/student/Desktop/Neptune_2026/Microfluidics-Benchmarks/Results/ilp_full_20260915_040013/artifacts/mint__Primitive__Transposer__Transposer_fromMINT/result.json,/home/student/Desktop/Neptune_2026/Microfluidics-Benchmarks/Results/ilp_full_20260915_040013/artifacts/mint__Primitive__Transposer__Transposer_fromMINT/metrics.json,Microfluidics-Benchmarks/Results/ilp_full_20260915_040013/logs/mint__Primitive__Transposer__Transposer_fromMINT.log,Microfluidics-Benchmarks/Results/ilp_full_20260915_040013/artifacts/mint__Primitive__Transposer__Transposer_fromMINT
404,mint,mint__Primitive__Tree__Tree_fromMINT,Primitive/Tree/Tree_fromMINT.json,/home/student/Desktop/Neptune_2026/Microfluidics-Benchmarks/Results/MINT-TestCases/Primitive/Tree/Tree_fromMINT.json,ilp,success,,3.128,2.851877,0,optimal,True,1.969655386870727,True,0,False,True,,5000.0,338070000.0,806070000.0,/home/student/Desktop/Neptune_2026/Microfluidics-Benchmarks/Results/ilp_full_20260915_040013/artifacts/mint__Primitive__Tree__Tree_fromMINT/result.json,/home/student/Desktop/Neptune_2026/Microfluidics-Benchmarks/Results/ilp_full_20260915_040013/artifacts/mint__Primitive__Tree__Tree_fromMINT/metrics.json,Microfluidics-Benchmarks/Results/ilp_full_20260915_040013/logs/mint__Primitive__Tree__Tree_fromMINT.log,Microfluidics-Benchmarks/Results/ilp_full_20260915_040013/artifacts/mint__Primitive__Tree__Tree_fromMINT
405,mint,mint__Primitive__Valve__Valve_fromMINT,Primitive/Valve/Valve_fromMINT.json,/home/student/Desktop/Neptune_2026/Microfluidics-Benchmarks/Results/MINT-TestCases/Primitive/Valve/Valve_fromMINT.json,ilp,success,,1.73,1.397303,0,optimal,True,0.17498106812126935,True,0,True,True,,7970.0,20040000.0,240240000.0,/home/student/Desktop/Neptune_2026/Microfluidics-Benchmarks/Results/ilp_full_20260915_040013/artifacts/mint__Primitive__Valve__Valve_fromMINT/result_control.json,/home/student/Desktop/Neptune_2026/Microfluidics-Benchmarks/Results/ilp_full_20260915_040013/artifacts/mint__Primitive__Valve__Valve_fromMINT/metrics.json,Microfluidics-Benchmarks/Results/ilp_full_20260915_040013/logs/mint__Primitive__Valve__Valve_fromMINT.log,Microfluidics-Benchmarks/Results/ilp_full_20260915_040013/artifacts/mint__Primitive__Valve__Valve_fromMINT
406,mint,mint__Primitive__Y_Tree__Y_Tree_fromMINT,Primitive/Y_Tree/Y_Tree_fromMINT.json,/home/student/Desktop/Neptune_2026/Microfluidics-Benchmarks/Results/MINT-TestCases/Primitive/Y_Tree/Y_Tree_fromMINT.json,ilp,success,,3.336,3.047502,0,optimal,True,2.1711625731550157,True,0,False,True,,5000.0,246390000.0,666390000.0,/home/student/Desktop/Neptune_2026/Microfluidics-Benchmarks/Results/ilp_full_20260915_040013/artifacts/mint__Primitive__Y_Tree__Y_Tree_fromMINT/result.json,/home/student/Desktop/Neptune_2026/Microfluidics-Benchmarks/Results/ilp_full_20260915_040013/artifacts/mint__Primitive__Y_Tree__Y_Tree_fromMINT/metrics.json,Microfluidics-Benchmarks/Results/ilp_full_20260915_040013/logs/mint__Primitive__Y_Tree__Y_Tree_fromMINT.log,Microfluidics-Benchmarks/Results/ilp_full_20260915_040013/artifacts/mint__Primitive__Y_Tree__Y_Tree_fromMINT
407,mint,mint__Protocols__Cell_Sorting__Cell_Sorting_fromMINT,Protocols/Cell_Sorting/Cell_Sorting_fromMINT.json,/home/student/Desktop/Neptune_2026/Microfluidics-Benchmarks/Results/MINT-TestCases/Protocols/Cell_Sorting/Cell_Sorting_fromMINT.json,ilp,success,,12.263,12.011228,0,optimal,True,11.140792170073837,True,0,False,True,,4400.0,23560000.0,223560000.0,/home/student/Desktop/Neptune_2026/Microfluidics-Benchmarks/Results/ilp_full_20260915_040013/artifacts/mint__Protocols__Cell_Sorting__Cell_Sorting_fromMINT/result.json,/home/student/Desktop/Neptune_2026/Microfluidics-Benchmarks/Results/ilp_full_20260915_040013/artifacts/mint__Protocols__Cell_Sorting__Cell_Sorting_fromMINT/metrics.json,Microfluidics-Benchmarks/Results/ilp_full_20260915_040013/logs/mint__Protocols__Cell_Sorting__Cell_Sorting_fromMINT.log,Microfluidics-Benchmarks/Results/ilp_full_20260915_040013/artifacts/mint__Protocols__Cell_Sorting__Cell_Sorting_fromMINT
408,mint,mint__Protocols__Directed_Evolution__Directed_Evolution_fromMINT,Protocols/Directed_Evolution/Directed_Evolution_fromMINT.json,/home/student/Desktop/Neptune_2026/Microfluidics-Benchmarks/Results/MINT-TestCases/Protocols/Directed_Evolution/Directed_Evolution_fromMINT.json,ilp,timeout,exceeded 1800s,1800.067,,,,,,,,,,,,,,,,Microfluidics-Benchmarks/Results/ilp_full_20260915_040013/logs/mint__Protocols__Directed_Evolution__Directed_Evolution_fromMINT.log,Microfluidics-Benchmarks/Results/ilp_full_20260915_040013/artifacts/mint__Protocols__Directed_Evolution__Directed_Evolution_fromMINT
409,mint,mint__Technology_Mapping__Cycle__Cycle_fromMINT,Technology_Mapping/Cycle/Cycle_fromMINT.json,/home/student/Desktop/Neptune_2026/Microfluidics-Benchmarks/Results/MINT-TestCases/Technology_Mapping/Cycle/Cycle_fromMINT.json,ilp,success,,265.001,264.723924,0,optimal,True,263.8070851468947,True,0,False,True,,17600.0,88995200.0,448795200.0,/home/student/Desktop/Neptune_2026/Microfluidics-Benchmarks/Results/ilp_full_20260915_040013/artifacts/mint__Technology_Mapping__Cycle__Cycle_fromMINT/result.json,/home/student/Desktop/Neptune_2026/Microfluidics-Benchmarks/Results/ilp_full_20260915_040013/artifacts/mint__Technology_Mapping__Cycle__Cycle_fromMINT/metrics.json,Microfluidics-Benchmarks/Results/ilp_full_20260915_040013/logs/mint__Technology_Mapping__Cycle__Cycle_fromMINT.log,Microfluidics-Benchmarks/Results/ilp_full_20260915_040013/artifacts/mint__Technology_Mapping__Cycle__Cycle_fromMINT
410,mint,mint__Technology_Mapping__Instance_Mapping__Instance_Mapping_fromMINT,Technology_Mapping/Instance_Mapping/Instance_Mapping_fromMINT.json,/home/student/Desktop/Neptune_2026/Microfluidics-Benchmarks/Results/MINT-TestCases/Technology_Mapping/Instance_Mapping/Instance_Mapping_fromMINT.json,ilp,success,,1.322,1.054546,0,optimal,True,0.21737407892942429,True,0,False,True,,2000.0,39219600.0,276419600.0,/home/student/Desktop/Neptune_2026/Microfluidics-Benchmarks/Results/ilp_full_20260915_040013/artifacts/mint__Technology_Mapping__Instance_Mapping__Instance_Mapping_fromMINT/result.json,/home/student/Desktop/Neptune_2026/Microfluidics-Benchmarks/Results/ilp_full_20260915_040013/artifacts/mint__Technology_Mapping__Instance_Mapping__Instance_Mapping_fromMINT/metrics.json,Microfluidics-Benchmarks/Results/ilp_full_20260915_040013/logs/mint__Technology_Mapping__Instance_Mapping__Instance_Mapping_fromMINT.log,Microfluidics-Benchmarks/Results/ilp_full_20260915_040013/artifacts/mint__Technology_Mapping__Instance_Mapping__Instance_Mapping_fromMINT
411,mint,mint__Technology_Mapping__N_Greater_M_Map__N_Greater_M_Map_fromMINT,Technology_Mapping/N_Greater_M_Map/N_Greater_M_Map_fromMINT.json,/home/student/Desktop/Neptune_2026/Microfluidics-Benchmarks/Results/MINT-TestCases/Technology_Mapping/N_Greater_M_Map/N_Greater_M_Map_fromMINT.json,ilp,timeout,exceeded 1800s,1800.066,,,,,,,,,,,,,,,,Microfluidics-Benchmarks/Results/ilp_full_20260915_040013/logs/mint__Technology_Mapping__N_Greater_M_Map__N_Greater_M_Map_fromMINT.log,Microfluidics-Benchmarks/Results/ilp_full_20260915_040013/artifacts/mint__Technology_Mapping__N_Greater_M_Map__N_Greater_M_Map_fromMINT
412,mint,mint__Technology_Mapping__N_Less_M_Map__N_Less_M_Map_fromMINT,Technology_Mapping/N_Less_M_Map/N_Less_M_Map_fromMINT.json,/home/student/Desktop/Neptune_2026/Microfluidics-Benchmarks/Results/MINT-TestCases/Technology_Mapping/N_Less_M_Map/N_Less_M_Map_fromMINT.json,ilp,timeout,exceeded 1800s,1800.034,,,,,,,,,,,,,,,,Microfluidics-Benchmarks/Results/ilp_full_20260915_040013/logs/mint__Technology_Mapping__N_Less_M_Map__N_Less_M_Map_fromMINT.log,Microfluidics-Benchmarks/Results/ilp_full_20260915_040013/artifacts/mint__Technology_Mapping__N_Less_M_Map__N_Less_M_Map_fromMINT
413,mint,mint__Technology_Mapping__One_To_One_Mapping__One_To_One_Mapping_fromMINT,Technology_Mapping/One_To_One_Mapping/One_To_One_Mapping_fromMINT.json,/home/student/Desktop/Neptune_2026/Microfluidics-Benchmarks/Results/MINT-TestCases/Technology_Mapping/One_To_One_Mapping/One_To_One_Mapping_fromMINT.json,ilp,success,,1.383,1.08864,0,optimal,True,0.2201082289684564,True,0,False,True,,2000.0,39219600.0,276419600.0,/home/student/Desktop/Neptune_2026/Microfluidics-Benchmarks/Results/ilp_full_20260915_040013/artifacts/mint__Technology_Mapping__One_To_One_Mapping__One_To_One_Mapping_fromMINT/result.json,/home/student/Desktop/Neptune_2026/Microfluidics-Benchmarks/Results/ilp_full_20260915_040013/artifacts/mint__Technology_Mapping__One_To_One_Mapping__One_To_One_Mapping_fromMINT/metrics.json,Microfluidics-Benchmarks/Results/ilp_full_20260915_040013/logs/mint__Technology_Mapping__One_To_One_Mapping__One_To_One_Mapping_fromMINT.log,Microfluidics-Benchmarks/Results/ilp_full_20260915_040013/artifacts/mint__Technology_Mapping__One_To_One_Mapping__One_To_One_Mapping_fromMINT
414,mint,mint__Technology_Mapping__Tree_Bus__Tree_Bus_fromMINT,Technology_Mapping/Tree_Bus/Tree_Bus_fromMINT.json,/home/student/Desktop/Neptune_2026/Microfluidics-Benchmarks/Results/MINT-TestCases/Technology_Mapping/Tree_Bus/Tree_Bus_fromMINT.json,ilp,timeout,exceeded 1800s,1800.068,,,,,,,,,,,,,,,,Microfluidics-Benchmarks/Results/ilp_full_20260915_040013/logs/mint__Technology_Mapping__Tree_Bus__Tree_Bus_fromMINT.log,Microfluidics-Benchmarks/Results/ilp_full_20260915_040013/artifacts/mint__Technology_Mapping__Tree_Bus__Tree_Bus_fromMINT
415,mint,mint__Technology_Mapping__Tree_Fanin_Mapping__Tree_Fanin_Mapping_fromMINT,Technology_Mapping/Tree_Fanin_Mapping/Tree_Fanin_Mapping_fromMINT.json,/home/student/Desktop/Neptune_2026/Microfluidics-Benchmarks/Results/MINT-TestCases/Technology_Mapping/Tree_Fanin_Mapping/Tree_Fanin_Mapping_fromMINT.json,ilp,timeout,exceeded 1800s,1800.066,,,,,,,,,,,,,,,,Microfluidics-Benchmarks/Results/ilp_full_20260915_040013/logs/mint__Technology_Mapping__Tree_Fanin_Mapping__Tree_Fanin_Mapping_fromMINT.log,Microfluidics-Benchmarks/Results/ilp_full_20260915_040013/artifacts/mint__Technology_Mapping__Tree_Fanin_Mapping__Tree_Fanin_Mapping_fromMINT
416,mint,mint__Technology_Mapping__Tree_Fanout_Mapping_1__Tree_Fanout_Mapping_1_fromMINT,Technology_Mapping/Tree_Fanout_Mapping_1/Tree_Fanout_Mapping_1_fromMINT.json,/home/student/Desktop/Neptune_2026/Microfluidics-Benchmarks/Results/MINT-TestCases/Technology_Mapping/Tree_Fanout_Mapping_1/Tree_Fanout_Mapping_1_fromMINT.json,ilp,timeout,exceeded 1800s,1800.136,,,,,,,,,,,,,,,,Microfluidics-Benchmarks/Results/ilp_full_20260915_040013/logs/mint__Technology_Mapping__Tree_Fanout_Mapping_1__Tree_Fanout_Mapping_1_fromMINT.log,Microfluidics-Benchmarks/Results/ilp_full_20260915_040013/artifacts/mint__Technology_Mapping__Tree_Fanout_Mapping_1__Tree_Fanout_Mapping_1_fromMINT
417,mint,mint__Technology_Mapping__Tree_Fanout_Mapping_2__Tree_Fanout_Mapping_2_fromMINT,Technology_Mapping/Tree_Fanout_Mapping_2/Tree_Fanout_Mapping_2_fromMINT.json,/home/student/Desktop/Neptune_2026/Microfluidics-Benchmarks/Results/MINT-TestCases/Technology_Mapping/Tree_Fanout_Mapping_2/Tree_Fanout_Mapping_2_fromMINT.json,ilp,timeout,exceeded 1800s,1800.066,,,,,,,,,,,,,,,,Microfluidics-Benchmarks/Results/ilp_full_20260915_040013/logs/mint__Technology_Mapping__Tree_Fanout_Mapping_2__Tree_Fanout_Mapping_2_fromMINT.log,Microfluidics-Benchmarks/Results/ilp_full_20260915_040013/artifacts/mint__Technology_Mapping__Tree_Fanout_Mapping_2__Tree_Fanout_Mapping_2_fromMINT
418,mint,mint__Technology_Mapping__Tree_Fanout_Mapping_3__Tree_Fanout_Mapping_3_fromMINT,Technology_Mapping/Tree_Fanout_Mapping_3/Tree_Fanout_Mapping_3_fromMINT.json,/home/student/Desktop/Neptune_2026/Microfluidics-Benchmarks/Results/MINT-TestCases/Technology_Mapping/Tree_Fanout_Mapping_3/Tree_Fanout_Mapping_3_fromMINT.json,ilp,timeout,exceeded 1800s,1800.081,,,,,,,,,,,,,,,,Microfluidics-Benchmarks/Results/ilp_full_20260915_040013/logs/mint__Technology_Mapping__Tree_Fanout_Mapping_3__Tree_Fanout_Mapping_3_fromMINT.log,Microfluidics-Benchmarks/Results/ilp_full_20260915_040013/artifacts/mint__Technology_Mapping__Tree_Fanout_Mapping_3__Tree_Fanout_Mapping_3_fromMINT
419,mint,mint__Technology_Mapping__Tree_Storage_Bus_Mapping__Tree_Storage_Bus_Mapping_fromMINT,Technology_Mapping/Tree_Storage_Bus_Mapping/Tree_Storage_Bus_Mapping_fromMINT.json,/home/student/Desktop/Neptune_2026/Microfluidics-Benchmarks/Results/MINT-TestCases/Technology_Mapping/Tree_Storage_Bus_Mapping/Tree_Storage_Bus_Mapping_fromMINT.json,ilp,timeout,exceeded 1800s,1800.067,,,,,,,,,,,,,,,,Microfluidics-Benchmarks/Results/ilp_full_20260915_040013/logs/mint__Technology_Mapping__Tree_Storage_Bus_Mapping__Tree_Storage_Bus_Mapping_fromMINT.log,Microfluidics-Benchmarks/Results/ilp_full_20260915_040013/artifacts/mint__Technology_Mapping__Tree_Storage_Bus_Mapping__Tree_Storage_Bus_Mapping_fromMINT
420,mint,mint__Transport_Networks__Distribute_Network_Examples__Distribute_Network_Examples_fromMINT,Transport_Networks/Distribute_Network_Examples/Distribute_Network_Examples_fromMINT.json,/home/student/Desktop/Neptune_2026/Microfluidics-Benchmarks/Results/MINT-TestCases/Transport_Networks/Distribute_Network_Examples/Distribute_Network_Examples_fromMINT.json,ilp,timeout,exceeded 1800s,1800.068,,,,,,,,,,,,,,,,Microfluidics-Benchmarks/Results/ilp_full_20260915_040013/logs/mint__Transport_Networks__Distribute_Network_Examples__Distribute_Network_Examples_fromMINT.log,Microfluidics-Benchmarks/Results/ilp_full_20260915_040013/artifacts/mint__Transport_Networks__Distribute_Network_Examples__Distribute_Network_Examples_fromMINT
421,mint,mint__Transport_Networks__One_To_8__One_To_8_fromMINT,Transport_Networks/One_To_8/One_To_8_fromMINT.json,/home/student/Desktop/Neptune_2026/Microfluidics-Benchmarks/Results/MINT-TestCases/Transport_Networks/One_To_8/One_To_8_fromMINT.json,ilp,timeout,exceeded 1800s,1800.117,,,,,,,,,,,,,,,,Microfluidics-Benchmarks/Results/ilp_full_20260915_040013/logs/mint__Transport_Networks__One_To_8__One_To_8_fromMINT.log,Microfluidics-Benchmarks/Results/ilp_full_20260915_040013/artifacts/mint__Transport_Networks__One_To_8__One_To_8_fromMINT
422,mint,mint__Transport_Networks__One_To_One__One_To_One_fromMINT,Transport_Networks/One_To_One/One_To_One_fromMINT.json,/home/student/Desktop/Neptune_2026/Microfluidics-Benchmarks/Results/MINT-TestCases/Transport_Networks/One_To_One/One_To_One_fromMINT.json,ilp,success,,1.522,1.249342,0,optimal,True,0.11311532719992101,True,0,True,True,,5300.0,11340000.0,206340000.0,/home/student/Desktop/Neptune_2026/Microfluidics-Benchmarks/Results/ilp_full_20260915_040013/artifacts/mint__Transport_Networks__One_To_One__One_To_One_fromMINT/result_control.json,/home/student/Desktop/Neptune_2026/Microfluidics-Benchmarks/Results/ilp_full_20260915_040013/artifacts/mint__Transport_Networks__One_To_One__One_To_One_fromMINT/metrics.json,Microfluidics-Benchmarks/Results/ilp_full_20260915_040013/logs/mint__Transport_Networks__One_To_One__One_To_One_fromMINT.log,Microfluidics-Benchmarks/Results/ilp_full_20260915_040013/artifacts/mint__Transport_Networks__One_To_One__One_To_One_fromMINT
423,quick,quick__diy_with_mixer_demo__diy_with_mixer_demo_fromLFR,diy_with_mixer_demo/diy_with_mixer_demo_fromLFR.json,/home/student/Desktop/Neptune_2026/Microfluidics-Benchmarks/Results/Quick_Examples/diy_with_mixer_demo/diy_with_mixer_demo_fromLFR.json,ilp,success,,15.567,15.288416,0,optimal,True,14.421726878965273,True,0,False,True,,12000.0,167160000.0,605760000.0,/home/student/Desktop/Neptune_2026/Microfluidics-Benchmarks/Results/ilp_full_20260915_040013/artifacts/quick__diy_with_mixer_demo__diy_with_mixer_demo_fromLFR/result.json,/home/student/Desktop/Neptune_2026/Microfluidics-Benchmarks/Results/ilp_full_20260915_040013/artifacts/quick__diy_with_mixer_demo__diy_with_mixer_demo_fromLFR/metrics.json,Microfluidics-Benchmarks/Results/ilp_full_20260915_040013/logs/quick__diy_with_mixer_demo__diy_with_mixer_demo_fromLFR.log,Microfluidics-Benchmarks/Results/ilp_full_20260915_040013/artifacts/quick__diy_with_mixer_demo__diy_with_mixer_demo_fromLFR
424,quick,quick__DIYcomponent__DIYcomponent_fromLFR,DIYcomponent/DIYcomponent_fromLFR.json,/home/student/Desktop/Neptune_2026/Microfluidics-Benchmarks/Results/Quick_Examples/DIYcomponent/DIYcomponent_fromLFR.json,ilp,success,,8.846,8.580921,0,optimal,True,7.722137473989278,True,0,False,True,,5000.0,72000000.0,342000000.0,/home/student/Desktop/Neptune_2026/Microfluidics-Benchmarks/Results/ilp_full_20260915_040013/artifacts/quick__DIYcomponent__DIYcomponent_fromLFR/result.json,/home/student/Desktop/Neptune_2026/Microfluidics-Benchmarks/Results/ilp_full_20260915_040013/artifacts/quick__DIYcomponent__DIYcomponent_fromLFR/metrics.json,Microfluidics-Benchmarks/Results/ilp_full_20260915_040013/logs/quick__DIYcomponent__DIYcomponent_fromLFR.log,Microfluidics-Benchmarks/Results/ilp_full_20260915_040013/artifacts/quick__DIYcomponent__DIYcomponent_fromLFR
425,quick,quick__droplet_generator__droplet_generator_fromLFR,droplet_generator/droplet_generator_fromLFR.json,/home/student/Desktop/Neptune_2026/Microfluidics-Benchmarks/Results/Quick_Examples/droplet_generator/droplet_generator_fromLFR.json,ilp,fail,RuntimeError: DRC violations: channel_spacing: channels of connections 'channel_1' and 'channel_2' violate the 1000 edge-to-edge clearance; channel_spacing: channels of connections 'channel_1' and 'channel_4' violate the 1000 edge-to-edge clearance; channel_spacing: channels of connections 'channel_2' and 'channel_3' violate the 1000 edge-to-edge clearance; channel_spacing: channels of connections 'channel_2' and 'channel_4' violate the 1000 edge-to-edge clearance; channel_spacing: channels of connections 'channel_3' and 'channel_4' violate the 1000 edge-to-edge clearance,15.979,15.680704,1,optimal,True,14.786825926043093,False,5,False,True,,4600.0,55440000.0,305440000.0,/home/student/Desktop/Neptune_2026/Microfluidics-Benchmarks/Results/ilp_full_20260915_040013/artifacts/quick__droplet_generator__droplet_generator_fromLFR/result.json,/home/student/Desktop/Neptune_2026/Microfluidics-Benchmarks/Results/ilp_full_20260915_040013/artifacts/quick__droplet_generator__droplet_generator_fromLFR/metrics.json,Microfluidics-Benchmarks/Results/ilp_full_20260915_040013/logs/quick__droplet_generator__droplet_generator_fromLFR.log,Microfluidics-Benchmarks/Results/ilp_full_20260915_040013/artifacts/quick__droplet_generator__droplet_generator_fromLFR
426,quick,quick__flow_and_control_demo__flow_and_control_demo_fromLFR,flow_and_control_demo/flow_and_control_demo_fromLFR.json,/home/student/Desktop/Neptune_2026/Microfluidics-Benchmarks/Results/Quick_Examples/flow_and_control_demo/flow_and_control_demo_fromLFR.json,ilp,success,,54.159,53.869032,0,optimal,True,49.750873174052685,True,0,True,True,,36290.0,256757400.0,690257400.0,/home/student/Desktop/Neptune_2026/Microfluidics-Benchmarks/Results/ilp_full_20260915_040013/artifacts/quick__flow_and_control_demo__flow_and_control_demo_fromLFR/result_control.json,/home/student/Desktop/Neptune_2026/Microfluidics-Benchmarks/Results/ilp_full_20260915_040013/artifacts/quick__flow_and_control_demo__flow_and_control_demo_fromLFR/metrics.json,Microfluidics-Benchmarks/Results/ilp_full_20260915_040013/logs/quick__flow_and_control_demo__flow_and_control_demo_fromLFR.log,Microfluidics-Benchmarks/Results/ilp_full_20260915_040013/artifacts/quick__flow_and_control_demo__flow_and_control_demo_fromLFR
427,quick,quick__flow_and_control_demo__flow_and_control_demo_fromMINT,flow_and_control_demo/flow_and_control_demo_fromMINT.json,/home/student/Desktop/Neptune_2026/Microfluidics-Benchmarks/Results/Quick_Examples/flow_and_control_demo/flow_and_control_demo_fromMINT.json,ilp,success,,97.969,97.700955,0,optimal,True,94.12762086698785,True,0,True,True,,33790.0,204565400.0,603065400.0,/home/student/Desktop/Neptune_2026/Microfluidics-Benchmarks/Results/ilp_full_20260915_040013/artifacts/quick__flow_and_control_demo__flow_and_control_demo_fromMINT/result_control.json,/home/student/Desktop/Neptune_2026/Microfluidics-Benchmarks/Results/ilp_full_20260915_040013/artifacts/quick__flow_and_control_demo__flow_and_control_demo_fromMINT/metrics.json,Microfluidics-Benchmarks/Results/ilp_full_20260915_040013/logs/quick__flow_and_control_demo__flow_and_control_demo_fromMINT.log,Microfluidics-Benchmarks/Results/ilp_full_20260915_040013/artifacts/quick__flow_and_control_demo__flow_and_control_demo_fromMINT
428,quick,quick__flow_only_demo__flow_only_demo_fromLFR,flow_only_demo/flow_only_demo_fromLFR.json,/home/student/Desktop/Neptune_2026/Microfluidics-Benchmarks/Results/Quick_Examples/flow_only_demo/flow_only_demo_fromLFR.json,ilp,success,,4.854,4.595069,0,optimal,True,3.7349329118151218,True,0,False,True,,9000.0,64685800.0,343585800.0,/home/student/Desktop/Neptune_2026/Microfluidics-Benchmarks/Results/ilp_full_20260915_040013/artifacts/quick__flow_only_demo__flow_only_demo_fromLFR/result.json,/home/student/Desktop/Neptune_2026/Microfluidics-Benchmarks/Results/ilp_full_20260915_040013/artifacts/quick__flow_only_demo__flow_only_demo_fromLFR/metrics.json,Microfluidics-Benchmarks/Results/ilp_full_20260915_040013/logs/quick__flow_only_demo__flow_only_demo_fromLFR.log,Microfluidics-Benchmarks/Results/ilp_full_20260915_040013/artifacts/quick__flow_only_demo__flow_only_demo_fromLFR
429,quick,quick__flow_only_demo__flow_only_demo_fromMINT,flow_only_demo/flow_only_demo_fromMINT.json,/home/student/Desktop/Neptune_2026/Microfluidics-Benchmarks/Results/Quick_Examples/flow_only_demo/flow_only_demo_fromMINT.json,ilp,success,,6.251,5.969305,0,optimal,True,5.081603732891381,True,0,False,True,,9000.0,61300000.0,333900000.0,/home/student/Desktop/Neptune_2026/Microfluidics-Benchmarks/Results/ilp_full_20260915_040013/artifacts/quick__flow_only_demo__flow_only_demo_fromMINT/result.json,/home/student/Desktop/Neptune_2026/Microfluidics-Benchmarks/Results/ilp_full_20260915_040013/artifacts/quick__flow_only_demo__flow_only_demo_fromMINT/metrics.json,Microfluidics-Benchmarks/Results/ilp_full_20260915_040013/logs/quick__flow_only_demo__flow_only_demo_fromMINT.log,Microfluidics-Benchmarks/Results/ilp_full_20260915_040013/artifacts/quick__flow_only_demo__flow_only_demo_fromMINT
430,quick,quick__import_droplet_reaction__import_droplet_reaction_fromLFR,import_droplet_reaction/import_droplet_reaction_fromLFR.json,/home/student/Desktop/Neptune_2026/Microfluidics-Benchmarks/Results/Quick_Examples/import_droplet_reaction/import_droplet_reaction_fromLFR.json,ilp,timeout,exceeded 1800s,1800.082,,,,,,,,,,,,,,,,Microfluidics-Benchmarks/Results/ilp_full_20260915_040013/logs/quick__import_droplet_reaction__import_droplet_reaction_fromLFR.log,Microfluidics-Benchmarks/Results/ilp_full_20260915_040013/artifacts/quick__import_droplet_reaction__import_droplet_reaction_fromLFR
431,quick,quick__import_mixer_and_incubator__import_mixer_and_incubator_fromLFR,import_mixer_and_incubator/import_mixer_and_incubator_fromLFR.json,/home/student/Desktop/Neptune_2026/Microfluidics-Benchmarks/Results/Quick_Examples/import_mixer_and_incubator/import_mixer_and_incubator_fromLFR.json,ilp,success,,16.835,16.581192,0,optimal,True,15.687658441020176,True,0,False,True,,12000.0,114730000.0,478330000.0,/home/student/Desktop/Neptune_2026/Microfluidics-Benchmarks/Results/ilp_full_20260915_040013/artifacts/quick__import_mixer_and_incubator__import_mixer_and_incubator_fromLFR/result.json,/home/student/Desktop/Neptune_2026/Microfluidics-Benchmarks/Results/ilp_full_20260915_040013/artifacts/quick__import_mixer_and_incubator__import_mixer_and_incubator_fromLFR/metrics.json,Microfluidics-Benchmarks/Results/ilp_full_20260915_040013/logs/quick__import_mixer_and_incubator__import_mixer_and_incubator_fromLFR.log,Microfluidics-Benchmarks/Results/ilp_full_20260915_040013/artifacts/quick__import_mixer_and_incubator__import_mixer_and_incubator_fromLFR
432,quick,quick__import_parallel_premix__import_parallel_premix_fromLFR,import_parallel_premix/import_parallel_premix_fromLFR.json,/home/student/Desktop/Neptune_2026/Microfluidics-Benchmarks/Results/Quick_Examples/import_parallel_premix/import_parallel_premix_fromLFR.json,ilp,timeout,exceeded 1800s,1800.039,,,,,,,,,,,,,,,,Microfluidics-Benchmarks/Results/ilp_full_20260915_040013/logs/quick__import_parallel_premix__import_parallel_premix_fromLFR.log,Microfluidics-Benchmarks/Results/ilp_full_20260915_040013/artifacts/quick__import_parallel_premix__import_parallel_premix_fromLFR
433,quick,quick__incubator__incubator_fromLFR,incubator/incubator_fromLFR.json,/home/student/Desktop/Neptune_2026/Microfluidics-Benchmarks/Results/Quick_Examples/incubator/incubator_fromLFR.json,ilp,success,,1.271,1.040232,0,optimal,True,0.2000381420366466,True,0,False,True,,2000.0,55000000.0,315000000.0,/home/student/Desktop/Neptune_2026/Microfluidics-Benchmarks/Results/ilp_full_20260915_040013/artifacts/quick__incubator__incubator_fromLFR/result.json,/home/student/Desktop/Neptune_2026/Microfluidics-Benchmarks/Results/ilp_full_20260915_040013/artifacts/quick__incubator__incubator_fromLFR/metrics.json,Microfluidics-Benchmarks/Results/ilp_full_20260915_040013/logs/quick__incubator__incubator_fromLFR.log,Microfluidics-Benchmarks/Results/ilp_full_20260915_040013/artifacts/quick__incubator__incubator_fromLFR
434,quick,quick__mixer_3to1__mixer_3to1_fromLFR,mixer_3to1/mixer_3to1_fromLFR.json,/home/student/Desktop/Neptune_2026/Microfluidics-Benchmarks/Results/Quick_Examples/mixer_3to1/mixer_3to1_fromLFR.json,ilp,success,,333.031,332.761226,0,optimal,True,331.9120611480903,True,0,False,True,,19600.0,118600000.0,505800000.0,/home/student/Desktop/Neptune_2026/Microfluidics-Benchmarks/Results/ilp_full_20260915_040013/artifacts/quick__mixer_3to1__mixer_3to1_fromLFR/result.json,/home/student/Desktop/Neptune_2026/Microfluidics-Benchmarks/Results/ilp_full_20260915_040013/artifacts/quick__mixer_3to1__mixer_3to1_fromLFR/metrics.json,Microfluidics-Benchmarks/Results/ilp_full_20260915_040013/logs/quick__mixer_3to1__mixer_3to1_fromLFR.log,Microfluidics-Benchmarks/Results/ilp_full_20260915_040013/artifacts/quick__mixer_3to1__mixer_3to1_fromLFR
435,quick,quick__mux1to4__mux1to4_fromLFR,mux1to4/mux1to4_fromLFR.json,/home/student/Desktop/Neptune_2026/Microfluidics-Benchmarks/Results/Quick_Examples/mux1to4/mux1to4_fromLFR.json,ilp,success,,1063.822,1063.581839,0,optimal,True,1056.1436623351183,True,0,True,True,,35400.0,144000000.0,494000000.0,/home/student/Desktop/Neptune_2026/Microfluidics-Benchmarks/Results/ilp_full_20260915_040013/artifacts/quick__mux1to4__mux1to4_fromLFR/result_control.json,/home/student/Desktop/Neptune_2026/Microfluidics-Benchmarks/Results/ilp_full_20260915_040013/artifacts/quick__mux1to4__mux1to4_fromLFR/metrics.json,Microfluidics-Benchmarks/Results/ilp_full_20260915_040013/logs/quick__mux1to4__mux1to4_fromLFR.log,Microfluidics-Benchmarks/Results/ilp_full_20260915_040013/artifacts/quick__mux1to4__mux1to4_fromLFR
436,quick,quick__mux4to1__mux4to1_fromLFR,mux4to1/mux4to1_fromLFR.json,/home/student/Desktop/Neptune_2026/Microfluidics-Benchmarks/Results/Quick_Examples/mux4to1/mux4to1_fromLFR.json,ilp,success,,1450.507,1450.28397,0,optimal,True,1441.6711701371241,True,0,True,True,,46200.0,242490000.0,656490000.0,/home/student/Desktop/Neptune_2026/Microfluidics-Benchmarks/Results/ilp_full_20260915_040013/artifacts/quick__mux4to1__mux4to1_fromLFR/result_control.json,/home/student/Desktop/Neptune_2026/Microfluidics-Benchmarks/Results/ilp_full_20260915_040013/artifacts/quick__mux4to1__mux4to1_fromLFR/metrics.json,Microfluidics-Benchmarks/Results/ilp_full_20260915_040013/logs/quick__mux4to1__mux4to1_fromLFR.log,Microfluidics-Benchmarks/Results/ilp_full_20260915_040013/artifacts/quick__mux4to1__mux4to1_fromLFR
437,quick,quick__test_device__test_device_fromLFR,test_device/test_device_fromLFR.json,/home/student/Desktop/Neptune_2026/Microfluidics-Benchmarks/Results/Quick_Examples/test_device/test_device_fromLFR.json,ilp,timeout,exceeded 1800s,1800.066,,,,,,,,,,,,,,,,Microfluidics-Benchmarks/Results/ilp_full_20260915_040013/logs/quick__test_device__test_device_fromLFR.log,Microfluidics-Benchmarks/Results/ilp_full_20260915_040013/artifacts/quick__test_device__test_device_fromLFR
438,quick,quick__test_device_MUX4to1__test_device_MUX4to1_fromLFR,test_device_MUX4to1/test_device_MUX4to1_fromLFR.json,/home/student/Desktop/Neptune_2026/Microfluidics-Benchmarks/Results/Quick_Examples/test_device_MUX4to1/test_device_MUX4to1_fromLFR.json,ilp,success,,1436.612,1436.431664,0,optimal,True,1428.0979632928502,True,0,True,True,,46200.0,242490000.0,656490000.0,/home/student/Desktop/Neptune_2026/Microfluidics-Benchmarks/Results/ilp_full_20260915_040013/artifacts/quick__test_device_MUX4to1__test_device_MUX4to1_fromLFR/result_control.json,/home/student/Desktop/Neptune_2026/Microfluidics-Benchmarks/Results/ilp_full_20260915_040013/artifacts/quick__test_device_MUX4to1__test_device_MUX4to1_fromLFR/metrics.json,Microfluidics-Benchmarks/Results/ilp_full_20260915_040013/logs/quick__test_device_MUX4to1__test_device_MUX4to1_fromLFR.log,Microfluidics-Benchmarks/Results/ilp_full_20260915_040013/artifacts/quick__test_device_MUX4to1__test_device_MUX4to1_fromLFR
439,quick,quick__test_device_two_MUX4to1__test_device_two_MUX4to1_fromLFR,test_device_two_MUX4to1/test_device_two_MUX4to1_fromLFR.json,/home/student/Desktop/Neptune_2026/Microfluidics-Benchmarks/Results/Quick_Examples/test_device_two_MUX4to1/test_device_two_MUX4to1_fromLFR.json,ilp,timeout,exceeded 1800s,1800.134,,,,,,,,,,,,,,,,Microfluidics-Benchmarks/Results/ilp_full_20260915_040013/logs/quick__test_device_two_MUX4to1__test_device_two_MUX4to1_fromLFR.log,Microfluidics-Benchmarks/Results/ilp_full_20260915_040013/artifacts/quick__test_device_two_MUX4to1__test_device_two_MUX4to1_fromLFR
440,quick,quick__test_DIY_crossing__test_DIY_crossing_fromLFR,test_DIY_crossing/test_DIY_crossing_fromLFR.json,/home/student/Desktop/Neptune_2026/Microfluidics-Benchmarks/Results/Quick_Examples/test_DIY_crossing/test_DIY_crossing_fromLFR.json,ilp,success,,2.841,2.57782,0,optimal,True,1.7249701931141317,True,0,False,True,,4000.0,256000000.0,676000000.0,/home/student/Desktop/Neptune_2026/Microfluidics-Benchmarks/Results/ilp_full_20260915_040013/artifacts/quick__test_DIY_crossing__test_DIY_crossing_fromLFR/result.json,/home/student/Desktop/Neptune_2026/Microfluidics-Benchmarks/Results/ilp_full_20260915_040013/artifacts/quick__test_DIY_crossing__test_DIY_crossing_fromLFR/metrics.json,Microfluidics-Benchmarks/Results/ilp_full_20260915_040013/logs/quick__test_DIY_crossing__test_DIY_crossing_fromLFR.log,Microfluidics-Benchmarks/Results/ilp_full_20260915_040013/artifacts/quick__test_DIY_crossing__test_DIY_crossing_fromLFR
441,quick,quick__test_DIY_fork__test_DIY_fork_fromLFR,test_DIY_fork/test_DIY_fork_fromLFR.json,/home/student/Desktop/Neptune_2026/Microfluidics-Benchmarks/Results/Quick_Examples/test_DIY_fork/test_DIY_fork_fromLFR.json,ilp,success,,2.039,1.752592,0,optimal,True,0.9051241839770228,True,0,False,True,,3000.0,176000000.0,546000000.0,/home/student/Desktop/Neptune_2026/Microfluidics-Benchmarks/Results/ilp_full_20260915_040013/artifacts/quick__test_DIY_fork__test_DIY_fork_fromLFR/result.json,/home/student/Desktop/Neptune_2026/Microfluidics-Benchmarks/Results/ilp_full_20260915_040013/artifacts/quick__test_DIY_fork__test_DIY_fork_fromLFR/metrics.json,Microfluidics-Benchmarks/Results/ilp_full_20260915_040013/logs/quick__test_DIY_fork__test_DIY_fork_fromLFR.log,Microfluidics-Benchmarks/Results/ilp_full_20260915_040013/artifacts/quick__test_DIY_fork__test_DIY_fork_fromLFR
442,quick,quick__three_in_mixer__three_in_mixer_fromLFR,three_in_mixer/three_in_mixer_fromLFR.json,/home/student/Desktop/Neptune_2026/Microfluidics-Benchmarks/Results/Quick_Examples/three_in_mixer/three_in_mixer_fromLFR.json,ilp,success,,362.248,362.030281,0,optimal,True,361.21718767494895,True,0,False,True,,19600.0,118600000.0,505800000.0,/home/student/Desktop/Neptune_2026/Microfluidics-Benchmarks/Results/ilp_full_20260915_040013/artifacts/quick__three_in_mixer__three_in_mixer_fromLFR/result.json,/home/student/Desktop/Neptune_2026/Microfluidics-Benchmarks/Results/ilp_full_20260915_040013/artifacts/quick__three_in_mixer__three_in_mixer_fromLFR/metrics.json,Microfluidics-Benchmarks/Results/ilp_full_20260915_040013/logs/quick__three_in_mixer__three_in_mixer_fromLFR.log,Microfluidics-Benchmarks/Results/ilp_full_20260915_040013/artifacts/quick__three_in_mixer__three_in_mixer_fromLFR
443,quick,quick__two_in_mixer__two_in_mixer_fromLFR,two_in_mixer/two_in_mixer_fromLFR.json,/home/student/Desktop/Neptune_2026/Microfluidics-Benchmarks/Results/Quick_Examples/two_in_mixer/two_in_mixer_fromLFR.json,ilp,success,,4.832,4.596844,0,optimal,True,3.755698187975213,True,0,False,True,,9000.0,64685800.0,343585800.0,/home/student/Desktop/Neptune_2026/Microfluidics-Benchmarks/Results/ilp_full_20260915_040013/artifacts/quick__two_in_mixer__two_in_mixer_fromLFR/result.json,/home/student/Desktop/Neptune_2026/Microfluidics-Benchmarks/Results/ilp_full_20260915_040013/artifacts/quick__two_in_mixer__two_in_mixer_fromLFR/metrics.json,Microfluidics-Benchmarks/Results/ilp_full_20260915_040013/logs/quick__two_in_mixer__two_in_mixer_fromLFR.log,Microfluidics-Benchmarks/Results/ilp_full_20260915_040013/artifacts/quick__two_in_mixer__two_in_mixer_fromLFR
