index,suite,case,relative_input,source,algorithm,status,reason,wall_seconds,worker_seconds,exit_code,solver_status,placement_optimal,ilp_runtime_seconds,drc_passed,violation_count,control_required,control_passed,is_placed_and_routed,total_channel_manhattan_length,physical_area,padded_area,output_json,metrics_json,log,artifact_dir
1,lfr,lfr__CIDAR_Lab_Past_Devices__Chemostat_Chip__Chemostat_Chip_fromLFR,CIDAR_Lab_Past_Devices/Chemostat_Chip/Chemostat_Chip_fromLFR.json,/home/student/Desktop/Neptune_2026/Microfluidics-Benchmarks/Results/LFR-TestCases/CIDAR_Lab_Past_Devices/Chemostat_Chip/Chemostat_Chip_fromLFR.json,ilp,timeout,exceeded 3600s,3600.168,,,,,,,,,,,,,,,,Microfluidics-Benchmarks/Results/ilp_full_20260915_165225/logs/lfr__CIDAR_Lab_Past_Devices__Chemostat_Chip__Chemostat_Chip_fromLFR.log,Microfluidics-Benchmarks/Results/ilp_full_20260915_165225/artifacts/lfr__CIDAR_Lab_Past_Devices__Chemostat_Chip__Chemostat_Chip_fromLFR
2,lfr,lfr__CIDAR_Lab_Past_Devices__Dna_Synthesizer__Dna_Synthesizer_fromLFR,CIDAR_Lab_Past_Devices/Dna_Synthesizer/Dna_Synthesizer_fromLFR.json,/home/student/Desktop/Neptune_2026/Microfluidics-Benchmarks/Results/LFR-TestCases/CIDAR_Lab_Past_Devices/Dna_Synthesizer/Dna_Synthesizer_fromLFR.json,ilp,timeout,exceeded 3600s,3600.268,,,,,,,,,,,,,,,,Microfluidics-Benchmarks/Results/ilp_full_20260915_165225/logs/lfr__CIDAR_Lab_Past_Devices__Dna_Synthesizer__Dna_Synthesizer_fromLFR.log,Microfluidics-Benchmarks/Results/ilp_full_20260915_165225/artifacts/lfr__CIDAR_Lab_Past_Devices__Dna_Synthesizer__Dna_Synthesizer_fromLFR
3,lfr,lfr__CIDAR_Lab_Past_Devices__Dual_Lane_Droplet__Dual_Lane_Droplet_fromLFR,CIDAR_Lab_Past_Devices/Dual_Lane_Droplet/Dual_Lane_Droplet_fromLFR.json,/home/student/Desktop/Neptune_2026/Microfluidics-Benchmarks/Results/LFR-TestCases/CIDAR_Lab_Past_Devices/Dual_Lane_Droplet/Dual_Lane_Droplet_fromLFR.json,ilp,timeout,exceeded 3600s,3600.116,,,,,,,,,,,,,,,,Microfluidics-Benchmarks/Results/ilp_full_20260915_165225/logs/lfr__CIDAR_Lab_Past_Devices__Dual_Lane_Droplet__Dual_Lane_Droplet_fromLFR.log,Microfluidics-Benchmarks/Results/ilp_full_20260915_165225/artifacts/lfr__CIDAR_Lab_Past_Devices__Dual_Lane_Droplet__Dual_Lane_Droplet_fromLFR
4,lfr,lfr__CIDAR_Lab_Past_Devices__Genetic_Clock_Testing_Tool__Genetic_Clock_Testing_Tool_fromLFR,CIDAR_Lab_Past_Devices/Genetic_Clock_Testing_Tool/Genetic_Clock_Testing_Tool_fromLFR.json,/home/student/Desktop/Neptune_2026/Microfluidics-Benchmarks/Results/LFR-TestCases/CIDAR_Lab_Past_Devices/Genetic_Clock_Testing_Tool/Genetic_Clock_Testing_Tool_fromLFR.json,ilp,timeout,exceeded 3600s,3600.07,,,,,,,,,,,,,,,,Microfluidics-Benchmarks/Results/ilp_full_20260915_165225/logs/lfr__CIDAR_Lab_Past_Devices__Genetic_Clock_Testing_Tool__Genetic_Clock_Testing_Tool_fromLFR.log,Microfluidics-Benchmarks/Results/ilp_full_20260915_165225/artifacts/lfr__CIDAR_Lab_Past_Devices__Genetic_Clock_Testing_Tool__Genetic_Clock_Testing_Tool_fromLFR
5,lfr,lfr__CIDAR_Lab_Past_Devices__Glycoform__Glycoform_fromLFR,CIDAR_Lab_Past_Devices/Glycoform/Glycoform_fromLFR.json,/home/student/Desktop/Neptune_2026/Microfluidics-Benchmarks/Results/LFR-TestCases/CIDAR_Lab_Past_Devices/Glycoform/Glycoform_fromLFR.json,ilp,timeout,exceeded 3600s,3600.068,,,,,,,,,,,,,,,,Microfluidics-Benchmarks/Results/ilp_full_20260915_165225/logs/lfr__CIDAR_Lab_Past_Devices__Glycoform__Glycoform_fromLFR.log,Microfluidics-Benchmarks/Results/ilp_full_20260915_165225/artifacts/lfr__CIDAR_Lab_Past_Devices__Glycoform__Glycoform_fromLFR
6,lfr,lfr__CIDAR_Lab_Past_Devices__Grad_Cells__Grad_Cells_fromLFR,CIDAR_Lab_Past_Devices/Grad_Cells/Grad_Cells_fromLFR.json,/home/student/Desktop/Neptune_2026/Microfluidics-Benchmarks/Results/LFR-TestCases/CIDAR_Lab_Past_Devices/Grad_Cells/Grad_Cells_fromLFR.json,ilp,timeout,exceeded 3600s,3600.117,,,,,,,,,,,,,,,,Microfluidics-Benchmarks/Results/ilp_full_20260915_165225/logs/lfr__CIDAR_Lab_Past_Devices__Grad_Cells__Grad_Cells_fromLFR.log,Microfluidics-Benchmarks/Results/ilp_full_20260915_165225/artifacts/lfr__CIDAR_Lab_Past_Devices__Grad_Cells__Grad_Cells_fromLFR
7,lfr,lfr__CIDAR_Lab_Past_Devices__Gradient__Gradient_fromLFR,CIDAR_Lab_Past_Devices/Gradient/Gradient_fromLFR.json,/home/student/Desktop/Neptune_2026/Microfluidics-Benchmarks/Results/LFR-TestCases/CIDAR_Lab_Past_Devices/Gradient/Gradient_fromLFR.json,ilp,timeout,exceeded 3600s,3600.168,,,,,,,,,,,,,,,,Microfluidics-Benchmarks/Results/ilp_full_20260915_165225/logs/lfr__CIDAR_Lab_Past_Devices__Gradient__Gradient_fromLFR.log,Microfluidics-Benchmarks/Results/ilp_full_20260915_165225/artifacts/lfr__CIDAR_Lab_Past_Devices__Gradient__Gradient_fromLFR
8,lfr,lfr__CIDAR_Lab_Past_Devices__Hasty_Cell_Traps__Hasty_Cell_Traps_fromLFR,CIDAR_Lab_Past_Devices/Hasty_Cell_Traps/Hasty_Cell_Traps_fromLFR.json,/home/student/Desktop/Neptune_2026/Microfluidics-Benchmarks/Results/LFR-TestCases/CIDAR_Lab_Past_Devices/Hasty_Cell_Traps/Hasty_Cell_Traps_fromLFR.json,ilp,timeout,exceeded 3600s,3600.067,,,,,,,,,,,,,,,,Microfluidics-Benchmarks/Results/ilp_full_20260915_165225/logs/lfr__CIDAR_Lab_Past_Devices__Hasty_Cell_Traps__Hasty_Cell_Traps_fromLFR.log,Microfluidics-Benchmarks/Results/ilp_full_20260915_165225/artifacts/lfr__CIDAR_Lab_Past_Devices__Hasty_Cell_Traps__Hasty_Cell_Traps_fromLFR
9,lfr,lfr__CIDAR_Lab_Past_Devices__Hmlp_Dual_Bank__Hmlp_Dual_Bank_fromLFR,CIDAR_Lab_Past_Devices/Hmlp_Dual_Bank/Hmlp_Dual_Bank_fromLFR.json,/home/student/Desktop/Neptune_2026/Microfluidics-Benchmarks/Results/LFR-TestCases/CIDAR_Lab_Past_Devices/Hmlp_Dual_Bank/Hmlp_Dual_Bank_fromLFR.json,ilp,timeout,exceeded 3600s,3600.167,,,,,,,,,,,,,,,,Microfluidics-Benchmarks/Results/ilp_full_20260915_165225/logs/lfr__CIDAR_Lab_Past_Devices__Hmlp_Dual_Bank__Hmlp_Dual_Bank_fromLFR.log,Microfluidics-Benchmarks/Results/ilp_full_20260915_165225/artifacts/lfr__CIDAR_Lab_Past_Devices__Hmlp_Dual_Bank__Hmlp_Dual_Bank_fromLFR
10,lfr,lfr__CIDAR_Lab_Past_Devices__Incubator__Incubator_fromLFR,CIDAR_Lab_Past_Devices/Incubator/Incubator_fromLFR.json,/home/student/Desktop/Neptune_2026/Microfluidics-Benchmarks/Results/LFR-TestCases/CIDAR_Lab_Past_Devices/Incubator/Incubator_fromLFR.json,ilp,timeout,exceeded 3600s,3600.119,,,,,,,,,,,,,,,,Microfluidics-Benchmarks/Results/ilp_full_20260915_165225/logs/lfr__CIDAR_Lab_Past_Devices__Incubator__Incubator_fromLFR.log,Microfluidics-Benchmarks/Results/ilp_full_20260915_165225/artifacts/lfr__CIDAR_Lab_Past_Devices__Incubator__Incubator_fromLFR
11,lfr,lfr__CIDAR_Lab_Past_Devices__Inlet_16__Inlet_16_fromLFR,CIDAR_Lab_Past_Devices/Inlet_16/Inlet_16_fromLFR.json,/home/student/Desktop/Neptune_2026/Microfluidics-Benchmarks/Results/LFR-TestCases/CIDAR_Lab_Past_Devices/Inlet_16/Inlet_16_fromLFR.json,ilp,timeout,exceeded 3600s,3600.22,,,,,,,,,,,,,,,,Microfluidics-Benchmarks/Results/ilp_full_20260915_165225/logs/lfr__CIDAR_Lab_Past_Devices__Inlet_16__Inlet_16_fromLFR.log,Microfluidics-Benchmarks/Results/ilp_full_20260915_165225/artifacts/lfr__CIDAR_Lab_Past_Devices__Inlet_16__Inlet_16_fromLFR
12,lfr,lfr__CIDAR_Lab_Past_Devices__Kinetics__Kinetics_fromLFR,CIDAR_Lab_Past_Devices/Kinetics/Kinetics_fromLFR.json,/home/student/Desktop/Neptune_2026/Microfluidics-Benchmarks/Results/LFR-TestCases/CIDAR_Lab_Past_Devices/Kinetics/Kinetics_fromLFR.json,ilp,success,,320.752,320.428489,0,optimal,True,319.2965601119213,True,0,False,True,,19600.0,118600000.0,505800000.0,/home/student/Desktop/Neptune_2026/Microfluidics-Benchmarks/Results/ilp_full_20260915_165225/artifacts/lfr__CIDAR_Lab_Past_Devices__Kinetics__Kinetics_fromLFR/result.json,/home/student/Desktop/Neptune_2026/Microfluidics-Benchmarks/Results/ilp_full_20260915_165225/artifacts/lfr__CIDAR_Lab_Past_Devices__Kinetics__Kinetics_fromLFR/metrics.json,Microfluidics-Benchmarks/Results/ilp_full_20260915_165225/logs/lfr__CIDAR_Lab_Past_Devices__Kinetics__Kinetics_fromLFR.log,Microfluidics-Benchmarks/Results/ilp_full_20260915_165225/artifacts/lfr__CIDAR_Lab_Past_Devices__Kinetics__Kinetics_fromLFR
13,lfr,lfr__CIDAR_Lab_Past_Devices__Logic_04__Logic_04_fromLFR,CIDAR_Lab_Past_Devices/Logic_04/Logic_04_fromLFR.json,/home/student/Desktop/Neptune_2026/Microfluidics-Benchmarks/Results/LFR-TestCases/CIDAR_Lab_Past_Devices/Logic_04/Logic_04_fromLFR.json,ilp,timeout,exceeded 3600s,3600.125,,,,,,,,,,,,,,,,Microfluidics-Benchmarks/Results/ilp_full_20260915_165225/logs/lfr__CIDAR_Lab_Past_Devices__Logic_04__Logic_04_fromLFR.log,Microfluidics-Benchmarks/Results/ilp_full_20260915_165225/artifacts/lfr__CIDAR_Lab_Past_Devices__Logic_04__Logic_04_fromLFR
14,lfr,lfr__CIDAR_Lab_Past_Devices__Mfd_005_Chip__Mfd_005_Chip_fromLFR,CIDAR_Lab_Past_Devices/Mfd_005_Chip/Mfd_005_Chip_fromLFR.json,/home/student/Desktop/Neptune_2026/Microfluidics-Benchmarks/Results/LFR-TestCases/CIDAR_Lab_Past_Devices/Mfd_005_Chip/Mfd_005_Chip_fromLFR.json,ilp,timeout,exceeded 3600s,3600.075,,,,,,,,,,,,,,,,Microfluidics-Benchmarks/Results/ilp_full_20260915_165225/logs/lfr__CIDAR_Lab_Past_Devices__Mfd_005_Chip__Mfd_005_Chip_fromLFR.log,Microfluidics-Benchmarks/Results/ilp_full_20260915_165225/artifacts/lfr__CIDAR_Lab_Past_Devices__Mfd_005_Chip__Mfd_005_Chip_fromLFR
15,lfr,lfr__CIDAR_Lab_Past_Devices__Microalgal_Bioassay__Microalgal_Bioassay_fromLFR,CIDAR_Lab_Past_Devices/Microalgal_Bioassay/Microalgal_Bioassay_fromLFR.json,/home/student/Desktop/Neptune_2026/Microfluidics-Benchmarks/Results/LFR-TestCases/CIDAR_Lab_Past_Devices/Microalgal_Bioassay/Microalgal_Bioassay_fromLFR.json,ilp,timeout,exceeded 3600s,3600.066,,,,,,,,,,,,,,,,Microfluidics-Benchmarks/Results/ilp_full_20260915_165225/logs/lfr__CIDAR_Lab_Past_Devices__Microalgal_Bioassay__Microalgal_Bioassay_fromLFR.log,Microfluidics-Benchmarks/Results/ilp_full_20260915_165225/artifacts/lfr__CIDAR_Lab_Past_Devices__Microalgal_Bioassay__Microalgal_Bioassay_fromLFR
16,lfr,lfr__CIDAR_Lab_Past_Devices__Microdroplet__Microdroplet_fromLFR,CIDAR_Lab_Past_Devices/Microdroplet/Microdroplet_fromLFR.json,/home/student/Desktop/Neptune_2026/Microfluidics-Benchmarks/Results/LFR-TestCases/CIDAR_Lab_Past_Devices/Microdroplet/Microdroplet_fromLFR.json,ilp,timeout,exceeded 3600s,3600.118,,,,,,,,,,,,,,,,Microfluidics-Benchmarks/Results/ilp_full_20260915_165225/logs/lfr__CIDAR_Lab_Past_Devices__Microdroplet__Microdroplet_fromLFR.log,Microfluidics-Benchmarks/Results/ilp_full_20260915_165225/artifacts/lfr__CIDAR_Lab_Past_Devices__Microdroplet__Microdroplet_fromLFR
17,lfr,lfr__CIDAR_Lab_Past_Devices__Microreactor__Microreactor_fromLFR,CIDAR_Lab_Past_Devices/Microreactor/Microreactor_fromLFR.json,/home/student/Desktop/Neptune_2026/Microfluidics-Benchmarks/Results/LFR-TestCases/CIDAR_Lab_Past_Devices/Microreactor/Microreactor_fromLFR.json,ilp,timeout,exceeded 3600s,3600.066,,,,,,,,,,,,,,,,Microfluidics-Benchmarks/Results/ilp_full_20260915_165225/logs/lfr__CIDAR_Lab_Past_Devices__Microreactor__Microreactor_fromLFR.log,Microfluidics-Benchmarks/Results/ilp_full_20260915_165225/artifacts/lfr__CIDAR_Lab_Past_Devices__Microreactor__Microreactor_fromLFR
18,lfr,lfr__CIDAR_Lab_Past_Devices__Mix_Incubate_Express__Mix_Incubate_Express_fromLFR,CIDAR_Lab_Past_Devices/Mix_Incubate_Express/Mix_Incubate_Express_fromLFR.json,/home/student/Desktop/Neptune_2026/Microfluidics-Benchmarks/Results/LFR-TestCases/CIDAR_Lab_Past_Devices/Mix_Incubate_Express/Mix_Incubate_Express_fromLFR.json,ilp,success,,16.83,16.564864,0,optimal,True,15.690393012948334,True,0,False,True,,10000.0,119300000.0,507900000.0,/home/student/Desktop/Neptune_2026/Microfluidics-Benchmarks/Results/ilp_full_20260915_165225/artifacts/lfr__CIDAR_Lab_Past_Devices__Mix_Incubate_Express__Mix_Incubate_Express_fromLFR/result.json,/home/student/Desktop/Neptune_2026/Microfluidics-Benchmarks/Results/ilp_full_20260915_165225/artifacts/lfr__CIDAR_Lab_Past_Devices__Mix_Incubate_Express__Mix_Incubate_Express_fromLFR/metrics.json,Microfluidics-Benchmarks/Results/ilp_full_20260915_165225/logs/lfr__CIDAR_Lab_Past_Devices__Mix_Incubate_Express__Mix_Incubate_Express_fromLFR.log,Microfluidics-Benchmarks/Results/ilp_full_20260915_165225/artifacts/lfr__CIDAR_Lab_Past_Devices__Mix_Incubate_Express__Mix_Incubate_Express_fromLFR
19,lfr,lfr__CIDAR_Lab_Past_Devices__Multi_Input__Multi_Input_fromLFR,CIDAR_Lab_Past_Devices/Multi_Input/Multi_Input_fromLFR.json,/home/student/Desktop/Neptune_2026/Microfluidics-Benchmarks/Results/LFR-TestCases/CIDAR_Lab_Past_Devices/Multi_Input/Multi_Input_fromLFR.json,ilp,timeout,exceeded 3600s,3600.167,,,,,,,,,,,,,,,,Microfluidics-Benchmarks/Results/ilp_full_20260915_165225/logs/lfr__CIDAR_Lab_Past_Devices__Multi_Input__Multi_Input_fromLFR.log,Microfluidics-Benchmarks/Results/ilp_full_20260915_165225/artifacts/lfr__CIDAR_Lab_Past_Devices__Multi_Input__Multi_Input_fromLFR
20,lfr,lfr__CIDAR_Lab_Past_Devices__Mux_96_Chambers__Mux_96_Chambers_fromLFR,CIDAR_Lab_Past_Devices/Mux_96_Chambers/Mux_96_Chambers_fromLFR.json,/home/student/Desktop/Neptune_2026/Microfluidics-Benchmarks/Results/LFR-TestCases/CIDAR_Lab_Past_Devices/Mux_96_Chambers/Mux_96_Chambers_fromLFR.json,ilp,timeout,exceeded 3600s,3600.467,,,,,,,,,,,,,,,,Microfluidics-Benchmarks/Results/ilp_full_20260915_165225/logs/lfr__CIDAR_Lab_Past_Devices__Mux_96_Chambers__Mux_96_Chambers_fromLFR.log,Microfluidics-Benchmarks/Results/ilp_full_20260915_165225/artifacts/lfr__CIDAR_Lab_Past_Devices__Mux_96_Chambers__Mux_96_Chambers_fromLFR
21,lfr,lfr__CIDAR_Lab_Past_Devices__Net_Mux__Net_Mux_fromLFR,CIDAR_Lab_Past_Devices/Net_Mux/Net_Mux_fromLFR.json,/home/student/Desktop/Neptune_2026/Microfluidics-Benchmarks/Results/LFR-TestCases/CIDAR_Lab_Past_Devices/Net_Mux/Net_Mux_fromLFR.json,ilp,timeout,exceeded 3600s,3600.117,,,,,,,,,,,,,,,,Microfluidics-Benchmarks/Results/ilp_full_20260915_165225/logs/lfr__CIDAR_Lab_Past_Devices__Net_Mux__Net_Mux_fromLFR.log,Microfluidics-Benchmarks/Results/ilp_full_20260915_165225/artifacts/lfr__CIDAR_Lab_Past_Devices__Net_Mux__Net_Mux_fromLFR
22,lfr,lfr__CIDAR_Lab_Past_Devices__Nine_To_One_Mux__Nine_To_One_Mux_fromLFR,CIDAR_Lab_Past_Devices/Nine_To_One_Mux/Nine_To_One_Mux_fromLFR.json,/home/student/Desktop/Neptune_2026/Microfluidics-Benchmarks/Results/LFR-TestCases/CIDAR_Lab_Past_Devices/Nine_To_One_Mux/Nine_To_One_Mux_fromLFR.json,ilp,timeout,exceeded 3600s,3600.116,,,,,,,,,,,,,,,,Microfluidics-Benchmarks/Results/ilp_full_20260915_165225/logs/lfr__CIDAR_Lab_Past_Devices__Nine_To_One_Mux__Nine_To_One_Mux_fromLFR.log,Microfluidics-Benchmarks/Results/ilp_full_20260915_165225/artifacts/lfr__CIDAR_Lab_Past_Devices__Nine_To_One_Mux__Nine_To_One_Mux_fromLFR
23,lfr,lfr__CIDAR_Lab_Past_Devices__Number_Declarations__Number_Declarations_fromLFR,CIDAR_Lab_Past_Devices/Number_Declarations/Number_Declarations_fromLFR.json,/home/student/Desktop/Neptune_2026/Microfluidics-Benchmarks/Results/LFR-TestCases/CIDAR_Lab_Past_Devices/Number_Declarations/Number_Declarations_fromLFR.json,ilp,success,,1.171,0.910075,0,optimal,True,0.07768206717446446,True,0,False,True,,1000.0,10000000.0,180000000.0,/home/student/Desktop/Neptune_2026/Microfluidics-Benchmarks/Results/ilp_full_20260915_165225/artifacts/lfr__CIDAR_Lab_Past_Devices__Number_Declarations__Number_Declarations_fromLFR/result.json,/home/student/Desktop/Neptune_2026/Microfluidics-Benchmarks/Results/ilp_full_20260915_165225/artifacts/lfr__CIDAR_Lab_Past_Devices__Number_Declarations__Number_Declarations_fromLFR/metrics.json,Microfluidics-Benchmarks/Results/ilp_full_20260915_165225/logs/lfr__CIDAR_Lab_Past_Devices__Number_Declarations__Number_Declarations_fromLFR.log,Microfluidics-Benchmarks/Results/ilp_full_20260915_165225/artifacts/lfr__CIDAR_Lab_Past_Devices__Number_Declarations__Number_Declarations_fromLFR
24,lfr,lfr__CIDAR_Lab_Past_Devices__Olfactory__Olfactory_fromLFR,CIDAR_Lab_Past_Devices/Olfactory/Olfactory_fromLFR.json,/home/student/Desktop/Neptune_2026/Microfluidics-Benchmarks/Results/LFR-TestCases/CIDAR_Lab_Past_Devices/Olfactory/Olfactory_fromLFR.json,ilp,timeout,exceeded 3600s,3600.066,,,,,,,,,,,,,,,,Microfluidics-Benchmarks/Results/ilp_full_20260915_165225/logs/lfr__CIDAR_Lab_Past_Devices__Olfactory__Olfactory_fromLFR.log,Microfluidics-Benchmarks/Results/ilp_full_20260915_165225/artifacts/lfr__CIDAR_Lab_Past_Devices__Olfactory__Olfactory_fromLFR
25,lfr,lfr__CIDAR_Lab_Past_Devices__Pump_Passthrough__Pump_Passthrough_fromLFR,CIDAR_Lab_Past_Devices/Pump_Passthrough/Pump_Passthrough_fromLFR.json,/home/student/Desktop/Neptune_2026/Microfluidics-Benchmarks/Results/LFR-TestCases/CIDAR_Lab_Past_Devices/Pump_Passthrough/Pump_Passthrough_fromLFR.json,ilp,success,,1.169,0.909623,0,optimal,True,0.07639799895696342,True,0,False,True,,1000.0,10000000.0,180000000.0,/home/student/Desktop/Neptune_2026/Microfluidics-Benchmarks/Results/ilp_full_20260915_165225/artifacts/lfr__CIDAR_Lab_Past_Devices__Pump_Passthrough__Pump_Passthrough_fromLFR/result.json,/home/student/Desktop/Neptune_2026/Microfluidics-Benchmarks/Results/ilp_full_20260915_165225/artifacts/lfr__CIDAR_Lab_Past_Devices__Pump_Passthrough__Pump_Passthrough_fromLFR/metrics.json,Microfluidics-Benchmarks/Results/ilp_full_20260915_165225/logs/lfr__CIDAR_Lab_Past_Devices__Pump_Passthrough__Pump_Passthrough_fromLFR.log,Microfluidics-Benchmarks/Results/ilp_full_20260915_165225/artifacts/lfr__CIDAR_Lab_Past_Devices__Pump_Passthrough__Pump_Passthrough_fromLFR
26,lfr,lfr__CIDAR_Lab_Past_Devices__Ring__Ring_fromLFR,CIDAR_Lab_Past_Devices/Ring/Ring_fromLFR.json,/home/student/Desktop/Neptune_2026/Microfluidics-Benchmarks/Results/LFR-TestCases/CIDAR_Lab_Past_Devices/Ring/Ring_fromLFR.json,ilp,success,,315.524,315.269918,0,optimal,True,314.39147819089703,True,0,False,True,,19600.0,118600000.0,505800000.0,/home/student/Desktop/Neptune_2026/Microfluidics-Benchmarks/Results/ilp_full_20260915_165225/artifacts/lfr__CIDAR_Lab_Past_Devices__Ring__Ring_fromLFR/result.json,/home/student/Desktop/Neptune_2026/Microfluidics-Benchmarks/Results/ilp_full_20260915_165225/artifacts/lfr__CIDAR_Lab_Past_Devices__Ring__Ring_fromLFR/metrics.json,Microfluidics-Benchmarks/Results/ilp_full_20260915_165225/logs/lfr__CIDAR_Lab_Past_Devices__Ring__Ring_fromLFR.log,Microfluidics-Benchmarks/Results/ilp_full_20260915_165225/artifacts/lfr__CIDAR_Lab_Past_Devices__Ring__Ring_fromLFR
27,lfr,lfr__CIDAR_Lab_Past_Devices__Root_Chip__Root_Chip_fromLFR,CIDAR_Lab_Past_Devices/Root_Chip/Root_Chip_fromLFR.json,/home/student/Desktop/Neptune_2026/Microfluidics-Benchmarks/Results/LFR-TestCases/CIDAR_Lab_Past_Devices/Root_Chip/Root_Chip_fromLFR.json,ilp,timeout,exceeded 3600s,3600.115,,,,,,,,,,,,,,,,Microfluidics-Benchmarks/Results/ilp_full_20260915_165225/logs/lfr__CIDAR_Lab_Past_Devices__Root_Chip__Root_Chip_fromLFR.log,Microfluidics-Benchmarks/Results/ilp_full_20260915_165225/artifacts/lfr__CIDAR_Lab_Past_Devices__Root_Chip__Root_Chip_fromLFR
28,lfr,lfr__CIDAR_Lab_Past_Devices__Rotary_16__Rotary_16_fromLFR,CIDAR_Lab_Past_Devices/Rotary_16/Rotary_16_fromLFR.json,/home/student/Desktop/Neptune_2026/Microfluidics-Benchmarks/Results/LFR-TestCases/CIDAR_Lab_Past_Devices/Rotary_16/Rotary_16_fromLFR.json,ilp,timeout,exceeded 3600s,3600.266,,,,,,,,,,,,,,,,Microfluidics-Benchmarks/Results/ilp_full_20260915_165225/logs/lfr__CIDAR_Lab_Past_Devices__Rotary_16__Rotary_16_fromLFR.log,Microfluidics-Benchmarks/Results/ilp_full_20260915_165225/artifacts/lfr__CIDAR_Lab_Past_Devices__Rotary_16__Rotary_16_fromLFR
29,lfr,lfr__CIDAR_Lab_Past_Devices__Rotary_Cells__Rotary_Cells_fromLFR,CIDAR_Lab_Past_Devices/Rotary_Cells/Rotary_Cells_fromLFR.json,/home/student/Desktop/Neptune_2026/Microfluidics-Benchmarks/Results/LFR-TestCases/CIDAR_Lab_Past_Devices/Rotary_Cells/Rotary_Cells_fromLFR.json,ilp,timeout,exceeded 3600s,3600.067,,,,,,,,,,,,,,,,Microfluidics-Benchmarks/Results/ilp_full_20260915_165225/logs/lfr__CIDAR_Lab_Past_Devices__Rotary_Cells__Rotary_Cells_fromLFR.log,Microfluidics-Benchmarks/Results/ilp_full_20260915_165225/artifacts/lfr__CIDAR_Lab_Past_Devices__Rotary_Cells__Rotary_Cells_fromLFR
30,lfr,lfr__CIDAR_Lab_Past_Devices__Seeding__Seeding_fromLFR,CIDAR_Lab_Past_Devices/Seeding/Seeding_fromLFR.json,/home/student/Desktop/Neptune_2026/Microfluidics-Benchmarks/Results/LFR-TestCases/CIDAR_Lab_Past_Devices/Seeding/Seeding_fromLFR.json,ilp,timeout,exceeded 3600s,3600.116,,,,,,,,,,,,,,,,Microfluidics-Benchmarks/Results/ilp_full_20260915_165225/logs/lfr__CIDAR_Lab_Past_Devices__Seeding__Seeding_fromLFR.log,Microfluidics-Benchmarks/Results/ilp_full_20260915_165225/artifacts/lfr__CIDAR_Lab_Past_Devices__Seeding__Seeding_fromLFR
31,lfr,lfr__CIDAR_Lab_Past_Devices__Three_Reagent_Mix__Three_Reagent_Mix_fromLFR,CIDAR_Lab_Past_Devices/Three_Reagent_Mix/Three_Reagent_Mix_fromLFR.json,/home/student/Desktop/Neptune_2026/Microfluidics-Benchmarks/Results/LFR-TestCases/CIDAR_Lab_Past_Devices/Three_Reagent_Mix/Three_Reagent_Mix_fromLFR.json,ilp,timeout,exceeded 3600s,3600.035,,,,,,,,,,,,,,,,Microfluidics-Benchmarks/Results/ilp_full_20260915_165225/logs/lfr__CIDAR_Lab_Past_Devices__Three_Reagent_Mix__Three_Reagent_Mix_fromLFR.log,Microfluidics-Benchmarks/Results/ilp_full_20260915_165225/artifacts/lfr__CIDAR_Lab_Past_Devices__Three_Reagent_Mix__Three_Reagent_Mix_fromLFR
32,lfr,lfr__COVID__Aj_Rtpcr_8_Primer__Aj_Rtpcr_8_Primer_fromLFR,COVID/Aj_Rtpcr_8_Primer/Aj_Rtpcr_8_Primer_fromLFR.json,/home/student/Desktop/Neptune_2026/Microfluidics-Benchmarks/Results/LFR-TestCases/COVID/Aj_Rtpcr_8_Primer/Aj_Rtpcr_8_Primer_fromLFR.json,ilp,timeout,exceeded 3600s,3600.116,,,,,,,,,,,,,,,,Microfluidics-Benchmarks/Results/ilp_full_20260915_165225/logs/lfr__COVID__Aj_Rtpcr_8_Primer__Aj_Rtpcr_8_Primer_fromLFR.log,Microfluidics-Benchmarks/Results/ilp_full_20260915_165225/artifacts/lfr__COVID__Aj_Rtpcr_8_Primer__Aj_Rtpcr_8_Primer_fromLFR
33,lfr,lfr__COVID__Arize__Arize_fromLFR,COVID/Arize/Arize_fromLFR.json,/home/student/Desktop/Neptune_2026/Microfluidics-Benchmarks/Results/LFR-TestCases/COVID/Arize/Arize_fromLFR.json,ilp,timeout,exceeded 3600s,3600.116,,,,,,,,,,,,,,,,Microfluidics-Benchmarks/Results/ilp_full_20260915_165225/logs/lfr__COVID__Arize__Arize_fromLFR.log,Microfluidics-Benchmarks/Results/ilp_full_20260915_165225/artifacts/lfr__COVID__Arize__Arize_fromLFR
34,lfr,lfr__COVID__Covid_Crispr__Covid_Crispr_fromLFR,COVID/Covid_Crispr/Covid_Crispr_fromLFR.json,/home/student/Desktop/Neptune_2026/Microfluidics-Benchmarks/Results/LFR-TestCases/COVID/Covid_Crispr/Covid_Crispr_fromLFR.json,ilp,success,,4.982,4.728935,0,optimal,True,3.8859055507928133,True,0,False,True,,9000.0,64685800.0,343585800.0,/home/student/Desktop/Neptune_2026/Microfluidics-Benchmarks/Results/ilp_full_20260915_165225/artifacts/lfr__COVID__Covid_Crispr__Covid_Crispr_fromLFR/result.json,/home/student/Desktop/Neptune_2026/Microfluidics-Benchmarks/Results/ilp_full_20260915_165225/artifacts/lfr__COVID__Covid_Crispr__Covid_Crispr_fromLFR/metrics.json,Microfluidics-Benchmarks/Results/ilp_full_20260915_165225/logs/lfr__COVID__Covid_Crispr__Covid_Crispr_fromLFR.log,Microfluidics-Benchmarks/Results/ilp_full_20260915_165225/artifacts/lfr__COVID__Covid_Crispr__Covid_Crispr_fromLFR
35,lfr,lfr__COVID__Crispr__Crispr_fromLFR,COVID/Crispr/Crispr_fromLFR.json,/home/student/Desktop/Neptune_2026/Microfluidics-Benchmarks/Results/LFR-TestCases/COVID/Crispr/Crispr_fromLFR.json,ilp,timeout,exceeded 3600s,3600.066,,,,,,,,,,,,,,,,Microfluidics-Benchmarks/Results/ilp_full_20260915_165225/logs/lfr__COVID__Crispr__Crispr_fromLFR.log,Microfluidics-Benchmarks/Results/ilp_full_20260915_165225/artifacts/lfr__COVID__Crispr__Crispr_fromLFR
36,lfr,lfr__COVID__Detectr__Detectr_fromLFR,COVID/Detectr/Detectr_fromLFR.json,/home/student/Desktop/Neptune_2026/Microfluidics-Benchmarks/Results/LFR-TestCases/COVID/Detectr/Detectr_fromLFR.json,ilp,timeout,exceeded 3600s,3600.066,,,,,,,,,,,,,,,,Microfluidics-Benchmarks/Results/ilp_full_20260915_165225/logs/lfr__COVID__Detectr__Detectr_fromLFR.log,Microfluidics-Benchmarks/Results/ilp_full_20260915_165225/artifacts/lfr__COVID__Detectr__Detectr_fromLFR
37,lfr,lfr__COVID__Elisa__Elisa_fromLFR,COVID/Elisa/Elisa_fromLFR.json,/home/student/Desktop/Neptune_2026/Microfluidics-Benchmarks/Results/LFR-TestCases/COVID/Elisa/Elisa_fromLFR.json,ilp,timeout,exceeded 3600s,3600.034,,,,,,,,,,,,,,,,Microfluidics-Benchmarks/Results/ilp_full_20260915_165225/logs/lfr__COVID__Elisa__Elisa_fromLFR.log,Microfluidics-Benchmarks/Results/ilp_full_20260915_165225/artifacts/lfr__COVID__Elisa__Elisa_fromLFR
38,lfr,lfr__COVID__Gel_Electrophoresis__Gel_Electrophoresis_fromLFR,COVID/Gel_Electrophoresis/Gel_Electrophoresis_fromLFR.json,/home/student/Desktop/Neptune_2026/Microfluidics-Benchmarks/Results/LFR-TestCases/COVID/Gel_Electrophoresis/Gel_Electrophoresis_fromLFR.json,ilp,timeout,exceeded 3600s,3600.034,,,,,,,,,,,,,,,,Microfluidics-Benchmarks/Results/ilp_full_20260915_165225/logs/lfr__COVID__Gel_Electrophoresis__Gel_Electrophoresis_fromLFR.log,Microfluidics-Benchmarks/Results/ilp_full_20260915_165225/artifacts/lfr__COVID__Gel_Electrophoresis__Gel_Electrophoresis_fromLFR
39,lfr,lfr__COVID__Hybri_Detect__Hybri_Detect_fromLFR,COVID/Hybri_Detect/Hybri_Detect_fromLFR.json,/home/student/Desktop/Neptune_2026/Microfluidics-Benchmarks/Results/LFR-TestCases/COVID/Hybri_Detect/Hybri_Detect_fromLFR.json,ilp,timeout,exceeded 3600s,3600.034,,,,,,,,,,,,,,,,Microfluidics-Benchmarks/Results/ilp_full_20260915_165225/logs/lfr__COVID__Hybri_Detect__Hybri_Detect_fromLFR.log,Microfluidics-Benchmarks/Results/ilp_full_20260915_165225/artifacts/lfr__COVID__Hybri_Detect__Hybri_Detect_fromLFR
40,lfr,lfr__COVID__Part_1_Rna_Prep__Part_1_Rna_Prep_fromLFR,COVID/Part_1_Rna_Prep/Part_1_Rna_Prep_fromLFR.json,/home/student/Desktop/Neptune_2026/Microfluidics-Benchmarks/Results/LFR-TestCases/COVID/Part_1_Rna_Prep/Part_1_Rna_Prep_fromLFR.json,ilp,timeout,exceeded 3600s,3600.071,,,,,,,,,,,,,,,,Microfluidics-Benchmarks/Results/ilp_full_20260915_165225/logs/lfr__COVID__Part_1_Rna_Prep__Part_1_Rna_Prep_fromLFR.log,Microfluidics-Benchmarks/Results/ilp_full_20260915_165225/artifacts/lfr__COVID__Part_1_Rna_Prep__Part_1_Rna_Prep_fromLFR
41,lfr,lfr__COVID__Part_2_Rt_Step__Part_2_Rt_Step_fromLFR,COVID/Part_2_Rt_Step/Part_2_Rt_Step_fromLFR.json,/home/student/Desktop/Neptune_2026/Microfluidics-Benchmarks/Results/LFR-TestCases/COVID/Part_2_Rt_Step/Part_2_Rt_Step_fromLFR.json,ilp,timeout,exceeded 3600s,3600.069,,,,,,,,,,,,,,,,Microfluidics-Benchmarks/Results/ilp_full_20260915_165225/logs/lfr__COVID__Part_2_Rt_Step__Part_2_Rt_Step_fromLFR.log,Microfluidics-Benchmarks/Results/ilp_full_20260915_165225/artifacts/lfr__COVID__Part_2_Rt_Step__Part_2_Rt_Step_fromLFR
42,lfr,lfr__COVID__Part_3_Gel__Part_3_Gel_fromLFR,COVID/Part_3_Gel/Part_3_Gel_fromLFR.json,/home/student/Desktop/Neptune_2026/Microfluidics-Benchmarks/Results/LFR-TestCases/COVID/Part_3_Gel/Part_3_Gel_fromLFR.json,ilp,timeout,exceeded 3600s,3600.066,,,,,,,,,,,,,,,,Microfluidics-Benchmarks/Results/ilp_full_20260915_165225/logs/lfr__COVID__Part_3_Gel__Part_3_Gel_fromLFR.log,Microfluidics-Benchmarks/Results/ilp_full_20260915_165225/artifacts/lfr__COVID__Part_3_Gel__Part_3_Gel_fromLFR
43,lfr,lfr__COVID__Rt_Pcr__Rt_Pcr_fromLFR,COVID/Rt_Pcr/Rt_Pcr_fromLFR.json,/home/student/Desktop/Neptune_2026/Microfluidics-Benchmarks/Results/LFR-TestCases/COVID/Rt_Pcr/Rt_Pcr_fromLFR.json,ilp,success,,1.924,1.66133,0,optimal,True,0.7959583380725235,True,0,False,True,,4000.0,90000000.0,420000000.0,/home/student/Desktop/Neptune_2026/Microfluidics-Benchmarks/Results/ilp_full_20260915_165225/artifacts/lfr__COVID__Rt_Pcr__Rt_Pcr_fromLFR/result.json,/home/student/Desktop/Neptune_2026/Microfluidics-Benchmarks/Results/ilp_full_20260915_165225/artifacts/lfr__COVID__Rt_Pcr__Rt_Pcr_fromLFR/metrics.json,Microfluidics-Benchmarks/Results/ilp_full_20260915_165225/logs/lfr__COVID__Rt_Pcr__Rt_Pcr_fromLFR.log,Microfluidics-Benchmarks/Results/ilp_full_20260915_165225/artifacts/lfr__COVID__Rt_Pcr__Rt_Pcr_fromLFR
44,lfr,lfr__Distribute_Expressions__And_Annotation_Test__And_Annotation_Test_fromLFR,Distribute_Expressions/And_Annotation_Test/And_Annotation_Test_fromLFR.json,/home/student/Desktop/Neptune_2026/Microfluidics-Benchmarks/Results/LFR-TestCases/Distribute_Expressions/And_Annotation_Test/And_Annotation_Test_fromLFR.json,ilp,success,,70.739,70.464533,0,optimal,True,64.6068670290988,True,0,True,True,,29100.0,155200000.0,512200000.0,/home/student/Desktop/Neptune_2026/Microfluidics-Benchmarks/Results/ilp_full_20260915_165225/artifacts/lfr__Distribute_Expressions__And_Annotation_Test__And_Annotation_Test_fromLFR/result_control.json,/home/student/Desktop/Neptune_2026/Microfluidics-Benchmarks/Results/ilp_full_20260915_165225/artifacts/lfr__Distribute_Expressions__And_Annotation_Test__And_Annotation_Test_fromLFR/metrics.json,Microfluidics-Benchmarks/Results/ilp_full_20260915_165225/logs/lfr__Distribute_Expressions__And_Annotation_Test__And_Annotation_Test_fromLFR.log,Microfluidics-Benchmarks/Results/ilp_full_20260915_165225/artifacts/lfr__Distribute_Expressions__And_Annotation_Test__And_Annotation_Test_fromLFR
45,lfr,lfr__Distribute_Expressions__Dist_Expression_1__Dist_Expression_1_fromLFR,Distribute_Expressions/Dist_Expression_1/Dist_Expression_1_fromLFR.json,/home/student/Desktop/Neptune_2026/Microfluidics-Benchmarks/Results/LFR-TestCases/Distribute_Expressions/Dist_Expression_1/Dist_Expression_1_fromLFR.json,ilp,success,,1.219,0.966607,0,optimal,True,0.08212996809743345,True,0,False,True,,1000.0,10000000.0,180000000.0,/home/student/Desktop/Neptune_2026/Microfluidics-Benchmarks/Results/ilp_full_20260915_165225/artifacts/lfr__Distribute_Expressions__Dist_Expression_1__Dist_Expression_1_fromLFR/result.json,/home/student/Desktop/Neptune_2026/Microfluidics-Benchmarks/Results/ilp_full_20260915_165225/artifacts/lfr__Distribute_Expressions__Dist_Expression_1__Dist_Expression_1_fromLFR/metrics.json,Microfluidics-Benchmarks/Results/ilp_full_20260915_165225/logs/lfr__Distribute_Expressions__Dist_Expression_1__Dist_Expression_1_fromLFR.log,Microfluidics-Benchmarks/Results/ilp_full_20260915_165225/artifacts/lfr__Distribute_Expressions__Dist_Expression_1__Dist_Expression_1_fromLFR
46,lfr,lfr__Distribute_Expressions__Dist_Expression_2__Dist_Expression_2_fromLFR,Distribute_Expressions/Dist_Expression_2/Dist_Expression_2_fromLFR.json,/home/student/Desktop/Neptune_2026/Microfluidics-Benchmarks/Results/LFR-TestCases/Distribute_Expressions/Dist_Expression_2/Dist_Expression_2_fromLFR.json,ilp,success,,2.723,2.454596,0,optimal,True,1.2095504039898515,True,0,True,True,,11000.0,81000000.0,361000000.0,/home/student/Desktop/Neptune_2026/Microfluidics-Benchmarks/Results/ilp_full_20260915_165225/artifacts/lfr__Distribute_Expressions__Dist_Expression_2__Dist_Expression_2_fromLFR/result_control.json,/home/student/Desktop/Neptune_2026/Microfluidics-Benchmarks/Results/ilp_full_20260915_165225/artifacts/lfr__Distribute_Expressions__Dist_Expression_2__Dist_Expression_2_fromLFR/metrics.json,Microfluidics-Benchmarks/Results/ilp_full_20260915_165225/logs/lfr__Distribute_Expressions__Dist_Expression_2__Dist_Expression_2_fromLFR.log,Microfluidics-Benchmarks/Results/ilp_full_20260915_165225/artifacts/lfr__Distribute_Expressions__Dist_Expression_2__Dist_Expression_2_fromLFR
47,lfr,lfr__Distribute_Expressions__Dist_Expression_3__Dist_Expression_3_fromLFR,Distribute_Expressions/Dist_Expression_3/Dist_Expression_3_fromLFR.json,/home/student/Desktop/Neptune_2026/Microfluidics-Benchmarks/Results/LFR-TestCases/Distribute_Expressions/Dist_Expression_3/Dist_Expression_3_fromLFR.json,ilp,success,,2.774,2.479204,0,optimal,True,1.239177575102076,True,0,True,True,,11000.0,81000000.0,361000000.0,/home/student/Desktop/Neptune_2026/Microfluidics-Benchmarks/Results/ilp_full_20260915_165225/artifacts/lfr__Distribute_Expressions__Dist_Expression_3__Dist_Expression_3_fromLFR/result_control.json,/home/student/Desktop/Neptune_2026/Microfluidics-Benchmarks/Results/ilp_full_20260915_165225/artifacts/lfr__Distribute_Expressions__Dist_Expression_3__Dist_Expression_3_fromLFR/metrics.json,Microfluidics-Benchmarks/Results/ilp_full_20260915_165225/logs/lfr__Distribute_Expressions__Dist_Expression_3__Dist_Expression_3_fromLFR.log,Microfluidics-Benchmarks/Results/ilp_full_20260915_165225/artifacts/lfr__Distribute_Expressions__Dist_Expression_3__Dist_Expression_3_fromLFR
48,lfr,lfr__Distribute_Library__Cell_Traps_4__Cell_Traps_4_fromLFR,Distribute_Library/Cell_Traps_4/Cell_Traps_4_fromLFR.json,/home/student/Desktop/Neptune_2026/Microfluidics-Benchmarks/Results/LFR-TestCases/Distribute_Library/Cell_Traps_4/Cell_Traps_4_fromLFR.json,ilp,success,,1.119,0.887514,0,optimal,True,0.07260210090316832,True,0,False,True,,1000.0,10000000.0,180000000.0,/home/student/Desktop/Neptune_2026/Microfluidics-Benchmarks/Results/ilp_full_20260915_165225/artifacts/lfr__Distribute_Library__Cell_Traps_4__Cell_Traps_4_fromLFR/result.json,/home/student/Desktop/Neptune_2026/Microfluidics-Benchmarks/Results/ilp_full_20260915_165225/artifacts/lfr__Distribute_Library__Cell_Traps_4__Cell_Traps_4_fromLFR/metrics.json,Microfluidics-Benchmarks/Results/ilp_full_20260915_165225/logs/lfr__Distribute_Library__Cell_Traps_4__Cell_Traps_4_fromLFR.log,Microfluidics-Benchmarks/Results/ilp_full_20260915_165225/artifacts/lfr__Distribute_Library__Cell_Traps_4__Cell_Traps_4_fromLFR
49,lfr,lfr__Distribute_Library__Hv_Storage_Grid_04__Hv_Storage_Grid_04_fromLFR,Distribute_Library/Hv_Storage_Grid_04/Hv_Storage_Grid_04_fromLFR.json,/home/student/Desktop/Neptune_2026/Microfluidics-Benchmarks/Results/LFR-TestCases/Distribute_Library/Hv_Storage_Grid_04/Hv_Storage_Grid_04_fromLFR.json,ilp,success,,1.218,0.945933,0,optimal,True,0.07544261403381824,True,0,False,True,,1000.0,10000000.0,180000000.0,/home/student/Desktop/Neptune_2026/Microfluidics-Benchmarks/Results/ilp_full_20260915_165225/artifacts/lfr__Distribute_Library__Hv_Storage_Grid_04__Hv_Storage_Grid_04_fromLFR/result.json,/home/student/Desktop/Neptune_2026/Microfluidics-Benchmarks/Results/ilp_full_20260915_165225/artifacts/lfr__Distribute_Library__Hv_Storage_Grid_04__Hv_Storage_Grid_04_fromLFR/metrics.json,Microfluidics-Benchmarks/Results/ilp_full_20260915_165225/logs/lfr__Distribute_Library__Hv_Storage_Grid_04__Hv_Storage_Grid_04_fromLFR.log,Microfluidics-Benchmarks/Results/ilp_full_20260915_165225/artifacts/lfr__Distribute_Library__Hv_Storage_Grid_04__Hv_Storage_Grid_04_fromLFR
50,lfr,lfr__Distribute_Library__Hv_Storage_Grid_08__Hv_Storage_Grid_08_fromLFR,Distribute_Library/Hv_Storage_Grid_08/Hv_Storage_Grid_08_fromLFR.json,/home/student/Desktop/Neptune_2026/Microfluidics-Benchmarks/Results/LFR-TestCases/Distribute_Library/Hv_Storage_Grid_08/Hv_Storage_Grid_08_fromLFR.json,ilp,success,,1.218,0.931957,0,optimal,True,0.07504063798114657,True,0,False,True,,1000.0,10000000.0,180000000.0,/home/student/Desktop/Neptune_2026/Microfluidics-Benchmarks/Results/ilp_full_20260915_165225/artifacts/lfr__Distribute_Library__Hv_Storage_Grid_08__Hv_Storage_Grid_08_fromLFR/result.json,/home/student/Desktop/Neptune_2026/Microfluidics-Benchmarks/Results/ilp_full_20260915_165225/artifacts/lfr__Distribute_Library__Hv_Storage_Grid_08__Hv_Storage_Grid_08_fromLFR/metrics.json,Microfluidics-Benchmarks/Results/ilp_full_20260915_165225/logs/lfr__Distribute_Library__Hv_Storage_Grid_08__Hv_Storage_Grid_08_fromLFR.log,Microfluidics-Benchmarks/Results/ilp_full_20260915_165225/artifacts/lfr__Distribute_Library__Hv_Storage_Grid_08__Hv_Storage_Grid_08_fromLFR
51,lfr,lfr__Distribute_Library__Hv_Storage_Grid_16__Hv_Storage_Grid_16_fromLFR,Distribute_Library/Hv_Storage_Grid_16/Hv_Storage_Grid_16_fromLFR.json,/home/student/Desktop/Neptune_2026/Microfluidics-Benchmarks/Results/LFR-TestCases/Distribute_Library/Hv_Storage_Grid_16/Hv_Storage_Grid_16_fromLFR.json,ilp,success,,1.22,0.933575,0,optimal,True,0.07344743888825178,True,0,False,True,,1000.0,10000000.0,180000000.0,/home/student/Desktop/Neptune_2026/Microfluidics-Benchmarks/Results/ilp_full_20260915_165225/artifacts/lfr__Distribute_Library__Hv_Storage_Grid_16__Hv_Storage_Grid_16_fromLFR/result.json,/home/student/Desktop/Neptune_2026/Microfluidics-Benchmarks/Results/ilp_full_20260915_165225/artifacts/lfr__Distribute_Library__Hv_Storage_Grid_16__Hv_Storage_Grid_16_fromLFR/metrics.json,Microfluidics-Benchmarks/Results/ilp_full_20260915_165225/logs/lfr__Distribute_Library__Hv_Storage_Grid_16__Hv_Storage_Grid_16_fromLFR.log,Microfluidics-Benchmarks/Results/ilp_full_20260915_165225/artifacts/lfr__Distribute_Library__Hv_Storage_Grid_16__Hv_Storage_Grid_16_fromLFR
52,lfr,lfr__Distribute_Library__Hv_Storage_Grid_32__Hv_Storage_Grid_32_fromLFR,Distribute_Library/Hv_Storage_Grid_32/Hv_Storage_Grid_32_fromLFR.json,/home/student/Desktop/Neptune_2026/Microfluidics-Benchmarks/Results/LFR-TestCases/Distribute_Library/Hv_Storage_Grid_32/Hv_Storage_Grid_32_fromLFR.json,ilp,success,,1.119,0.884922,0,optimal,True,0.07348576607182622,True,0,False,True,,1000.0,10000000.0,180000000.0,/home/student/Desktop/Neptune_2026/Microfluidics-Benchmarks/Results/ilp_full_20260915_165225/artifacts/lfr__Distribute_Library__Hv_Storage_Grid_32__Hv_Storage_Grid_32_fromLFR/result.json,/home/student/Desktop/Neptune_2026/Microfluidics-Benchmarks/Results/ilp_full_20260915_165225/artifacts/lfr__Distribute_Library__Hv_Storage_Grid_32__Hv_Storage_Grid_32_fromLFR/metrics.json,Microfluidics-Benchmarks/Results/ilp_full_20260915_165225/logs/lfr__Distribute_Library__Hv_Storage_Grid_32__Hv_Storage_Grid_32_fromLFR.log,Microfluidics-Benchmarks/Results/ilp_full_20260915_165225/artifacts/lfr__Distribute_Library__Hv_Storage_Grid_32__Hv_Storage_Grid_32_fromLFR
53,lfr,lfr__Distribute_Library__Hv_Storage_Grid_64__Hv_Storage_Grid_64_fromLFR,Distribute_Library/Hv_Storage_Grid_64/Hv_Storage_Grid_64_fromLFR.json,/home/student/Desktop/Neptune_2026/Microfluidics-Benchmarks/Results/LFR-TestCases/Distribute_Library/Hv_Storage_Grid_64/Hv_Storage_Grid_64_fromLFR.json,ilp,success,,1.219,0.935747,0,optimal,True,0.0730957998894155,True,0,False,True,,1000.0,10000000.0,180000000.0,/home/student/Desktop/Neptune_2026/Microfluidics-Benchmarks/Results/ilp_full_20260915_165225/artifacts/lfr__Distribute_Library__Hv_Storage_Grid_64__Hv_Storage_Grid_64_fromLFR/result.json,/home/student/Desktop/Neptune_2026/Microfluidics-Benchmarks/Results/ilp_full_20260915_165225/artifacts/lfr__Distribute_Library__Hv_Storage_Grid_64__Hv_Storage_Grid_64_fromLFR/metrics.json,Microfluidics-Benchmarks/Results/ilp_full_20260915_165225/logs/lfr__Distribute_Library__Hv_Storage_Grid_64__Hv_Storage_Grid_64_fromLFR.log,Microfluidics-Benchmarks/Results/ilp_full_20260915_165225/artifacts/lfr__Distribute_Library__Hv_Storage_Grid_64__Hv_Storage_Grid_64_fromLFR
54,lfr,lfr__Distribute_Library__Mux_02_In__Mux_02_In_fromLFR,Distribute_Library/Mux_02_In/Mux_02_In_fromLFR.json,/home/student/Desktop/Neptune_2026/Microfluidics-Benchmarks/Results/LFR-TestCases/Distribute_Library/Mux_02_In/Mux_02_In_fromLFR.json,ilp,success,,2.372,2.084189,0,optimal,True,0.6650512090418488,True,0,True,True,,12000.0,48000000.0,338000000.0,/home/student/Desktop/Neptune_2026/Microfluidics-Benchmarks/Results/ilp_full_20260915_165225/artifacts/lfr__Distribute_Library__Mux_02_In__Mux_02_In_fromLFR/result_control.json,/home/student/Desktop/Neptune_2026/Microfluidics-Benchmarks/Results/ilp_full_20260915_165225/artifacts/lfr__Distribute_Library__Mux_02_In__Mux_02_In_fromLFR/metrics.json,Microfluidics-Benchmarks/Results/ilp_full_20260915_165225/logs/lfr__Distribute_Library__Mux_02_In__Mux_02_In_fromLFR.log,Microfluidics-Benchmarks/Results/ilp_full_20260915_165225/artifacts/lfr__Distribute_Library__Mux_02_In__Mux_02_In_fromLFR
55,lfr,lfr__Distribute_Library__Mux_02_Out__Mux_02_Out_fromLFR,Distribute_Library/Mux_02_Out/Mux_02_Out_fromLFR.json,/home/student/Desktop/Neptune_2026/Microfluidics-Benchmarks/Results/LFR-TestCases/Distribute_Library/Mux_02_Out/Mux_02_Out_fromLFR.json,ilp,success,,2.373,2.087127,0,optimal,True,0.6878858841955662,True,0,True,True,,12000.0,48000000.0,338000000.0,/home/student/Desktop/Neptune_2026/Microfluidics-Benchmarks/Results/ilp_full_20260915_165225/artifacts/lfr__Distribute_Library__Mux_02_Out__Mux_02_Out_fromLFR/result_control.json,/home/student/Desktop/Neptune_2026/Microfluidics-Benchmarks/Results/ilp_full_20260915_165225/artifacts/lfr__Distribute_Library__Mux_02_Out__Mux_02_Out_fromLFR/metrics.json,Microfluidics-Benchmarks/Results/ilp_full_20260915_165225/logs/lfr__Distribute_Library__Mux_02_Out__Mux_02_Out_fromLFR.log,Microfluidics-Benchmarks/Results/ilp_full_20260915_165225/artifacts/lfr__Distribute_Library__Mux_02_Out__Mux_02_Out_fromLFR
56,lfr,lfr__Distribute_Library__Mux_04_In__Mux_04_In_fromLFR,Distribute_Library/Mux_04_In/Mux_04_In_fromLFR.json,/home/student/Desktop/Neptune_2026/Microfluidics-Benchmarks/Results/LFR-TestCases/Distribute_Library/Mux_04_In/Mux_04_In_fromLFR.json,ilp,success,,1564.85,1564.57904,0,optimal,True,1554.7400416978635,True,0,True,True,,46200.0,242490000.0,656490000.0,/home/student/Desktop/Neptune_2026/Microfluidics-Benchmarks/Results/ilp_full_20260915_165225/artifacts/lfr__Distribute_Library__Mux_04_In__Mux_04_In_fromLFR/result_control.json,/home/student/Desktop/Neptune_2026/Microfluidics-Benchmarks/Results/ilp_full_20260915_165225/artifacts/lfr__Distribute_Library__Mux_04_In__Mux_04_In_fromLFR/metrics.json,Microfluidics-Benchmarks/Results/ilp_full_20260915_165225/logs/lfr__Distribute_Library__Mux_04_In__Mux_04_In_fromLFR.log,Microfluidics-Benchmarks/Results/ilp_full_20260915_165225/artifacts/lfr__Distribute_Library__Mux_04_In__Mux_04_In_fromLFR
57,lfr,lfr__Distribute_Library__Mux_04_Out__Mux_04_Out_fromLFR,Distribute_Library/Mux_04_Out/Mux_04_Out_fromLFR.json,/home/student/Desktop/Neptune_2026/Microfluidics-Benchmarks/Results/LFR-TestCases/Distribute_Library/Mux_04_Out/Mux_04_Out_fromLFR.json,ilp,success,,482.828,482.540141,0,optimal,True,476.2605792239774,True,0,True,True,,35400.0,144000000.0,494000000.0,/home/student/Desktop/Neptune_2026/Microfluidics-Benchmarks/Results/ilp_full_20260915_165225/artifacts/lfr__Distribute_Library__Mux_04_Out__Mux_04_Out_fromLFR/result_control.json,/home/student/Desktop/Neptune_2026/Microfluidics-Benchmarks/Results/ilp_full_20260915_165225/artifacts/lfr__Distribute_Library__Mux_04_Out__Mux_04_Out_fromLFR/metrics.json,Microfluidics-Benchmarks/Results/ilp_full_20260915_165225/logs/lfr__Distribute_Library__Mux_04_Out__Mux_04_Out_fromLFR.log,Microfluidics-Benchmarks/Results/ilp_full_20260915_165225/artifacts/lfr__Distribute_Library__Mux_04_Out__Mux_04_Out_fromLFR
58,lfr,lfr__Distribute_Library__Mux_08_In__Mux_08_In_fromLFR,Distribute_Library/Mux_08_In/Mux_08_In_fromLFR.json,/home/student/Desktop/Neptune_2026/Microfluidics-Benchmarks/Results/LFR-TestCases/Distribute_Library/Mux_08_In/Mux_08_In_fromLFR.json,ilp,timeout,exceeded 3600s,3600.116,,,,,,,,,,,,,,,,Microfluidics-Benchmarks/Results/ilp_full_20260915_165225/logs/lfr__Distribute_Library__Mux_08_In__Mux_08_In_fromLFR.log,Microfluidics-Benchmarks/Results/ilp_full_20260915_165225/artifacts/lfr__Distribute_Library__Mux_08_In__Mux_08_In_fromLFR
59,lfr,lfr__Distribute_Library__Mux_08_Out__Mux_08_Out_fromLFR,Distribute_Library/Mux_08_Out/Mux_08_Out_fromLFR.json,/home/student/Desktop/Neptune_2026/Microfluidics-Benchmarks/Results/LFR-TestCases/Distribute_Library/Mux_08_Out/Mux_08_Out_fromLFR.json,ilp,timeout,exceeded 3600s,3600.121,,,,,,,,,,,,,,,,Microfluidics-Benchmarks/Results/ilp_full_20260915_165225/logs/lfr__Distribute_Library__Mux_08_Out__Mux_08_Out_fromLFR.log,Microfluidics-Benchmarks/Results/ilp_full_20260915_165225/artifacts/lfr__Distribute_Library__Mux_08_Out__Mux_08_Out_fromLFR
60,lfr,lfr__Distribute_Library__Mux_16_In__Mux_16_In_fromLFR,Distribute_Library/Mux_16_In/Mux_16_In_fromLFR.json,/home/student/Desktop/Neptune_2026/Microfluidics-Benchmarks/Results/LFR-TestCases/Distribute_Library/Mux_16_In/Mux_16_In_fromLFR.json,ilp,timeout,exceeded 3600s,3600.034,,,,,,,,,,,,,,,,Microfluidics-Benchmarks/Results/ilp_full_20260915_165225/logs/lfr__Distribute_Library__Mux_16_In__Mux_16_In_fromLFR.log,Microfluidics-Benchmarks/Results/ilp_full_20260915_165225/artifacts/lfr__Distribute_Library__Mux_16_In__Mux_16_In_fromLFR
61,lfr,lfr__Distribute_Library__Mux_16_Out__Mux_16_Out_fromLFR,Distribute_Library/Mux_16_Out/Mux_16_Out_fromLFR.json,/home/student/Desktop/Neptune_2026/Microfluidics-Benchmarks/Results/LFR-TestCases/Distribute_Library/Mux_16_Out/Mux_16_Out_fromLFR.json,ilp,timeout,exceeded 3600s,3600.117,,,,,,,,,,,,,,,,Microfluidics-Benchmarks/Results/ilp_full_20260915_165225/logs/lfr__Distribute_Library__Mux_16_Out__Mux_16_Out_fromLFR.log,Microfluidics-Benchmarks/Results/ilp_full_20260915_165225/artifacts/lfr__Distribute_Library__Mux_16_Out__Mux_16_Out_fromLFR
62,lfr,lfr__Distribute_Library__Mux_32_In__Mux_32_In_fromLFR,Distribute_Library/Mux_32_In/Mux_32_In_fromLFR.json,/home/student/Desktop/Neptune_2026/Microfluidics-Benchmarks/Results/LFR-TestCases/Distribute_Library/Mux_32_In/Mux_32_In_fromLFR.json,ilp,timeout,exceeded 3600s,3600.117,,,,,,,,,,,,,,,,Microfluidics-Benchmarks/Results/ilp_full_20260915_165225/logs/lfr__Distribute_Library__Mux_32_In__Mux_32_In_fromLFR.log,Microfluidics-Benchmarks/Results/ilp_full_20260915_165225/artifacts/lfr__Distribute_Library__Mux_32_In__Mux_32_In_fromLFR
63,lfr,lfr__Distribute_Library__Mux_32_Out__Mux_32_Out_fromLFR,Distribute_Library/Mux_32_Out/Mux_32_Out_fromLFR.json,/home/student/Desktop/Neptune_2026/Microfluidics-Benchmarks/Results/LFR-TestCases/Distribute_Library/Mux_32_Out/Mux_32_Out_fromLFR.json,ilp,timeout,exceeded 3600s,3600.121,,,,,,,,,,,,,,,,Microfluidics-Benchmarks/Results/ilp_full_20260915_165225/logs/lfr__Distribute_Library__Mux_32_Out__Mux_32_Out_fromLFR.log,Microfluidics-Benchmarks/Results/ilp_full_20260915_165225/artifacts/lfr__Distribute_Library__Mux_32_Out__Mux_32_Out_fromLFR
64,lfr,lfr__Distribute_Library__Mux_64_In__Mux_64_In_fromLFR,Distribute_Library/Mux_64_In/Mux_64_In_fromLFR.json,/home/student/Desktop/Neptune_2026/Microfluidics-Benchmarks/Results/LFR-TestCases/Distribute_Library/Mux_64_In/Mux_64_In_fromLFR.json,ilp,timeout,exceeded 3600s,3600.268,,,,,,,,,,,,,,,,Microfluidics-Benchmarks/Results/ilp_full_20260915_165225/logs/lfr__Distribute_Library__Mux_64_In__Mux_64_In_fromLFR.log,Microfluidics-Benchmarks/Results/ilp_full_20260915_165225/artifacts/lfr__Distribute_Library__Mux_64_In__Mux_64_In_fromLFR
65,lfr,lfr__Distribute_Library__Mux_64_Out__Mux_64_Out_fromLFR,Distribute_Library/Mux_64_Out/Mux_64_Out_fromLFR.json,/home/student/Desktop/Neptune_2026/Microfluidics-Benchmarks/Results/LFR-TestCases/Distribute_Library/Mux_64_Out/Mux_64_Out_fromLFR.json,ilp,timeout,exceeded 3600s,3600.319,,,,,,,,,,,,,,,,Microfluidics-Benchmarks/Results/ilp_full_20260915_165225/logs/lfr__Distribute_Library__Mux_64_Out__Mux_64_Out_fromLFR.log,Microfluidics-Benchmarks/Results/ilp_full_20260915_165225/artifacts/lfr__Distribute_Library__Mux_64_Out__Mux_64_Out_fromLFR
66,lfr,lfr__Distribute_Library__Single_Storage_Grid_01__Single_Storage_Grid_01_fromLFR,Distribute_Library/Single_Storage_Grid_01/Single_Storage_Grid_01_fromLFR.json,/home/student/Desktop/Neptune_2026/Microfluidics-Benchmarks/Results/LFR-TestCases/Distribute_Library/Single_Storage_Grid_01/Single_Storage_Grid_01_fromLFR.json,ilp,success,,1.321,1.010552,0,optimal,True,0.08852715091779828,True,0,False,True,,1000.0,10000000.0,180000000.0,/home/student/Desktop/Neptune_2026/Microfluidics-Benchmarks/Results/ilp_full_20260915_165225/artifacts/lfr__Distribute_Library__Single_Storage_Grid_01__Single_Storage_Grid_01_fromLFR/result.json,/home/student/Desktop/Neptune_2026/Microfluidics-Benchmarks/Results/ilp_full_20260915_165225/artifacts/lfr__Distribute_Library__Single_Storage_Grid_01__Single_Storage_Grid_01_fromLFR/metrics.json,Microfluidics-Benchmarks/Results/ilp_full_20260915_165225/logs/lfr__Distribute_Library__Single_Storage_Grid_01__Single_Storage_Grid_01_fromLFR.log,Microfluidics-Benchmarks/Results/ilp_full_20260915_165225/artifacts/lfr__Distribute_Library__Single_Storage_Grid_01__Single_Storage_Grid_01_fromLFR
67,lfr,lfr__Distribute_Library__Single_Storage_Grid_02__Single_Storage_Grid_02_fromLFR,Distribute_Library/Single_Storage_Grid_02/Single_Storage_Grid_02_fromLFR.json,/home/student/Desktop/Neptune_2026/Microfluidics-Benchmarks/Results/LFR-TestCases/Distribute_Library/Single_Storage_Grid_02/Single_Storage_Grid_02_fromLFR.json,ilp,success,,1.37,0.99591,0,optimal,True,0.07704163203015924,True,0,False,True,,1000.0,10000000.0,180000000.0,/home/student/Desktop/Neptune_2026/Microfluidics-Benchmarks/Results/ilp_full_20260915_165225/artifacts/lfr__Distribute_Library__Single_Storage_Grid_02__Single_Storage_Grid_02_fromLFR/result.json,/home/student/Desktop/Neptune_2026/Microfluidics-Benchmarks/Results/ilp_full_20260915_165225/artifacts/lfr__Distribute_Library__Single_Storage_Grid_02__Single_Storage_Grid_02_fromLFR/metrics.json,Microfluidics-Benchmarks/Results/ilp_full_20260915_165225/logs/lfr__Distribute_Library__Single_Storage_Grid_02__Single_Storage_Grid_02_fromLFR.log,Microfluidics-Benchmarks/Results/ilp_full_20260915_165225/artifacts/lfr__Distribute_Library__Single_Storage_Grid_02__Single_Storage_Grid_02_fromLFR
68,lfr,lfr__Distribute_Library__Single_Storage_Grid_04__Single_Storage_Grid_04_fromLFR,Distribute_Library/Single_Storage_Grid_04/Single_Storage_Grid_04_fromLFR.json,/home/student/Desktop/Neptune_2026/Microfluidics-Benchmarks/Results/LFR-TestCases/Distribute_Library/Single_Storage_Grid_04/Single_Storage_Grid_04_fromLFR.json,ilp,success,,1.32,0.996614,0,optimal,True,0.08989240904338658,True,0,False,True,,1000.0,10000000.0,180000000.0,/home/student/Desktop/Neptune_2026/Microfluidics-Benchmarks/Results/ilp_full_20260915_165225/artifacts/lfr__Distribute_Library__Single_Storage_Grid_04__Single_Storage_Grid_04_fromLFR/result.json,/home/student/Desktop/Neptune_2026/Microfluidics-Benchmarks/Results/ilp_full_20260915_165225/artifacts/lfr__Distribute_Library__Single_Storage_Grid_04__Single_Storage_Grid_04_fromLFR/metrics.json,Microfluidics-Benchmarks/Results/ilp_full_20260915_165225/logs/lfr__Distribute_Library__Single_Storage_Grid_04__Single_Storage_Grid_04_fromLFR.log,Microfluidics-Benchmarks/Results/ilp_full_20260915_165225/artifacts/lfr__Distribute_Library__Single_Storage_Grid_04__Single_Storage_Grid_04_fromLFR
69,lfr,lfr__Distribute_Library__Single_Storage_Grid_08__Single_Storage_Grid_08_fromLFR,Distribute_Library/Single_Storage_Grid_08/Single_Storage_Grid_08_fromLFR.json,/home/student/Desktop/Neptune_2026/Microfluidics-Benchmarks/Results/LFR-TestCases/Distribute_Library/Single_Storage_Grid_08/Single_Storage_Grid_08_fromLFR.json,ilp,success,,1.22,0.949595,0,optimal,True,0.0734453450422734,True,0,False,True,,1000.0,10000000.0,180000000.0,/home/student/Desktop/Neptune_2026/Microfluidics-Benchmarks/Results/ilp_full_20260915_165225/artifacts/lfr__Distribute_Library__Single_Storage_Grid_08__Single_Storage_Grid_08_fromLFR/result.json,/home/student/Desktop/Neptune_2026/Microfluidics-Benchmarks/Results/ilp_full_20260915_165225/artifacts/lfr__Distribute_Library__Single_Storage_Grid_08__Single_Storage_Grid_08_fromLFR/metrics.json,Microfluidics-Benchmarks/Results/ilp_full_20260915_165225/logs/lfr__Distribute_Library__Single_Storage_Grid_08__Single_Storage_Grid_08_fromLFR.log,Microfluidics-Benchmarks/Results/ilp_full_20260915_165225/artifacts/lfr__Distribute_Library__Single_Storage_Grid_08__Single_Storage_Grid_08_fromLFR
70,lfr,lfr__Distribute_Library__Single_Storage_Grid_16__Single_Storage_Grid_16_fromLFR,Distribute_Library/Single_Storage_Grid_16/Single_Storage_Grid_16_fromLFR.json,/home/student/Desktop/Neptune_2026/Microfluidics-Benchmarks/Results/LFR-TestCases/Distribute_Library/Single_Storage_Grid_16/Single_Storage_Grid_16_fromLFR.json,ilp,success,,1.219,0.956751,0,optimal,True,0.0763124090153724,True,0,False,True,,1000.0,10000000.0,180000000.0,/home/student/Desktop/Neptune_2026/Microfluidics-Benchmarks/Results/ilp_full_20260915_165225/artifacts/lfr__Distribute_Library__Single_Storage_Grid_16__Single_Storage_Grid_16_fromLFR/result.json,/home/student/Desktop/Neptune_2026/Microfluidics-Benchmarks/Results/ilp_full_20260915_165225/artifacts/lfr__Distribute_Library__Single_Storage_Grid_16__Single_Storage_Grid_16_fromLFR/metrics.json,Microfluidics-Benchmarks/Results/ilp_full_20260915_165225/logs/lfr__Distribute_Library__Single_Storage_Grid_16__Single_Storage_Grid_16_fromLFR.log,Microfluidics-Benchmarks/Results/ilp_full_20260915_165225/artifacts/lfr__Distribute_Library__Single_Storage_Grid_16__Single_Storage_Grid_16_fromLFR
71,lfr,lfr__Distribute_Library__Single_Storage_Grid_32__Single_Storage_Grid_32_fromLFR,Distribute_Library/Single_Storage_Grid_32/Single_Storage_Grid_32_fromLFR.json,/home/student/Desktop/Neptune_2026/Microfluidics-Benchmarks/Results/LFR-TestCases/Distribute_Library/Single_Storage_Grid_32/Single_Storage_Grid_32_fromLFR.json,ilp,success,,1.27,1.003329,0,optimal,True,0.08793592895381153,True,0,False,True,,1000.0,10000000.0,180000000.0,/home/student/Desktop/Neptune_2026/Microfluidics-Benchmarks/Results/ilp_full_20260915_165225/artifacts/lfr__Distribute_Library__Single_Storage_Grid_32__Single_Storage_Grid_32_fromLFR/result.json,/home/student/Desktop/Neptune_2026/Microfluidics-Benchmarks/Results/ilp_full_20260915_165225/artifacts/lfr__Distribute_Library__Single_Storage_Grid_32__Single_Storage_Grid_32_fromLFR/metrics.json,Microfluidics-Benchmarks/Results/ilp_full_20260915_165225/logs/lfr__Distribute_Library__Single_Storage_Grid_32__Single_Storage_Grid_32_fromLFR.log,Microfluidics-Benchmarks/Results/ilp_full_20260915_165225/artifacts/lfr__Distribute_Library__Single_Storage_Grid_32__Single_Storage_Grid_32_fromLFR
72,lfr,lfr__Distribute_Library__Single_Storage_Grid_64__Single_Storage_Grid_64_fromLFR,Distribute_Library/Single_Storage_Grid_64/Single_Storage_Grid_64_fromLFR.json,/home/student/Desktop/Neptune_2026/Microfluidics-Benchmarks/Results/LFR-TestCases/Distribute_Library/Single_Storage_Grid_64/Single_Storage_Grid_64_fromLFR.json,ilp,success,,1.219,0.949665,0,optimal,True,0.07785327197052538,True,0,False,True,,1000.0,10000000.0,180000000.0,/home/student/Desktop/Neptune_2026/Microfluidics-Benchmarks/Results/ilp_full_20260915_165225/artifacts/lfr__Distribute_Library__Single_Storage_Grid_64__Single_Storage_Grid_64_fromLFR/result.json,/home/student/Desktop/Neptune_2026/Microfluidics-Benchmarks/Results/ilp_full_20260915_165225/artifacts/lfr__Distribute_Library__Single_Storage_Grid_64__Single_Storage_Grid_64_fromLFR/metrics.json,Microfluidics-Benchmarks/Results/ilp_full_20260915_165225/logs/lfr__Distribute_Library__Single_Storage_Grid_64__Single_Storage_Grid_64_fromLFR.log,Microfluidics-Benchmarks/Results/ilp_full_20260915_165225/artifacts/lfr__Distribute_Library__Single_Storage_Grid_64__Single_Storage_Grid_64_fromLFR
73,lfr,lfr__Distribute_Library__Transposer_02__Transposer_02_fromLFR,Distribute_Library/Transposer_02/Transposer_02_fromLFR.json,/home/student/Desktop/Neptune_2026/Microfluidics-Benchmarks/Results/LFR-TestCases/Distribute_Library/Transposer_02/Transposer_02_fromLFR.json,ilp,success,,39.853,39.56007,0,optimal,True,34.83906747493893,True,0,True,True,,47400.0,212400000.0,609400000.0,/home/student/Desktop/Neptune_2026/Microfluidics-Benchmarks/Results/ilp_full_20260915_165225/artifacts/lfr__Distribute_Library__Transposer_02__Transposer_02_fromLFR/result_control.json,/home/student/Desktop/Neptune_2026/Microfluidics-Benchmarks/Results/ilp_full_20260915_165225/artifacts/lfr__Distribute_Library__Transposer_02__Transposer_02_fromLFR/metrics.json,Microfluidics-Benchmarks/Results/ilp_full_20260915_165225/logs/lfr__Distribute_Library__Transposer_02__Transposer_02_fromLFR.log,Microfluidics-Benchmarks/Results/ilp_full_20260915_165225/artifacts/lfr__Distribute_Library__Transposer_02__Transposer_02_fromLFR
74,lfr,lfr__Distribute_Library__Transposer_03__Transposer_03_fromLFR,Distribute_Library/Transposer_03/Transposer_03_fromLFR.json,/home/student/Desktop/Neptune_2026/Microfluidics-Benchmarks/Results/LFR-TestCases/Distribute_Library/Transposer_03/Transposer_03_fromLFR.json,ilp,timeout,exceeded 3600s,3600.035,,,,,,,,,,,,,,,,Microfluidics-Benchmarks/Results/ilp_full_20260915_165225/logs/lfr__Distribute_Library__Transposer_03__Transposer_03_fromLFR.log,Microfluidics-Benchmarks/Results/ilp_full_20260915_165225/artifacts/lfr__Distribute_Library__Transposer_03__Transposer_03_fromLFR
75,lfr,lfr__Distribute_Library__Transposer_04__Transposer_04_fromLFR,Distribute_Library/Transposer_04/Transposer_04_fromLFR.json,/home/student/Desktop/Neptune_2026/Microfluidics-Benchmarks/Results/LFR-TestCases/Distribute_Library/Transposer_04/Transposer_04_fromLFR.json,ilp,timeout,exceeded 3600s,3600.066,,,,,,,,,,,,,,,,Microfluidics-Benchmarks/Results/ilp_full_20260915_165225/logs/lfr__Distribute_Library__Transposer_04__Transposer_04_fromLFR.log,Microfluidics-Benchmarks/Results/ilp_full_20260915_165225/artifacts/lfr__Distribute_Library__Transposer_04__Transposer_04_fromLFR
76,lfr,lfr__Distribute_Library__Transposer_08__Transposer_08_fromLFR,Distribute_Library/Transposer_08/Transposer_08_fromLFR.json,/home/student/Desktop/Neptune_2026/Microfluidics-Benchmarks/Results/LFR-TestCases/Distribute_Library/Transposer_08/Transposer_08_fromLFR.json,ilp,success,,1.273,0.993158,0,optimal,True,0.09602067386731505,True,0,False,True,,1000.0,10000000.0,180000000.0,/home/student/Desktop/Neptune_2026/Microfluidics-Benchmarks/Results/ilp_full_20260915_165225/artifacts/lfr__Distribute_Library__Transposer_08__Transposer_08_fromLFR/result.json,/home/student/Desktop/Neptune_2026/Microfluidics-Benchmarks/Results/ilp_full_20260915_165225/artifacts/lfr__Distribute_Library__Transposer_08__Transposer_08_fromLFR/metrics.json,Microfluidics-Benchmarks/Results/ilp_full_20260915_165225/logs/lfr__Distribute_Library__Transposer_08__Transposer_08_fromLFR.log,Microfluidics-Benchmarks/Results/ilp_full_20260915_165225/artifacts/lfr__Distribute_Library__Transposer_08__Transposer_08_fromLFR
77,lfr,lfr__Distribute_Library__Transposer_16__Transposer_16_fromLFR,Distribute_Library/Transposer_16/Transposer_16_fromLFR.json,/home/student/Desktop/Neptune_2026/Microfluidics-Benchmarks/Results/LFR-TestCases/Distribute_Library/Transposer_16/Transposer_16_fromLFR.json,ilp,success,,1.27,0.99451,0,optimal,True,0.11863600602373481,True,0,False,True,,1000.0,10000000.0,180000000.0,/home/student/Desktop/Neptune_2026/Microfluidics-Benchmarks/Results/ilp_full_20260915_165225/artifacts/lfr__Distribute_Library__Transposer_16__Transposer_16_fromLFR/result.json,/home/student/Desktop/Neptune_2026/Microfluidics-Benchmarks/Results/ilp_full_20260915_165225/artifacts/lfr__Distribute_Library__Transposer_16__Transposer_16_fromLFR/metrics.json,Microfluidics-Benchmarks/Results/ilp_full_20260915_165225/logs/lfr__Distribute_Library__Transposer_16__Transposer_16_fromLFR.log,Microfluidics-Benchmarks/Results/ilp_full_20260915_165225/artifacts/lfr__Distribute_Library__Transposer_16__Transposer_16_fromLFR
78,lfr,lfr__Distribute_Library__Transposer_32__Transposer_32_fromLFR,Distribute_Library/Transposer_32/Transposer_32_fromLFR.json,/home/student/Desktop/Neptune_2026/Microfluidics-Benchmarks/Results/LFR-TestCases/Distribute_Library/Transposer_32/Transposer_32_fromLFR.json,ilp,success,,1.37,1.013852,0,optimal,True,0.09187985095195472,True,0,False,True,,1000.0,10000000.0,180000000.0,/home/student/Desktop/Neptune_2026/Microfluidics-Benchmarks/Results/ilp_full_20260915_165225/artifacts/lfr__Distribute_Library__Transposer_32__Transposer_32_fromLFR/result.json,/home/student/Desktop/Neptune_2026/Microfluidics-Benchmarks/Results/ilp_full_20260915_165225/artifacts/lfr__Distribute_Library__Transposer_32__Transposer_32_fromLFR/metrics.json,Microfluidics-Benchmarks/Results/ilp_full_20260915_165225/logs/lfr__Distribute_Library__Transposer_32__Transposer_32_fromLFR.log,Microfluidics-Benchmarks/Results/ilp_full_20260915_165225/artifacts/lfr__Distribute_Library__Transposer_32__Transposer_32_fromLFR
79,lfr,lfr__Distribute_Library__Transposer_64__Transposer_64_fromLFR,Distribute_Library/Transposer_64/Transposer_64_fromLFR.json,/home/student/Desktop/Neptune_2026/Microfluidics-Benchmarks/Results/LFR-TestCases/Distribute_Library/Transposer_64/Transposer_64_fromLFR.json,ilp,success,,1.272,0.986737,0,optimal,True,0.1108578338753432,True,0,False,True,,1000.0,10000000.0,180000000.0,/home/student/Desktop/Neptune_2026/Microfluidics-Benchmarks/Results/ilp_full_20260915_165225/artifacts/lfr__Distribute_Library__Transposer_64__Transposer_64_fromLFR/result.json,/home/student/Desktop/Neptune_2026/Microfluidics-Benchmarks/Results/ilp_full_20260915_165225/artifacts/lfr__Distribute_Library__Transposer_64__Transposer_64_fromLFR/metrics.json,Microfluidics-Benchmarks/Results/ilp_full_20260915_165225/logs/lfr__Distribute_Library__Transposer_64__Transposer_64_fromLFR.log,Microfluidics-Benchmarks/Results/ilp_full_20260915_165225/artifacts/lfr__Distribute_Library__Transposer_64__Transposer_64_fromLFR
80,lfr,lfr__Drop_Ref__Droplet_Generator_1__Droplet_Generator_1_fromLFR,Drop_Ref/Droplet_Generator_1/Droplet_Generator_1_fromLFR.json,/home/student/Desktop/Neptune_2026/Microfluidics-Benchmarks/Results/LFR-TestCases/Drop_Ref/Droplet_Generator_1/Droplet_Generator_1_fromLFR.json,ilp,fail,RuntimeError: DRC violations: channel_spacing: channels of connections 'channel_1' and 'channel_3' violate the 1000 edge-to-edge clearance; channel_spacing: channels of connections 'channel_1' and 'channel_4' violate the 1000 edge-to-edge clearance; channel_spacing: channels of connections 'channel_2' and 'channel_3' violate the 1000 edge-to-edge clearance; channel_spacing: channels of connections 'channel_2' and 'channel_4' violate the 1000 edge-to-edge clearance; channel_spacing: channels of connections 'channel_3' and 'channel_4' violate the 1000 edge-to-edge clearance,7.791,7.504542,1,optimal,True,6.637654266087338,False,5,False,True,,4600.0,81840000.0,371840000.0,/home/student/Desktop/Neptune_2026/Microfluidics-Benchmarks/Results/ilp_full_20260915_165225/artifacts/lfr__Drop_Ref__Droplet_Generator_1__Droplet_Generator_1_fromLFR/result.json,/home/student/Desktop/Neptune_2026/Microfluidics-Benchmarks/Results/ilp_full_20260915_165225/artifacts/lfr__Drop_Ref__Droplet_Generator_1__Droplet_Generator_1_fromLFR/metrics.json,Microfluidics-Benchmarks/Results/ilp_full_20260915_165225/logs/lfr__Drop_Ref__Droplet_Generator_1__Droplet_Generator_1_fromLFR.log,Microfluidics-Benchmarks/Results/ilp_full_20260915_165225/artifacts/lfr__Drop_Ref__Droplet_Generator_1__Droplet_Generator_1_fromLFR
81,lfr,lfr__Drop_Ref__Droplet_Generator_2__Droplet_Generator_2_fromLFR,Drop_Ref/Droplet_Generator_2/Droplet_Generator_2_fromLFR.json,/home/student/Desktop/Neptune_2026/Microfluidics-Benchmarks/Results/LFR-TestCases/Drop_Ref/Droplet_Generator_2/Droplet_Generator_2_fromLFR.json,ilp,timeout,exceeded 3600s,3600.066,,,,,,,,,,,,,,,,Microfluidics-Benchmarks/Results/ilp_full_20260915_165225/logs/lfr__Drop_Ref__Droplet_Generator_2__Droplet_Generator_2_fromLFR.log,Microfluidics-Benchmarks/Results/ilp_full_20260915_165225/artifacts/lfr__Drop_Ref__Droplet_Generator_2__Droplet_Generator_2_fromLFR
82,lfr,lfr__Drop_Ref__Droplet_Generator_3__Droplet_Generator_3_fromLFR,Drop_Ref/Droplet_Generator_3/Droplet_Generator_3_fromLFR.json,/home/student/Desktop/Neptune_2026/Microfluidics-Benchmarks/Results/LFR-TestCases/Drop_Ref/Droplet_Generator_3/Droplet_Generator_3_fromLFR.json,ilp,timeout,exceeded 3600s,3600.121,,,,,,,,,,,,,,,,Microfluidics-Benchmarks/Results/ilp_full_20260915_165225/logs/lfr__Drop_Ref__Droplet_Generator_3__Droplet_Generator_3_fromLFR.log,Microfluidics-Benchmarks/Results/ilp_full_20260915_165225/artifacts/lfr__Drop_Ref__Droplet_Generator_3__Droplet_Generator_3_fromLFR
83,lfr,lfr__Drop_Ref__Droplet_Generator_4__Droplet_Generator_4_fromLFR,Drop_Ref/Droplet_Generator_4/Droplet_Generator_4_fromLFR.json,/home/student/Desktop/Neptune_2026/Microfluidics-Benchmarks/Results/LFR-TestCases/Drop_Ref/Droplet_Generator_4/Droplet_Generator_4_fromLFR.json,ilp,timeout,exceeded 3600s,3600.118,,,,,,,,,,,,,,,,Microfluidics-Benchmarks/Results/ilp_full_20260915_165225/logs/lfr__Drop_Ref__Droplet_Generator_4__Droplet_Generator_4_fromLFR.log,Microfluidics-Benchmarks/Results/ilp_full_20260915_165225/artifacts/lfr__Drop_Ref__Droplet_Generator_4__Droplet_Generator_4_fromLFR
84,lfr,lfr__Drop_Ref__Dropx_Test_1__Dropx_Test_1_fromLFR,Drop_Ref/Dropx_Test_1/Dropx_Test_1_fromLFR.json,/home/student/Desktop/Neptune_2026/Microfluidics-Benchmarks/Results/LFR-TestCases/Drop_Ref/Dropx_Test_1/Dropx_Test_1_fromLFR.json,ilp,fail,RuntimeError: DRC violations: channel_spacing: channels of connections 'channel_1' and 'channel_3' violate the 1000 edge-to-edge clearance; channel_spacing: channels of connections 'channel_1' and 'channel_4' violate the 1000 edge-to-edge clearance; channel_spacing: channels of connections 'channel_2' and 'channel_3' violate the 1000 edge-to-edge clearance; channel_spacing: channels of connections 'channel_2' and 'channel_4' violate the 1000 edge-to-edge clearance; channel_spacing: channels of connections 'channel_3' and 'channel_4' violate the 1000 edge-to-edge clearance,7.754,7.467606,1,optimal,True,6.579377886140719,False,5,False,True,,4600.0,81840000.0,371840000.0,/home/student/Desktop/Neptune_2026/Microfluidics-Benchmarks/Results/ilp_full_20260915_165225/artifacts/lfr__Drop_Ref__Dropx_Test_1__Dropx_Test_1_fromLFR/result.json,/home/student/Desktop/Neptune_2026/Microfluidics-Benchmarks/Results/ilp_full_20260915_165225/artifacts/lfr__Drop_Ref__Dropx_Test_1__Dropx_Test_1_fromLFR/metrics.json,Microfluidics-Benchmarks/Results/ilp_full_20260915_165225/logs/lfr__Drop_Ref__Dropx_Test_1__Dropx_Test_1_fromLFR.log,Microfluidics-Benchmarks/Results/ilp_full_20260915_165225/artifacts/lfr__Drop_Ref__Dropx_Test_1__Dropx_Test_1_fromLFR
85,lfr,lfr__Drop_Ref__Dropx_Test_2__Dropx_Test_2_fromLFR,Drop_Ref/Dropx_Test_2/Dropx_Test_2_fromLFR.json,/home/student/Desktop/Neptune_2026/Microfluidics-Benchmarks/Results/LFR-TestCases/Drop_Ref/Dropx_Test_2/Dropx_Test_2_fromLFR.json,ilp,timeout,exceeded 3600s,3600.076,,,,,,,,,,,,,,,,Microfluidics-Benchmarks/Results/ilp_full_20260915_165225/logs/lfr__Drop_Ref__Dropx_Test_2__Dropx_Test_2_fromLFR.log,Microfluidics-Benchmarks/Results/ilp_full_20260915_165225/artifacts/lfr__Drop_Ref__Dropx_Test_2__Dropx_Test_2_fromLFR
86,lfr,lfr__Drop_Ref__Dropx_Test_3__Dropx_Test_3_fromLFR,Drop_Ref/Dropx_Test_3/Dropx_Test_3_fromLFR.json,/home/student/Desktop/Neptune_2026/Microfluidics-Benchmarks/Results/LFR-TestCases/Drop_Ref/Dropx_Test_3/Dropx_Test_3_fromLFR.json,ilp,timeout,exceeded 3600s,3600.067,,,,,,,,,,,,,,,,Microfluidics-Benchmarks/Results/ilp_full_20260915_165225/logs/lfr__Drop_Ref__Dropx_Test_3__Dropx_Test_3_fromLFR.log,Microfluidics-Benchmarks/Results/ilp_full_20260915_165225/artifacts/lfr__Drop_Ref__Dropx_Test_3__Dropx_Test_3_fromLFR
87,lfr,lfr__Drop_Ref__Dropx_Test_4__Dropx_Test_4_fromLFR,Drop_Ref/Dropx_Test_4/Dropx_Test_4_fromLFR.json,/home/student/Desktop/Neptune_2026/Microfluidics-Benchmarks/Results/LFR-TestCases/Drop_Ref/Dropx_Test_4/Dropx_Test_4_fromLFR.json,ilp,success,,1361.734,1361.402214,0,optimal,True,1360.5011189989746,True,0,False,True,,32200.0,400930800.0,907330800.0,/home/student/Desktop/Neptune_2026/Microfluidics-Benchmarks/Results/ilp_full_20260915_165225/artifacts/lfr__Drop_Ref__Dropx_Test_4__Dropx_Test_4_fromLFR/result.json,/home/student/Desktop/Neptune_2026/Microfluidics-Benchmarks/Results/ilp_full_20260915_165225/artifacts/lfr__Drop_Ref__Dropx_Test_4__Dropx_Test_4_fromLFR/metrics.json,Microfluidics-Benchmarks/Results/ilp_full_20260915_165225/logs/lfr__Drop_Ref__Dropx_Test_4__Dropx_Test_4_fromLFR.log,Microfluidics-Benchmarks/Results/ilp_full_20260915_165225/artifacts/lfr__Drop_Ref__Dropx_Test_4__Dropx_Test_4_fromLFR
88,lfr,lfr__Drop_Ref__Dx_1__Dx_1_fromLFR,Drop_Ref/Dx_1/Dx_1_fromLFR.json,/home/student/Desktop/Neptune_2026/Microfluidics-Benchmarks/Results/LFR-TestCases/Drop_Ref/Dx_1/Dx_1_fromLFR.json,ilp,timeout,exceeded 3600s,3600.038,,,,,,,,,,,,,,,,Microfluidics-Benchmarks/Results/ilp_full_20260915_165225/logs/lfr__Drop_Ref__Dx_1__Dx_1_fromLFR.log,Microfluidics-Benchmarks/Results/ilp_full_20260915_165225/artifacts/lfr__Drop_Ref__Dx_1__Dx_1_fromLFR
89,lfr,lfr__Drop_Ref__Dx_10__Dx_10_fromLFR,Drop_Ref/Dx_10/Dx_10_fromLFR.json,/home/student/Desktop/Neptune_2026/Microfluidics-Benchmarks/Results/LFR-TestCases/Drop_Ref/Dx_10/Dx_10_fromLFR.json,ilp,timeout,exceeded 3600s,3600.034,,,,,,,,,,,,,,,,Microfluidics-Benchmarks/Results/ilp_full_20260915_165225/logs/lfr__Drop_Ref__Dx_10__Dx_10_fromLFR.log,Microfluidics-Benchmarks/Results/ilp_full_20260915_165225/artifacts/lfr__Drop_Ref__Dx_10__Dx_10_fromLFR
90,lfr,lfr__Drop_Ref__Dx_11__Dx_11_fromLFR,Drop_Ref/Dx_11/Dx_11_fromLFR.json,/home/student/Desktop/Neptune_2026/Microfluidics-Benchmarks/Results/LFR-TestCases/Drop_Ref/Dx_11/Dx_11_fromLFR.json,ilp,timeout,exceeded 3600s,3600.067,,,,,,,,,,,,,,,,Microfluidics-Benchmarks/Results/ilp_full_20260915_165225/logs/lfr__Drop_Ref__Dx_11__Dx_11_fromLFR.log,Microfluidics-Benchmarks/Results/ilp_full_20260915_165225/artifacts/lfr__Drop_Ref__Dx_11__Dx_11_fromLFR
91,lfr,lfr__Drop_Ref__Dx_12__Dx_12_fromLFR,Drop_Ref/Dx_12/Dx_12_fromLFR.json,/home/student/Desktop/Neptune_2026/Microfluidics-Benchmarks/Results/LFR-TestCases/Drop_Ref/Dx_12/Dx_12_fromLFR.json,ilp,timeout,exceeded 3600s,3600.071,,,,,,,,,,,,,,,,Microfluidics-Benchmarks/Results/ilp_full_20260915_165225/logs/lfr__Drop_Ref__Dx_12__Dx_12_fromLFR.log,Microfluidics-Benchmarks/Results/ilp_full_20260915_165225/artifacts/lfr__Drop_Ref__Dx_12__Dx_12_fromLFR
92,lfr,lfr__Drop_Ref__Dx_13__Dx_13_fromLFR,Drop_Ref/Dx_13/Dx_13_fromLFR.json,/home/student/Desktop/Neptune_2026/Microfluidics-Benchmarks/Results/LFR-TestCases/Drop_Ref/Dx_13/Dx_13_fromLFR.json,ilp,timeout,exceeded 3600s,3600.071,,,,,,,,,,,,,,,,Microfluidics-Benchmarks/Results/ilp_full_20260915_165225/logs/lfr__Drop_Ref__Dx_13__Dx_13_fromLFR.log,Microfluidics-Benchmarks/Results/ilp_full_20260915_165225/artifacts/lfr__Drop_Ref__Dx_13__Dx_13_fromLFR
93,lfr,lfr__Drop_Ref__Dx_14__Dx_14_fromLFR,Drop_Ref/Dx_14/Dx_14_fromLFR.json,/home/student/Desktop/Neptune_2026/Microfluidics-Benchmarks/Results/LFR-TestCases/Drop_Ref/Dx_14/Dx_14_fromLFR.json,ilp,timeout,exceeded 3600s,3600.039,,,,,,,,,,,,,,,,Microfluidics-Benchmarks/Results/ilp_full_20260915_165225/logs/lfr__Drop_Ref__Dx_14__Dx_14_fromLFR.log,Microfluidics-Benchmarks/Results/ilp_full_20260915_165225/artifacts/lfr__Drop_Ref__Dx_14__Dx_14_fromLFR
94,lfr,lfr__Drop_Ref__Dx_15__Dx_15_fromLFR,Drop_Ref/Dx_15/Dx_15_fromLFR.json,/home/student/Desktop/Neptune_2026/Microfluidics-Benchmarks/Results/LFR-TestCases/Drop_Ref/Dx_15/Dx_15_fromLFR.json,ilp,timeout,exceeded 3600s,3600.035,,,,,,,,,,,,,,,,Microfluidics-Benchmarks/Results/ilp_full_20260915_165225/logs/lfr__Drop_Ref__Dx_15__Dx_15_fromLFR.log,Microfluidics-Benchmarks/Results/ilp_full_20260915_165225/artifacts/lfr__Drop_Ref__Dx_15__Dx_15_fromLFR
95,lfr,lfr__Drop_Ref__Dx_2__Dx_2_fromLFR,Drop_Ref/Dx_2/Dx_2_fromLFR.json,/home/student/Desktop/Neptune_2026/Microfluidics-Benchmarks/Results/LFR-TestCases/Drop_Ref/Dx_2/Dx_2_fromLFR.json,ilp,timeout,exceeded 3600s,3600.071,,,,,,,,,,,,,,,,Microfluidics-Benchmarks/Results/ilp_full_20260915_165225/logs/lfr__Drop_Ref__Dx_2__Dx_2_fromLFR.log,Microfluidics-Benchmarks/Results/ilp_full_20260915_165225/artifacts/lfr__Drop_Ref__Dx_2__Dx_2_fromLFR
96,lfr,lfr__Drop_Ref__Dx_3__Dx_3_fromLFR,Drop_Ref/Dx_3/Dx_3_fromLFR.json,/home/student/Desktop/Neptune_2026/Microfluidics-Benchmarks/Results/LFR-TestCases/Drop_Ref/Dx_3/Dx_3_fromLFR.json,ilp,timeout,exceeded 3600s,3600.067,,,,,,,,,,,,,,,,Microfluidics-Benchmarks/Results/ilp_full_20260915_165225/logs/lfr__Drop_Ref__Dx_3__Dx_3_fromLFR.log,Microfluidics-Benchmarks/Results/ilp_full_20260915_165225/artifacts/lfr__Drop_Ref__Dx_3__Dx_3_fromLFR
97,lfr,lfr__Drop_Ref__Dx_4__Dx_4_fromLFR,Drop_Ref/Dx_4/Dx_4_fromLFR.json,/home/student/Desktop/Neptune_2026/Microfluidics-Benchmarks/Results/LFR-TestCases/Drop_Ref/Dx_4/Dx_4_fromLFR.json,ilp,timeout,exceeded 3600s,3600.117,,,,,,,,,,,,,,,,Microfluidics-Benchmarks/Results/ilp_full_20260915_165225/logs/lfr__Drop_Ref__Dx_4__Dx_4_fromLFR.log,Microfluidics-Benchmarks/Results/ilp_full_20260915_165225/artifacts/lfr__Drop_Ref__Dx_4__Dx_4_fromLFR
98,lfr,lfr__Drop_Ref__Dx_5__Dx_5_fromLFR,Drop_Ref/Dx_5/Dx_5_fromLFR.json,/home/student/Desktop/Neptune_2026/Microfluidics-Benchmarks/Results/LFR-TestCases/Drop_Ref/Dx_5/Dx_5_fromLFR.json,ilp,timeout,exceeded 3600s,3600.067,,,,,,,,,,,,,,,,Microfluidics-Benchmarks/Results/ilp_full_20260915_165225/logs/lfr__Drop_Ref__Dx_5__Dx_5_fromLFR.log,Microfluidics-Benchmarks/Results/ilp_full_20260915_165225/artifacts/lfr__Drop_Ref__Dx_5__Dx_5_fromLFR
99,lfr,lfr__Drop_Ref__Dx_6__Dx_6_fromLFR,Drop_Ref/Dx_6/Dx_6_fromLFR.json,/home/student/Desktop/Neptune_2026/Microfluidics-Benchmarks/Results/LFR-TestCases/Drop_Ref/Dx_6/Dx_6_fromLFR.json,ilp,timeout,exceeded 3600s,3600.035,,,,,,,,,,,,,,,,Microfluidics-Benchmarks/Results/ilp_full_20260915_165225/logs/lfr__Drop_Ref__Dx_6__Dx_6_fromLFR.log,Microfluidics-Benchmarks/Results/ilp_full_20260915_165225/artifacts/lfr__Drop_Ref__Dx_6__Dx_6_fromLFR
100,lfr,lfr__Drop_Ref__Dx_7__Dx_7_fromLFR,Drop_Ref/Dx_7/Dx_7_fromLFR.json,/home/student/Desktop/Neptune_2026/Microfluidics-Benchmarks/Results/LFR-TestCases/Drop_Ref/Dx_7/Dx_7_fromLFR.json,ilp,timeout,exceeded 3600s,3600.072,,,,,,,,,,,,,,,,Microfluidics-Benchmarks/Results/ilp_full_20260915_165225/logs/lfr__Drop_Ref__Dx_7__Dx_7_fromLFR.log,Microfluidics-Benchmarks/Results/ilp_full_20260915_165225/artifacts/lfr__Drop_Ref__Dx_7__Dx_7_fromLFR
101,lfr,lfr__Drop_Ref__Dx_8__Dx_8_fromLFR,Drop_Ref/Dx_8/Dx_8_fromLFR.json,/home/student/Desktop/Neptune_2026/Microfluidics-Benchmarks/Results/LFR-TestCases/Drop_Ref/Dx_8/Dx_8_fromLFR.json,ilp,timeout,exceeded 3600s,3600.168,,,,,,,,,,,,,,,,Microfluidics-Benchmarks/Results/ilp_full_20260915_165225/logs/lfr__Drop_Ref__Dx_8__Dx_8_fromLFR.log,Microfluidics-Benchmarks/Results/ilp_full_20260915_165225/artifacts/lfr__Drop_Ref__Dx_8__Dx_8_fromLFR
102,lfr,lfr__Drop_Ref__Dx_9__Dx_9_fromLFR,Drop_Ref/Dx_9/Dx_9_fromLFR.json,/home/student/Desktop/Neptune_2026/Microfluidics-Benchmarks/Results/LFR-TestCases/Drop_Ref/Dx_9/Dx_9_fromLFR.json,ilp,timeout,exceeded 3600s,3600.117,,,,,,,,,,,,,,,,Microfluidics-Benchmarks/Results/ilp_full_20260915_165225/logs/lfr__Drop_Ref__Dx_9__Dx_9_fromLFR.log,Microfluidics-Benchmarks/Results/ilp_full_20260915_165225/artifacts/lfr__Drop_Ref__Dx_9__Dx_9_fromLFR
103,lfr,lfr__Expressions__Expression_1__Expression_1_fromLFR,Expressions/Expression_1/Expression_1_fromLFR.json,/home/student/Desktop/Neptune_2026/Microfluidics-Benchmarks/Results/LFR-TestCases/Expressions/Expression_1/Expression_1_fromLFR.json,ilp,timeout,exceeded 3600s,3600.067,,,,,,,,,,,,,,,,Microfluidics-Benchmarks/Results/ilp_full_20260915_165225/logs/lfr__Expressions__Expression_1__Expression_1_fromLFR.log,Microfluidics-Benchmarks/Results/ilp_full_20260915_165225/artifacts/lfr__Expressions__Expression_1__Expression_1_fromLFR
104,lfr,lfr__Expressions__Expression_10__Expression_10_fromLFR,Expressions/Expression_10/Expression_10_fromLFR.json,/home/student/Desktop/Neptune_2026/Microfluidics-Benchmarks/Results/LFR-TestCases/Expressions/Expression_10/Expression_10_fromLFR.json,ilp,timeout,exceeded 3600s,3600.046,,,,,,,,,,,,,,,,Microfluidics-Benchmarks/Results/ilp_full_20260915_165225/logs/lfr__Expressions__Expression_10__Expression_10_fromLFR.log,Microfluidics-Benchmarks/Results/ilp_full_20260915_165225/artifacts/lfr__Expressions__Expression_10__Expression_10_fromLFR
105,lfr,lfr__Expressions__Expression_11__Expression_11_fromLFR,Expressions/Expression_11/Expression_11_fromLFR.json,/home/student/Desktop/Neptune_2026/Microfluidics-Benchmarks/Results/LFR-TestCases/Expressions/Expression_11/Expression_11_fromLFR.json,ilp,success,,4.985,4.700474,0,optimal,True,3.8131590329576284,True,0,False,True,,9000.0,64685800.0,343585800.0,/home/student/Desktop/Neptune_2026/Microfluidics-Benchmarks/Results/ilp_full_20260915_165225/artifacts/lfr__Expressions__Expression_11__Expression_11_fromLFR/result.json,/home/student/Desktop/Neptune_2026/Microfluidics-Benchmarks/Results/ilp_full_20260915_165225/artifacts/lfr__Expressions__Expression_11__Expression_11_fromLFR/metrics.json,Microfluidics-Benchmarks/Results/ilp_full_20260915_165225/logs/lfr__Expressions__Expression_11__Expression_11_fromLFR.log,Microfluidics-Benchmarks/Results/ilp_full_20260915_165225/artifacts/lfr__Expressions__Expression_11__Expression_11_fromLFR
106,lfr,lfr__Expressions__Expression_12__Expression_12_fromLFR,Expressions/Expression_12/Expression_12_fromLFR.json,/home/student/Desktop/Neptune_2026/Microfluidics-Benchmarks/Results/LFR-TestCases/Expressions/Expression_12/Expression_12_fromLFR.json,ilp,timeout,exceeded 3600s,3600.117,,,,,,,,,,,,,,,,Microfluidics-Benchmarks/Results/ilp_full_20260915_165225/logs/lfr__Expressions__Expression_12__Expression_12_fromLFR.log,Microfluidics-Benchmarks/Results/ilp_full_20260915_165225/artifacts/lfr__Expressions__Expression_12__Expression_12_fromLFR
107,lfr,lfr__Expressions__Expression_13__Expression_13_fromLFR,Expressions/Expression_13/Expression_13_fromLFR.json,/home/student/Desktop/Neptune_2026/Microfluidics-Benchmarks/Results/LFR-TestCases/Expressions/Expression_13/Expression_13_fromLFR.json,ilp,success,,4.833,4.57671,0,optimal,True,3.7022617659531534,True,0,False,True,,9000.0,120000000.0,440000000.0,/home/student/Desktop/Neptune_2026/Microfluidics-Benchmarks/Results/ilp_full_20260915_165225/artifacts/lfr__Expressions__Expression_13__Expression_13_fromLFR/result.json,/home/student/Desktop/Neptune_2026/Microfluidics-Benchmarks/Results/ilp_full_20260915_165225/artifacts/lfr__Expressions__Expression_13__Expression_13_fromLFR/metrics.json,Microfluidics-Benchmarks/Results/ilp_full_20260915_165225/logs/lfr__Expressions__Expression_13__Expression_13_fromLFR.log,Microfluidics-Benchmarks/Results/ilp_full_20260915_165225/artifacts/lfr__Expressions__Expression_13__Expression_13_fromLFR
108,lfr,lfr__Expressions__Expression_14__Expression_14_fromLFR,Expressions/Expression_14/Expression_14_fromLFR.json,/home/student/Desktop/Neptune_2026/Microfluidics-Benchmarks/Results/LFR-TestCases/Expressions/Expression_14/Expression_14_fromLFR.json,ilp,timeout,exceeded 3600s,3600.117,,,,,,,,,,,,,,,,Microfluidics-Benchmarks/Results/ilp_full_20260915_165225/logs/lfr__Expressions__Expression_14__Expression_14_fromLFR.log,Microfluidics-Benchmarks/Results/ilp_full_20260915_165225/artifacts/lfr__Expressions__Expression_14__Expression_14_fromLFR
109,lfr,lfr__Expressions__Expression_15__Expression_15_fromLFR,Expressions/Expression_15/Expression_15_fromLFR.json,/home/student/Desktop/Neptune_2026/Microfluidics-Benchmarks/Results/LFR-TestCases/Expressions/Expression_15/Expression_15_fromLFR.json,ilp,timeout,exceeded 3600s,3600.072,,,,,,,,,,,,,,,,Microfluidics-Benchmarks/Results/ilp_full_20260915_165225/logs/lfr__Expressions__Expression_15__Expression_15_fromLFR.log,Microfluidics-Benchmarks/Results/ilp_full_20260915_165225/artifacts/lfr__Expressions__Expression_15__Expression_15_fromLFR
110,lfr,lfr__Expressions__Expression_2__Expression_2_fromLFR,Expressions/Expression_2/Expression_2_fromLFR.json,/home/student/Desktop/Neptune_2026/Microfluidics-Benchmarks/Results/LFR-TestCases/Expressions/Expression_2/Expression_2_fromLFR.json,ilp,timeout,exceeded 3600s,3600.072,,,,,,,,,,,,,,,,Microfluidics-Benchmarks/Results/ilp_full_20260915_165225/logs/lfr__Expressions__Expression_2__Expression_2_fromLFR.log,Microfluidics-Benchmarks/Results/ilp_full_20260915_165225/artifacts/lfr__Expressions__Expression_2__Expression_2_fromLFR
111,lfr,lfr__Expressions__Expression_3__Expression_3_fromLFR,Expressions/Expression_3/Expression_3_fromLFR.json,/home/student/Desktop/Neptune_2026/Microfluidics-Benchmarks/Results/LFR-TestCases/Expressions/Expression_3/Expression_3_fromLFR.json,ilp,success,,654.791,654.570639,0,optimal,True,653.7157740241382,True,0,False,True,,20030.0,540215400.0,1107715400.0,/home/student/Desktop/Neptune_2026/Microfluidics-Benchmarks/Results/ilp_full_20260915_165225/artifacts/lfr__Expressions__Expression_3__Expression_3_fromLFR/result.json,/home/student/Desktop/Neptune_2026/Microfluidics-Benchmarks/Results/ilp_full_20260915_165225/artifacts/lfr__Expressions__Expression_3__Expression_3_fromLFR/metrics.json,Microfluidics-Benchmarks/Results/ilp_full_20260915_165225/logs/lfr__Expressions__Expression_3__Expression_3_fromLFR.log,Microfluidics-Benchmarks/Results/ilp_full_20260915_165225/artifacts/lfr__Expressions__Expression_3__Expression_3_fromLFR
112,lfr,lfr__Expressions__Expression_4__Expression_4_fromLFR,Expressions/Expression_4/Expression_4_fromLFR.json,/home/student/Desktop/Neptune_2026/Microfluidics-Benchmarks/Results/LFR-TestCases/Expressions/Expression_4/Expression_4_fromLFR.json,ilp,timeout,exceeded 3600s,3600.066,,,,,,,,,,,,,,,,Microfluidics-Benchmarks/Results/ilp_full_20260915_165225/logs/lfr__Expressions__Expression_4__Expression_4_fromLFR.log,Microfluidics-Benchmarks/Results/ilp_full_20260915_165225/artifacts/lfr__Expressions__Expression_4__Expression_4_fromLFR
113,lfr,lfr__Expressions__Expression_5__Expression_5_fromLFR,Expressions/Expression_5/Expression_5_fromLFR.json,/home/student/Desktop/Neptune_2026/Microfluidics-Benchmarks/Results/LFR-TestCases/Expressions/Expression_5/Expression_5_fromLFR.json,ilp,timeout,exceeded 3600s,3600.068,,,,,,,,,,,,,,,,Microfluidics-Benchmarks/Results/ilp_full_20260915_165225/logs/lfr__Expressions__Expression_5__Expression_5_fromLFR.log,Microfluidics-Benchmarks/Results/ilp_full_20260915_165225/artifacts/lfr__Expressions__Expression_5__Expression_5_fromLFR
114,lfr,lfr__Expressions__Expression_6__Expression_6_fromLFR,Expressions/Expression_6/Expression_6_fromLFR.json,/home/student/Desktop/Neptune_2026/Microfluidics-Benchmarks/Results/LFR-TestCases/Expressions/Expression_6/Expression_6_fromLFR.json,ilp,timeout,exceeded 3600s,3600.067,,,,,,,,,,,,,,,,Microfluidics-Benchmarks/Results/ilp_full_20260915_165225/logs/lfr__Expressions__Expression_6__Expression_6_fromLFR.log,Microfluidics-Benchmarks/Results/ilp_full_20260915_165225/artifacts/lfr__Expressions__Expression_6__Expression_6_fromLFR
115,lfr,lfr__Expressions__Expression_7__Expression_7_fromLFR,Expressions/Expression_7/Expression_7_fromLFR.json,/home/student/Desktop/Neptune_2026/Microfluidics-Benchmarks/Results/LFR-TestCases/Expressions/Expression_7/Expression_7_fromLFR.json,ilp,timeout,exceeded 3600s,3600.117,,,,,,,,,,,,,,,,Microfluidics-Benchmarks/Results/ilp_full_20260915_165225/logs/lfr__Expressions__Expression_7__Expression_7_fromLFR.log,Microfluidics-Benchmarks/Results/ilp_full_20260915_165225/artifacts/lfr__Expressions__Expression_7__Expression_7_fromLFR
116,lfr,lfr__Expressions__Expression_8__Expression_8_fromLFR,Expressions/Expression_8/Expression_8_fromLFR.json,/home/student/Desktop/Neptune_2026/Microfluidics-Benchmarks/Results/LFR-TestCases/Expressions/Expression_8/Expression_8_fromLFR.json,ilp,timeout,exceeded 3600s,3600.067,,,,,,,,,,,,,,,,Microfluidics-Benchmarks/Results/ilp_full_20260915_165225/logs/lfr__Expressions__Expression_8__Expression_8_fromLFR.log,Microfluidics-Benchmarks/Results/ilp_full_20260915_165225/artifacts/lfr__Expressions__Expression_8__Expression_8_fromLFR
117,lfr,lfr__Expressions__Expression_9__Expression_9_fromLFR,Expressions/Expression_9/Expression_9_fromLFR.json,/home/student/Desktop/Neptune_2026/Microfluidics-Benchmarks/Results/LFR-TestCases/Expressions/Expression_9/Expression_9_fromLFR.json,ilp,timeout,exceeded 3600s,3600.067,,,,,,,,,,,,,,,,Microfluidics-Benchmarks/Results/ilp_full_20260915_165225/logs/lfr__Expressions__Expression_9__Expression_9_fromLFR.log,Microfluidics-Benchmarks/Results/ilp_full_20260915_165225/artifacts/lfr__Expressions__Expression_9__Expression_9_fromLFR
118,lfr,lfr__Ghissues__Issue_10__Issue_10_fromLFR,Ghissues/Issue_10/Issue_10_fromLFR.json,/home/student/Desktop/Neptune_2026/Microfluidics-Benchmarks/Results/LFR-TestCases/Ghissues/Issue_10/Issue_10_fromLFR.json,ilp,timeout,exceeded 3600s,3600.068,,,,,,,,,,,,,,,,Microfluidics-Benchmarks/Results/ilp_full_20260915_165225/logs/lfr__Ghissues__Issue_10__Issue_10_fromLFR.log,Microfluidics-Benchmarks/Results/ilp_full_20260915_165225/artifacts/lfr__Ghissues__Issue_10__Issue_10_fromLFR
119,lfr,lfr__Ghissues__Issue_15__Issue_15_fromLFR,Ghissues/Issue_15/Issue_15_fromLFR.json,/home/student/Desktop/Neptune_2026/Microfluidics-Benchmarks/Results/LFR-TestCases/Ghissues/Issue_15/Issue_15_fromLFR.json,ilp,timeout,exceeded 3600s,3600.067,,,,,,,,,,,,,,,,Microfluidics-Benchmarks/Results/ilp_full_20260915_165225/logs/lfr__Ghissues__Issue_15__Issue_15_fromLFR.log,Microfluidics-Benchmarks/Results/ilp_full_20260915_165225/artifacts/lfr__Ghissues__Issue_15__Issue_15_fromLFR
120,lfr,lfr__Ghissues__Issue_2__Issue_2_fromLFR,Ghissues/Issue_2/Issue_2_fromLFR.json,/home/student/Desktop/Neptune_2026/Microfluidics-Benchmarks/Results/LFR-TestCases/Ghissues/Issue_2/Issue_2_fromLFR.json,ilp,success,,1.219,0.961524,0,optimal,True,0.07484426093287766,True,0,False,True,,1000.0,10000000.0,180000000.0,/home/student/Desktop/Neptune_2026/Microfluidics-Benchmarks/Results/ilp_full_20260915_165225/artifacts/lfr__Ghissues__Issue_2__Issue_2_fromLFR/result.json,/home/student/Desktop/Neptune_2026/Microfluidics-Benchmarks/Results/ilp_full_20260915_165225/artifacts/lfr__Ghissues__Issue_2__Issue_2_fromLFR/metrics.json,Microfluidics-Benchmarks/Results/ilp_full_20260915_165225/logs/lfr__Ghissues__Issue_2__Issue_2_fromLFR.log,Microfluidics-Benchmarks/Results/ilp_full_20260915_165225/artifacts/lfr__Ghissues__Issue_2__Issue_2_fromLFR
121,lfr,lfr__Ghissues__Issue_3__Issue_3_fromLFR,Ghissues/Issue_3/Issue_3_fromLFR.json,/home/student/Desktop/Neptune_2026/Microfluidics-Benchmarks/Results/LFR-TestCases/Ghissues/Issue_3/Issue_3_fromLFR.json,ilp,timeout,exceeded 3600s,3600.118,,,,,,,,,,,,,,,,Microfluidics-Benchmarks/Results/ilp_full_20260915_165225/logs/lfr__Ghissues__Issue_3__Issue_3_fromLFR.log,Microfluidics-Benchmarks/Results/ilp_full_20260915_165225/artifacts/lfr__Ghissues__Issue_3__Issue_3_fromLFR
122,lfr,lfr__Ghissues__Issue_6__Issue_6_fromLFR,Ghissues/Issue_6/Issue_6_fromLFR.json,/home/student/Desktop/Neptune_2026/Microfluidics-Benchmarks/Results/LFR-TestCases/Ghissues/Issue_6/Issue_6_fromLFR.json,ilp,timeout,exceeded 3600s,3600.118,,,,,,,,,,,,,,,,Microfluidics-Benchmarks/Results/ilp_full_20260915_165225/logs/lfr__Ghissues__Issue_6__Issue_6_fromLFR.log,Microfluidics-Benchmarks/Results/ilp_full_20260915_165225/artifacts/lfr__Ghissues__Issue_6__Issue_6_fromLFR
123,lfr,lfr__Ghissues__Issue_7__Issue_7_fromLFR,Ghissues/Issue_7/Issue_7_fromLFR.json,/home/student/Desktop/Neptune_2026/Microfluidics-Benchmarks/Results/LFR-TestCases/Ghissues/Issue_7/Issue_7_fromLFR.json,ilp,timeout,exceeded 3600s,3600.117,,,,,,,,,,,,,,,,Microfluidics-Benchmarks/Results/ilp_full_20260915_165225/logs/lfr__Ghissues__Issue_7__Issue_7_fromLFR.log,Microfluidics-Benchmarks/Results/ilp_full_20260915_165225/artifacts/lfr__Ghissues__Issue_7__Issue_7_fromLFR
124,lfr,lfr__Ghissues__Issue_8__Issue_8_fromLFR,Ghissues/Issue_8/Issue_8_fromLFR.json,/home/student/Desktop/Neptune_2026/Microfluidics-Benchmarks/Results/LFR-TestCases/Ghissues/Issue_8/Issue_8_fromLFR.json,ilp,timeout,exceeded 3600s,3600.168,,,,,,,,,,,,,,,,Microfluidics-Benchmarks/Results/ilp_full_20260915_165225/logs/lfr__Ghissues__Issue_8__Issue_8_fromLFR.log,Microfluidics-Benchmarks/Results/ilp_full_20260915_165225/artifacts/lfr__Ghissues__Issue_8__Issue_8_fromLFR
125,lfr,lfr__Ghissues__Issue_9__Issue_9_fromLFR,Ghissues/Issue_9/Issue_9_fromLFR.json,/home/student/Desktop/Neptune_2026/Microfluidics-Benchmarks/Results/LFR-TestCases/Ghissues/Issue_9/Issue_9_fromLFR.json,ilp,timeout,exceeded 3600s,3600.167,,,,,,,,,,,,,,,,Microfluidics-Benchmarks/Results/ilp_full_20260915_165225/logs/lfr__Ghissues__Issue_9__Issue_9_fromLFR.log,Microfluidics-Benchmarks/Results/ilp_full_20260915_165225/artifacts/lfr__Ghissues__Issue_9__Issue_9_fromLFR
126,lfr,lfr__Graph_Coverage__Tree_Fanin__Tree_Fanin_fromLFR,Graph_Coverage/Tree_Fanin/Tree_Fanin_fromLFR.json,/home/student/Desktop/Neptune_2026/Microfluidics-Benchmarks/Results/LFR-TestCases/Graph_Coverage/Tree_Fanin/Tree_Fanin_fromLFR.json,ilp,timeout,exceeded 3600s,3600.116,,,,,,,,,,,,,,,,Microfluidics-Benchmarks/Results/ilp_full_20260915_165225/logs/lfr__Graph_Coverage__Tree_Fanin__Tree_Fanin_fromLFR.log,Microfluidics-Benchmarks/Results/ilp_full_20260915_165225/artifacts/lfr__Graph_Coverage__Tree_Fanin__Tree_Fanin_fromLFR
127,lfr,lfr__Graph_Coverage__Tree_Fanout__Tree_Fanout_fromLFR,Graph_Coverage/Tree_Fanout/Tree_Fanout_fromLFR.json,/home/student/Desktop/Neptune_2026/Microfluidics-Benchmarks/Results/LFR-TestCases/Graph_Coverage/Tree_Fanout/Tree_Fanout_fromLFR.json,ilp,timeout,exceeded 3600s,3600.117,,,,,,,,,,,,,,,,Microfluidics-Benchmarks/Results/ilp_full_20260915_165225/logs/lfr__Graph_Coverage__Tree_Fanout__Tree_Fanout_fromLFR.log,Microfluidics-Benchmarks/Results/ilp_full_20260915_165225/artifacts/lfr__Graph_Coverage__Tree_Fanout__Tree_Fanout_fromLFR
128,lfr,lfr__Literature_Benchmarks__Device_1_Sc_Rna_Seq__Device_1_Sc_Rna_Seq_fromLFR,Literature_Benchmarks/Device_1_Sc_Rna_Seq/Device_1_Sc_Rna_Seq_fromLFR.json,/home/student/Desktop/Neptune_2026/Microfluidics-Benchmarks/Results/LFR-TestCases/Literature_Benchmarks/Device_1_Sc_Rna_Seq/Device_1_Sc_Rna_Seq_fromLFR.json,ilp,timeout,exceeded 3600s,3600.035,,,,,,,,,,,,,,,,Microfluidics-Benchmarks/Results/ilp_full_20260915_165225/logs/lfr__Literature_Benchmarks__Device_1_Sc_Rna_Seq__Device_1_Sc_Rna_Seq_fromLFR.log,Microfluidics-Benchmarks/Results/ilp_full_20260915_165225/artifacts/lfr__Literature_Benchmarks__Device_1_Sc_Rna_Seq__Device_1_Sc_Rna_Seq_fromLFR
129,lfr,lfr__Literature_Benchmarks__Device_2_Artificial_Cells__Device_2_Artificial_Cells_fromLFR,Literature_Benchmarks/Device_2_Artificial_Cells/Device_2_Artificial_Cells_fromLFR.json,/home/student/Desktop/Neptune_2026/Microfluidics-Benchmarks/Results/LFR-TestCases/Literature_Benchmarks/Device_2_Artificial_Cells/Device_2_Artificial_Cells_fromLFR.json,ilp,timeout,exceeded 3600s,3600.121,,,,,,,,,,,,,,,,Microfluidics-Benchmarks/Results/ilp_full_20260915_165225/logs/lfr__Literature_Benchmarks__Device_2_Artificial_Cells__Device_2_Artificial_Cells_fromLFR.log,Microfluidics-Benchmarks/Results/ilp_full_20260915_165225/artifacts/lfr__Literature_Benchmarks__Device_2_Artificial_Cells__Device_2_Artificial_Cells_fromLFR
130,lfr,lfr__Literature_Benchmarks__Device_4_Molecular_Diagnostics__Device_4_Molecular_Diagnostics_fromLFR,Literature_Benchmarks/Device_4_Molecular_Diagnostics/Device_4_Molecular_Diagnostics_fromLFR.json,/home/student/Desktop/Neptune_2026/Microfluidics-Benchmarks/Results/LFR-TestCases/Literature_Benchmarks/Device_4_Molecular_Diagnostics/Device_4_Molecular_Diagnostics_fromLFR.json,ilp,timeout,exceeded 3600s,3600.035,,,,,,,,,,,,,,,,Microfluidics-Benchmarks/Results/ilp_full_20260915_165225/logs/lfr__Literature_Benchmarks__Device_4_Molecular_Diagnostics__Device_4_Molecular_Diagnostics_fromLFR.log,Microfluidics-Benchmarks/Results/ilp_full_20260915_165225/artifacts/lfr__Literature_Benchmarks__Device_4_Molecular_Diagnostics__Device_4_Molecular_Diagnostics_fromLFR
131,lfr,lfr__Literature_Benchmarks__Device_5_Bacteria_Diagnostics__Device_5_Bacteria_Diagnostics_fromLFR,Literature_Benchmarks/Device_5_Bacteria_Diagnostics/Device_5_Bacteria_Diagnostics_fromLFR.json,/home/student/Desktop/Neptune_2026/Microfluidics-Benchmarks/Results/LFR-TestCases/Literature_Benchmarks/Device_5_Bacteria_Diagnostics/Device_5_Bacteria_Diagnostics_fromLFR.json,ilp,timeout,exceeded 3600s,3600.067,,,,,,,,,,,,,,,,Microfluidics-Benchmarks/Results/ilp_full_20260915_165225/logs/lfr__Literature_Benchmarks__Device_5_Bacteria_Diagnostics__Device_5_Bacteria_Diagnostics_fromLFR.log,Microfluidics-Benchmarks/Results/ilp_full_20260915_165225/artifacts/lfr__Literature_Benchmarks__Device_5_Bacteria_Diagnostics__Device_5_Bacteria_Diagnostics_fromLFR
132,lfr,lfr__Literature_Benchmarks__Device_6_Organic_Chemical_Synthesis__Device_6_Organic_Chemical_Synthesis_fromLFR,Literature_Benchmarks/Device_6_Organic_Chemical_Synthesis/Device_6_Organic_Chemical_Synthesis_fromLFR.json,/home/student/Desktop/Neptune_2026/Microfluidics-Benchmarks/Results/LFR-TestCases/Literature_Benchmarks/Device_6_Organic_Chemical_Synthesis/Device_6_Organic_Chemical_Synthesis_fromLFR.json,ilp,timeout,exceeded 3600s,3600.118,,,,,,,,,,,,,,,,Microfluidics-Benchmarks/Results/ilp_full_20260915_165225/logs/lfr__Literature_Benchmarks__Device_6_Organic_Chemical_Synthesis__Device_6_Organic_Chemical_Synthesis_fromLFR.log,Microfluidics-Benchmarks/Results/ilp_full_20260915_165225/artifacts/lfr__Literature_Benchmarks__Device_6_Organic_Chemical_Synthesis__Device_6_Organic_Chemical_Synthesis_fromLFR
133,lfr,lfr__Literature_Benchmarks__Device_7_Enzyme_Screening__Device_7_Enzyme_Screening_fromLFR,Literature_Benchmarks/Device_7_Enzyme_Screening/Device_7_Enzyme_Screening_fromLFR.json,/home/student/Desktop/Neptune_2026/Microfluidics-Benchmarks/Results/LFR-TestCases/Literature_Benchmarks/Device_7_Enzyme_Screening/Device_7_Enzyme_Screening_fromLFR.json,ilp,timeout,exceeded 3600s,3600.119,,,,,,,,,,,,,,,,Microfluidics-Benchmarks/Results/ilp_full_20260915_165225/logs/lfr__Literature_Benchmarks__Device_7_Enzyme_Screening__Device_7_Enzyme_Screening_fromLFR.log,Microfluidics-Benchmarks/Results/ilp_full_20260915_165225/artifacts/lfr__Literature_Benchmarks__Device_7_Enzyme_Screening__Device_7_Enzyme_Screening_fromLFR
134,lfr,lfr__Mars__Antibiotic_Resistance__Antibiotic_Resistance_fromLFR,Mars/Antibiotic_Resistance/Antibiotic_Resistance_fromLFR.json,/home/student/Desktop/Neptune_2026/Microfluidics-Benchmarks/Results/LFR-TestCases/Mars/Antibiotic_Resistance/Antibiotic_Resistance_fromLFR.json,ilp,timeout,exceeded 3600s,3600.118,,,,,,,,,,,,,,,,Microfluidics-Benchmarks/Results/ilp_full_20260915_165225/logs/lfr__Mars__Antibiotic_Resistance__Antibiotic_Resistance_fromLFR.log,Microfluidics-Benchmarks/Results/ilp_full_20260915_165225/artifacts/lfr__Mars__Antibiotic_Resistance__Antibiotic_Resistance_fromLFR
135,lfr,lfr__Mars__Cell_Lysis__Cell_Lysis_fromLFR,Mars/Cell_Lysis/Cell_Lysis_fromLFR.json,/home/student/Desktop/Neptune_2026/Microfluidics-Benchmarks/Results/LFR-TestCases/Mars/Cell_Lysis/Cell_Lysis_fromLFR.json,ilp,timeout,exceeded 3600s,3600.067,,,,,,,,,,,,,,,,Microfluidics-Benchmarks/Results/ilp_full_20260915_165225/logs/lfr__Mars__Cell_Lysis__Cell_Lysis_fromLFR.log,Microfluidics-Benchmarks/Results/ilp_full_20260915_165225/artifacts/lfr__Mars__Cell_Lysis__Cell_Lysis_fromLFR
136,lfr,lfr__Mars__Dna_Digest__Dna_Digest_fromLFR,Mars/Dna_Digest/Dna_Digest_fromLFR.json,/home/student/Desktop/Neptune_2026/Microfluidics-Benchmarks/Results/LFR-TestCases/Mars/Dna_Digest/Dna_Digest_fromLFR.json,ilp,timeout,exceeded 3600s,3600.067,,,,,,,,,,,,,,,,Microfluidics-Benchmarks/Results/ilp_full_20260915_165225/logs/lfr__Mars__Dna_Digest__Dna_Digest_fromLFR.log,Microfluidics-Benchmarks/Results/ilp_full_20260915_165225/artifacts/lfr__Mars__Dna_Digest__Dna_Digest_fromLFR
137,lfr,lfr__Mars__Fluorescence__Fluorescence_fromLFR,Mars/Fluorescence/Fluorescence_fromLFR.json,/home/student/Desktop/Neptune_2026/Microfluidics-Benchmarks/Results/LFR-TestCases/Mars/Fluorescence/Fluorescence_fromLFR.json,ilp,timeout,exceeded 3600s,3600.067,,,,,,,,,,,,,,,,Microfluidics-Benchmarks/Results/ilp_full_20260915_165225/logs/lfr__Mars__Fluorescence__Fluorescence_fromLFR.log,Microfluidics-Benchmarks/Results/ilp_full_20260915_165225/artifacts/lfr__Mars__Fluorescence__Fluorescence_fromLFR
138,lfr,lfr__Mars__Ligation__Ligation_fromLFR,Mars/Ligation/Ligation_fromLFR.json,/home/student/Desktop/Neptune_2026/Microfluidics-Benchmarks/Results/LFR-TestCases/Mars/Ligation/Ligation_fromLFR.json,ilp,timeout,exceeded 3600s,3600.072,,,,,,,,,,,,,,,,Microfluidics-Benchmarks/Results/ilp_full_20260915_165225/logs/lfr__Mars__Ligation__Ligation_fromLFR.log,Microfluidics-Benchmarks/Results/ilp_full_20260915_165225/artifacts/lfr__Mars__Ligation__Ligation_fromLFR
139,lfr,lfr__Mars__Pcr__Pcr_fromLFR,Mars/Pcr/Pcr_fromLFR.json,/home/student/Desktop/Neptune_2026/Microfluidics-Benchmarks/Results/LFR-TestCases/Mars/Pcr/Pcr_fromLFR.json,ilp,success,,14.174,13.887547,0,optimal,True,2.6468518951442093,True,0,True,True,,27000.0,814000000.0,1504000000.0,/home/student/Desktop/Neptune_2026/Microfluidics-Benchmarks/Results/ilp_full_20260915_165225/artifacts/lfr__Mars__Pcr__Pcr_fromLFR/result_control.json,/home/student/Desktop/Neptune_2026/Microfluidics-Benchmarks/Results/ilp_full_20260915_165225/artifacts/lfr__Mars__Pcr__Pcr_fromLFR/metrics.json,Microfluidics-Benchmarks/Results/ilp_full_20260915_165225/logs/lfr__Mars__Pcr__Pcr_fromLFR.log,Microfluidics-Benchmarks/Results/ilp_full_20260915_165225/artifacts/lfr__Mars__Pcr__Pcr_fromLFR
140,lfr,lfr__Mars__Sorting__Sorting_fromLFR,Mars/Sorting/Sorting_fromLFR.json,/home/student/Desktop/Neptune_2026/Microfluidics-Benchmarks/Results/LFR-TestCases/Mars/Sorting/Sorting_fromLFR.json,ilp,success,,44.978,44.709642,0,optimal,True,43.82246666494757,True,0,False,True,,13000.0,168000000.0,528000000.0,/home/student/Desktop/Neptune_2026/Microfluidics-Benchmarks/Results/ilp_full_20260915_165225/artifacts/lfr__Mars__Sorting__Sorting_fromLFR/result.json,/home/student/Desktop/Neptune_2026/Microfluidics-Benchmarks/Results/ilp_full_20260915_165225/artifacts/lfr__Mars__Sorting__Sorting_fromLFR/metrics.json,Microfluidics-Benchmarks/Results/ilp_full_20260915_165225/logs/lfr__Mars__Sorting__Sorting_fromLFR.log,Microfluidics-Benchmarks/Results/ilp_full_20260915_165225/artifacts/lfr__Mars__Sorting__Sorting_fromLFR
141,lfr,lfr__Mars__Transformation__Transformation_fromLFR,Mars/Transformation/Transformation_fromLFR.json,/home/student/Desktop/Neptune_2026/Microfluidics-Benchmarks/Results/LFR-TestCases/Mars/Transformation/Transformation_fromLFR.json,ilp,timeout,exceeded 3600s,3600.067,,,,,,,,,,,,,,,,Microfluidics-Benchmarks/Results/ilp_full_20260915_165225/logs/lfr__Mars__Transformation__Transformation_fromLFR.log,Microfluidics-Benchmarks/Results/ilp_full_20260915_165225/artifacts/lfr__Mars__Transformation__Transformation_fromLFR
142,lfr,lfr__Protocols__Cell_Sorting__Cell_Sorting_fromLFR,Protocols/Cell_Sorting/Cell_Sorting_fromLFR.json,/home/student/Desktop/Neptune_2026/Microfluidics-Benchmarks/Results/LFR-TestCases/Protocols/Cell_Sorting/Cell_Sorting_fromLFR.json,ilp,success,,10.407,10.151597,0,optimal,True,9.262125842971727,True,0,False,True,,5000.0,40000000.0,270000000.0,/home/student/Desktop/Neptune_2026/Microfluidics-Benchmarks/Results/ilp_full_20260915_165225/artifacts/lfr__Protocols__Cell_Sorting__Cell_Sorting_fromLFR/result.json,/home/student/Desktop/Neptune_2026/Microfluidics-Benchmarks/Results/ilp_full_20260915_165225/artifacts/lfr__Protocols__Cell_Sorting__Cell_Sorting_fromLFR/metrics.json,Microfluidics-Benchmarks/Results/ilp_full_20260915_165225/logs/lfr__Protocols__Cell_Sorting__Cell_Sorting_fromLFR.log,Microfluidics-Benchmarks/Results/ilp_full_20260915_165225/artifacts/lfr__Protocols__Cell_Sorting__Cell_Sorting_fromLFR
143,lfr,lfr__Protocols__Directed_Evolution__Directed_Evolution_fromLFR,Protocols/Directed_Evolution/Directed_Evolution_fromLFR.json,/home/student/Desktop/Neptune_2026/Microfluidics-Benchmarks/Results/LFR-TestCases/Protocols/Directed_Evolution/Directed_Evolution_fromLFR.json,ilp,timeout,exceeded 3600s,3600.068,,,,,,,,,,,,,,,,Microfluidics-Benchmarks/Results/ilp_full_20260915_165225/logs/lfr__Protocols__Directed_Evolution__Directed_Evolution_fromLFR.log,Microfluidics-Benchmarks/Results/ilp_full_20260915_165225/artifacts/lfr__Protocols__Directed_Evolution__Directed_Evolution_fromLFR
144,lfr,lfr__Technology_Mapping__Cycle__Cycle_fromLFR,Technology_Mapping/Cycle/Cycle_fromLFR.json,/home/student/Desktop/Neptune_2026/Microfluidics-Benchmarks/Results/LFR-TestCases/Technology_Mapping/Cycle/Cycle_fromLFR.json,ilp,success,,385.069,384.829051,0,optimal,True,383.9755496880971,True,0,False,True,,19600.0,118600000.0,505800000.0,/home/student/Desktop/Neptune_2026/Microfluidics-Benchmarks/Results/ilp_full_20260915_165225/artifacts/lfr__Technology_Mapping__Cycle__Cycle_fromLFR/result.json,/home/student/Desktop/Neptune_2026/Microfluidics-Benchmarks/Results/ilp_full_20260915_165225/artifacts/lfr__Technology_Mapping__Cycle__Cycle_fromLFR/metrics.json,Microfluidics-Benchmarks/Results/ilp_full_20260915_165225/logs/lfr__Technology_Mapping__Cycle__Cycle_fromLFR.log,Microfluidics-Benchmarks/Results/ilp_full_20260915_165225/artifacts/lfr__Technology_Mapping__Cycle__Cycle_fromLFR
145,lfr,lfr__Technology_Mapping__Instance_Mapping__Instance_Mapping_fromLFR,Technology_Mapping/Instance_Mapping/Instance_Mapping_fromLFR.json,/home/student/Desktop/Neptune_2026/Microfluidics-Benchmarks/Results/LFR-TestCases/Technology_Mapping/Instance_Mapping/Instance_Mapping_fromLFR.json,ilp,success,,1.528,1.215087,0,optimal,True,0.2948294288944453,True,0,False,True,,2000.0,44091600.0,293291600.0,/home/student/Desktop/Neptune_2026/Microfluidics-Benchmarks/Results/ilp_full_20260915_165225/artifacts/lfr__Technology_Mapping__Instance_Mapping__Instance_Mapping_fromLFR/result.json,/home/student/Desktop/Neptune_2026/Microfluidics-Benchmarks/Results/ilp_full_20260915_165225/artifacts/lfr__Technology_Mapping__Instance_Mapping__Instance_Mapping_fromLFR/metrics.json,Microfluidics-Benchmarks/Results/ilp_full_20260915_165225/logs/lfr__Technology_Mapping__Instance_Mapping__Instance_Mapping_fromLFR.log,Microfluidics-Benchmarks/Results/ilp_full_20260915_165225/artifacts/lfr__Technology_Mapping__Instance_Mapping__Instance_Mapping_fromLFR
146,lfr,lfr__Technology_Mapping__N_Greater_M_Map__N_Greater_M_Map_fromLFR,Technology_Mapping/N_Greater_M_Map/N_Greater_M_Map_fromLFR.json,/home/student/Desktop/Neptune_2026/Microfluidics-Benchmarks/Results/LFR-TestCases/Technology_Mapping/N_Greater_M_Map/N_Greater_M_Map_fromLFR.json,ilp,timeout,exceeded 3600s,3600.12,,,,,,,,,,,,,,,,Microfluidics-Benchmarks/Results/ilp_full_20260915_165225/logs/lfr__Technology_Mapping__N_Greater_M_Map__N_Greater_M_Map_fromLFR.log,Microfluidics-Benchmarks/Results/ilp_full_20260915_165225/artifacts/lfr__Technology_Mapping__N_Greater_M_Map__N_Greater_M_Map_fromLFR
147,lfr,lfr__Technology_Mapping__N_Less_M_Map__N_Less_M_Map_fromLFR,Technology_Mapping/N_Less_M_Map/N_Less_M_Map_fromLFR.json,/home/student/Desktop/Neptune_2026/Microfluidics-Benchmarks/Results/LFR-TestCases/Technology_Mapping/N_Less_M_Map/N_Less_M_Map_fromLFR.json,ilp,timeout,exceeded 3600s,3600.124,,,,,,,,,,,,,,,,Microfluidics-Benchmarks/Results/ilp_full_20260915_165225/logs/lfr__Technology_Mapping__N_Less_M_Map__N_Less_M_Map_fromLFR.log,Microfluidics-Benchmarks/Results/ilp_full_20260915_165225/artifacts/lfr__Technology_Mapping__N_Less_M_Map__N_Less_M_Map_fromLFR
148,lfr,lfr__Technology_Mapping__One_To_One_Mapping__One_To_One_Mapping_fromLFR,Technology_Mapping/One_To_One_Mapping/One_To_One_Mapping_fromLFR.json,/home/student/Desktop/Neptune_2026/Microfluidics-Benchmarks/Results/LFR-TestCases/Technology_Mapping/One_To_One_Mapping/One_To_One_Mapping_fromLFR.json,ilp,success,,1.575,1.242814,0,optimal,True,0.3471952530089766,True,0,False,True,,2000.0,44091600.0,293291600.0,/home/student/Desktop/Neptune_2026/Microfluidics-Benchmarks/Results/ilp_full_20260915_165225/artifacts/lfr__Technology_Mapping__One_To_One_Mapping__One_To_One_Mapping_fromLFR/result.json,/home/student/Desktop/Neptune_2026/Microfluidics-Benchmarks/Results/ilp_full_20260915_165225/artifacts/lfr__Technology_Mapping__One_To_One_Mapping__One_To_One_Mapping_fromLFR/metrics.json,Microfluidics-Benchmarks/Results/ilp_full_20260915_165225/logs/lfr__Technology_Mapping__One_To_One_Mapping__One_To_One_Mapping_fromLFR.log,Microfluidics-Benchmarks/Results/ilp_full_20260915_165225/artifacts/lfr__Technology_Mapping__One_To_One_Mapping__One_To_One_Mapping_fromLFR
149,lfr,lfr__Technology_Mapping__Tree_Bus__Tree_Bus_fromLFR,Technology_Mapping/Tree_Bus/Tree_Bus_fromLFR.json,/home/student/Desktop/Neptune_2026/Microfluidics-Benchmarks/Results/LFR-TestCases/Technology_Mapping/Tree_Bus/Tree_Bus_fromLFR.json,ilp,timeout,exceeded 3600s,3600.172,,,,,,,,,,,,,,,,Microfluidics-Benchmarks/Results/ilp_full_20260915_165225/logs/lfr__Technology_Mapping__Tree_Bus__Tree_Bus_fromLFR.log,Microfluidics-Benchmarks/Results/ilp_full_20260915_165225/artifacts/lfr__Technology_Mapping__Tree_Bus__Tree_Bus_fromLFR
150,lfr,lfr__Technology_Mapping__Tree_Fanin_Mapping__Tree_Fanin_Mapping_fromLFR,Technology_Mapping/Tree_Fanin_Mapping/Tree_Fanin_Mapping_fromLFR.json,/home/student/Desktop/Neptune_2026/Microfluidics-Benchmarks/Results/LFR-TestCases/Technology_Mapping/Tree_Fanin_Mapping/Tree_Fanin_Mapping_fromLFR.json,ilp,timeout,exceeded 3600s,3600.072,,,,,,,,,,,,,,,,Microfluidics-Benchmarks/Results/ilp_full_20260915_165225/logs/lfr__Technology_Mapping__Tree_Fanin_Mapping__Tree_Fanin_Mapping_fromLFR.log,Microfluidics-Benchmarks/Results/ilp_full_20260915_165225/artifacts/lfr__Technology_Mapping__Tree_Fanin_Mapping__Tree_Fanin_Mapping_fromLFR
151,lfr,lfr__Technology_Mapping__Tree_Fanout_Mapping_1__Tree_Fanout_Mapping_1_fromLFR,Technology_Mapping/Tree_Fanout_Mapping_1/Tree_Fanout_Mapping_1_fromLFR.json,/home/student/Desktop/Neptune_2026/Microfluidics-Benchmarks/Results/LFR-TestCases/Technology_Mapping/Tree_Fanout_Mapping_1/Tree_Fanout_Mapping_1_fromLFR.json,ilp,timeout,exceeded 3600s,3600.124,,,,,,,,,,,,,,,,Microfluidics-Benchmarks/Results/ilp_full_20260915_165225/logs/lfr__Technology_Mapping__Tree_Fanout_Mapping_1__Tree_Fanout_Mapping_1_fromLFR.log,Microfluidics-Benchmarks/Results/ilp_full_20260915_165225/artifacts/lfr__Technology_Mapping__Tree_Fanout_Mapping_1__Tree_Fanout_Mapping_1_fromLFR
152,lfr,lfr__Technology_Mapping__Tree_Fanout_Mapping_2__Tree_Fanout_Mapping_2_fromLFR,Technology_Mapping/Tree_Fanout_Mapping_2/Tree_Fanout_Mapping_2_fromLFR.json,/home/student/Desktop/Neptune_2026/Microfluidics-Benchmarks/Results/LFR-TestCases/Technology_Mapping/Tree_Fanout_Mapping_2/Tree_Fanout_Mapping_2_fromLFR.json,ilp,timeout,exceeded 3600s,3600.117,,,,,,,,,,,,,,,,Microfluidics-Benchmarks/Results/ilp_full_20260915_165225/logs/lfr__Technology_Mapping__Tree_Fanout_Mapping_2__Tree_Fanout_Mapping_2_fromLFR.log,Microfluidics-Benchmarks/Results/ilp_full_20260915_165225/artifacts/lfr__Technology_Mapping__Tree_Fanout_Mapping_2__Tree_Fanout_Mapping_2_fromLFR
153,lfr,lfr__Technology_Mapping__Tree_Fanout_Mapping_3__Tree_Fanout_Mapping_3_fromLFR,Technology_Mapping/Tree_Fanout_Mapping_3/Tree_Fanout_Mapping_3_fromLFR.json,/home/student/Desktop/Neptune_2026/Microfluidics-Benchmarks/Results/LFR-TestCases/Technology_Mapping/Tree_Fanout_Mapping_3/Tree_Fanout_Mapping_3_fromLFR.json,ilp,timeout,exceeded 3600s,3600.117,,,,,,,,,,,,,,,,Microfluidics-Benchmarks/Results/ilp_full_20260915_165225/logs/lfr__Technology_Mapping__Tree_Fanout_Mapping_3__Tree_Fanout_Mapping_3_fromLFR.log,Microfluidics-Benchmarks/Results/ilp_full_20260915_165225/artifacts/lfr__Technology_Mapping__Tree_Fanout_Mapping_3__Tree_Fanout_Mapping_3_fromLFR
154,lfr,lfr__Technology_Mapping__Tree_Storage_Bus_Mapping__Tree_Storage_Bus_Mapping_fromLFR,Technology_Mapping/Tree_Storage_Bus_Mapping/Tree_Storage_Bus_Mapping_fromLFR.json,/home/student/Desktop/Neptune_2026/Microfluidics-Benchmarks/Results/LFR-TestCases/Technology_Mapping/Tree_Storage_Bus_Mapping/Tree_Storage_Bus_Mapping_fromLFR.json,ilp,timeout,exceeded 3600s,3600.119,,,,,,,,,,,,,,,,Microfluidics-Benchmarks/Results/ilp_full_20260915_165225/logs/lfr__Technology_Mapping__Tree_Storage_Bus_Mapping__Tree_Storage_Bus_Mapping_fromLFR.log,Microfluidics-Benchmarks/Results/ilp_full_20260915_165225/artifacts/lfr__Technology_Mapping__Tree_Storage_Bus_Mapping__Tree_Storage_Bus_Mapping_fromLFR
155,lfr,lfr__Transport_Networks__Distribute_Network_Examples__Distribute_Network_Examples_fromLFR,Transport_Networks/Distribute_Network_Examples/Distribute_Network_Examples_fromLFR.json,/home/student/Desktop/Neptune_2026/Microfluidics-Benchmarks/Results/LFR-TestCases/Transport_Networks/Distribute_Network_Examples/Distribute_Network_Examples_fromLFR.json,ilp,timeout,exceeded 3600s,3600.168,,,,,,,,,,,,,,,,Microfluidics-Benchmarks/Results/ilp_full_20260915_165225/logs/lfr__Transport_Networks__Distribute_Network_Examples__Distribute_Network_Examples_fromLFR.log,Microfluidics-Benchmarks/Results/ilp_full_20260915_165225/artifacts/lfr__Transport_Networks__Distribute_Network_Examples__Distribute_Network_Examples_fromLFR
156,lfr,lfr__Transport_Networks__One_To_8__One_To_8_fromLFR,Transport_Networks/One_To_8/One_To_8_fromLFR.json,/home/student/Desktop/Neptune_2026/Microfluidics-Benchmarks/Results/LFR-TestCases/Transport_Networks/One_To_8/One_To_8_fromLFR.json,ilp,timeout,exceeded 3600s,3600.123,,,,,,,,,,,,,,,,Microfluidics-Benchmarks/Results/ilp_full_20260915_165225/logs/lfr__Transport_Networks__One_To_8__One_To_8_fromLFR.log,Microfluidics-Benchmarks/Results/ilp_full_20260915_165225/artifacts/lfr__Transport_Networks__One_To_8__One_To_8_fromLFR
157,lfr,lfr__Transport_Networks__One_To_One__One_To_One_fromLFR,Transport_Networks/One_To_One/One_To_One_fromLFR.json,/home/student/Desktop/Neptune_2026/Microfluidics-Benchmarks/Results/LFR-TestCases/Transport_Networks/One_To_One/One_To_One_fromLFR.json,ilp,success,,1.629,1.346167,0,optimal,True,0.20520487404428422,True,0,True,True,,5700.0,19400000.0,236400000.0,/home/student/Desktop/Neptune_2026/Microfluidics-Benchmarks/Results/ilp_full_20260915_165225/artifacts/lfr__Transport_Networks__One_To_One__One_To_One_fromLFR/result_control.json,/home/student/Desktop/Neptune_2026/Microfluidics-Benchmarks/Results/ilp_full_20260915_165225/artifacts/lfr__Transport_Networks__One_To_One__One_To_One_fromLFR/metrics.json,Microfluidics-Benchmarks/Results/ilp_full_20260915_165225/logs/lfr__Transport_Networks__One_To_One__One_To_One_fromLFR.log,Microfluidics-Benchmarks/Results/ilp_full_20260915_165225/artifacts/lfr__Transport_Networks__One_To_One__One_To_One_fromLFR
158,mint,mint__Base__Crossing_H__Crossing_H_fromMINT,Base/Crossing_H/Crossing_H_fromMINT.json,/home/student/Desktop/Neptune_2026/Microfluidics-Benchmarks/Results/MINT-TestCases/Base/Crossing_H/Crossing_H_fromMINT.json,ilp,timeout,exceeded 3600s,3600.073,,,,,,,,,,,,,,,,Microfluidics-Benchmarks/Results/ilp_full_20260915_165225/logs/mint__Base__Crossing_H__Crossing_H_fromMINT.log,Microfluidics-Benchmarks/Results/ilp_full_20260915_165225/artifacts/mint__Base__Crossing_H__Crossing_H_fromMINT
159,mint,mint__Base__Crossing_V__Crossing_V_fromMINT,Base/Crossing_V/Crossing_V_fromMINT.json,/home/student/Desktop/Neptune_2026/Microfluidics-Benchmarks/Results/MINT-TestCases/Base/Crossing_V/Crossing_V_fromMINT.json,ilp,timeout,exceeded 3600s,3600.122,,,,,,,,,,,,,,,,Microfluidics-Benchmarks/Results/ilp_full_20260915_165225/logs/mint__Base__Crossing_V__Crossing_V_fromMINT.log,Microfluidics-Benchmarks/Results/ilp_full_20260915_165225/artifacts/mint__Base__Crossing_V__Crossing_V_fromMINT
160,mint,mint__Base__Grad_Gen_H__Grad_Gen_H_fromMINT,Base/Grad_Gen_H/Grad_Gen_H_fromMINT.json,/home/student/Desktop/Neptune_2026/Microfluidics-Benchmarks/Results/MINT-TestCases/Base/Grad_Gen_H/Grad_Gen_H_fromMINT.json,ilp,timeout,exceeded 3600s,3600.067,,,,,,,,,,,,,,,,Microfluidics-Benchmarks/Results/ilp_full_20260915_165225/logs/mint__Base__Grad_Gen_H__Grad_Gen_H_fromMINT.log,Microfluidics-Benchmarks/Results/ilp_full_20260915_165225/artifacts/mint__Base__Grad_Gen_H__Grad_Gen_H_fromMINT
161,mint,mint__Base__Grad_Gen_V__Grad_Gen_V_fromMINT,Base/Grad_Gen_V/Grad_Gen_V_fromMINT.json,/home/student/Desktop/Neptune_2026/Microfluidics-Benchmarks/Results/MINT-TestCases/Base/Grad_Gen_V/Grad_Gen_V_fromMINT.json,ilp,fail,RuntimeError: DRC violations: channel_spacing: channels of connections 'c1' and 'c5' violate the 1000 edge-to-edge clearance; channel_spacing: channels of connections 'c1' and 'c9' violate the 1000 edge-to-edge clearance; channel_spacing: channels of connections 'c2' and 'c5' violate the 1000 edge-to-edge clearance; channel_spacing: channels of connections 'c2' and 'c6' violate the 1000 edge-to-edge clearance; channel_spacing: channels of connections 'c3' and 'c7' violate the 1000 edge-to-edge clearance,64.4,64.101553,1,optimal,True,63.225668939063326,False,15,False,True,,30600.0,1007620000.0,1880620000.0,/home/student/Desktop/Neptune_2026/Microfluidics-Benchmarks/Results/ilp_full_20260915_165225/artifacts/mint__Base__Grad_Gen_V__Grad_Gen_V_fromMINT/result.json,/home/student/Desktop/Neptune_2026/Microfluidics-Benchmarks/Results/ilp_full_20260915_165225/artifacts/mint__Base__Grad_Gen_V__Grad_Gen_V_fromMINT/metrics.json,Microfluidics-Benchmarks/Results/ilp_full_20260915_165225/logs/mint__Base__Grad_Gen_V__Grad_Gen_V_fromMINT.log,Microfluidics-Benchmarks/Results/ilp_full_20260915_165225/artifacts/mint__Base__Grad_Gen_V__Grad_Gen_V_fromMINT
162,mint,mint__Base__Grid_4_Mixer__Grid_4_Mixer_fromMINT,Base/Grid_4_Mixer/Grid_4_Mixer_fromMINT.json,/home/student/Desktop/Neptune_2026/Microfluidics-Benchmarks/Results/MINT-TestCases/Base/Grid_4_Mixer/Grid_4_Mixer_fromMINT.json,ilp,timeout,exceeded 3600s,3600.067,,,,,,,,,,,,,,,,Microfluidics-Benchmarks/Results/ilp_full_20260915_165225/logs/mint__Base__Grid_4_Mixer__Grid_4_Mixer_fromMINT.log,Microfluidics-Benchmarks/Results/ilp_full_20260915_165225/artifacts/mint__Base__Grid_4_Mixer__Grid_4_Mixer_fromMINT
163,mint,mint__Base__Horizontal_Mux_01__Horizontal_Mux_01_fromMINT,Base/Horizontal_Mux_01/Horizontal_Mux_01_fromMINT.json,/home/student/Desktop/Neptune_2026/Microfluidics-Benchmarks/Results/MINT-TestCases/Base/Horizontal_Mux_01/Horizontal_Mux_01_fromMINT.json,ilp,fail,RuntimeError: DRC violations: channel_component_clearance: channel of connection 'c1' crosses the effective envelope of unrelated component 'pb_1'; channel_component_clearance: channel of connection 'c1' crosses the effective envelope of unrelated component 'pb_2'; channel_component_clearance: channel of connection 'c1' crosses the effective envelope of unrelated component 'pb_3'; channel_component_clearance: channel of connection 'c1' crosses the effective envelope of unrelated component 'pb_4'; channel_component_clearance: channel of connection 'c1' crosses the effective envelope of unrelated component 'pb_5',11.418,11.18869,1,optimal,True,10.24752545915544,False,72,False,True,,9000.0,535972500.0,1110972500.0,/home/student/Desktop/Neptune_2026/Microfluidics-Benchmarks/Results/ilp_full_20260915_165225/artifacts/mint__Base__Horizontal_Mux_01__Horizontal_Mux_01_fromMINT/result.json,/home/student/Desktop/Neptune_2026/Microfluidics-Benchmarks/Results/ilp_full_20260915_165225/artifacts/mint__Base__Horizontal_Mux_01__Horizontal_Mux_01_fromMINT/metrics.json,Microfluidics-Benchmarks/Results/ilp_full_20260915_165225/logs/mint__Base__Horizontal_Mux_01__Horizontal_Mux_01_fromMINT.log,Microfluidics-Benchmarks/Results/ilp_full_20260915_165225/artifacts/mint__Base__Horizontal_Mux_01__Horizontal_Mux_01_fromMINT
164,mint,mint__Base__Logic_Test_01__Logic_Test_01_fromMINT,Base/Logic_Test_01/Logic_Test_01_fromMINT.json,/home/student/Desktop/Neptune_2026/Microfluidics-Benchmarks/Results/MINT-TestCases/Base/Logic_Test_01/Logic_Test_01_fromMINT.json,ilp,success,,1.629,1.379703,0,optimal,True,0.4985669150482863,True,0,False,True,,3000.0,1380000000.0,2240000000.0,/home/student/Desktop/Neptune_2026/Microfluidics-Benchmarks/Results/ilp_full_20260915_165225/artifacts/mint__Base__Logic_Test_01__Logic_Test_01_fromMINT/result.json,/home/student/Desktop/Neptune_2026/Microfluidics-Benchmarks/Results/ilp_full_20260915_165225/artifacts/mint__Base__Logic_Test_01__Logic_Test_01_fromMINT/metrics.json,Microfluidics-Benchmarks/Results/ilp_full_20260915_165225/logs/mint__Base__Logic_Test_01__Logic_Test_01_fromMINT.log,Microfluidics-Benchmarks/Results/ilp_full_20260915_165225/artifacts/mint__Base__Logic_Test_01__Logic_Test_01_fromMINT
165,mint,mint__Base__Logic_Test_02__Logic_Test_02_fromMINT,Base/Logic_Test_02/Logic_Test_02_fromMINT.json,/home/student/Desktop/Neptune_2026/Microfluidics-Benchmarks/Results/MINT-TestCases/Base/Logic_Test_02/Logic_Test_02_fromMINT.json,ilp,success,,8.654,8.370291,0,optimal,True,7.484312813030556,True,0,False,True,,11000.0,3306000000.0,4556000000.0,/home/student/Desktop/Neptune_2026/Microfluidics-Benchmarks/Results/ilp_full_20260915_165225/artifacts/mint__Base__Logic_Test_02__Logic_Test_02_fromMINT/result.json,/home/student/Desktop/Neptune_2026/Microfluidics-Benchmarks/Results/ilp_full_20260915_165225/artifacts/mint__Base__Logic_Test_02__Logic_Test_02_fromMINT/metrics.json,Microfluidics-Benchmarks/Results/ilp_full_20260915_165225/logs/mint__Base__Logic_Test_02__Logic_Test_02_fromMINT.log,Microfluidics-Benchmarks/Results/ilp_full_20260915_165225/artifacts/mint__Base__Logic_Test_02__Logic_Test_02_fromMINT
166,mint,mint__Base__Logic_Test_03__Logic_Test_03_fromMINT,Base/Logic_Test_03/Logic_Test_03_fromMINT.json,/home/student/Desktop/Neptune_2026/Microfluidics-Benchmarks/Results/MINT-TestCases/Base/Logic_Test_03/Logic_Test_03_fromMINT.json,ilp,success,,174.158,173.88111,0,optimal,True,172.97215850907378,True,0,False,True,,46000.0,4740000000.0,6230000000.0,/home/student/Desktop/Neptune_2026/Microfluidics-Benchmarks/Results/ilp_full_20260915_165225/artifacts/mint__Base__Logic_Test_03__Logic_Test_03_fromMINT/result.json,/home/student/Desktop/Neptune_2026/Microfluidics-Benchmarks/Results/ilp_full_20260915_165225/artifacts/mint__Base__Logic_Test_03__Logic_Test_03_fromMINT/metrics.json,Microfluidics-Benchmarks/Results/ilp_full_20260915_165225/logs/mint__Base__Logic_Test_03__Logic_Test_03_fromMINT.log,Microfluidics-Benchmarks/Results/ilp_full_20260915_165225/artifacts/mint__Base__Logic_Test_03__Logic_Test_03_fromMINT
167,mint,mint__Base__Long_Cell_Trap_Two_Port__Long_Cell_Trap_Two_Port_fromMINT,Base/Long_Cell_Trap_Two_Port/Long_Cell_Trap_Two_Port_fromMINT.json,/home/student/Desktop/Neptune_2026/Microfluidics-Benchmarks/Results/MINT-TestCases/Base/Long_Cell_Trap_Two_Port/Long_Cell_Trap_Two_Port_fromMINT.json,ilp,fail,RuntimeError: DRC violations: channel_spacing: channels of connections 'c1' and 'c2' violate the 1000 edge-to-edge clearance,1.536,1.257408,1,optimal,True,0.41563728312030435,False,1,False,True,,2000.0,960000.0,135960000.0,/home/student/Desktop/Neptune_2026/Microfluidics-Benchmarks/Results/ilp_full_20260915_165225/artifacts/mint__Base__Long_Cell_Trap_Two_Port__Long_Cell_Trap_Two_Port_fromMINT/result.json,/home/student/Desktop/Neptune_2026/Microfluidics-Benchmarks/Results/ilp_full_20260915_165225/artifacts/mint__Base__Long_Cell_Trap_Two_Port__Long_Cell_Trap_Two_Port_fromMINT/metrics.json,Microfluidics-Benchmarks/Results/ilp_full_20260915_165225/logs/mint__Base__Long_Cell_Trap_Two_Port__Long_Cell_Trap_Two_Port_fromMINT.log,Microfluidics-Benchmarks/Results/ilp_full_20260915_165225/artifacts/mint__Base__Long_Cell_Trap_Two_Port__Long_Cell_Trap_Two_Port_fromMINT
168,mint,mint__Base__Mux_8__Mux_8_fromMINT,Base/Mux_8/Mux_8_fromMINT.json,/home/student/Desktop/Neptune_2026/Microfluidics-Benchmarks/Results/MINT-TestCases/Base/Mux_8/Mux_8_fromMINT.json,ilp,success,,13.508,13.275239,0,optimal,True,12.420958935981616,True,0,False,True,,9000.0,535972500.0,1110972500.0,/home/student/Desktop/Neptune_2026/Microfluidics-Benchmarks/Results/ilp_full_20260915_165225/artifacts/mint__Base__Mux_8__Mux_8_fromMINT/result.json,/home/student/Desktop/Neptune_2026/Microfluidics-Benchmarks/Results/ilp_full_20260915_165225/artifacts/mint__Base__Mux_8__Mux_8_fromMINT/metrics.json,Microfluidics-Benchmarks/Results/ilp_full_20260915_165225/logs/mint__Base__Mux_8__Mux_8_fromMINT.log,Microfluidics-Benchmarks/Results/ilp_full_20260915_165225/artifacts/mint__Base__Mux_8__Mux_8_fromMINT
169,mint,mint__Base__Net_Multi_Test__Net_Multi_Test_fromMINT,Base/Net_Multi_Test/Net_Multi_Test_fromMINT.json,/home/student/Desktop/Neptune_2026/Microfluidics-Benchmarks/Results/MINT-TestCases/Base/Net_Multi_Test/Net_Multi_Test_fromMINT.json,ilp,timeout,exceeded 3600s,3600.066,,,,,,,,,,,,,,,,Microfluidics-Benchmarks/Results/ilp_full_20260915_165225/logs/mint__Base__Net_Multi_Test__Net_Multi_Test_fromMINT.log,Microfluidics-Benchmarks/Results/ilp_full_20260915_165225/artifacts/mint__Base__Net_Multi_Test__Net_Multi_Test_fromMINT
170,mint,mint__Base__Net_Test__Net_Test_fromMINT,Base/Net_Test/Net_Test_fromMINT.json,/home/student/Desktop/Neptune_2026/Microfluidics-Benchmarks/Results/MINT-TestCases/Base/Net_Test/Net_Test_fromMINT.json,ilp,fail,RuntimeError: DRC violations: channel_spacing: channels of connections 'c1' and 'c2' violate the 1000 edge-to-edge clearance,2.628,2.330861,1,optimal,True,1.0680771230254322,False,1,True,True,,12000.0,3960000.0,238960000.0,/home/student/Desktop/Neptune_2026/Microfluidics-Benchmarks/Results/ilp_full_20260915_165225/artifacts/mint__Base__Net_Test__Net_Test_fromMINT/result_control.json,/home/student/Desktop/Neptune_2026/Microfluidics-Benchmarks/Results/ilp_full_20260915_165225/artifacts/mint__Base__Net_Test__Net_Test_fromMINT/metrics.json,Microfluidics-Benchmarks/Results/ilp_full_20260915_165225/logs/mint__Base__Net_Test__Net_Test_fromMINT.log,Microfluidics-Benchmarks/Results/ilp_full_20260915_165225/artifacts/mint__Base__Net_Test__Net_Test_fromMINT
171,mint,mint__Base__Net_Valve_Test__Net_Valve_Test_fromMINT,Base/Net_Valve_Test/Net_Valve_Test_fromMINT.json,/home/student/Desktop/Neptune_2026/Microfluidics-Benchmarks/Results/MINT-TestCases/Base/Net_Valve_Test/Net_Valve_Test_fromMINT.json,ilp,timeout,exceeded 3600s,3600.076,,,,,,,,,,,,,,,,Microfluidics-Benchmarks/Results/ilp_full_20260915_165225/logs/mint__Base__Net_Valve_Test__Net_Valve_Test_fromMINT.log,Microfluidics-Benchmarks/Results/ilp_full_20260915_165225/artifacts/mint__Base__Net_Valve_Test__Net_Valve_Test_fromMINT
172,mint,mint__Base__Node_Long_Cell_Trap_01__Node_Long_Cell_Trap_01_fromMINT,Base/Node_Long_Cell_Trap_01/Node_Long_Cell_Trap_01_fromMINT.json,/home/student/Desktop/Neptune_2026/Microfluidics-Benchmarks/Results/MINT-TestCases/Base/Node_Long_Cell_Trap_01/Node_Long_Cell_Trap_01_fromMINT.json,ilp,fail,"BaselineError: all routability-aware placement attempts failed for gaps (5000.0, 8000.0, 12000.0); last error: All 3 deterministic routing orders failed; order 1: No legal route for connection 'c3' sink 0 ({'component': 'n1', 'port': '2'} -> {'component': 'ct1', 'port': '1'}) | order 2: No legal route for connection 'c2' sink 0 ({'component': 'p2', 'port': '1'} -> {'component': 'n1', 'port': '3'}) | order 3: No legal route for connection 'c3' sink 0 ({'component': 'n1', 'port': '2'} -> {'component': 'ct1', 'port': '1'})",926.508,926.331849,1,,,,,,,,,,,,,,Microfluidics-Benchmarks/Results/ilp_full_20260915_165225/logs/mint__Base__Node_Long_Cell_Trap_01__Node_Long_Cell_Trap_01_fromMINT.log,Microfluidics-Benchmarks/Results/ilp_full_20260915_165225/artifacts/mint__Base__Node_Long_Cell_Trap_01__Node_Long_Cell_Trap_01_fromMINT
173,mint,mint__Base__Node_Long_Cell_Trap_02__Node_Long_Cell_Trap_02_fromMINT,Base/Node_Long_Cell_Trap_02/Node_Long_Cell_Trap_02_fromMINT.json,/home/student/Desktop/Neptune_2026/Microfluidics-Benchmarks/Results/MINT-TestCases/Base/Node_Long_Cell_Trap_02/Node_Long_Cell_Trap_02_fromMINT.json,ilp,fail,"BaselineError: all routability-aware placement attempts failed for gaps (5000.0, 8000.0, 12000.0); last error: All 3 deterministic routing orders failed; order 1: No legal route for connection 'c3' sink 0 ({'component': 'n1', 'port': '2'} -> {'component': 'ct1', 'port': '1'}) | order 2: No legal route for connection 'c2' sink 0 ({'component': 'p2', 'port': '1'} -> {'component': 'n1', 'port': '3'}) | order 3: No legal route for connection 'c3' sink 0 ({'component': 'n1', 'port': '2'} -> {'component': 'ct1', 'port': '1'})",933.835,933.641115,1,,,,,,,,,,,,,,Microfluidics-Benchmarks/Results/ilp_full_20260915_165225/logs/mint__Base__Node_Long_Cell_Trap_02__Node_Long_Cell_Trap_02_fromMINT.log,Microfluidics-Benchmarks/Results/ilp_full_20260915_165225/artifacts/mint__Base__Node_Long_Cell_Trap_02__Node_Long_Cell_Trap_02_fromMINT
174,mint,mint__Base__Node_Long_Cell_Trap_03__Node_Long_Cell_Trap_03_fromMINT,Base/Node_Long_Cell_Trap_03/Node_Long_Cell_Trap_03_fromMINT.json,/home/student/Desktop/Neptune_2026/Microfluidics-Benchmarks/Results/MINT-TestCases/Base/Node_Long_Cell_Trap_03/Node_Long_Cell_Trap_03_fromMINT.json,ilp,fail,"BaselineError: all routability-aware placement attempts failed for gaps (5000.0, 8000.0, 12000.0); last error: All 4 deterministic routing orders failed; order 1: No legal route for connection 'c1' sink 0 ({'component': 'p1', 'port': '3'} -> {'component': 'n1', 'port': '1'}) | order 2: No legal route for connection 'c3' sink 0 ({'component': 'n1', 'port': '2'} -> {'component': 'ct1', 'port': '1'}) | order 3: No legal route for connection 'c3' sink 0 ({'component': 'n1', 'port': '2'} -> {'component': 'ct1', 'port': '1'}) | order 4: No legal route for connection 'c3' sink 0 ({'component': 'n1', 'port': '2'} -> {'component': 'ct1', 'port': '1'})",788.674,788.461719,1,,,,,,,,,,,,,,Microfluidics-Benchmarks/Results/ilp_full_20260915_165225/logs/mint__Base__Node_Long_Cell_Trap_03__Node_Long_Cell_Trap_03_fromMINT.log,Microfluidics-Benchmarks/Results/ilp_full_20260915_165225/artifacts/mint__Base__Node_Long_Cell_Trap_03__Node_Long_Cell_Trap_03_fromMINT
175,mint,mint__Base__Node_Long_Cell_Trap_04__Node_Long_Cell_Trap_04_fromMINT,Base/Node_Long_Cell_Trap_04/Node_Long_Cell_Trap_04_fromMINT.json,/home/student/Desktop/Neptune_2026/Microfluidics-Benchmarks/Results/MINT-TestCases/Base/Node_Long_Cell_Trap_04/Node_Long_Cell_Trap_04_fromMINT.json,ilp,fail,"BaselineError: all routability-aware placement attempts failed for gaps (5000.0, 8000.0, 12000.0); last error: All 3 deterministic routing orders failed; order 1: No legal route for connection 'c3' sink 0 ({'component': 'n1', 'port': '2'} -> {'component': 'ct1', 'port': '1'}) | order 2: No legal route for connection 'c2' sink 0 ({'component': 'p2', 'port': '1'} -> {'component': 'n1', 'port': '3'}) | order 3: No legal route for connection 'c3' sink 0 ({'component': 'n1', 'port': '2'} -> {'component': 'ct1', 'port': '1'})",1679.602,1679.399821,1,,,,,,,,,,,,,,Microfluidics-Benchmarks/Results/ilp_full_20260915_165225/logs/mint__Base__Node_Long_Cell_Trap_04__Node_Long_Cell_Trap_04_fromMINT.log,Microfluidics-Benchmarks/Results/ilp_full_20260915_165225/artifacts/mint__Base__Node_Long_Cell_Trap_04__Node_Long_Cell_Trap_04_fromMINT
176,mint,mint__Base__Node_Test_01__Node_Test_01_fromMINT,Base/Node_Test_01/Node_Test_01_fromMINT.json,/home/student/Desktop/Neptune_2026/Microfluidics-Benchmarks/Results/MINT-TestCases/Base/Node_Test_01/Node_Test_01_fromMINT.json,ilp,fail,"BaselineError: all routability-aware placement attempts failed for gaps (5000.0, 8000.0, 12000.0); last error: All 4 deterministic routing orders failed; order 1: No legal route for connection 'c2' sink 0 ({'component': 'p2', 'port': '4'} -> {'component': 'n1', 'port': '3'}) | order 2: No legal route for connection 'c1' sink 0 ({'component': 'n1', 'port': '2'} -> {'component': 'p1', 'port': '4'}) | order 3: No legal route for connection 'c2' sink 0 ({'component': 'p2', 'port': '4'} -> {'component': 'n1', 'port': '3'}) | order 4: No legal route for connection 'c2' sink 0 ({'component': 'p2', 'port': '4'} -> {'component': 'n1', 'port': '3'})",2459.07,2458.913997,1,,,,,,,,,,,,,,Microfluidics-Benchmarks/Results/ilp_full_20260915_165225/logs/mint__Base__Node_Test_01__Node_Test_01_fromMINT.log,Microfluidics-Benchmarks/Results/ilp_full_20260915_165225/artifacts/mint__Base__Node_Test_01__Node_Test_01_fromMINT
177,mint,mint__Base__Nonplanar__Nonplanar_fromMINT,Base/Nonplanar/Nonplanar_fromMINT.json,/home/student/Desktop/Neptune_2026/Microfluidics-Benchmarks/Results/MINT-TestCases/Base/Nonplanar/Nonplanar_fromMINT.json,ilp,fail,"BaselineError: all routability-aware placement attempts failed for gaps (0.0, 1000.0, 2000.0, 4000.0, 8000.0); last error: All 4 deterministic routing orders failed; order 1: No legal route for connection 'c2' sink 0 ({'component': 'p2', 'port': '2'} -> {'component': 'p3', 'port': '1'}) | order 2: No legal route for connection 'c4' sink 0 ({'component': 'p4', 'port': '2'} -> {'component': 'p1', 'port': '2'}) | order 3: No legal route for connection 'c3' sink 0 ({'component': 'p3', 'port': '2'} -> {'component': 'p4', 'port': '1'}) | order 4: No legal route for connection 'c5' sink 0 ({'component': 'p1', 'port': '3'} -> {'component': 'p3', 'port': '3'})",687.408,687.231807,1,,,,,,,,,,,,,,Microfluidics-Benchmarks/Results/ilp_full_20260915_165225/logs/mint__Base__Nonplanar__Nonplanar_fromMINT.log,Microfluidics-Benchmarks/Results/ilp_full_20260915_165225/artifacts/mint__Base__Nonplanar__Nonplanar_fromMINT
178,mint,mint__Base__Port_Bank_01__Port_Bank_01_fromMINT,Base/Port_Bank_01/Port_Bank_01_fromMINT.json,/home/student/Desktop/Neptune_2026/Microfluidics-Benchmarks/Results/MINT-TestCases/Base/Port_Bank_01/Port_Bank_01_fromMINT.json,ilp,success,,1215.017,1214.730468,0,optimal,True,1213.877220595954,True,0,False,True,,0,5320000.0,157320000.0,/home/student/Desktop/Neptune_2026/Microfluidics-Benchmarks/Results/ilp_full_20260915_165225/artifacts/mint__Base__Port_Bank_01__Port_Bank_01_fromMINT/result.json,/home/student/Desktop/Neptune_2026/Microfluidics-Benchmarks/Results/ilp_full_20260915_165225/artifacts/mint__Base__Port_Bank_01__Port_Bank_01_fromMINT/metrics.json,Microfluidics-Benchmarks/Results/ilp_full_20260915_165225/logs/mint__Base__Port_Bank_01__Port_Bank_01_fromMINT.log,Microfluidics-Benchmarks/Results/ilp_full_20260915_165225/artifacts/mint__Base__Port_Bank_01__Port_Bank_01_fromMINT
179,mint,mint__Base__Port_Multi_Connection__Port_Multi_Connection_fromMINT,Base/Port_Multi_Connection/Port_Multi_Connection_fromMINT.json,/home/student/Desktop/Neptune_2026/Microfluidics-Benchmarks/Results/MINT-TestCases/Base/Port_Multi_Connection/Port_Multi_Connection_fromMINT.json,ilp,fail,"BaselineError: all routability-aware placement attempts failed for gaps (0.0, 1000.0, 2000.0, 4000.0, 8000.0); last error: All 4 deterministic routing orders failed; order 1: No legal route for connection 'c2' sink 0 ({'component': 'p1', 'port': '2'} -> {'component': 'm2', 'port': '1'}) | order 2: No legal route for connection 'c3' sink 0 ({'component': 'm1', 'port': '2'} -> {'component': 'p2', 'port': '1'}) | order 3: No legal route for connection 'c3' sink 0 ({'component': 'm1', 'port': '2'} -> {'component': 'p2', 'port': '1'}) | order 4: No legal route for connection 'c4' sink 0 ({'component': 'm2', 'port': '2'} -> {'component': 'p2', 'port': '2'})",12.171,12.003449,1,,,,,,,,,,,,,,Microfluidics-Benchmarks/Results/ilp_full_20260915_165225/logs/mint__Base__Port_Multi_Connection__Port_Multi_Connection_fromMINT.log,Microfluidics-Benchmarks/Results/ilp_full_20260915_165225/artifacts/mint__Base__Port_Multi_Connection__Port_Multi_Connection_fromMINT
180,mint,mint__Base__Square_Cell_Trap_Chambers__Square_Cell_Trap_Chambers_fromMINT,Base/Square_Cell_Trap_Chambers/Square_Cell_Trap_Chambers_fromMINT.json,/home/student/Desktop/Neptune_2026/Microfluidics-Benchmarks/Results/MINT-TestCases/Base/Square_Cell_Trap_Chambers/Square_Cell_Trap_Chambers_fromMINT.json,ilp,timeout,exceeded 3600s,3600.078,,,,,,,,,,,,,,,,Microfluidics-Benchmarks/Results/ilp_full_20260915_165225/logs/mint__Base__Square_Cell_Trap_Chambers__Square_Cell_Trap_Chambers_fromMINT.log,Microfluidics-Benchmarks/Results/ilp_full_20260915_165225/artifacts/mint__Base__Square_Cell_Trap_Chambers__Square_Cell_Trap_Chambers_fromMINT
181,mint,mint__Base__Square_Cell_Trap_Ports__Square_Cell_Trap_Ports_fromMINT,Base/Square_Cell_Trap_Ports/Square_Cell_Trap_Ports_fromMINT.json,/home/student/Desktop/Neptune_2026/Microfluidics-Benchmarks/Results/MINT-TestCases/Base/Square_Cell_Trap_Ports/Square_Cell_Trap_Ports_fromMINT.json,ilp,success,,88.809,88.501248,0,optimal,True,86.43069790489972,True,0,True,True,,36000.0,126000000.0,476000000.0,/home/student/Desktop/Neptune_2026/Microfluidics-Benchmarks/Results/ilp_full_20260915_165225/artifacts/mint__Base__Square_Cell_Trap_Ports__Square_Cell_Trap_Ports_fromMINT/result_control.json,/home/student/Desktop/Neptune_2026/Microfluidics-Benchmarks/Results/ilp_full_20260915_165225/artifacts/mint__Base__Square_Cell_Trap_Ports__Square_Cell_Trap_Ports_fromMINT/metrics.json,Microfluidics-Benchmarks/Results/ilp_full_20260915_165225/logs/mint__Base__Square_Cell_Trap_Ports__Square_Cell_Trap_Ports_fromMINT.log,Microfluidics-Benchmarks/Results/ilp_full_20260915_165225/artifacts/mint__Base__Square_Cell_Trap_Ports__Square_Cell_Trap_Ports_fromMINT
182,mint,mint__Base__Super_Mux_1024__Super_Mux_1024_fromMINT,Base/Super_Mux_1024/Super_Mux_1024_fromMINT.json,/home/student/Desktop/Neptune_2026/Microfluidics-Benchmarks/Results/MINT-TestCases/Base/Super_Mux_1024/Super_Mux_1024_fromMINT.json,ilp,timeout,exceeded 3600s,3601.376,,,,,,,,,,,,,,,,Microfluidics-Benchmarks/Results/ilp_full_20260915_165225/logs/mint__Base__Super_Mux_1024__Super_Mux_1024_fromMINT.log,Microfluidics-Benchmarks/Results/ilp_full_20260915_165225/artifacts/mint__Base__Super_Mux_1024__Super_Mux_1024_fromMINT
183,mint,mint__Base__Super_Mux_128__Super_Mux_128_fromMINT,Base/Super_Mux_128/Super_Mux_128_fromMINT.json,/home/student/Desktop/Neptune_2026/Microfluidics-Benchmarks/Results/MINT-TestCases/Base/Super_Mux_128/Super_Mux_128_fromMINT.json,ilp,fail,"BaselineError: all routability-aware placement attempts failed for gaps (0.0, 1000.0, 2000.0, 4000.0, 8000.0); last error: Placement MILP failed: status=2 message=The problem is infeasible. (HiGHS Status 8: model_status is Infeasible; primal_status is None)",51.421,51.233369,1,,,,,,,,,,,,,,Microfluidics-Benchmarks/Results/ilp_full_20260915_165225/logs/mint__Base__Super_Mux_128__Super_Mux_128_fromMINT.log,Microfluidics-Benchmarks/Results/ilp_full_20260915_165225/artifacts/mint__Base__Super_Mux_128__Super_Mux_128_fromMINT
184,mint,mint__Base__Super_Mux_16__Super_Mux_16_fromMINT,Base/Super_Mux_16/Super_Mux_16_fromMINT.json,/home/student/Desktop/Neptune_2026/Microfluidics-Benchmarks/Results/MINT-TestCases/Base/Super_Mux_16/Super_Mux_16_fromMINT.json,ilp,timeout,exceeded 3600s,3600.071,,,,,,,,,,,,,,,,Microfluidics-Benchmarks/Results/ilp_full_20260915_165225/logs/mint__Base__Super_Mux_16__Super_Mux_16_fromMINT.log,Microfluidics-Benchmarks/Results/ilp_full_20260915_165225/artifacts/mint__Base__Super_Mux_16__Super_Mux_16_fromMINT
185,mint,mint__Base__Super_Mux_2__Super_Mux_2_fromMINT,Base/Super_Mux_2/Super_Mux_2_fromMINT.json,/home/student/Desktop/Neptune_2026/Microfluidics-Benchmarks/Results/MINT-TestCases/Base/Super_Mux_2/Super_Mux_2_fromMINT.json,ilp,success,,1.633,1.361334,0,optimal,True,0.47801009216345847,True,0,False,True,,3400.0,58187500.0,312187500.0,/home/student/Desktop/Neptune_2026/Microfluidics-Benchmarks/Results/ilp_full_20260915_165225/artifacts/mint__Base__Super_Mux_2__Super_Mux_2_fromMINT/result.json,/home/student/Desktop/Neptune_2026/Microfluidics-Benchmarks/Results/ilp_full_20260915_165225/artifacts/mint__Base__Super_Mux_2__Super_Mux_2_fromMINT/metrics.json,Microfluidics-Benchmarks/Results/ilp_full_20260915_165225/logs/mint__Base__Super_Mux_2__Super_Mux_2_fromMINT.log,Microfluidics-Benchmarks/Results/ilp_full_20260915_165225/artifacts/mint__Base__Super_Mux_2__Super_Mux_2_fromMINT
186,mint,mint__Base__Super_Mux_256__Super_Mux_256_fromMINT,Base/Super_Mux_256/Super_Mux_256_fromMINT.json,/home/student/Desktop/Neptune_2026/Microfluidics-Benchmarks/Results/MINT-TestCases/Base/Super_Mux_256/Super_Mux_256_fromMINT.json,ilp,fail,"BaselineError: all routability-aware placement attempts failed for gaps (0.0, 1000.0, 2000.0, 4000.0, 8000.0); last error: Placement MILP failed: status=2 message=The problem is infeasible. (HiGHS Status 8: model_status is Infeasible; primal_status is None)",210.836,210.534033,1,,,,,,,,,,,,,,Microfluidics-Benchmarks/Results/ilp_full_20260915_165225/logs/mint__Base__Super_Mux_256__Super_Mux_256_fromMINT.log,Microfluidics-Benchmarks/Results/ilp_full_20260915_165225/artifacts/mint__Base__Super_Mux_256__Super_Mux_256_fromMINT
187,mint,mint__Base__Super_Mux_32__Super_Mux_32_fromMINT,Base/Super_Mux_32/Super_Mux_32_fromMINT.json,/home/student/Desktop/Neptune_2026/Microfluidics-Benchmarks/Results/MINT-TestCases/Base/Super_Mux_32/Super_Mux_32_fromMINT.json,ilp,timeout,exceeded 3600s,3600.117,,,,,,,,,,,,,,,,Microfluidics-Benchmarks/Results/ilp_full_20260915_165225/logs/mint__Base__Super_Mux_32__Super_Mux_32_fromMINT.log,Microfluidics-Benchmarks/Results/ilp_full_20260915_165225/artifacts/mint__Base__Super_Mux_32__Super_Mux_32_fromMINT
188,mint,mint__Base__Super_Mux_4__Super_Mux_4_fromMINT,Base/Super_Mux_4/Super_Mux_4_fromMINT.json,/home/student/Desktop/Neptune_2026/Microfluidics-Benchmarks/Results/MINT-TestCases/Base/Super_Mux_4/Super_Mux_4_fromMINT.json,ilp,success,,2.782,2.554038,0,optimal,True,1.6891600608360022,True,0,False,True,,5000.0,180000000.0,549000000.0,/home/student/Desktop/Neptune_2026/Microfluidics-Benchmarks/Results/ilp_full_20260915_165225/artifacts/mint__Base__Super_Mux_4__Super_Mux_4_fromMINT/result.json,/home/student/Desktop/Neptune_2026/Microfluidics-Benchmarks/Results/ilp_full_20260915_165225/artifacts/mint__Base__Super_Mux_4__Super_Mux_4_fromMINT/metrics.json,Microfluidics-Benchmarks/Results/ilp_full_20260915_165225/logs/mint__Base__Super_Mux_4__Super_Mux_4_fromMINT.log,Microfluidics-Benchmarks/Results/ilp_full_20260915_165225/artifacts/mint__Base__Super_Mux_4__Super_Mux_4_fromMINT
189,mint,mint__Base__Super_Mux_512__Super_Mux_512_fromMINT,Base/Super_Mux_512/Super_Mux_512_fromMINT.json,/home/student/Desktop/Neptune_2026/Microfluidics-Benchmarks/Results/MINT-TestCases/Base/Super_Mux_512/Super_Mux_512_fromMINT.json,ilp,fail,"BaselineError: all routability-aware placement attempts failed for gaps (0.0, 1000.0, 2000.0, 4000.0, 8000.0); last error: Placement MILP failed: status=2 message=The problem is infeasible. (HiGHS Status 8: model_status is Infeasible; primal_status is None)",868.464,868.248127,1,,,,,,,,,,,,,,Microfluidics-Benchmarks/Results/ilp_full_20260915_165225/logs/mint__Base__Super_Mux_512__Super_Mux_512_fromMINT.log,Microfluidics-Benchmarks/Results/ilp_full_20260915_165225/artifacts/mint__Base__Super_Mux_512__Super_Mux_512_fromMINT
190,mint,mint__Base__Super_Mux_64__Super_Mux_64_fromMINT,Base/Super_Mux_64/Super_Mux_64_fromMINT.json,/home/student/Desktop/Neptune_2026/Microfluidics-Benchmarks/Results/MINT-TestCases/Base/Super_Mux_64/Super_Mux_64_fromMINT.json,ilp,fail,"BaselineError: all routability-aware placement attempts failed for gaps (0.0, 1000.0, 2000.0, 4000.0, 8000.0); last error: Placement MILP failed: status=2 message=The problem is infeasible. (HiGHS Status 8: model_status is Infeasible; primal_status is None)",13.114,12.937651,1,,,,,,,,,,,,,,Microfluidics-Benchmarks/Results/ilp_full_20260915_165225/logs/mint__Base__Super_Mux_64__Super_Mux_64_fromMINT.log,Microfluidics-Benchmarks/Results/ilp_full_20260915_165225/artifacts/mint__Base__Super_Mux_64__Super_Mux_64_fromMINT
191,mint,mint__Base__Super_Mux_8__Super_Mux_8_fromMINT,Base/Super_Mux_8/Super_Mux_8_fromMINT.json,/home/student/Desktop/Neptune_2026/Microfluidics-Benchmarks/Results/MINT-TestCases/Base/Super_Mux_8/Super_Mux_8_fromMINT.json,ilp,success,,71.033,70.757647,0,optimal,True,69.89047406800091,True,0,False,True,,9000.0,496637500.0,1060637500.0,/home/student/Desktop/Neptune_2026/Microfluidics-Benchmarks/Results/ilp_full_20260915_165225/artifacts/mint__Base__Super_Mux_8__Super_Mux_8_fromMINT/result.json,/home/student/Desktop/Neptune_2026/Microfluidics-Benchmarks/Results/ilp_full_20260915_165225/artifacts/mint__Base__Super_Mux_8__Super_Mux_8_fromMINT/metrics.json,Microfluidics-Benchmarks/Results/ilp_full_20260915_165225/logs/mint__Base__Super_Mux_8__Super_Mux_8_fromMINT.log,Microfluidics-Benchmarks/Results/ilp_full_20260915_165225/artifacts/mint__Base__Super_Mux_8__Super_Mux_8_fromMINT
192,mint,mint__Base__Test_Mux_01__Test_Mux_01_fromMINT,Base/Test_Mux_01/Test_Mux_01_fromMINT.json,/home/student/Desktop/Neptune_2026/Microfluidics-Benchmarks/Results/MINT-TestCases/Base/Test_Mux_01/Test_Mux_01_fromMINT.json,ilp,timeout,exceeded 3600s,3600.116,,,,,,,,,,,,,,,,Microfluidics-Benchmarks/Results/ilp_full_20260915_165225/logs/mint__Base__Test_Mux_01__Test_Mux_01_fromMINT.log,Microfluidics-Benchmarks/Results/ilp_full_20260915_165225/artifacts/mint__Base__Test_Mux_01__Test_Mux_01_fromMINT
193,mint,mint__Base__Test_Mux_02__Test_Mux_02_fromMINT,Base/Test_Mux_02/Test_Mux_02_fromMINT.json,/home/student/Desktop/Neptune_2026/Microfluidics-Benchmarks/Results/MINT-TestCases/Base/Test_Mux_02/Test_Mux_02_fromMINT.json,ilp,timeout,exceeded 3600s,3600.04,,,,,,,,,,,,,,,,Microfluidics-Benchmarks/Results/ilp_full_20260915_165225/logs/mint__Base__Test_Mux_02__Test_Mux_02_fromMINT.log,Microfluidics-Benchmarks/Results/ilp_full_20260915_165225/artifacts/mint__Base__Test_Mux_02__Test_Mux_02_fromMINT
194,mint,mint__Base__Three_Port_Channel__Three_Port_Channel_fromMINT,Base/Three_Port_Channel/Three_Port_Channel_fromMINT.json,/home/student/Desktop/Neptune_2026/Microfluidics-Benchmarks/Results/MINT-TestCases/Base/Three_Port_Channel/Three_Port_Channel_fromMINT.json,ilp,fail,"BaselineError: all routability-aware placement attempts failed for gaps (0.0, 1000.0, 2000.0, 4000.0, 8000.0); last error: All 2 deterministic routing orders failed; order 1: No legal route for connection 'c2' sink 0 ({'component': 'p2', 'port': '2'} -> {'component': 'p3', 'port': '1'}) | order 2: No legal route for connection 'c1' sink 0 ({'component': 'p1', 'port': '1'} -> {'component': 'p2', 'port': '1'})",8.598,8.43571,1,,,,,,,,,,,,,,Microfluidics-Benchmarks/Results/ilp_full_20260915_165225/logs/mint__Base__Three_Port_Channel__Three_Port_Channel_fromMINT.log,Microfluidics-Benchmarks/Results/ilp_full_20260915_165225/artifacts/mint__Base__Three_Port_Channel__Three_Port_Channel_fromMINT
195,mint,mint__Base__Transposer_Test__Transposer_Test_fromMINT,Base/Transposer_Test/Transposer_Test_fromMINT.json,/home/student/Desktop/Neptune_2026/Microfluidics-Benchmarks/Results/MINT-TestCases/Base/Transposer_Test/Transposer_Test_fromMINT.json,ilp,fail,ValueError: connection 'c12_13' sink component 'v2' not found,0.53,0.342941,1,,,,,,,,,,,,,,Microfluidics-Benchmarks/Results/ilp_full_20260915_165225/logs/mint__Base__Transposer_Test__Transposer_Test_fromMINT.log,Microfluidics-Benchmarks/Results/ilp_full_20260915_165225/artifacts/mint__Base__Transposer_Test__Transposer_Test_fromMINT
196,mint,mint__Base__Tree_Test_01__Tree_Test_01_fromMINT,Base/Tree_Test_01/Tree_Test_01_fromMINT.json,/home/student/Desktop/Neptune_2026/Microfluidics-Benchmarks/Results/MINT-TestCases/Base/Tree_Test_01/Tree_Test_01_fromMINT.json,ilp,timeout,exceeded 3600s,3600.073,,,,,,,,,,,,,,,,Microfluidics-Benchmarks/Results/ilp_full_20260915_165225/logs/mint__Base__Tree_Test_01__Tree_Test_01_fromMINT.log,Microfluidics-Benchmarks/Results/ilp_full_20260915_165225/artifacts/mint__Base__Tree_Test_01__Tree_Test_01_fromMINT
197,mint,mint__Base__Tree_Test_02__Tree_Test_02_fromMINT,Base/Tree_Test_02/Tree_Test_02_fromMINT.json,/home/student/Desktop/Neptune_2026/Microfluidics-Benchmarks/Results/MINT-TestCases/Base/Tree_Test_02/Tree_Test_02_fromMINT.json,ilp,fail,RuntimeError: DRC violations: channel_spacing: channels of connections 'c2' and 'c4' violate the 1000 edge-to-edge clearance; channel_spacing: channels of connections 'c3' and 'c5' violate the 1000 edge-to-edge clearance; channel_component_clearance: channel of connection 'c1' crosses the effective envelope of unrelated component 'ct0'; channel_component_clearance: channel of connection 'c2' crosses the effective envelope of unrelated component 'pin'; channel_component_clearance: channel of connection 'c2' crosses the effective envelope of unrelated component 'pin',3.229,2.973069,1,optimal,True,2.0840639830566943,False,5,False,True,,7000.0,86751000.0,374851000.0,/home/student/Desktop/Neptune_2026/Microfluidics-Benchmarks/Results/ilp_full_20260915_165225/artifacts/mint__Base__Tree_Test_02__Tree_Test_02_fromMINT/result.json,/home/student/Desktop/Neptune_2026/Microfluidics-Benchmarks/Results/ilp_full_20260915_165225/artifacts/mint__Base__Tree_Test_02__Tree_Test_02_fromMINT/metrics.json,Microfluidics-Benchmarks/Results/ilp_full_20260915_165225/logs/mint__Base__Tree_Test_02__Tree_Test_02_fromMINT.log,Microfluidics-Benchmarks/Results/ilp_full_20260915_165225/artifacts/mint__Base__Tree_Test_02__Tree_Test_02_fromMINT
198,mint,mint__Base__Tree_Valve_Test__Tree_Valve_Test_fromMINT,Base/Tree_Valve_Test/Tree_Valve_Test_fromMINT.json,/home/student/Desktop/Neptune_2026/Microfluidics-Benchmarks/Results/MINT-TestCases/Base/Tree_Valve_Test/Tree_Valve_Test_fromMINT.json,ilp,timeout,exceeded 3600s,3600.078,,,,,,,,,,,,,,,,Microfluidics-Benchmarks/Results/ilp_full_20260915_165225/logs/mint__Base__Tree_Valve_Test__Tree_Valve_Test_fromMINT.log,Microfluidics-Benchmarks/Results/ilp_full_20260915_165225/artifacts/mint__Base__Tree_Valve_Test__Tree_Valve_Test_fromMINT
199,mint,mint__CIDAR_Lab_Past_Devices__Chemostat_Chip__Chemostat_Chip_fromMINT,CIDAR_Lab_Past_Devices/Chemostat_Chip/Chemostat_Chip_fromMINT.json,/home/student/Desktop/Neptune_2026/Microfluidics-Benchmarks/Results/MINT-TestCases/CIDAR_Lab_Past_Devices/Chemostat_Chip/Chemostat_Chip_fromMINT.json,ilp,timeout,exceeded 3600s,3600.073,,,,,,,,,,,,,,,,Microfluidics-Benchmarks/Results/ilp_full_20260915_165225/logs/mint__CIDAR_Lab_Past_Devices__Chemostat_Chip__Chemostat_Chip_fromMINT.log,Microfluidics-Benchmarks/Results/ilp_full_20260915_165225/artifacts/mint__CIDAR_Lab_Past_Devices__Chemostat_Chip__Chemostat_Chip_fromMINT
200,mint,mint__CIDAR_Lab_Past_Devices__Dna_Synthesizer__Dna_Synthesizer_fromMINT,CIDAR_Lab_Past_Devices/Dna_Synthesizer/Dna_Synthesizer_fromMINT.json,/home/student/Desktop/Neptune_2026/Microfluidics-Benchmarks/Results/MINT-TestCases/CIDAR_Lab_Past_Devices/Dna_Synthesizer/Dna_Synthesizer_fromMINT.json,ilp,timeout,exceeded 3600s,3600.225,,,,,,,,,,,,,,,,Microfluidics-Benchmarks/Results/ilp_full_20260915_165225/logs/mint__CIDAR_Lab_Past_Devices__Dna_Synthesizer__Dna_Synthesizer_fromMINT.log,Microfluidics-Benchmarks/Results/ilp_full_20260915_165225/artifacts/mint__CIDAR_Lab_Past_Devices__Dna_Synthesizer__Dna_Synthesizer_fromMINT
201,mint,mint__CIDAR_Lab_Past_Devices__Droplet_Merger_Simple__Droplet_Merger_Simple_fromMINT,CIDAR_Lab_Past_Devices/Droplet_Merger_Simple/Droplet_Merger_Simple_fromMINT.json,/home/student/Desktop/Neptune_2026/Microfluidics-Benchmarks/Results/MINT-TestCases/CIDAR_Lab_Past_Devices/Droplet_Merger_Simple/Droplet_Merger_Simple_fromMINT.json,ilp,fail,RuntimeError: DRC violations: channel_spacing: channels of connections 'ca1' and 'ca2' violate the 1000 edge-to-edge clearance; channel_spacing: channels of connections 'ca1' and 'ca3' violate the 1000 edge-to-edge clearance; channel_spacing: channels of connections 'ca2' and 'ca3' violate the 1000 edge-to-edge clearance; channel_spacing: channels of connections 'ca4' and 'cb4' violate the 1000 edge-to-edge clearance; channel_spacing: channels of connections 'ca4' and 'cw' violate the 1000 edge-to-edge clearance,2087.595,2087.277147,1,optimal,True,2086.3951577239204,False,11,False,True,,14000.0,163176000.0,550376000.0,/home/student/Desktop/Neptune_2026/Microfluidics-Benchmarks/Results/ilp_full_20260915_165225/artifacts/mint__CIDAR_Lab_Past_Devices__Droplet_Merger_Simple__Droplet_Merger_Simple_fromMINT/result.json,/home/student/Desktop/Neptune_2026/Microfluidics-Benchmarks/Results/ilp_full_20260915_165225/artifacts/mint__CIDAR_Lab_Past_Devices__Droplet_Merger_Simple__Droplet_Merger_Simple_fromMINT/metrics.json,Microfluidics-Benchmarks/Results/ilp_full_20260915_165225/logs/mint__CIDAR_Lab_Past_Devices__Droplet_Merger_Simple__Droplet_Merger_Simple_fromMINT.log,Microfluidics-Benchmarks/Results/ilp_full_20260915_165225/artifacts/mint__CIDAR_Lab_Past_Devices__Droplet_Merger_Simple__Droplet_Merger_Simple_fromMINT
202,mint,mint__CIDAR_Lab_Past_Devices__Dual_Lane_Droplet__Dual_Lane_Droplet_fromMINT,CIDAR_Lab_Past_Devices/Dual_Lane_Droplet/Dual_Lane_Droplet_fromMINT.json,/home/student/Desktop/Neptune_2026/Microfluidics-Benchmarks/Results/MINT-TestCases/CIDAR_Lab_Past_Devices/Dual_Lane_Droplet/Dual_Lane_Droplet_fromMINT.json,ilp,timeout,exceeded 3600s,3600.066,,,,,,,,,,,,,,,,Microfluidics-Benchmarks/Results/ilp_full_20260915_165225/logs/mint__CIDAR_Lab_Past_Devices__Dual_Lane_Droplet__Dual_Lane_Droplet_fromMINT.log,Microfluidics-Benchmarks/Results/ilp_full_20260915_165225/artifacts/mint__CIDAR_Lab_Past_Devices__Dual_Lane_Droplet__Dual_Lane_Droplet_fromMINT
203,mint,mint__CIDAR_Lab_Past_Devices__Flow_Focus__Flow_Focus_fromMINT,CIDAR_Lab_Past_Devices/Flow_Focus/Flow_Focus_fromMINT.json,/home/student/Desktop/Neptune_2026/Microfluidics-Benchmarks/Results/MINT-TestCases/CIDAR_Lab_Past_Devices/Flow_Focus/Flow_Focus_fromMINT.json,ilp,fail,RuntimeError: DRC violations: channel_spacing: channels of connections 'c1' and 'c2' violate the 1000 edge-to-edge clearance; channel_spacing: channels of connections 'c2' and 'c3' violate the 1000 edge-to-edge clearance,2.088,1.763524,1,optimal,True,0.8349069540854543,False,2,False,True,,5001.0,7575750.0,163745750.0,/home/student/Desktop/Neptune_2026/Microfluidics-Benchmarks/Results/ilp_full_20260915_165225/artifacts/mint__CIDAR_Lab_Past_Devices__Flow_Focus__Flow_Focus_fromMINT/result.json,/home/student/Desktop/Neptune_2026/Microfluidics-Benchmarks/Results/ilp_full_20260915_165225/artifacts/mint__CIDAR_Lab_Past_Devices__Flow_Focus__Flow_Focus_fromMINT/metrics.json,Microfluidics-Benchmarks/Results/ilp_full_20260915_165225/logs/mint__CIDAR_Lab_Past_Devices__Flow_Focus__Flow_Focus_fromMINT.log,Microfluidics-Benchmarks/Results/ilp_full_20260915_165225/artifacts/mint__CIDAR_Lab_Past_Devices__Flow_Focus__Flow_Focus_fromMINT
204,mint,mint__CIDAR_Lab_Past_Devices__Genetic_Clock_Testing_Tool__Genetic_Clock_Testing_Tool_fromMINT,CIDAR_Lab_Past_Devices/Genetic_Clock_Testing_Tool/Genetic_Clock_Testing_Tool_fromMINT.json,/home/student/Desktop/Neptune_2026/Microfluidics-Benchmarks/Results/MINT-TestCases/CIDAR_Lab_Past_Devices/Genetic_Clock_Testing_Tool/Genetic_Clock_Testing_Tool_fromMINT.json,ilp,timeout,exceeded 3600s,3600.034,,,,,,,,,,,,,,,,Microfluidics-Benchmarks/Results/ilp_full_20260915_165225/logs/mint__CIDAR_Lab_Past_Devices__Genetic_Clock_Testing_Tool__Genetic_Clock_Testing_Tool_fromMINT.log,Microfluidics-Benchmarks/Results/ilp_full_20260915_165225/artifacts/mint__CIDAR_Lab_Past_Devices__Genetic_Clock_Testing_Tool__Genetic_Clock_Testing_Tool_fromMINT
205,mint,mint__CIDAR_Lab_Past_Devices__Glycoform__Glycoform_fromMINT,CIDAR_Lab_Past_Devices/Glycoform/Glycoform_fromMINT.json,/home/student/Desktop/Neptune_2026/Microfluidics-Benchmarks/Results/MINT-TestCases/CIDAR_Lab_Past_Devices/Glycoform/Glycoform_fromMINT.json,ilp,timeout,exceeded 3600s,3600.067,,,,,,,,,,,,,,,,Microfluidics-Benchmarks/Results/ilp_full_20260915_165225/logs/mint__CIDAR_Lab_Past_Devices__Glycoform__Glycoform_fromMINT.log,Microfluidics-Benchmarks/Results/ilp_full_20260915_165225/artifacts/mint__CIDAR_Lab_Past_Devices__Glycoform__Glycoform_fromMINT
206,mint,mint__CIDAR_Lab_Past_Devices__Grad_Cells__Grad_Cells_fromMINT,CIDAR_Lab_Past_Devices/Grad_Cells/Grad_Cells_fromMINT.json,/home/student/Desktop/Neptune_2026/Microfluidics-Benchmarks/Results/MINT-TestCases/CIDAR_Lab_Past_Devices/Grad_Cells/Grad_Cells_fromMINT.json,ilp,timeout,exceeded 3600s,3600.117,,,,,,,,,,,,,,,,Microfluidics-Benchmarks/Results/ilp_full_20260915_165225/logs/mint__CIDAR_Lab_Past_Devices__Grad_Cells__Grad_Cells_fromMINT.log,Microfluidics-Benchmarks/Results/ilp_full_20260915_165225/artifacts/mint__CIDAR_Lab_Past_Devices__Grad_Cells__Grad_Cells_fromMINT
207,mint,mint__CIDAR_Lab_Past_Devices__Gradient__Gradient_fromMINT,CIDAR_Lab_Past_Devices/Gradient/Gradient_fromMINT.json,/home/student/Desktop/Neptune_2026/Microfluidics-Benchmarks/Results/MINT-TestCases/CIDAR_Lab_Past_Devices/Gradient/Gradient_fromMINT.json,ilp,timeout,exceeded 3600s,3600.117,,,,,,,,,,,,,,,,Microfluidics-Benchmarks/Results/ilp_full_20260915_165225/logs/mint__CIDAR_Lab_Past_Devices__Gradient__Gradient_fromMINT.log,Microfluidics-Benchmarks/Results/ilp_full_20260915_165225/artifacts/mint__CIDAR_Lab_Past_Devices__Gradient__Gradient_fromMINT
208,mint,mint__CIDAR_Lab_Past_Devices__Grid_02__Grid_02_fromMINT,CIDAR_Lab_Past_Devices/Grid_02/Grid_02_fromMINT.json,/home/student/Desktop/Neptune_2026/Microfluidics-Benchmarks/Results/MINT-TestCases/CIDAR_Lab_Past_Devices/Grid_02/Grid_02_fromMINT.json,ilp,timeout,exceeded 3600s,3600.067,,,,,,,,,,,,,,,,Microfluidics-Benchmarks/Results/ilp_full_20260915_165225/logs/mint__CIDAR_Lab_Past_Devices__Grid_02__Grid_02_fromMINT.log,Microfluidics-Benchmarks/Results/ilp_full_20260915_165225/artifacts/mint__CIDAR_Lab_Past_Devices__Grid_02__Grid_02_fromMINT
209,mint,mint__CIDAR_Lab_Past_Devices__Hasty_Cell_Traps__Hasty_Cell_Traps_fromMINT,CIDAR_Lab_Past_Devices/Hasty_Cell_Traps/Hasty_Cell_Traps_fromMINT.json,/home/student/Desktop/Neptune_2026/Microfluidics-Benchmarks/Results/MINT-TestCases/CIDAR_Lab_Past_Devices/Hasty_Cell_Traps/Hasty_Cell_Traps_fromMINT.json,ilp,success,,1271.083,1270.827356,0,optimal,True,1269.9221693919972,True,0,False,True,,87200.0,330480000.0,796480000.0,/home/student/Desktop/Neptune_2026/Microfluidics-Benchmarks/Results/ilp_full_20260915_165225/artifacts/mint__CIDAR_Lab_Past_Devices__Hasty_Cell_Traps__Hasty_Cell_Traps_fromMINT/result.json,/home/student/Desktop/Neptune_2026/Microfluidics-Benchmarks/Results/ilp_full_20260915_165225/artifacts/mint__CIDAR_Lab_Past_Devices__Hasty_Cell_Traps__Hasty_Cell_Traps_fromMINT/metrics.json,Microfluidics-Benchmarks/Results/ilp_full_20260915_165225/logs/mint__CIDAR_Lab_Past_Devices__Hasty_Cell_Traps__Hasty_Cell_Traps_fromMINT.log,Microfluidics-Benchmarks/Results/ilp_full_20260915_165225/artifacts/mint__CIDAR_Lab_Past_Devices__Hasty_Cell_Traps__Hasty_Cell_Traps_fromMINT
210,mint,mint__CIDAR_Lab_Past_Devices__Hmlp_Dual_Bank__Hmlp_Dual_Bank_fromMINT,CIDAR_Lab_Past_Devices/Hmlp_Dual_Bank/Hmlp_Dual_Bank_fromMINT.json,/home/student/Desktop/Neptune_2026/Microfluidics-Benchmarks/Results/MINT-TestCases/CIDAR_Lab_Past_Devices/Hmlp_Dual_Bank/Hmlp_Dual_Bank_fromMINT.json,ilp,timeout,exceeded 3600s,3600.166,,,,,,,,,,,,,,,,Microfluidics-Benchmarks/Results/ilp_full_20260915_165225/logs/mint__CIDAR_Lab_Past_Devices__Hmlp_Dual_Bank__Hmlp_Dual_Bank_fromMINT.log,Microfluidics-Benchmarks/Results/ilp_full_20260915_165225/artifacts/mint__CIDAR_Lab_Past_Devices__Hmlp_Dual_Bank__Hmlp_Dual_Bank_fromMINT
211,mint,mint__CIDAR_Lab_Past_Devices__Incubator__Incubator_fromMINT,CIDAR_Lab_Past_Devices/Incubator/Incubator_fromMINT.json,/home/student/Desktop/Neptune_2026/Microfluidics-Benchmarks/Results/MINT-TestCases/CIDAR_Lab_Past_Devices/Incubator/Incubator_fromMINT.json,ilp,timeout,exceeded 3600s,3600.075,,,,,,,,,,,,,,,,Microfluidics-Benchmarks/Results/ilp_full_20260915_165225/logs/mint__CIDAR_Lab_Past_Devices__Incubator__Incubator_fromMINT.log,Microfluidics-Benchmarks/Results/ilp_full_20260915_165225/artifacts/mint__CIDAR_Lab_Past_Devices__Incubator__Incubator_fromMINT
212,mint,mint__CIDAR_Lab_Past_Devices__Inlet_16__Inlet_16_fromMINT,CIDAR_Lab_Past_Devices/Inlet_16/Inlet_16_fromMINT.json,/home/student/Desktop/Neptune_2026/Microfluidics-Benchmarks/Results/MINT-TestCases/CIDAR_Lab_Past_Devices/Inlet_16/Inlet_16_fromMINT.json,ilp,timeout,exceeded 3600s,3600.218,,,,,,,,,,,,,,,,Microfluidics-Benchmarks/Results/ilp_full_20260915_165225/logs/mint__CIDAR_Lab_Past_Devices__Inlet_16__Inlet_16_fromMINT.log,Microfluidics-Benchmarks/Results/ilp_full_20260915_165225/artifacts/mint__CIDAR_Lab_Past_Devices__Inlet_16__Inlet_16_fromMINT
213,mint,mint__CIDAR_Lab_Past_Devices__Kinetics__Kinetics_fromMINT,CIDAR_Lab_Past_Devices/Kinetics/Kinetics_fromMINT.json,/home/student/Desktop/Neptune_2026/Microfluidics-Benchmarks/Results/MINT-TestCases/CIDAR_Lab_Past_Devices/Kinetics/Kinetics_fromMINT.json,ilp,success,,322.081,321.777928,0,optimal,True,320.84331730008125,True,0,False,True,,17600.0,110915200.0,480715200.0,/home/student/Desktop/Neptune_2026/Microfluidics-Benchmarks/Results/ilp_full_20260915_165225/artifacts/mint__CIDAR_Lab_Past_Devices__Kinetics__Kinetics_fromMINT/result.json,/home/student/Desktop/Neptune_2026/Microfluidics-Benchmarks/Results/ilp_full_20260915_165225/artifacts/mint__CIDAR_Lab_Past_Devices__Kinetics__Kinetics_fromMINT/metrics.json,Microfluidics-Benchmarks/Results/ilp_full_20260915_165225/logs/mint__CIDAR_Lab_Past_Devices__Kinetics__Kinetics_fromMINT.log,Microfluidics-Benchmarks/Results/ilp_full_20260915_165225/artifacts/mint__CIDAR_Lab_Past_Devices__Kinetics__Kinetics_fromMINT
214,mint,mint__CIDAR_Lab_Past_Devices__Logic_04__Logic_04_fromMINT,CIDAR_Lab_Past_Devices/Logic_04/Logic_04_fromMINT.json,/home/student/Desktop/Neptune_2026/Microfluidics-Benchmarks/Results/MINT-TestCases/CIDAR_Lab_Past_Devices/Logic_04/Logic_04_fromMINT.json,ilp,timeout,exceeded 3600s,3600.073,,,,,,,,,,,,,,,,Microfluidics-Benchmarks/Results/ilp_full_20260915_165225/logs/mint__CIDAR_Lab_Past_Devices__Logic_04__Logic_04_fromMINT.log,Microfluidics-Benchmarks/Results/ilp_full_20260915_165225/artifacts/mint__CIDAR_Lab_Past_Devices__Logic_04__Logic_04_fromMINT
215,mint,mint__CIDAR_Lab_Past_Devices__Mfd_005_Chip__Mfd_005_Chip_fromMINT,CIDAR_Lab_Past_Devices/Mfd_005_Chip/Mfd_005_Chip_fromMINT.json,/home/student/Desktop/Neptune_2026/Microfluidics-Benchmarks/Results/MINT-TestCases/CIDAR_Lab_Past_Devices/Mfd_005_Chip/Mfd_005_Chip_fromMINT.json,ilp,timeout,exceeded 3600s,3600.035,,,,,,,,,,,,,,,,Microfluidics-Benchmarks/Results/ilp_full_20260915_165225/logs/mint__CIDAR_Lab_Past_Devices__Mfd_005_Chip__Mfd_005_Chip_fromMINT.log,Microfluidics-Benchmarks/Results/ilp_full_20260915_165225/artifacts/mint__CIDAR_Lab_Past_Devices__Mfd_005_Chip__Mfd_005_Chip_fromMINT
216,mint,mint__CIDAR_Lab_Past_Devices__Microalgal_Bioassay__Microalgal_Bioassay_fromMINT,CIDAR_Lab_Past_Devices/Microalgal_Bioassay/Microalgal_Bioassay_fromMINT.json,/home/student/Desktop/Neptune_2026/Microfluidics-Benchmarks/Results/MINT-TestCases/CIDAR_Lab_Past_Devices/Microalgal_Bioassay/Microalgal_Bioassay_fromMINT.json,ilp,timeout,exceeded 3600s,3600.077,,,,,,,,,,,,,,,,Microfluidics-Benchmarks/Results/ilp_full_20260915_165225/logs/mint__CIDAR_Lab_Past_Devices__Microalgal_Bioassay__Microalgal_Bioassay_fromMINT.log,Microfluidics-Benchmarks/Results/ilp_full_20260915_165225/artifacts/mint__CIDAR_Lab_Past_Devices__Microalgal_Bioassay__Microalgal_Bioassay_fromMINT
217,mint,mint__CIDAR_Lab_Past_Devices__Microdroplet__Microdroplet_fromMINT,CIDAR_Lab_Past_Devices/Microdroplet/Microdroplet_fromMINT.json,/home/student/Desktop/Neptune_2026/Microfluidics-Benchmarks/Results/MINT-TestCases/CIDAR_Lab_Past_Devices/Microdroplet/Microdroplet_fromMINT.json,ilp,timeout,exceeded 3600s,3600.119,,,,,,,,,,,,,,,,Microfluidics-Benchmarks/Results/ilp_full_20260915_165225/logs/mint__CIDAR_Lab_Past_Devices__Microdroplet__Microdroplet_fromMINT.log,Microfluidics-Benchmarks/Results/ilp_full_20260915_165225/artifacts/mint__CIDAR_Lab_Past_Devices__Microdroplet__Microdroplet_fromMINT
218,mint,mint__CIDAR_Lab_Past_Devices__Microreactor__Microreactor_fromMINT,CIDAR_Lab_Past_Devices/Microreactor/Microreactor_fromMINT.json,/home/student/Desktop/Neptune_2026/Microfluidics-Benchmarks/Results/MINT-TestCases/CIDAR_Lab_Past_Devices/Microreactor/Microreactor_fromMINT.json,ilp,timeout,exceeded 3600s,3600.069,,,,,,,,,,,,,,,,Microfluidics-Benchmarks/Results/ilp_full_20260915_165225/logs/mint__CIDAR_Lab_Past_Devices__Microreactor__Microreactor_fromMINT.log,Microfluidics-Benchmarks/Results/ilp_full_20260915_165225/artifacts/mint__CIDAR_Lab_Past_Devices__Microreactor__Microreactor_fromMINT
219,mint,mint__CIDAR_Lab_Past_Devices__Mix_Incubate_Express__Mix_Incubate_Express_fromMINT,CIDAR_Lab_Past_Devices/Mix_Incubate_Express/Mix_Incubate_Express_fromMINT.json,/home/student/Desktop/Neptune_2026/Microfluidics-Benchmarks/Results/MINT-TestCases/CIDAR_Lab_Past_Devices/Mix_Incubate_Express/Mix_Incubate_Express_fromMINT.json,ilp,success,,51.916,51.673716,0,optimal,True,50.81664261291735,True,0,False,True,,14400.0,149296000.0,571896000.0,/home/student/Desktop/Neptune_2026/Microfluidics-Benchmarks/Results/ilp_full_20260915_165225/artifacts/mint__CIDAR_Lab_Past_Devices__Mix_Incubate_Express__Mix_Incubate_Express_fromMINT/result.json,/home/student/Desktop/Neptune_2026/Microfluidics-Benchmarks/Results/ilp_full_20260915_165225/artifacts/mint__CIDAR_Lab_Past_Devices__Mix_Incubate_Express__Mix_Incubate_Express_fromMINT/metrics.json,Microfluidics-Benchmarks/Results/ilp_full_20260915_165225/logs/mint__CIDAR_Lab_Past_Devices__Mix_Incubate_Express__Mix_Incubate_Express_fromMINT.log,Microfluidics-Benchmarks/Results/ilp_full_20260915_165225/artifacts/mint__CIDAR_Lab_Past_Devices__Mix_Incubate_Express__Mix_Incubate_Express_fromMINT
220,mint,mint__CIDAR_Lab_Past_Devices__Mixer_Trap_Simple__Mixer_Trap_Simple_fromMINT,CIDAR_Lab_Past_Devices/Mixer_Trap_Simple/Mixer_Trap_Simple_fromMINT.json,/home/student/Desktop/Neptune_2026/Microfluidics-Benchmarks/Results/MINT-TestCases/CIDAR_Lab_Past_Devices/Mixer_Trap_Simple/Mixer_Trap_Simple_fromMINT.json,ilp,success,,1.874,1.64017,0,optimal,True,0.7975618720520288,True,0,False,True,,4000.0,35200000.0,331200000.0,/home/student/Desktop/Neptune_2026/Microfluidics-Benchmarks/Results/ilp_full_20260915_165225/artifacts/mint__CIDAR_Lab_Past_Devices__Mixer_Trap_Simple__Mixer_Trap_Simple_fromMINT/result.json,/home/student/Desktop/Neptune_2026/Microfluidics-Benchmarks/Results/ilp_full_20260915_165225/artifacts/mint__CIDAR_Lab_Past_Devices__Mixer_Trap_Simple__Mixer_Trap_Simple_fromMINT/metrics.json,Microfluidics-Benchmarks/Results/ilp_full_20260915_165225/logs/mint__CIDAR_Lab_Past_Devices__Mixer_Trap_Simple__Mixer_Trap_Simple_fromMINT.log,Microfluidics-Benchmarks/Results/ilp_full_20260915_165225/artifacts/mint__CIDAR_Lab_Past_Devices__Mixer_Trap_Simple__Mixer_Trap_Simple_fromMINT
221,mint,mint__CIDAR_Lab_Past_Devices__Multi_Input__Multi_Input_fromMINT,CIDAR_Lab_Past_Devices/Multi_Input/Multi_Input_fromMINT.json,/home/student/Desktop/Neptune_2026/Microfluidics-Benchmarks/Results/MINT-TestCases/CIDAR_Lab_Past_Devices/Multi_Input/Multi_Input_fromMINT.json,ilp,timeout,exceeded 3600s,3600.067,,,,,,,,,,,,,,,,Microfluidics-Benchmarks/Results/ilp_full_20260915_165225/logs/mint__CIDAR_Lab_Past_Devices__Multi_Input__Multi_Input_fromMINT.log,Microfluidics-Benchmarks/Results/ilp_full_20260915_165225/artifacts/mint__CIDAR_Lab_Past_Devices__Multi_Input__Multi_Input_fromMINT
222,mint,mint__CIDAR_Lab_Past_Devices__Mux_96_Chambers__Mux_96_Chambers_fromMINT,CIDAR_Lab_Past_Devices/Mux_96_Chambers/Mux_96_Chambers_fromMINT.json,/home/student/Desktop/Neptune_2026/Microfluidics-Benchmarks/Results/MINT-TestCases/CIDAR_Lab_Past_Devices/Mux_96_Chambers/Mux_96_Chambers_fromMINT.json,ilp,timeout,exceeded 3600s,3600.419,,,,,,,,,,,,,,,,Microfluidics-Benchmarks/Results/ilp_full_20260915_165225/logs/mint__CIDAR_Lab_Past_Devices__Mux_96_Chambers__Mux_96_Chambers_fromMINT.log,Microfluidics-Benchmarks/Results/ilp_full_20260915_165225/artifacts/mint__CIDAR_Lab_Past_Devices__Mux_96_Chambers__Mux_96_Chambers_fromMINT
223,mint,mint__CIDAR_Lab_Past_Devices__Net_Mux__Net_Mux_fromMINT,CIDAR_Lab_Past_Devices/Net_Mux/Net_Mux_fromMINT.json,/home/student/Desktop/Neptune_2026/Microfluidics-Benchmarks/Results/MINT-TestCases/CIDAR_Lab_Past_Devices/Net_Mux/Net_Mux_fromMINT.json,ilp,timeout,exceeded 3600s,3600.117,,,,,,,,,,,,,,,,Microfluidics-Benchmarks/Results/ilp_full_20260915_165225/logs/mint__CIDAR_Lab_Past_Devices__Net_Mux__Net_Mux_fromMINT.log,Microfluidics-Benchmarks/Results/ilp_full_20260915_165225/artifacts/mint__CIDAR_Lab_Past_Devices__Net_Mux__Net_Mux_fromMINT
224,mint,mint__CIDAR_Lab_Past_Devices__Nine_To_One_Mux__Nine_To_One_Mux_fromMINT,CIDAR_Lab_Past_Devices/Nine_To_One_Mux/Nine_To_One_Mux_fromMINT.json,/home/student/Desktop/Neptune_2026/Microfluidics-Benchmarks/Results/MINT-TestCases/CIDAR_Lab_Past_Devices/Nine_To_One_Mux/Nine_To_One_Mux_fromMINT.json,ilp,timeout,exceeded 3600s,3600.067,,,,,,,,,,,,,,,,Microfluidics-Benchmarks/Results/ilp_full_20260915_165225/logs/mint__CIDAR_Lab_Past_Devices__Nine_To_One_Mux__Nine_To_One_Mux_fromMINT.log,Microfluidics-Benchmarks/Results/ilp_full_20260915_165225/artifacts/mint__CIDAR_Lab_Past_Devices__Nine_To_One_Mux__Nine_To_One_Mux_fromMINT
225,mint,mint__CIDAR_Lab_Past_Devices__Number_Declarations__Number_Declarations_fromMINT,CIDAR_Lab_Past_Devices/Number_Declarations/Number_Declarations_fromMINT.json,/home/student/Desktop/Neptune_2026/Microfluidics-Benchmarks/Results/MINT-TestCases/CIDAR_Lab_Past_Devices/Number_Declarations/Number_Declarations_fromMINT.json,ilp,success,,1.276,0.967249,0,optimal,True,0.07687015715055168,True,0,False,True,,1000.0,5320000.0,157320000.0,/home/student/Desktop/Neptune_2026/Microfluidics-Benchmarks/Results/ilp_full_20260915_165225/artifacts/mint__CIDAR_Lab_Past_Devices__Number_Declarations__Number_Declarations_fromMINT/result.json,/home/student/Desktop/Neptune_2026/Microfluidics-Benchmarks/Results/ilp_full_20260915_165225/artifacts/mint__CIDAR_Lab_Past_Devices__Number_Declarations__Number_Declarations_fromMINT/metrics.json,Microfluidics-Benchmarks/Results/ilp_full_20260915_165225/logs/mint__CIDAR_Lab_Past_Devices__Number_Declarations__Number_Declarations_fromMINT.log,Microfluidics-Benchmarks/Results/ilp_full_20260915_165225/artifacts/mint__CIDAR_Lab_Past_Devices__Number_Declarations__Number_Declarations_fromMINT
226,mint,mint__CIDAR_Lab_Past_Devices__Olfactory__Olfactory_fromMINT,CIDAR_Lab_Past_Devices/Olfactory/Olfactory_fromMINT.json,/home/student/Desktop/Neptune_2026/Microfluidics-Benchmarks/Results/MINT-TestCases/CIDAR_Lab_Past_Devices/Olfactory/Olfactory_fromMINT.json,ilp,timeout,exceeded 3600s,3600.069,,,,,,,,,,,,,,,,Microfluidics-Benchmarks/Results/ilp_full_20260915_165225/logs/mint__CIDAR_Lab_Past_Devices__Olfactory__Olfactory_fromMINT.log,Microfluidics-Benchmarks/Results/ilp_full_20260915_165225/artifacts/mint__CIDAR_Lab_Past_Devices__Olfactory__Olfactory_fromMINT
227,mint,mint__CIDAR_Lab_Past_Devices__Pump_Passthrough__Pump_Passthrough_fromMINT,CIDAR_Lab_Past_Devices/Pump_Passthrough/Pump_Passthrough_fromMINT.json,/home/student/Desktop/Neptune_2026/Microfluidics-Benchmarks/Results/MINT-TestCases/CIDAR_Lab_Past_Devices/Pump_Passthrough/Pump_Passthrough_fromMINT.json,ilp,success,,1.272,0.972547,0,optimal,True,0.07906305696815252,True,0,False,True,,1000.0,5320000.0,157320000.0,/home/student/Desktop/Neptune_2026/Microfluidics-Benchmarks/Results/ilp_full_20260915_165225/artifacts/mint__CIDAR_Lab_Past_Devices__Pump_Passthrough__Pump_Passthrough_fromMINT/result.json,/home/student/Desktop/Neptune_2026/Microfluidics-Benchmarks/Results/ilp_full_20260915_165225/artifacts/mint__CIDAR_Lab_Past_Devices__Pump_Passthrough__Pump_Passthrough_fromMINT/metrics.json,Microfluidics-Benchmarks/Results/ilp_full_20260915_165225/logs/mint__CIDAR_Lab_Past_Devices__Pump_Passthrough__Pump_Passthrough_fromMINT.log,Microfluidics-Benchmarks/Results/ilp_full_20260915_165225/artifacts/mint__CIDAR_Lab_Past_Devices__Pump_Passthrough__Pump_Passthrough_fromMINT
228,mint,mint__CIDAR_Lab_Past_Devices__Ring__Ring_fromMINT,CIDAR_Lab_Past_Devices/Ring/Ring_fromMINT.json,/home/student/Desktop/Neptune_2026/Microfluidics-Benchmarks/Results/MINT-TestCases/CIDAR_Lab_Past_Devices/Ring/Ring_fromMINT.json,ilp,success,,263.49,263.191165,0,optimal,True,262.2755513507873,True,0,False,True,,17600.0,88995200.0,448795200.0,/home/student/Desktop/Neptune_2026/Microfluidics-Benchmarks/Results/ilp_full_20260915_165225/artifacts/mint__CIDAR_Lab_Past_Devices__Ring__Ring_fromMINT/result.json,/home/student/Desktop/Neptune_2026/Microfluidics-Benchmarks/Results/ilp_full_20260915_165225/artifacts/mint__CIDAR_Lab_Past_Devices__Ring__Ring_fromMINT/metrics.json,Microfluidics-Benchmarks/Results/ilp_full_20260915_165225/logs/mint__CIDAR_Lab_Past_Devices__Ring__Ring_fromMINT.log,Microfluidics-Benchmarks/Results/ilp_full_20260915_165225/artifacts/mint__CIDAR_Lab_Past_Devices__Ring__Ring_fromMINT
229,mint,mint__CIDAR_Lab_Past_Devices__Root_Chip__Root_Chip_fromMINT,CIDAR_Lab_Past_Devices/Root_Chip/Root_Chip_fromMINT.json,/home/student/Desktop/Neptune_2026/Microfluidics-Benchmarks/Results/MINT-TestCases/CIDAR_Lab_Past_Devices/Root_Chip/Root_Chip_fromMINT.json,ilp,timeout,exceeded 3600s,3600.119,,,,,,,,,,,,,,,,Microfluidics-Benchmarks/Results/ilp_full_20260915_165225/logs/mint__CIDAR_Lab_Past_Devices__Root_Chip__Root_Chip_fromMINT.log,Microfluidics-Benchmarks/Results/ilp_full_20260915_165225/artifacts/mint__CIDAR_Lab_Past_Devices__Root_Chip__Root_Chip_fromMINT
230,mint,mint__CIDAR_Lab_Past_Devices__Rotary_16__Rotary_16_fromMINT,CIDAR_Lab_Past_Devices/Rotary_16/Rotary_16_fromMINT.json,/home/student/Desktop/Neptune_2026/Microfluidics-Benchmarks/Results/MINT-TestCases/CIDAR_Lab_Past_Devices/Rotary_16/Rotary_16_fromMINT.json,ilp,timeout,exceeded 3600s,3600.224,,,,,,,,,,,,,,,,Microfluidics-Benchmarks/Results/ilp_full_20260915_165225/logs/mint__CIDAR_Lab_Past_Devices__Rotary_16__Rotary_16_fromMINT.log,Microfluidics-Benchmarks/Results/ilp_full_20260915_165225/artifacts/mint__CIDAR_Lab_Past_Devices__Rotary_16__Rotary_16_fromMINT
231,mint,mint__CIDAR_Lab_Past_Devices__Rotary_Cells__Rotary_Cells_fromMINT,CIDAR_Lab_Past_Devices/Rotary_Cells/Rotary_Cells_fromMINT.json,/home/student/Desktop/Neptune_2026/Microfluidics-Benchmarks/Results/MINT-TestCases/CIDAR_Lab_Past_Devices/Rotary_Cells/Rotary_Cells_fromMINT.json,ilp,timeout,exceeded 3600s,3600.067,,,,,,,,,,,,,,,,Microfluidics-Benchmarks/Results/ilp_full_20260915_165225/logs/mint__CIDAR_Lab_Past_Devices__Rotary_Cells__Rotary_Cells_fromMINT.log,Microfluidics-Benchmarks/Results/ilp_full_20260915_165225/artifacts/mint__CIDAR_Lab_Past_Devices__Rotary_Cells__Rotary_Cells_fromMINT
232,mint,mint__CIDAR_Lab_Past_Devices__Seeding__Seeding_fromMINT,CIDAR_Lab_Past_Devices/Seeding/Seeding_fromMINT.json,/home/student/Desktop/Neptune_2026/Microfluidics-Benchmarks/Results/MINT-TestCases/CIDAR_Lab_Past_Devices/Seeding/Seeding_fromMINT.json,ilp,timeout,exceeded 3600s,3600.129,,,,,,,,,,,,,,,,Microfluidics-Benchmarks/Results/ilp_full_20260915_165225/logs/mint__CIDAR_Lab_Past_Devices__Seeding__Seeding_fromMINT.log,Microfluidics-Benchmarks/Results/ilp_full_20260915_165225/artifacts/mint__CIDAR_Lab_Past_Devices__Seeding__Seeding_fromMINT
233,mint,mint__CIDAR_Lab_Past_Devices__Single_Port__Single_Port_fromMINT,CIDAR_Lab_Past_Devices/Single_Port/Single_Port_fromMINT.json,/home/student/Desktop/Neptune_2026/Microfluidics-Benchmarks/Results/MINT-TestCases/CIDAR_Lab_Past_Devices/Single_Port/Single_Port_fromMINT.json,ilp,success,,1.22,0.922022,0,optimal,True,0.017775998916476965,True,0,False,True,,0,40000.0,104040000.0,/home/student/Desktop/Neptune_2026/Microfluidics-Benchmarks/Results/ilp_full_20260915_165225/artifacts/mint__CIDAR_Lab_Past_Devices__Single_Port__Single_Port_fromMINT/result.json,/home/student/Desktop/Neptune_2026/Microfluidics-Benchmarks/Results/ilp_full_20260915_165225/artifacts/mint__CIDAR_Lab_Past_Devices__Single_Port__Single_Port_fromMINT/metrics.json,Microfluidics-Benchmarks/Results/ilp_full_20260915_165225/logs/mint__CIDAR_Lab_Past_Devices__Single_Port__Single_Port_fromMINT.log,Microfluidics-Benchmarks/Results/ilp_full_20260915_165225/artifacts/mint__CIDAR_Lab_Past_Devices__Single_Port__Single_Port_fromMINT
234,mint,mint__CIDAR_Lab_Past_Devices__Three_Reagent_Mix__Three_Reagent_Mix_fromMINT,CIDAR_Lab_Past_Devices/Three_Reagent_Mix/Three_Reagent_Mix_fromMINT.json,/home/student/Desktop/Neptune_2026/Microfluidics-Benchmarks/Results/MINT-TestCases/CIDAR_Lab_Past_Devices/Three_Reagent_Mix/Three_Reagent_Mix_fromMINT.json,ilp,timeout,exceeded 3600s,3600.05,,,,,,,,,,,,,,,,Microfluidics-Benchmarks/Results/ilp_full_20260915_165225/logs/mint__CIDAR_Lab_Past_Devices__Three_Reagent_Mix__Three_Reagent_Mix_fromMINT.log,Microfluidics-Benchmarks/Results/ilp_full_20260915_165225/artifacts/mint__CIDAR_Lab_Past_Devices__Three_Reagent_Mix__Three_Reagent_Mix_fromMINT
235,mint,mint__Constraints__Array_Constraint__Array_Constraint_fromMINT,Constraints/Array_Constraint/Array_Constraint_fromMINT.json,/home/student/Desktop/Neptune_2026/Microfluidics-Benchmarks/Results/MINT-TestCases/Constraints/Array_Constraint/Array_Constraint_fromMINT.json,ilp,timeout,exceeded 3600s,3600.222,,,,,,,,,,,,,,,,Microfluidics-Benchmarks/Results/ilp_full_20260915_165225/logs/mint__Constraints__Array_Constraint__Array_Constraint_fromMINT.log,Microfluidics-Benchmarks/Results/ilp_full_20260915_165225/artifacts/mint__Constraints__Array_Constraint__Array_Constraint_fromMINT
236,mint,mint__Constraints__Orthogonal_Constraint__Orthogonal_Constraint_fromMINT,Constraints/Orthogonal_Constraint/Orthogonal_Constraint_fromMINT.json,/home/student/Desktop/Neptune_2026/Microfluidics-Benchmarks/Results/MINT-TestCases/Constraints/Orthogonal_Constraint/Orthogonal_Constraint_fromMINT.json,ilp,fail,RuntimeError: DRC violations: channel_spacing: channels of connections 'c_north' and 'c_south' violate the 1000 edge-to-edge clearance; channel_spacing: channels of connections 'c_north' and 'c_east' violate the 1000 edge-to-edge clearance; channel_spacing: channels of connections 'c_north' and 'c_west' violate the 1000 edge-to-edge clearance; channel_spacing: channels of connections 'c_south' and 'c_east' violate the 1000 edge-to-edge clearance; channel_spacing: channels of connections 'c_south' and 'c_west' violate the 1000 edge-to-edge clearance,20.849,20.517933,1,optimal,True,19.59951491607353,False,6,False,True,,7600.0,145600000.0,489600000.0,/home/student/Desktop/Neptune_2026/Microfluidics-Benchmarks/Results/ilp_full_20260915_165225/artifacts/mint__Constraints__Orthogonal_Constraint__Orthogonal_Constraint_fromMINT/result.json,/home/student/Desktop/Neptune_2026/Microfluidics-Benchmarks/Results/ilp_full_20260915_165225/artifacts/mint__Constraints__Orthogonal_Constraint__Orthogonal_Constraint_fromMINT/metrics.json,Microfluidics-Benchmarks/Results/ilp_full_20260915_165225/logs/mint__Constraints__Orthogonal_Constraint__Orthogonal_Constraint_fromMINT.log,Microfluidics-Benchmarks/Results/ilp_full_20260915_165225/artifacts/mint__Constraints__Orthogonal_Constraint__Orthogonal_Constraint_fromMINT
237,mint,mint__Constraints__Orthogonal_Constraint_Large__Orthogonal_Constraint_Large_fromMINT,Constraints/Orthogonal_Constraint_Large/Orthogonal_Constraint_Large_fromMINT.json,/home/student/Desktop/Neptune_2026/Microfluidics-Benchmarks/Results/MINT-TestCases/Constraints/Orthogonal_Constraint_Large/Orthogonal_Constraint_Large_fromMINT.json,ilp,timeout,exceeded 3600s,3600.08,,,,,,,,,,,,,,,,Microfluidics-Benchmarks/Results/ilp_full_20260915_165225/logs/mint__Constraints__Orthogonal_Constraint_Large__Orthogonal_Constraint_Large_fromMINT.log,Microfluidics-Benchmarks/Results/ilp_full_20260915_165225/artifacts/mint__Constraints__Orthogonal_Constraint_Large__Orthogonal_Constraint_Large_fromMINT
238,mint,mint__Constraints__Position_Constraint__Position_Constraint_fromMINT,Constraints/Position_Constraint/Position_Constraint_fromMINT.json,/home/student/Desktop/Neptune_2026/Microfluidics-Benchmarks/Results/MINT-TestCases/Constraints/Position_Constraint/Position_Constraint_fromMINT.json,ilp,success,,1.625,1.311151,0,optimal,True,0.40102903614751995,True,0,False,True,,2000.0,94120000.0,469420000.0,/home/student/Desktop/Neptune_2026/Microfluidics-Benchmarks/Results/ilp_full_20260915_165225/artifacts/mint__Constraints__Position_Constraint__Position_Constraint_fromMINT/result.json,/home/student/Desktop/Neptune_2026/Microfluidics-Benchmarks/Results/ilp_full_20260915_165225/artifacts/mint__Constraints__Position_Constraint__Position_Constraint_fromMINT/metrics.json,Microfluidics-Benchmarks/Results/ilp_full_20260915_165225/logs/mint__Constraints__Position_Constraint__Position_Constraint_fromMINT.log,Microfluidics-Benchmarks/Results/ilp_full_20260915_165225/artifacts/mint__Constraints__Position_Constraint__Position_Constraint_fromMINT
239,mint,mint__Constraints__Relative_Orientation_Constraint__Relative_Orientation_Constraint_fromMINT,Constraints/Relative_Orientation_Constraint/Relative_Orientation_Constraint_fromMINT.json,/home/student/Desktop/Neptune_2026/Microfluidics-Benchmarks/Results/MINT-TestCases/Constraints/Relative_Orientation_Constraint/Relative_Orientation_Constraint_fromMINT.json,ilp,success,,3.376,3.051368,0,optimal,True,2.143385665025562,True,0,False,True,,9810.0,247353650.0,730603650.0,/home/student/Desktop/Neptune_2026/Microfluidics-Benchmarks/Results/ilp_full_20260915_165225/artifacts/mint__Constraints__Relative_Orientation_Constraint__Relative_Orientation_Constraint_fromMINT/result.json,/home/student/Desktop/Neptune_2026/Microfluidics-Benchmarks/Results/ilp_full_20260915_165225/artifacts/mint__Constraints__Relative_Orientation_Constraint__Relative_Orientation_Constraint_fromMINT/metrics.json,Microfluidics-Benchmarks/Results/ilp_full_20260915_165225/logs/mint__Constraints__Relative_Orientation_Constraint__Relative_Orientation_Constraint_fromMINT.log,Microfluidics-Benchmarks/Results/ilp_full_20260915_165225/artifacts/mint__Constraints__Relative_Orientation_Constraint__Relative_Orientation_Constraint_fromMINT
240,mint,mint__Constraints__Tree_Constraint__Tree_Constraint_fromMINT,Constraints/Tree_Constraint/Tree_Constraint_fromMINT.json,/home/student/Desktop/Neptune_2026/Microfluidics-Benchmarks/Results/MINT-TestCases/Constraints/Tree_Constraint/Tree_Constraint_fromMINT.json,ilp,success,,3.278,2.991419,0,optimal,True,2.056770063005388,True,0,False,True,,5000.0,345470000.0,817470000.0,/home/student/Desktop/Neptune_2026/Microfluidics-Benchmarks/Results/ilp_full_20260915_165225/artifacts/mint__Constraints__Tree_Constraint__Tree_Constraint_fromMINT/result.json,/home/student/Desktop/Neptune_2026/Microfluidics-Benchmarks/Results/ilp_full_20260915_165225/artifacts/mint__Constraints__Tree_Constraint__Tree_Constraint_fromMINT/metrics.json,Microfluidics-Benchmarks/Results/ilp_full_20260915_165225/logs/mint__Constraints__Tree_Constraint__Tree_Constraint_fromMINT.log,Microfluidics-Benchmarks/Results/ilp_full_20260915_165225/artifacts/mint__Constraints__Tree_Constraint__Tree_Constraint_fromMINT
241,mint,mint__COVID__Aj_Rtpcr_8_Primer__Aj_Rtpcr_8_Primer_fromMINT,COVID/Aj_Rtpcr_8_Primer/Aj_Rtpcr_8_Primer_fromMINT.json,/home/student/Desktop/Neptune_2026/Microfluidics-Benchmarks/Results/MINT-TestCases/COVID/Aj_Rtpcr_8_Primer/Aj_Rtpcr_8_Primer_fromMINT.json,ilp,timeout,exceeded 3600s,3600.121,,,,,,,,,,,,,,,,Microfluidics-Benchmarks/Results/ilp_full_20260915_165225/logs/mint__COVID__Aj_Rtpcr_8_Primer__Aj_Rtpcr_8_Primer_fromMINT.log,Microfluidics-Benchmarks/Results/ilp_full_20260915_165225/artifacts/mint__COVID__Aj_Rtpcr_8_Primer__Aj_Rtpcr_8_Primer_fromMINT
242,mint,mint__COVID__Arize__Arize_fromMINT,COVID/Arize/Arize_fromMINT.json,/home/student/Desktop/Neptune_2026/Microfluidics-Benchmarks/Results/MINT-TestCases/COVID/Arize/Arize_fromMINT.json,ilp,timeout,exceeded 3600s,3600.076,,,,,,,,,,,,,,,,Microfluidics-Benchmarks/Results/ilp_full_20260915_165225/logs/mint__COVID__Arize__Arize_fromMINT.log,Microfluidics-Benchmarks/Results/ilp_full_20260915_165225/artifacts/mint__COVID__Arize__Arize_fromMINT
243,mint,mint__COVID__Covid_Crispr__Covid_Crispr_fromMINT,COVID/Covid_Crispr/Covid_Crispr_fromMINT.json,/home/student/Desktop/Neptune_2026/Microfluidics-Benchmarks/Results/MINT-TestCases/COVID/Covid_Crispr/Covid_Crispr_fromMINT.json,ilp,success,,2.888,2.557766,0,optimal,True,1.6483785540331155,True,0,False,True,,5400.0,39219600.0,276419600.0,/home/student/Desktop/Neptune_2026/Microfluidics-Benchmarks/Results/ilp_full_20260915_165225/artifacts/mint__COVID__Covid_Crispr__Covid_Crispr_fromMINT/result.json,/home/student/Desktop/Neptune_2026/Microfluidics-Benchmarks/Results/ilp_full_20260915_165225/artifacts/mint__COVID__Covid_Crispr__Covid_Crispr_fromMINT/metrics.json,Microfluidics-Benchmarks/Results/ilp_full_20260915_165225/logs/mint__COVID__Covid_Crispr__Covid_Crispr_fromMINT.log,Microfluidics-Benchmarks/Results/ilp_full_20260915_165225/artifacts/mint__COVID__Covid_Crispr__Covid_Crispr_fromMINT
244,mint,mint__COVID__Crispr__Crispr_fromMINT,COVID/Crispr/Crispr_fromMINT.json,/home/student/Desktop/Neptune_2026/Microfluidics-Benchmarks/Results/MINT-TestCases/COVID/Crispr/Crispr_fromMINT.json,ilp,timeout,exceeded 3600s,3600.067,,,,,,,,,,,,,,,,Microfluidics-Benchmarks/Results/ilp_full_20260915_165225/logs/mint__COVID__Crispr__Crispr_fromMINT.log,Microfluidics-Benchmarks/Results/ilp_full_20260915_165225/artifacts/mint__COVID__Crispr__Crispr_fromMINT
245,mint,mint__COVID__Detectr__Detectr_fromMINT,COVID/Detectr/Detectr_fromMINT.json,/home/student/Desktop/Neptune_2026/Microfluidics-Benchmarks/Results/MINT-TestCases/COVID/Detectr/Detectr_fromMINT.json,ilp,timeout,exceeded 3600s,3600.13,,,,,,,,,,,,,,,,Microfluidics-Benchmarks/Results/ilp_full_20260915_165225/logs/mint__COVID__Detectr__Detectr_fromMINT.log,Microfluidics-Benchmarks/Results/ilp_full_20260915_165225/artifacts/mint__COVID__Detectr__Detectr_fromMINT
246,mint,mint__COVID__Elisa__Elisa_fromMINT,COVID/Elisa/Elisa_fromMINT.json,/home/student/Desktop/Neptune_2026/Microfluidics-Benchmarks/Results/MINT-TestCases/COVID/Elisa/Elisa_fromMINT.json,ilp,timeout,exceeded 3600s,3600.034,,,,,,,,,,,,,,,,Microfluidics-Benchmarks/Results/ilp_full_20260915_165225/logs/mint__COVID__Elisa__Elisa_fromMINT.log,Microfluidics-Benchmarks/Results/ilp_full_20260915_165225/artifacts/mint__COVID__Elisa__Elisa_fromMINT
247,mint,mint__COVID__Gel_Electrophoresis__Gel_Electrophoresis_fromMINT,COVID/Gel_Electrophoresis/Gel_Electrophoresis_fromMINT.json,/home/student/Desktop/Neptune_2026/Microfluidics-Benchmarks/Results/MINT-TestCases/COVID/Gel_Electrophoresis/Gel_Electrophoresis_fromMINT.json,ilp,timeout,exceeded 3600s,3600.066,,,,,,,,,,,,,,,,Microfluidics-Benchmarks/Results/ilp_full_20260915_165225/logs/mint__COVID__Gel_Electrophoresis__Gel_Electrophoresis_fromMINT.log,Microfluidics-Benchmarks/Results/ilp_full_20260915_165225/artifacts/mint__COVID__Gel_Electrophoresis__Gel_Electrophoresis_fromMINT
248,mint,mint__COVID__Hybri_Detect__Hybri_Detect_fromMINT,COVID/Hybri_Detect/Hybri_Detect_fromMINT.json,/home/student/Desktop/Neptune_2026/Microfluidics-Benchmarks/Results/MINT-TestCases/COVID/Hybri_Detect/Hybri_Detect_fromMINT.json,ilp,timeout,exceeded 3600s,3600.072,,,,,,,,,,,,,,,,Microfluidics-Benchmarks/Results/ilp_full_20260915_165225/logs/mint__COVID__Hybri_Detect__Hybri_Detect_fromMINT.log,Microfluidics-Benchmarks/Results/ilp_full_20260915_165225/artifacts/mint__COVID__Hybri_Detect__Hybri_Detect_fromMINT
249,mint,mint__COVID__Part_1_Rna_Prep__Part_1_Rna_Prep_fromMINT,COVID/Part_1_Rna_Prep/Part_1_Rna_Prep_fromMINT.json,/home/student/Desktop/Neptune_2026/Microfluidics-Benchmarks/Results/MINT-TestCases/COVID/Part_1_Rna_Prep/Part_1_Rna_Prep_fromMINT.json,ilp,timeout,exceeded 3600s,3600.066,,,,,,,,,,,,,,,,Microfluidics-Benchmarks/Results/ilp_full_20260915_165225/logs/mint__COVID__Part_1_Rna_Prep__Part_1_Rna_Prep_fromMINT.log,Microfluidics-Benchmarks/Results/ilp_full_20260915_165225/artifacts/mint__COVID__Part_1_Rna_Prep__Part_1_Rna_Prep_fromMINT
250,mint,mint__COVID__Part_2_Rt_Step__Part_2_Rt_Step_fromMINT,COVID/Part_2_Rt_Step/Part_2_Rt_Step_fromMINT.json,/home/student/Desktop/Neptune_2026/Microfluidics-Benchmarks/Results/MINT-TestCases/COVID/Part_2_Rt_Step/Part_2_Rt_Step_fromMINT.json,ilp,timeout,exceeded 3600s,3600.066,,,,,,,,,,,,,,,,Microfluidics-Benchmarks/Results/ilp_full_20260915_165225/logs/mint__COVID__Part_2_Rt_Step__Part_2_Rt_Step_fromMINT.log,Microfluidics-Benchmarks/Results/ilp_full_20260915_165225/artifacts/mint__COVID__Part_2_Rt_Step__Part_2_Rt_Step_fromMINT
251,mint,mint__COVID__Part_3_Gel__Part_3_Gel_fromMINT,COVID/Part_3_Gel/Part_3_Gel_fromMINT.json,/home/student/Desktop/Neptune_2026/Microfluidics-Benchmarks/Results/MINT-TestCases/COVID/Part_3_Gel/Part_3_Gel_fromMINT.json,ilp,timeout,exceeded 3600s,3600.066,,,,,,,,,,,,,,,,Microfluidics-Benchmarks/Results/ilp_full_20260915_165225/logs/mint__COVID__Part_3_Gel__Part_3_Gel_fromMINT.log,Microfluidics-Benchmarks/Results/ilp_full_20260915_165225/artifacts/mint__COVID__Part_3_Gel__Part_3_Gel_fromMINT
252,mint,mint__COVID__Rt_Pcr__Rt_Pcr_fromMINT,COVID/Rt_Pcr/Rt_Pcr_fromMINT.json,/home/student/Desktop/Neptune_2026/Microfluidics-Benchmarks/Results/MINT-TestCases/COVID/Rt_Pcr/Rt_Pcr_fromMINT.json,ilp,success,,1.772,1.495813,0,optimal,True,0.5954804581124336,True,0,False,True,,4000.0,84000000.0,402000000.0,/home/student/Desktop/Neptune_2026/Microfluidics-Benchmarks/Results/ilp_full_20260915_165225/artifacts/mint__COVID__Rt_Pcr__Rt_Pcr_fromMINT/result.json,/home/student/Desktop/Neptune_2026/Microfluidics-Benchmarks/Results/ilp_full_20260915_165225/artifacts/mint__COVID__Rt_Pcr__Rt_Pcr_fromMINT/metrics.json,Microfluidics-Benchmarks/Results/ilp_full_20260915_165225/logs/mint__COVID__Rt_Pcr__Rt_Pcr_fromMINT.log,Microfluidics-Benchmarks/Results/ilp_full_20260915_165225/artifacts/mint__COVID__Rt_Pcr__Rt_Pcr_fromMINT
253,mint,mint__Distribute_Expressions__And_Annotation_Test__And_Annotation_Test_fromMINT,Distribute_Expressions/And_Annotation_Test/And_Annotation_Test_fromMINT.json,/home/student/Desktop/Neptune_2026/Microfluidics-Benchmarks/Results/MINT-TestCases/Distribute_Expressions/And_Annotation_Test/And_Annotation_Test_fromMINT.json,ilp,success,,60.441,60.149884,0,optimal,True,58.30428751092404,True,0,True,True,,27300.0,115020000.0,438020000.0,/home/student/Desktop/Neptune_2026/Microfluidics-Benchmarks/Results/ilp_full_20260915_165225/artifacts/mint__Distribute_Expressions__And_Annotation_Test__And_Annotation_Test_fromMINT/result_control.json,/home/student/Desktop/Neptune_2026/Microfluidics-Benchmarks/Results/ilp_full_20260915_165225/artifacts/mint__Distribute_Expressions__And_Annotation_Test__And_Annotation_Test_fromMINT/metrics.json,Microfluidics-Benchmarks/Results/ilp_full_20260915_165225/logs/mint__Distribute_Expressions__And_Annotation_Test__And_Annotation_Test_fromMINT.log,Microfluidics-Benchmarks/Results/ilp_full_20260915_165225/artifacts/mint__Distribute_Expressions__And_Annotation_Test__And_Annotation_Test_fromMINT
254,mint,mint__Distribute_Expressions__Dist_Expression_1__Dist_Expression_1_fromMINT,Distribute_Expressions/Dist_Expression_1/Dist_Expression_1_fromMINT.json,/home/student/Desktop/Neptune_2026/Microfluidics-Benchmarks/Results/MINT-TestCases/Distribute_Expressions/Dist_Expression_1/Dist_Expression_1_fromMINT.json,ilp,success,,1.172,0.906875,0,optimal,True,0.07553924201056361,True,0,False,True,,1000.0,5320000.0,157320000.0,/home/student/Desktop/Neptune_2026/Microfluidics-Benchmarks/Results/ilp_full_20260915_165225/artifacts/mint__Distribute_Expressions__Dist_Expression_1__Dist_Expression_1_fromMINT/result.json,/home/student/Desktop/Neptune_2026/Microfluidics-Benchmarks/Results/ilp_full_20260915_165225/artifacts/mint__Distribute_Expressions__Dist_Expression_1__Dist_Expression_1_fromMINT/metrics.json,Microfluidics-Benchmarks/Results/ilp_full_20260915_165225/logs/mint__Distribute_Expressions__Dist_Expression_1__Dist_Expression_1_fromMINT.log,Microfluidics-Benchmarks/Results/ilp_full_20260915_165225/artifacts/mint__Distribute_Expressions__Dist_Expression_1__Dist_Expression_1_fromMINT
255,mint,mint__Distribute_Expressions__Dist_Expression_2__Dist_Expression_2_fromMINT,Distribute_Expressions/Dist_Expression_2/Dist_Expression_2_fromMINT.json,/home/student/Desktop/Neptune_2026/Microfluidics-Benchmarks/Results/MINT-TestCases/Distribute_Expressions/Dist_Expression_2/Dist_Expression_2_fromMINT.json,ilp,success,,2.727,2.498989,0,optimal,True,1.2993333770427853,True,0,True,True,,10700.0,60840000.0,316840000.0,/home/student/Desktop/Neptune_2026/Microfluidics-Benchmarks/Results/ilp_full_20260915_165225/artifacts/mint__Distribute_Expressions__Dist_Expression_2__Dist_Expression_2_fromMINT/result_control.json,/home/student/Desktop/Neptune_2026/Microfluidics-Benchmarks/Results/ilp_full_20260915_165225/artifacts/mint__Distribute_Expressions__Dist_Expression_2__Dist_Expression_2_fromMINT/metrics.json,Microfluidics-Benchmarks/Results/ilp_full_20260915_165225/logs/mint__Distribute_Expressions__Dist_Expression_2__Dist_Expression_2_fromMINT.log,Microfluidics-Benchmarks/Results/ilp_full_20260915_165225/artifacts/mint__Distribute_Expressions__Dist_Expression_2__Dist_Expression_2_fromMINT
256,mint,mint__Distribute_Expressions__Dist_Expression_3__Dist_Expression_3_fromMINT,Distribute_Expressions/Dist_Expression_3/Dist_Expression_3_fromMINT.json,/home/student/Desktop/Neptune_2026/Microfluidics-Benchmarks/Results/MINT-TestCases/Distribute_Expressions/Dist_Expression_3/Dist_Expression_3_fromMINT.json,ilp,success,,2.631,2.358978,0,optimal,True,1.1558529688045382,True,0,True,True,,10700.0,60840000.0,316840000.0,/home/student/Desktop/Neptune_2026/Microfluidics-Benchmarks/Results/ilp_full_20260915_165225/artifacts/mint__Distribute_Expressions__Dist_Expression_3__Dist_Expression_3_fromMINT/result_control.json,/home/student/Desktop/Neptune_2026/Microfluidics-Benchmarks/Results/ilp_full_20260915_165225/artifacts/mint__Distribute_Expressions__Dist_Expression_3__Dist_Expression_3_fromMINT/metrics.json,Microfluidics-Benchmarks/Results/ilp_full_20260915_165225/logs/mint__Distribute_Expressions__Dist_Expression_3__Dist_Expression_3_fromMINT.log,Microfluidics-Benchmarks/Results/ilp_full_20260915_165225/artifacts/mint__Distribute_Expressions__Dist_Expression_3__Dist_Expression_3_fromMINT
257,mint,mint__Distribute_Library__Cell_Traps_4__Cell_Traps_4_fromMINT,Distribute_Library/Cell_Traps_4/Cell_Traps_4_fromMINT.json,/home/student/Desktop/Neptune_2026/Microfluidics-Benchmarks/Results/MINT-TestCases/Distribute_Library/Cell_Traps_4/Cell_Traps_4_fromMINT.json,ilp,success,,1.171,0.902024,0,optimal,True,0.07434435212053359,True,0,False,True,,1000.0,5320000.0,157320000.0,/home/student/Desktop/Neptune_2026/Microfluidics-Benchmarks/Results/ilp_full_20260915_165225/artifacts/mint__Distribute_Library__Cell_Traps_4__Cell_Traps_4_fromMINT/result.json,/home/student/Desktop/Neptune_2026/Microfluidics-Benchmarks/Results/ilp_full_20260915_165225/artifacts/mint__Distribute_Library__Cell_Traps_4__Cell_Traps_4_fromMINT/metrics.json,Microfluidics-Benchmarks/Results/ilp_full_20260915_165225/logs/mint__Distribute_Library__Cell_Traps_4__Cell_Traps_4_fromMINT.log,Microfluidics-Benchmarks/Results/ilp_full_20260915_165225/artifacts/mint__Distribute_Library__Cell_Traps_4__Cell_Traps_4_fromMINT
258,mint,mint__Distribute_Library__Hv_Storage_Grid_04__Hv_Storage_Grid_04_fromMINT,Distribute_Library/Hv_Storage_Grid_04/Hv_Storage_Grid_04_fromMINT.json,/home/student/Desktop/Neptune_2026/Microfluidics-Benchmarks/Results/MINT-TestCases/Distribute_Library/Hv_Storage_Grid_04/Hv_Storage_Grid_04_fromMINT.json,ilp,success,,1.322,1.010493,0,optimal,True,0.09640016709454358,True,0,False,True,,1000.0,5320000.0,157320000.0,/home/student/Desktop/Neptune_2026/Microfluidics-Benchmarks/Results/ilp_full_20260915_165225/artifacts/mint__Distribute_Library__Hv_Storage_Grid_04__Hv_Storage_Grid_04_fromMINT/result.json,/home/student/Desktop/Neptune_2026/Microfluidics-Benchmarks/Results/ilp_full_20260915_165225/artifacts/mint__Distribute_Library__Hv_Storage_Grid_04__Hv_Storage_Grid_04_fromMINT/metrics.json,Microfluidics-Benchmarks/Results/ilp_full_20260915_165225/logs/mint__Distribute_Library__Hv_Storage_Grid_04__Hv_Storage_Grid_04_fromMINT.log,Microfluidics-Benchmarks/Results/ilp_full_20260915_165225/artifacts/mint__Distribute_Library__Hv_Storage_Grid_04__Hv_Storage_Grid_04_fromMINT
259,mint,mint__Distribute_Library__Hv_Storage_Grid_08__Hv_Storage_Grid_08_fromMINT,Distribute_Library/Hv_Storage_Grid_08/Hv_Storage_Grid_08_fromMINT.json,/home/student/Desktop/Neptune_2026/Microfluidics-Benchmarks/Results/MINT-TestCases/Distribute_Library/Hv_Storage_Grid_08/Hv_Storage_Grid_08_fromMINT.json,ilp,success,,1.171,0.94422,0,optimal,True,0.1169519501272589,True,0,False,True,,1000.0,5320000.0,157320000.0,/home/student/Desktop/Neptune_2026/Microfluidics-Benchmarks/Results/ilp_full_20260915_165225/artifacts/mint__Distribute_Library__Hv_Storage_Grid_08__Hv_Storage_Grid_08_fromMINT/result.json,/home/student/Desktop/Neptune_2026/Microfluidics-Benchmarks/Results/ilp_full_20260915_165225/artifacts/mint__Distribute_Library__Hv_Storage_Grid_08__Hv_Storage_Grid_08_fromMINT/metrics.json,Microfluidics-Benchmarks/Results/ilp_full_20260915_165225/logs/mint__Distribute_Library__Hv_Storage_Grid_08__Hv_Storage_Grid_08_fromMINT.log,Microfluidics-Benchmarks/Results/ilp_full_20260915_165225/artifacts/mint__Distribute_Library__Hv_Storage_Grid_08__Hv_Storage_Grid_08_fromMINT
260,mint,mint__Distribute_Library__Hv_Storage_Grid_16__Hv_Storage_Grid_16_fromMINT,Distribute_Library/Hv_Storage_Grid_16/Hv_Storage_Grid_16_fromMINT.json,/home/student/Desktop/Neptune_2026/Microfluidics-Benchmarks/Results/MINT-TestCases/Distribute_Library/Hv_Storage_Grid_16/Hv_Storage_Grid_16_fromMINT.json,ilp,success,,1.277,0.995881,0,optimal,True,0.11209466587752104,True,0,False,True,,1000.0,5320000.0,157320000.0,/home/student/Desktop/Neptune_2026/Microfluidics-Benchmarks/Results/ilp_full_20260915_165225/artifacts/mint__Distribute_Library__Hv_Storage_Grid_16__Hv_Storage_Grid_16_fromMINT/result.json,/home/student/Desktop/Neptune_2026/Microfluidics-Benchmarks/Results/ilp_full_20260915_165225/artifacts/mint__Distribute_Library__Hv_Storage_Grid_16__Hv_Storage_Grid_16_fromMINT/metrics.json,Microfluidics-Benchmarks/Results/ilp_full_20260915_165225/logs/mint__Distribute_Library__Hv_Storage_Grid_16__Hv_Storage_Grid_16_fromMINT.log,Microfluidics-Benchmarks/Results/ilp_full_20260915_165225/artifacts/mint__Distribute_Library__Hv_Storage_Grid_16__Hv_Storage_Grid_16_fromMINT
261,mint,mint__Distribute_Library__Hv_Storage_Grid_32__Hv_Storage_Grid_32_fromMINT,Distribute_Library/Hv_Storage_Grid_32/Hv_Storage_Grid_32_fromMINT.json,/home/student/Desktop/Neptune_2026/Microfluidics-Benchmarks/Results/MINT-TestCases/Distribute_Library/Hv_Storage_Grid_32/Hv_Storage_Grid_32_fromMINT.json,ilp,success,,1.179,0.942944,0,optimal,True,0.0938204200938344,True,0,False,True,,1000.0,5320000.0,157320000.0,/home/student/Desktop/Neptune_2026/Microfluidics-Benchmarks/Results/ilp_full_20260915_165225/artifacts/mint__Distribute_Library__Hv_Storage_Grid_32__Hv_Storage_Grid_32_fromMINT/result.json,/home/student/Desktop/Neptune_2026/Microfluidics-Benchmarks/Results/ilp_full_20260915_165225/artifacts/mint__Distribute_Library__Hv_Storage_Grid_32__Hv_Storage_Grid_32_fromMINT/metrics.json,Microfluidics-Benchmarks/Results/ilp_full_20260915_165225/logs/mint__Distribute_Library__Hv_Storage_Grid_32__Hv_Storage_Grid_32_fromMINT.log,Microfluidics-Benchmarks/Results/ilp_full_20260915_165225/artifacts/mint__Distribute_Library__Hv_Storage_Grid_32__Hv_Storage_Grid_32_fromMINT
262,mint,mint__Distribute_Library__Hv_Storage_Grid_64__Hv_Storage_Grid_64_fromMINT,Distribute_Library/Hv_Storage_Grid_64/Hv_Storage_Grid_64_fromMINT.json,/home/student/Desktop/Neptune_2026/Microfluidics-Benchmarks/Results/MINT-TestCases/Distribute_Library/Hv_Storage_Grid_64/Hv_Storage_Grid_64_fromMINT.json,ilp,success,,1.325,1.010456,0,optimal,True,0.11718854401260614,True,0,False,True,,1000.0,5320000.0,157320000.0,/home/student/Desktop/Neptune_2026/Microfluidics-Benchmarks/Results/ilp_full_20260915_165225/artifacts/mint__Distribute_Library__Hv_Storage_Grid_64__Hv_Storage_Grid_64_fromMINT/result.json,/home/student/Desktop/Neptune_2026/Microfluidics-Benchmarks/Results/ilp_full_20260915_165225/artifacts/mint__Distribute_Library__Hv_Storage_Grid_64__Hv_Storage_Grid_64_fromMINT/metrics.json,Microfluidics-Benchmarks/Results/ilp_full_20260915_165225/logs/mint__Distribute_Library__Hv_Storage_Grid_64__Hv_Storage_Grid_64_fromMINT.log,Microfluidics-Benchmarks/Results/ilp_full_20260915_165225/artifacts/mint__Distribute_Library__Hv_Storage_Grid_64__Hv_Storage_Grid_64_fromMINT
263,mint,mint__Distribute_Library__Mux_02_In__Mux_02_In_fromMINT,Distribute_Library/Mux_02_In/Mux_02_In_fromMINT.json,/home/student/Desktop/Neptune_2026/Microfluidics-Benchmarks/Results/MINT-TestCases/Distribute_Library/Mux_02_In/Mux_02_In_fromMINT.json,ilp,success,,2.28,2.003251,0,optimal,True,0.6667487709783018,True,0,True,True,,11400.0,29820000.0,292820000.0,/home/student/Desktop/Neptune_2026/Microfluidics-Benchmarks/Results/ilp_full_20260915_165225/artifacts/mint__Distribute_Library__Mux_02_In__Mux_02_In_fromMINT/result_control.json,/home/student/Desktop/Neptune_2026/Microfluidics-Benchmarks/Results/ilp_full_20260915_165225/artifacts/mint__Distribute_Library__Mux_02_In__Mux_02_In_fromMINT/metrics.json,Microfluidics-Benchmarks/Results/ilp_full_20260915_165225/logs/mint__Distribute_Library__Mux_02_In__Mux_02_In_fromMINT.log,Microfluidics-Benchmarks/Results/ilp_full_20260915_165225/artifacts/mint__Distribute_Library__Mux_02_In__Mux_02_In_fromMINT
264,mint,mint__Distribute_Library__Mux_02_Out__Mux_02_Out_fromMINT,Distribute_Library/Mux_02_Out/Mux_02_Out_fromMINT.json,/home/student/Desktop/Neptune_2026/Microfluidics-Benchmarks/Results/MINT-TestCases/Distribute_Library/Mux_02_Out/Mux_02_Out_fromMINT.json,ilp,success,,2.489,2.161698,0,optimal,True,0.7510780040174723,True,0,True,True,,11400.0,29820000.0,292820000.0,/home/student/Desktop/Neptune_2026/Microfluidics-Benchmarks/Results/ilp_full_20260915_165225/artifacts/mint__Distribute_Library__Mux_02_Out__Mux_02_Out_fromMINT/result_control.json,/home/student/Desktop/Neptune_2026/Microfluidics-Benchmarks/Results/ilp_full_20260915_165225/artifacts/mint__Distribute_Library__Mux_02_Out__Mux_02_Out_fromMINT/metrics.json,Microfluidics-Benchmarks/Results/ilp_full_20260915_165225/logs/mint__Distribute_Library__Mux_02_Out__Mux_02_Out_fromMINT.log,Microfluidics-Benchmarks/Results/ilp_full_20260915_165225/artifacts/mint__Distribute_Library__Mux_02_Out__Mux_02_Out_fromMINT
265,mint,mint__Distribute_Library__Mux_04_In__Mux_04_In_fromMINT,Distribute_Library/Mux_04_In/Mux_04_In_fromMINT.json,/home/student/Desktop/Neptune_2026/Microfluidics-Benchmarks/Results/MINT-TestCases/Distribute_Library/Mux_04_In/Mux_04_In_fromMINT.json,ilp,success,,3207.052,3206.733248,0,optimal,True,3200.3187499281485,True,0,True,True,,43200.0,202120000.0,589120000.0,/home/student/Desktop/Neptune_2026/Microfluidics-Benchmarks/Results/ilp_full_20260915_165225/artifacts/mint__Distribute_Library__Mux_04_In__Mux_04_In_fromMINT/result_control.json,/home/student/Desktop/Neptune_2026/Microfluidics-Benchmarks/Results/ilp_full_20260915_165225/artifacts/mint__Distribute_Library__Mux_04_In__Mux_04_In_fromMINT/metrics.json,Microfluidics-Benchmarks/Results/ilp_full_20260915_165225/logs/mint__Distribute_Library__Mux_04_In__Mux_04_In_fromMINT.log,Microfluidics-Benchmarks/Results/ilp_full_20260915_165225/artifacts/mint__Distribute_Library__Mux_04_In__Mux_04_In_fromMINT
266,mint,mint__Distribute_Library__Mux_04_Out__Mux_04_Out_fromMINT,Distribute_Library/Mux_04_Out/Mux_04_Out_fromMINT.json,/home/student/Desktop/Neptune_2026/Microfluidics-Benchmarks/Results/MINT-TestCases/Distribute_Library/Mux_04_Out/Mux_04_Out_fromMINT.json,ilp,fail,RuntimeError: DRC violations: control_route: layer-1 connection 'Ctrlchannel_1' has a sentinel or missing route,528.988,528.659354,1,optimal,True,524.7744660801254,False,1,True,False,,33400.0,110760000.0,430760000.0,/home/student/Desktop/Neptune_2026/Microfluidics-Benchmarks/Results/ilp_full_20260915_165225/artifacts/mint__Distribute_Library__Mux_04_Out__Mux_04_Out_fromMINT/result_control.json,/home/student/Desktop/Neptune_2026/Microfluidics-Benchmarks/Results/ilp_full_20260915_165225/artifacts/mint__Distribute_Library__Mux_04_Out__Mux_04_Out_fromMINT/metrics.json,Microfluidics-Benchmarks/Results/ilp_full_20260915_165225/logs/mint__Distribute_Library__Mux_04_Out__Mux_04_Out_fromMINT.log,Microfluidics-Benchmarks/Results/ilp_full_20260915_165225/artifacts/mint__Distribute_Library__Mux_04_Out__Mux_04_Out_fromMINT
267,mint,mint__Distribute_Library__Mux_08_In__Mux_08_In_fromMINT,Distribute_Library/Mux_08_In/Mux_08_In_fromMINT.json,/home/student/Desktop/Neptune_2026/Microfluidics-Benchmarks/Results/MINT-TestCases/Distribute_Library/Mux_08_In/Mux_08_In_fromMINT.json,ilp,timeout,exceeded 3600s,3600.127,,,,,,,,,,,,,,,,Microfluidics-Benchmarks/Results/ilp_full_20260915_165225/logs/mint__Distribute_Library__Mux_08_In__Mux_08_In_fromMINT.log,Microfluidics-Benchmarks/Results/ilp_full_20260915_165225/artifacts/mint__Distribute_Library__Mux_08_In__Mux_08_In_fromMINT
268,mint,mint__Distribute_Library__Mux_08_Out__Mux_08_Out_fromMINT,Distribute_Library/Mux_08_Out/Mux_08_Out_fromMINT.json,/home/student/Desktop/Neptune_2026/Microfluidics-Benchmarks/Results/MINT-TestCases/Distribute_Library/Mux_08_Out/Mux_08_Out_fromMINT.json,ilp,timeout,exceeded 3600s,3600.117,,,,,,,,,,,,,,,,Microfluidics-Benchmarks/Results/ilp_full_20260915_165225/logs/mint__Distribute_Library__Mux_08_Out__Mux_08_Out_fromMINT.log,Microfluidics-Benchmarks/Results/ilp_full_20260915_165225/artifacts/mint__Distribute_Library__Mux_08_Out__Mux_08_Out_fromMINT
269,mint,mint__Distribute_Library__Mux_16_In__Mux_16_In_fromMINT,Distribute_Library/Mux_16_In/Mux_16_In_fromMINT.json,/home/student/Desktop/Neptune_2026/Microfluidics-Benchmarks/Results/MINT-TestCases/Distribute_Library/Mux_16_In/Mux_16_In_fromMINT.json,ilp,timeout,exceeded 3600s,3600.081,,,,,,,,,,,,,,,,Microfluidics-Benchmarks/Results/ilp_full_20260915_165225/logs/mint__Distribute_Library__Mux_16_In__Mux_16_In_fromMINT.log,Microfluidics-Benchmarks/Results/ilp_full_20260915_165225/artifacts/mint__Distribute_Library__Mux_16_In__Mux_16_In_fromMINT
270,mint,mint__Distribute_Library__Mux_16_Out__Mux_16_Out_fromMINT,Distribute_Library/Mux_16_Out/Mux_16_Out_fromMINT.json,/home/student/Desktop/Neptune_2026/Microfluidics-Benchmarks/Results/MINT-TestCases/Distribute_Library/Mux_16_Out/Mux_16_Out_fromMINT.json,ilp,timeout,exceeded 3600s,3600.127,,,,,,,,,,,,,,,,Microfluidics-Benchmarks/Results/ilp_full_20260915_165225/logs/mint__Distribute_Library__Mux_16_Out__Mux_16_Out_fromMINT.log,Microfluidics-Benchmarks/Results/ilp_full_20260915_165225/artifacts/mint__Distribute_Library__Mux_16_Out__Mux_16_Out_fromMINT
271,mint,mint__Distribute_Library__Mux_32_In__Mux_32_In_fromMINT,Distribute_Library/Mux_32_In/Mux_32_In_fromMINT.json,/home/student/Desktop/Neptune_2026/Microfluidics-Benchmarks/Results/MINT-TestCases/Distribute_Library/Mux_32_In/Mux_32_In_fromMINT.json,ilp,timeout,exceeded 3600s,3600.128,,,,,,,,,,,,,,,,Microfluidics-Benchmarks/Results/ilp_full_20260915_165225/logs/mint__Distribute_Library__Mux_32_In__Mux_32_In_fromMINT.log,Microfluidics-Benchmarks/Results/ilp_full_20260915_165225/artifacts/mint__Distribute_Library__Mux_32_In__Mux_32_In_fromMINT
272,mint,mint__Distribute_Library__Mux_32_Out__Mux_32_Out_fromMINT,Distribute_Library/Mux_32_Out/Mux_32_Out_fromMINT.json,/home/student/Desktop/Neptune_2026/Microfluidics-Benchmarks/Results/MINT-TestCases/Distribute_Library/Mux_32_Out/Mux_32_Out_fromMINT.json,ilp,timeout,exceeded 3600s,3600.124,,,,,,,,,,,,,,,,Microfluidics-Benchmarks/Results/ilp_full_20260915_165225/logs/mint__Distribute_Library__Mux_32_Out__Mux_32_Out_fromMINT.log,Microfluidics-Benchmarks/Results/ilp_full_20260915_165225/artifacts/mint__Distribute_Library__Mux_32_Out__Mux_32_Out_fromMINT
273,mint,mint__Distribute_Library__Mux_64_In__Mux_64_In_fromMINT,Distribute_Library/Mux_64_In/Mux_64_In_fromMINT.json,/home/student/Desktop/Neptune_2026/Microfluidics-Benchmarks/Results/MINT-TestCases/Distribute_Library/Mux_64_In/Mux_64_In_fromMINT.json,ilp,timeout,exceeded 3600s,3600.368,,,,,,,,,,,,,,,,Microfluidics-Benchmarks/Results/ilp_full_20260915_165225/logs/mint__Distribute_Library__Mux_64_In__Mux_64_In_fromMINT.log,Microfluidics-Benchmarks/Results/ilp_full_20260915_165225/artifacts/mint__Distribute_Library__Mux_64_In__Mux_64_In_fromMINT
274,mint,mint__Distribute_Library__Mux_64_Out__Mux_64_Out_fromMINT,Distribute_Library/Mux_64_Out/Mux_64_Out_fromMINT.json,/home/student/Desktop/Neptune_2026/Microfluidics-Benchmarks/Results/MINT-TestCases/Distribute_Library/Mux_64_Out/Mux_64_Out_fromMINT.json,ilp,timeout,exceeded 3600s,3600.267,,,,,,,,,,,,,,,,Microfluidics-Benchmarks/Results/ilp_full_20260915_165225/logs/mint__Distribute_Library__Mux_64_Out__Mux_64_Out_fromMINT.log,Microfluidics-Benchmarks/Results/ilp_full_20260915_165225/artifacts/mint__Distribute_Library__Mux_64_Out__Mux_64_Out_fromMINT
275,mint,mint__Distribute_Library__Single_Storage_Grid_01__Single_Storage_Grid_01_fromMINT,Distribute_Library/Single_Storage_Grid_01/Single_Storage_Grid_01_fromMINT.json,/home/student/Desktop/Neptune_2026/Microfluidics-Benchmarks/Results/MINT-TestCases/Distribute_Library/Single_Storage_Grid_01/Single_Storage_Grid_01_fromMINT.json,ilp,success,,1.228,0.951143,0,optimal,True,0.07659412291832268,True,0,False,True,,1000.0,5320000.0,157320000.0,/home/student/Desktop/Neptune_2026/Microfluidics-Benchmarks/Results/ilp_full_20260915_165225/artifacts/mint__Distribute_Library__Single_Storage_Grid_01__Single_Storage_Grid_01_fromMINT/result.json,/home/student/Desktop/Neptune_2026/Microfluidics-Benchmarks/Results/ilp_full_20260915_165225/artifacts/mint__Distribute_Library__Single_Storage_Grid_01__Single_Storage_Grid_01_fromMINT/metrics.json,Microfluidics-Benchmarks/Results/ilp_full_20260915_165225/logs/mint__Distribute_Library__Single_Storage_Grid_01__Single_Storage_Grid_01_fromMINT.log,Microfluidics-Benchmarks/Results/ilp_full_20260915_165225/artifacts/mint__Distribute_Library__Single_Storage_Grid_01__Single_Storage_Grid_01_fromMINT
276,mint,mint__Distribute_Library__Single_Storage_Grid_02__Single_Storage_Grid_02_fromMINT,Distribute_Library/Single_Storage_Grid_02/Single_Storage_Grid_02_fromMINT.json,/home/student/Desktop/Neptune_2026/Microfluidics-Benchmarks/Results/MINT-TestCases/Distribute_Library/Single_Storage_Grid_02/Single_Storage_Grid_02_fromMINT.json,ilp,success,,1.236,0.947488,0,optimal,True,0.07597420690581203,True,0,False,True,,1000.0,5320000.0,157320000.0,/home/student/Desktop/Neptune_2026/Microfluidics-Benchmarks/Results/ilp_full_20260915_165225/artifacts/mint__Distribute_Library__Single_Storage_Grid_02__Single_Storage_Grid_02_fromMINT/result.json,/home/student/Desktop/Neptune_2026/Microfluidics-Benchmarks/Results/ilp_full_20260915_165225/artifacts/mint__Distribute_Library__Single_Storage_Grid_02__Single_Storage_Grid_02_fromMINT/metrics.json,Microfluidics-Benchmarks/Results/ilp_full_20260915_165225/logs/mint__Distribute_Library__Single_Storage_Grid_02__Single_Storage_Grid_02_fromMINT.log,Microfluidics-Benchmarks/Results/ilp_full_20260915_165225/artifacts/mint__Distribute_Library__Single_Storage_Grid_02__Single_Storage_Grid_02_fromMINT
277,mint,mint__Distribute_Library__Single_Storage_Grid_04__Single_Storage_Grid_04_fromMINT,Distribute_Library/Single_Storage_Grid_04/Single_Storage_Grid_04_fromMINT.json,/home/student/Desktop/Neptune_2026/Microfluidics-Benchmarks/Results/MINT-TestCases/Distribute_Library/Single_Storage_Grid_04/Single_Storage_Grid_04_fromMINT.json,ilp,success,,1.232,0.955952,0,optimal,True,0.07722245412878692,True,0,False,True,,1000.0,5320000.0,157320000.0,/home/student/Desktop/Neptune_2026/Microfluidics-Benchmarks/Results/ilp_full_20260915_165225/artifacts/mint__Distribute_Library__Single_Storage_Grid_04__Single_Storage_Grid_04_fromMINT/result.json,/home/student/Desktop/Neptune_2026/Microfluidics-Benchmarks/Results/ilp_full_20260915_165225/artifacts/mint__Distribute_Library__Single_Storage_Grid_04__Single_Storage_Grid_04_fromMINT/metrics.json,Microfluidics-Benchmarks/Results/ilp_full_20260915_165225/logs/mint__Distribute_Library__Single_Storage_Grid_04__Single_Storage_Grid_04_fromMINT.log,Microfluidics-Benchmarks/Results/ilp_full_20260915_165225/artifacts/mint__Distribute_Library__Single_Storage_Grid_04__Single_Storage_Grid_04_fromMINT
278,mint,mint__Distribute_Library__Single_Storage_Grid_08__Single_Storage_Grid_08_fromMINT,Distribute_Library/Single_Storage_Grid_08/Single_Storage_Grid_08_fromMINT.json,/home/student/Desktop/Neptune_2026/Microfluidics-Benchmarks/Results/MINT-TestCases/Distribute_Library/Single_Storage_Grid_08/Single_Storage_Grid_08_fromMINT.json,ilp,success,,1.235,0.942248,0,optimal,True,0.0760496670845896,True,0,False,True,,1000.0,5320000.0,157320000.0,/home/student/Desktop/Neptune_2026/Microfluidics-Benchmarks/Results/ilp_full_20260915_165225/artifacts/mint__Distribute_Library__Single_Storage_Grid_08__Single_Storage_Grid_08_fromMINT/result.json,/home/student/Desktop/Neptune_2026/Microfluidics-Benchmarks/Results/ilp_full_20260915_165225/artifacts/mint__Distribute_Library__Single_Storage_Grid_08__Single_Storage_Grid_08_fromMINT/metrics.json,Microfluidics-Benchmarks/Results/ilp_full_20260915_165225/logs/mint__Distribute_Library__Single_Storage_Grid_08__Single_Storage_Grid_08_fromMINT.log,Microfluidics-Benchmarks/Results/ilp_full_20260915_165225/artifacts/mint__Distribute_Library__Single_Storage_Grid_08__Single_Storage_Grid_08_fromMINT
279,mint,mint__Distribute_Library__Single_Storage_Grid_16__Single_Storage_Grid_16_fromMINT,Distribute_Library/Single_Storage_Grid_16/Single_Storage_Grid_16_fromMINT.json,/home/student/Desktop/Neptune_2026/Microfluidics-Benchmarks/Results/MINT-TestCases/Distribute_Library/Single_Storage_Grid_16/Single_Storage_Grid_16_fromMINT.json,ilp,success,,1.231,0.939227,0,optimal,True,0.07669639214873314,True,0,False,True,,1000.0,5320000.0,157320000.0,/home/student/Desktop/Neptune_2026/Microfluidics-Benchmarks/Results/ilp_full_20260915_165225/artifacts/mint__Distribute_Library__Single_Storage_Grid_16__Single_Storage_Grid_16_fromMINT/result.json,/home/student/Desktop/Neptune_2026/Microfluidics-Benchmarks/Results/ilp_full_20260915_165225/artifacts/mint__Distribute_Library__Single_Storage_Grid_16__Single_Storage_Grid_16_fromMINT/metrics.json,Microfluidics-Benchmarks/Results/ilp_full_20260915_165225/logs/mint__Distribute_Library__Single_Storage_Grid_16__Single_Storage_Grid_16_fromMINT.log,Microfluidics-Benchmarks/Results/ilp_full_20260915_165225/artifacts/mint__Distribute_Library__Single_Storage_Grid_16__Single_Storage_Grid_16_fromMINT
280,mint,mint__Distribute_Library__Single_Storage_Grid_32__Single_Storage_Grid_32_fromMINT,Distribute_Library/Single_Storage_Grid_32/Single_Storage_Grid_32_fromMINT.json,/home/student/Desktop/Neptune_2026/Microfluidics-Benchmarks/Results/MINT-TestCases/Distribute_Library/Single_Storage_Grid_32/Single_Storage_Grid_32_fromMINT.json,ilp,success,,1.282,0.999668,0,optimal,True,0.1290078570600599,True,0,False,True,,1000.0,5320000.0,157320000.0,/home/student/Desktop/Neptune_2026/Microfluidics-Benchmarks/Results/ilp_full_20260915_165225/artifacts/mint__Distribute_Library__Single_Storage_Grid_32__Single_Storage_Grid_32_fromMINT/result.json,/home/student/Desktop/Neptune_2026/Microfluidics-Benchmarks/Results/ilp_full_20260915_165225/artifacts/mint__Distribute_Library__Single_Storage_Grid_32__Single_Storage_Grid_32_fromMINT/metrics.json,Microfluidics-Benchmarks/Results/ilp_full_20260915_165225/logs/mint__Distribute_Library__Single_Storage_Grid_32__Single_Storage_Grid_32_fromMINT.log,Microfluidics-Benchmarks/Results/ilp_full_20260915_165225/artifacts/mint__Distribute_Library__Single_Storage_Grid_32__Single_Storage_Grid_32_fromMINT
281,mint,mint__Distribute_Library__Single_Storage_Grid_64__Single_Storage_Grid_64_fromMINT,Distribute_Library/Single_Storage_Grid_64/Single_Storage_Grid_64_fromMINT.json,/home/student/Desktop/Neptune_2026/Microfluidics-Benchmarks/Results/MINT-TestCases/Distribute_Library/Single_Storage_Grid_64/Single_Storage_Grid_64_fromMINT.json,ilp,success,,1.335,1.000963,0,optimal,True,0.09058522386476398,True,0,False,True,,1000.0,5320000.0,157320000.0,/home/student/Desktop/Neptune_2026/Microfluidics-Benchmarks/Results/ilp_full_20260915_165225/artifacts/mint__Distribute_Library__Single_Storage_Grid_64__Single_Storage_Grid_64_fromMINT/result.json,/home/student/Desktop/Neptune_2026/Microfluidics-Benchmarks/Results/ilp_full_20260915_165225/artifacts/mint__Distribute_Library__Single_Storage_Grid_64__Single_Storage_Grid_64_fromMINT/metrics.json,Microfluidics-Benchmarks/Results/ilp_full_20260915_165225/logs/mint__Distribute_Library__Single_Storage_Grid_64__Single_Storage_Grid_64_fromMINT.log,Microfluidics-Benchmarks/Results/ilp_full_20260915_165225/artifacts/mint__Distribute_Library__Single_Storage_Grid_64__Single_Storage_Grid_64_fromMINT
282,mint,mint__Distribute_Library__Transposer_02__Transposer_02_fromMINT,Distribute_Library/Transposer_02/Transposer_02_fromMINT.json,/home/student/Desktop/Neptune_2026/Microfluidics-Benchmarks/Results/MINT-TestCases/Distribute_Library/Transposer_02/Transposer_02_fromMINT.json,ilp,success,,52.714,52.431953,0,optimal,True,43.8286013440229,True,0,True,True,,45400.0,173880000.0,542880000.0,/home/student/Desktop/Neptune_2026/Microfluidics-Benchmarks/Results/ilp_full_20260915_165225/artifacts/mint__Distribute_Library__Transposer_02__Transposer_02_fromMINT/result_control.json,/home/student/Desktop/Neptune_2026/Microfluidics-Benchmarks/Results/ilp_full_20260915_165225/artifacts/mint__Distribute_Library__Transposer_02__Transposer_02_fromMINT/metrics.json,Microfluidics-Benchmarks/Results/ilp_full_20260915_165225/logs/mint__Distribute_Library__Transposer_02__Transposer_02_fromMINT.log,Microfluidics-Benchmarks/Results/ilp_full_20260915_165225/artifacts/mint__Distribute_Library__Transposer_02__Transposer_02_fromMINT
283,mint,mint__Distribute_Library__Transposer_03__Transposer_03_fromMINT,Distribute_Library/Transposer_03/Transposer_03_fromMINT.json,/home/student/Desktop/Neptune_2026/Microfluidics-Benchmarks/Results/MINT-TestCases/Distribute_Library/Transposer_03/Transposer_03_fromMINT.json,ilp,timeout,exceeded 3600s,3600.048,,,,,,,,,,,,,,,,Microfluidics-Benchmarks/Results/ilp_full_20260915_165225/logs/mint__Distribute_Library__Transposer_03__Transposer_03_fromMINT.log,Microfluidics-Benchmarks/Results/ilp_full_20260915_165225/artifacts/mint__Distribute_Library__Transposer_03__Transposer_03_fromMINT
284,mint,mint__Distribute_Library__Transposer_04__Transposer_04_fromMINT,Distribute_Library/Transposer_04/Transposer_04_fromMINT.json,/home/student/Desktop/Neptune_2026/Microfluidics-Benchmarks/Results/MINT-TestCases/Distribute_Library/Transposer_04/Transposer_04_fromMINT.json,ilp,timeout,exceeded 3600s,3600.072,,,,,,,,,,,,,,,,Microfluidics-Benchmarks/Results/ilp_full_20260915_165225/logs/mint__Distribute_Library__Transposer_04__Transposer_04_fromMINT.log,Microfluidics-Benchmarks/Results/ilp_full_20260915_165225/artifacts/mint__Distribute_Library__Transposer_04__Transposer_04_fromMINT
285,mint,mint__Distribute_Library__Transposer_08__Transposer_08_fromMINT,Distribute_Library/Transposer_08/Transposer_08_fromMINT.json,/home/student/Desktop/Neptune_2026/Microfluidics-Benchmarks/Results/MINT-TestCases/Distribute_Library/Transposer_08/Transposer_08_fromMINT.json,ilp,success,,1.32,1.023127,0,optimal,True,0.12150186789222062,True,0,False,True,,1000.0,5320000.0,157320000.0,/home/student/Desktop/Neptune_2026/Microfluidics-Benchmarks/Results/ilp_full_20260915_165225/artifacts/mint__Distribute_Library__Transposer_08__Transposer_08_fromMINT/result.json,/home/student/Desktop/Neptune_2026/Microfluidics-Benchmarks/Results/ilp_full_20260915_165225/artifacts/mint__Distribute_Library__Transposer_08__Transposer_08_fromMINT/metrics.json,Microfluidics-Benchmarks/Results/ilp_full_20260915_165225/logs/mint__Distribute_Library__Transposer_08__Transposer_08_fromMINT.log,Microfluidics-Benchmarks/Results/ilp_full_20260915_165225/artifacts/mint__Distribute_Library__Transposer_08__Transposer_08_fromMINT
286,mint,mint__Distribute_Library__Transposer_16__Transposer_16_fromMINT,Distribute_Library/Transposer_16/Transposer_16_fromMINT.json,/home/student/Desktop/Neptune_2026/Microfluidics-Benchmarks/Results/MINT-TestCases/Distribute_Library/Transposer_16/Transposer_16_fromMINT.json,ilp,success,,1.177,0.927389,0,optimal,True,0.07789076888002455,True,0,False,True,,1000.0,5320000.0,157320000.0,/home/student/Desktop/Neptune_2026/Microfluidics-Benchmarks/Results/ilp_full_20260915_165225/artifacts/mint__Distribute_Library__Transposer_16__Transposer_16_fromMINT/result.json,/home/student/Desktop/Neptune_2026/Microfluidics-Benchmarks/Results/ilp_full_20260915_165225/artifacts/mint__Distribute_Library__Transposer_16__Transposer_16_fromMINT/metrics.json,Microfluidics-Benchmarks/Results/ilp_full_20260915_165225/logs/mint__Distribute_Library__Transposer_16__Transposer_16_fromMINT.log,Microfluidics-Benchmarks/Results/ilp_full_20260915_165225/artifacts/mint__Distribute_Library__Transposer_16__Transposer_16_fromMINT
287,mint,mint__Distribute_Library__Transposer_32__Transposer_32_fromMINT,Distribute_Library/Transposer_32/Transposer_32_fromMINT.json,/home/student/Desktop/Neptune_2026/Microfluidics-Benchmarks/Results/MINT-TestCases/Distribute_Library/Transposer_32/Transposer_32_fromMINT.json,ilp,success,,1.231,0.954061,0,optimal,True,0.07347460999153554,True,0,False,True,,1000.0,5320000.0,157320000.0,/home/student/Desktop/Neptune_2026/Microfluidics-Benchmarks/Results/ilp_full_20260915_165225/artifacts/mint__Distribute_Library__Transposer_32__Transposer_32_fromMINT/result.json,/home/student/Desktop/Neptune_2026/Microfluidics-Benchmarks/Results/ilp_full_20260915_165225/artifacts/mint__Distribute_Library__Transposer_32__Transposer_32_fromMINT/metrics.json,Microfluidics-Benchmarks/Results/ilp_full_20260915_165225/logs/mint__Distribute_Library__Transposer_32__Transposer_32_fromMINT.log,Microfluidics-Benchmarks/Results/ilp_full_20260915_165225/artifacts/mint__Distribute_Library__Transposer_32__Transposer_32_fromMINT
288,mint,mint__Distribute_Library__Transposer_64__Transposer_64_fromMINT,Distribute_Library/Transposer_64/Transposer_64_fromMINT.json,/home/student/Desktop/Neptune_2026/Microfluidics-Benchmarks/Results/MINT-TestCases/Distribute_Library/Transposer_64/Transposer_64_fromMINT.json,ilp,success,,1.332,1.002253,0,optimal,True,0.09311102493666112,True,0,False,True,,1000.0,5320000.0,157320000.0,/home/student/Desktop/Neptune_2026/Microfluidics-Benchmarks/Results/ilp_full_20260915_165225/artifacts/mint__Distribute_Library__Transposer_64__Transposer_64_fromMINT/result.json,/home/student/Desktop/Neptune_2026/Microfluidics-Benchmarks/Results/ilp_full_20260915_165225/artifacts/mint__Distribute_Library__Transposer_64__Transposer_64_fromMINT/metrics.json,Microfluidics-Benchmarks/Results/ilp_full_20260915_165225/logs/mint__Distribute_Library__Transposer_64__Transposer_64_fromMINT.log,Microfluidics-Benchmarks/Results/ilp_full_20260915_165225/artifacts/mint__Distribute_Library__Transposer_64__Transposer_64_fromMINT
289,mint,mint__Drop_Ref__Droplet_Generator_1__Droplet_Generator_1_fromMINT,Drop_Ref/Droplet_Generator_1/Droplet_Generator_1_fromMINT.json,/home/student/Desktop/Neptune_2026/Microfluidics-Benchmarks/Results/MINT-TestCases/Drop_Ref/Droplet_Generator_1/Droplet_Generator_1_fromMINT.json,ilp,fail,RuntimeError: DRC violations: channel_spacing: channels of connections 'channel_2' and 'channel_3' violate the 1000 edge-to-edge clearance; channel_spacing: channels of connections 'channel_2' and 'channel_4' violate the 1000 edge-to-edge clearance; channel_spacing: channels of connections 'channel_3' and 'channel_4' violate the 1000 edge-to-edge clearance,6.405,6.111003,1,optimal,True,5.224301470909268,False,3,False,True,,4300.0,65340000.0,340340000.0,/home/student/Desktop/Neptune_2026/Microfluidics-Benchmarks/Results/ilp_full_20260915_165225/artifacts/mint__Drop_Ref__Droplet_Generator_1__Droplet_Generator_1_fromMINT/result.json,/home/student/Desktop/Neptune_2026/Microfluidics-Benchmarks/Results/ilp_full_20260915_165225/artifacts/mint__Drop_Ref__Droplet_Generator_1__Droplet_Generator_1_fromMINT/metrics.json,Microfluidics-Benchmarks/Results/ilp_full_20260915_165225/logs/mint__Drop_Ref__Droplet_Generator_1__Droplet_Generator_1_fromMINT.log,Microfluidics-Benchmarks/Results/ilp_full_20260915_165225/artifacts/mint__Drop_Ref__Droplet_Generator_1__Droplet_Generator_1_fromMINT
290,mint,mint__Drop_Ref__Droplet_Generator_2__Droplet_Generator_2_fromMINT,Drop_Ref/Droplet_Generator_2/Droplet_Generator_2_fromMINT.json,/home/student/Desktop/Neptune_2026/Microfluidics-Benchmarks/Results/MINT-TestCases/Drop_Ref/Droplet_Generator_2/Droplet_Generator_2_fromMINT.json,ilp,timeout,exceeded 3600s,3600.077,,,,,,,,,,,,,,,,Microfluidics-Benchmarks/Results/ilp_full_20260915_165225/logs/mint__Drop_Ref__Droplet_Generator_2__Droplet_Generator_2_fromMINT.log,Microfluidics-Benchmarks/Results/ilp_full_20260915_165225/artifacts/mint__Drop_Ref__Droplet_Generator_2__Droplet_Generator_2_fromMINT
291,mint,mint__Drop_Ref__Droplet_Generator_3__Droplet_Generator_3_fromMINT,Drop_Ref/Droplet_Generator_3/Droplet_Generator_3_fromMINT.json,/home/student/Desktop/Neptune_2026/Microfluidics-Benchmarks/Results/MINT-TestCases/Drop_Ref/Droplet_Generator_3/Droplet_Generator_3_fromMINT.json,ilp,timeout,exceeded 3600s,3600.084,,,,,,,,,,,,,,,,Microfluidics-Benchmarks/Results/ilp_full_20260915_165225/logs/mint__Drop_Ref__Droplet_Generator_3__Droplet_Generator_3_fromMINT.log,Microfluidics-Benchmarks/Results/ilp_full_20260915_165225/artifacts/mint__Drop_Ref__Droplet_Generator_3__Droplet_Generator_3_fromMINT
292,mint,mint__Drop_Ref__Droplet_Generator_4__Droplet_Generator_4_fromMINT,Drop_Ref/Droplet_Generator_4/Droplet_Generator_4_fromMINT.json,/home/student/Desktop/Neptune_2026/Microfluidics-Benchmarks/Results/MINT-TestCases/Drop_Ref/Droplet_Generator_4/Droplet_Generator_4_fromMINT.json,ilp,timeout,exceeded 3600s,3600.124,,,,,,,,,,,,,,,,Microfluidics-Benchmarks/Results/ilp_full_20260915_165225/logs/mint__Drop_Ref__Droplet_Generator_4__Droplet_Generator_4_fromMINT.log,Microfluidics-Benchmarks/Results/ilp_full_20260915_165225/artifacts/mint__Drop_Ref__Droplet_Generator_4__Droplet_Generator_4_fromMINT
293,mint,mint__Drop_Ref__Dropx_Test_1__Dropx_Test_1_fromMINT,Drop_Ref/Dropx_Test_1/Dropx_Test_1_fromMINT.json,/home/student/Desktop/Neptune_2026/Microfluidics-Benchmarks/Results/MINT-TestCases/Drop_Ref/Dropx_Test_1/Dropx_Test_1_fromMINT.json,ilp,fail,RuntimeError: DRC violations: channel_spacing: channels of connections 'channel_2' and 'channel_3' violate the 1000 edge-to-edge clearance; channel_spacing: channels of connections 'channel_2' and 'channel_4' violate the 1000 edge-to-edge clearance; channel_spacing: channels of connections 'channel_3' and 'channel_4' violate the 1000 edge-to-edge clearance,6.743,6.458664,1,optimal,True,5.52360834996216,False,3,False,True,,4300.0,65340000.0,340340000.0,/home/student/Desktop/Neptune_2026/Microfluidics-Benchmarks/Results/ilp_full_20260915_165225/artifacts/mint__Drop_Ref__Dropx_Test_1__Dropx_Test_1_fromMINT/result.json,/home/student/Desktop/Neptune_2026/Microfluidics-Benchmarks/Results/ilp_full_20260915_165225/artifacts/mint__Drop_Ref__Dropx_Test_1__Dropx_Test_1_fromMINT/metrics.json,Microfluidics-Benchmarks/Results/ilp_full_20260915_165225/logs/mint__Drop_Ref__Dropx_Test_1__Dropx_Test_1_fromMINT.log,Microfluidics-Benchmarks/Results/ilp_full_20260915_165225/artifacts/mint__Drop_Ref__Dropx_Test_1__Dropx_Test_1_fromMINT
294,mint,mint__Drop_Ref__Dropx_Test_2__Dropx_Test_2_fromMINT,Drop_Ref/Dropx_Test_2/Dropx_Test_2_fromMINT.json,/home/student/Desktop/Neptune_2026/Microfluidics-Benchmarks/Results/MINT-TestCases/Drop_Ref/Dropx_Test_2/Dropx_Test_2_fromMINT.json,ilp,timeout,exceeded 3600s,3600.117,,,,,,,,,,,,,,,,Microfluidics-Benchmarks/Results/ilp_full_20260915_165225/logs/mint__Drop_Ref__Dropx_Test_2__Dropx_Test_2_fromMINT.log,Microfluidics-Benchmarks/Results/ilp_full_20260915_165225/artifacts/mint__Drop_Ref__Dropx_Test_2__Dropx_Test_2_fromMINT
295,mint,mint__Drop_Ref__Dropx_Test_3__Dropx_Test_3_fromMINT,Drop_Ref/Dropx_Test_3/Dropx_Test_3_fromMINT.json,/home/student/Desktop/Neptune_2026/Microfluidics-Benchmarks/Results/MINT-TestCases/Drop_Ref/Dropx_Test_3/Dropx_Test_3_fromMINT.json,ilp,timeout,exceeded 3600s,3600.067,,,,,,,,,,,,,,,,Microfluidics-Benchmarks/Results/ilp_full_20260915_165225/logs/mint__Drop_Ref__Dropx_Test_3__Dropx_Test_3_fromMINT.log,Microfluidics-Benchmarks/Results/ilp_full_20260915_165225/artifacts/mint__Drop_Ref__Dropx_Test_3__Dropx_Test_3_fromMINT
296,mint,mint__Drop_Ref__Dropx_Test_4__Dropx_Test_4_fromMINT,Drop_Ref/Dropx_Test_4/Dropx_Test_4_fromMINT.json,/home/student/Desktop/Neptune_2026/Microfluidics-Benchmarks/Results/MINT-TestCases/Drop_Ref/Dropx_Test_4/Dropx_Test_4_fromMINT.json,ilp,success,,1552.44,1552.14206,0,optimal,True,1551.2553926329128,True,0,False,True,,32200.0,380615600.0,876615600.0,/home/student/Desktop/Neptune_2026/Microfluidics-Benchmarks/Results/ilp_full_20260915_165225/artifacts/mint__Drop_Ref__Dropx_Test_4__Dropx_Test_4_fromMINT/result.json,/home/student/Desktop/Neptune_2026/Microfluidics-Benchmarks/Results/ilp_full_20260915_165225/artifacts/mint__Drop_Ref__Dropx_Test_4__Dropx_Test_4_fromMINT/metrics.json,Microfluidics-Benchmarks/Results/ilp_full_20260915_165225/logs/mint__Drop_Ref__Dropx_Test_4__Dropx_Test_4_fromMINT.log,Microfluidics-Benchmarks/Results/ilp_full_20260915_165225/artifacts/mint__Drop_Ref__Dropx_Test_4__Dropx_Test_4_fromMINT
297,mint,mint__Drop_Ref__Dx_1__Dx_1_fromMINT,Drop_Ref/Dx_1/Dx_1_fromMINT.json,/home/student/Desktop/Neptune_2026/Microfluidics-Benchmarks/Results/MINT-TestCases/Drop_Ref/Dx_1/Dx_1_fromMINT.json,ilp,timeout,exceeded 3600s,3600.072,,,,,,,,,,,,,,,,Microfluidics-Benchmarks/Results/ilp_full_20260915_165225/logs/mint__Drop_Ref__Dx_1__Dx_1_fromMINT.log,Microfluidics-Benchmarks/Results/ilp_full_20260915_165225/artifacts/mint__Drop_Ref__Dx_1__Dx_1_fromMINT
298,mint,mint__Drop_Ref__Dx_10__Dx_10_fromMINT,Drop_Ref/Dx_10/Dx_10_fromMINT.json,/home/student/Desktop/Neptune_2026/Microfluidics-Benchmarks/Results/MINT-TestCases/Drop_Ref/Dx_10/Dx_10_fromMINT.json,ilp,timeout,exceeded 3600s,3600.067,,,,,,,,,,,,,,,,Microfluidics-Benchmarks/Results/ilp_full_20260915_165225/logs/mint__Drop_Ref__Dx_10__Dx_10_fromMINT.log,Microfluidics-Benchmarks/Results/ilp_full_20260915_165225/artifacts/mint__Drop_Ref__Dx_10__Dx_10_fromMINT
299,mint,mint__Drop_Ref__Dx_10_Ref__Dx_10_Ref_fromMINT,Drop_Ref/Dx_10_Ref/Dx_10_Ref_fromMINT.json,/home/student/Desktop/Neptune_2026/Microfluidics-Benchmarks/Results/MINT-TestCases/Drop_Ref/Dx_10_Ref/Dx_10_Ref_fromMINT.json,ilp,fail,RuntimeError: DRC violations: channel_spacing: channels of connections 'connection_1' and 'connection_2' violate the 1000 edge-to-edge clearance; channel_spacing: channels of connections 'connection_1' and 'connection_3' violate the 1000 edge-to-edge clearance; channel_spacing: channels of connections 'connection_2' and 'connection_3' violate the 1000 edge-to-edge clearance,811.043,810.723486,1,optimal,True,809.8633869199548,False,3,False,True,,11700.0,963680150.0,1778310150.0,/home/student/Desktop/Neptune_2026/Microfluidics-Benchmarks/Results/ilp_full_20260915_165225/artifacts/mint__Drop_Ref__Dx_10_Ref__Dx_10_Ref_fromMINT/result.json,/home/student/Desktop/Neptune_2026/Microfluidics-Benchmarks/Results/ilp_full_20260915_165225/artifacts/mint__Drop_Ref__Dx_10_Ref__Dx_10_Ref_fromMINT/metrics.json,Microfluidics-Benchmarks/Results/ilp_full_20260915_165225/logs/mint__Drop_Ref__Dx_10_Ref__Dx_10_Ref_fromMINT.log,Microfluidics-Benchmarks/Results/ilp_full_20260915_165225/artifacts/mint__Drop_Ref__Dx_10_Ref__Dx_10_Ref_fromMINT
300,mint,mint__Drop_Ref__Dx_11__Dx_11_fromMINT,Drop_Ref/Dx_11/Dx_11_fromMINT.json,/home/student/Desktop/Neptune_2026/Microfluidics-Benchmarks/Results/MINT-TestCases/Drop_Ref/Dx_11/Dx_11_fromMINT.json,ilp,timeout,exceeded 3600s,3600.079,,,,,,,,,,,,,,,,Microfluidics-Benchmarks/Results/ilp_full_20260915_165225/logs/mint__Drop_Ref__Dx_11__Dx_11_fromMINT.log,Microfluidics-Benchmarks/Results/ilp_full_20260915_165225/artifacts/mint__Drop_Ref__Dx_11__Dx_11_fromMINT
301,mint,mint__Drop_Ref__Dx_11_Ref__Dx_11_Ref_fromMINT,Drop_Ref/Dx_11_Ref/Dx_11_Ref_fromMINT.json,/home/student/Desktop/Neptune_2026/Microfluidics-Benchmarks/Results/MINT-TestCases/Drop_Ref/Dx_11_Ref/Dx_11_Ref_fromMINT.json,ilp,timeout,exceeded 3600s,3600.132,,,,,,,,,,,,,,,,Microfluidics-Benchmarks/Results/ilp_full_20260915_165225/logs/mint__Drop_Ref__Dx_11_Ref__Dx_11_Ref_fromMINT.log,Microfluidics-Benchmarks/Results/ilp_full_20260915_165225/artifacts/mint__Drop_Ref__Dx_11_Ref__Dx_11_Ref_fromMINT
302,mint,mint__Drop_Ref__Dx_12__Dx_12_fromMINT,Drop_Ref/Dx_12/Dx_12_fromMINT.json,/home/student/Desktop/Neptune_2026/Microfluidics-Benchmarks/Results/MINT-TestCases/Drop_Ref/Dx_12/Dx_12_fromMINT.json,ilp,timeout,exceeded 3600s,3600.073,,,,,,,,,,,,,,,,Microfluidics-Benchmarks/Results/ilp_full_20260915_165225/logs/mint__Drop_Ref__Dx_12__Dx_12_fromMINT.log,Microfluidics-Benchmarks/Results/ilp_full_20260915_165225/artifacts/mint__Drop_Ref__Dx_12__Dx_12_fromMINT
303,mint,mint__Drop_Ref__Dx_12_Ref__Dx_12_Ref_fromMINT,Drop_Ref/Dx_12_Ref/Dx_12_Ref_fromMINT.json,/home/student/Desktop/Neptune_2026/Microfluidics-Benchmarks/Results/MINT-TestCases/Drop_Ref/Dx_12_Ref/Dx_12_Ref_fromMINT.json,ilp,fail,RuntimeError: DRC violations: channel_spacing: channels of connections 'connection_1' and 'connection_2' violate the 1000 edge-to-edge clearance; channel_spacing: channels of connections 'connection_1' and 'connection_3' violate the 1000 edge-to-edge clearance; channel_spacing: channels of connections 'connection_2' and 'connection_3' violate the 1000 edge-to-edge clearance,1431.913,1431.643437,1,optimal,True,1430.7860727210063,False,3,False,True,,19768.0,944230650.0,1658920650.0,/home/student/Desktop/Neptune_2026/Microfluidics-Benchmarks/Results/ilp_full_20260915_165225/artifacts/mint__Drop_Ref__Dx_12_Ref__Dx_12_Ref_fromMINT/result.json,/home/student/Desktop/Neptune_2026/Microfluidics-Benchmarks/Results/ilp_full_20260915_165225/artifacts/mint__Drop_Ref__Dx_12_Ref__Dx_12_Ref_fromMINT/metrics.json,Microfluidics-Benchmarks/Results/ilp_full_20260915_165225/logs/mint__Drop_Ref__Dx_12_Ref__Dx_12_Ref_fromMINT.log,Microfluidics-Benchmarks/Results/ilp_full_20260915_165225/artifacts/mint__Drop_Ref__Dx_12_Ref__Dx_12_Ref_fromMINT
304,mint,mint__Drop_Ref__Dx_13__Dx_13_fromMINT,Drop_Ref/Dx_13/Dx_13_fromMINT.json,/home/student/Desktop/Neptune_2026/Microfluidics-Benchmarks/Results/MINT-TestCases/Drop_Ref/Dx_13/Dx_13_fromMINT.json,ilp,timeout,exceeded 3600s,3600.123,,,,,,,,,,,,,,,,Microfluidics-Benchmarks/Results/ilp_full_20260915_165225/logs/mint__Drop_Ref__Dx_13__Dx_13_fromMINT.log,Microfluidics-Benchmarks/Results/ilp_full_20260915_165225/artifacts/mint__Drop_Ref__Dx_13__Dx_13_fromMINT
305,mint,mint__Drop_Ref__Dx_13_Ref__Dx_13_Ref_fromMINT,Drop_Ref/Dx_13_Ref/Dx_13_Ref_fromMINT.json,/home/student/Desktop/Neptune_2026/Microfluidics-Benchmarks/Results/MINT-TestCases/Drop_Ref/Dx_13_Ref/Dx_13_Ref_fromMINT.json,ilp,timeout,exceeded 3600s,3600.129,,,,,,,,,,,,,,,,Microfluidics-Benchmarks/Results/ilp_full_20260915_165225/logs/mint__Drop_Ref__Dx_13_Ref__Dx_13_Ref_fromMINT.log,Microfluidics-Benchmarks/Results/ilp_full_20260915_165225/artifacts/mint__Drop_Ref__Dx_13_Ref__Dx_13_Ref_fromMINT
306,mint,mint__Drop_Ref__Dx_14__Dx_14_fromMINT,Drop_Ref/Dx_14/Dx_14_fromMINT.json,/home/student/Desktop/Neptune_2026/Microfluidics-Benchmarks/Results/MINT-TestCases/Drop_Ref/Dx_14/Dx_14_fromMINT.json,ilp,timeout,exceeded 3600s,3600.072,,,,,,,,,,,,,,,,Microfluidics-Benchmarks/Results/ilp_full_20260915_165225/logs/mint__Drop_Ref__Dx_14__Dx_14_fromMINT.log,Microfluidics-Benchmarks/Results/ilp_full_20260915_165225/artifacts/mint__Drop_Ref__Dx_14__Dx_14_fromMINT
307,mint,mint__Drop_Ref__Dx_14_Ref__Dx_14_Ref_fromMINT,Drop_Ref/Dx_14_Ref/Dx_14_Ref_fromMINT.json,/home/student/Desktop/Neptune_2026/Microfluidics-Benchmarks/Results/MINT-TestCases/Drop_Ref/Dx_14_Ref/Dx_14_Ref_fromMINT.json,ilp,timeout,exceeded 3600s,3600.125,,,,,,,,,,,,,,,,Microfluidics-Benchmarks/Results/ilp_full_20260915_165225/logs/mint__Drop_Ref__Dx_14_Ref__Dx_14_Ref_fromMINT.log,Microfluidics-Benchmarks/Results/ilp_full_20260915_165225/artifacts/mint__Drop_Ref__Dx_14_Ref__Dx_14_Ref_fromMINT
308,mint,mint__Drop_Ref__Dx_15__Dx_15_fromMINT,Drop_Ref/Dx_15/Dx_15_fromMINT.json,/home/student/Desktop/Neptune_2026/Microfluidics-Benchmarks/Results/MINT-TestCases/Drop_Ref/Dx_15/Dx_15_fromMINT.json,ilp,fail,RuntimeError: DRC violations: channel_spacing: channels of connections 'channel_2' and 'channel_4' violate the 1000 edge-to-edge clearance; channel_spacing: channels of connections 'channel_2' and 'channel_7' violate the 1000 edge-to-edge clearance; channel_spacing: channels of connections 'channel_4' and 'channel_7' violate the 1000 edge-to-edge clearance,467.44,467.129419,1,optimal,True,466.24027104489505,False,3,False,True,,19100.0,612720000.0,1282220000.0,/home/student/Desktop/Neptune_2026/Microfluidics-Benchmarks/Results/ilp_full_20260915_165225/artifacts/mint__Drop_Ref__Dx_15__Dx_15_fromMINT/result.json,/home/student/Desktop/Neptune_2026/Microfluidics-Benchmarks/Results/ilp_full_20260915_165225/artifacts/mint__Drop_Ref__Dx_15__Dx_15_fromMINT/metrics.json,Microfluidics-Benchmarks/Results/ilp_full_20260915_165225/logs/mint__Drop_Ref__Dx_15__Dx_15_fromMINT.log,Microfluidics-Benchmarks/Results/ilp_full_20260915_165225/artifacts/mint__Drop_Ref__Dx_15__Dx_15_fromMINT
309,mint,mint__Drop_Ref__Dx_15_Ref__Dx_15_Ref_fromMINT,Drop_Ref/Dx_15_Ref/Dx_15_Ref_fromMINT.json,/home/student/Desktop/Neptune_2026/Microfluidics-Benchmarks/Results/MINT-TestCases/Drop_Ref/Dx_15_Ref/Dx_15_Ref_fromMINT.json,ilp,success,,425.907,425.607587,0,optimal,True,424.75510614784434,True,0,False,True,,17600.0,689690850.0,1399960850.0,/home/student/Desktop/Neptune_2026/Microfluidics-Benchmarks/Results/ilp_full_20260915_165225/artifacts/mint__Drop_Ref__Dx_15_Ref__Dx_15_Ref_fromMINT/result.json,/home/student/Desktop/Neptune_2026/Microfluidics-Benchmarks/Results/ilp_full_20260915_165225/artifacts/mint__Drop_Ref__Dx_15_Ref__Dx_15_Ref_fromMINT/metrics.json,Microfluidics-Benchmarks/Results/ilp_full_20260915_165225/logs/mint__Drop_Ref__Dx_15_Ref__Dx_15_Ref_fromMINT.log,Microfluidics-Benchmarks/Results/ilp_full_20260915_165225/artifacts/mint__Drop_Ref__Dx_15_Ref__Dx_15_Ref_fromMINT
310,mint,mint__Drop_Ref__Dx_1_Ref__Dx_1_Ref_fromMINT,Drop_Ref/Dx_1_Ref/Dx_1_Ref_fromMINT.json,/home/student/Desktop/Neptune_2026/Microfluidics-Benchmarks/Results/MINT-TestCases/Drop_Ref/Dx_1_Ref/Dx_1_Ref_fromMINT.json,ilp,fail,RuntimeError: DRC violations: channel_spacing: channels of connections 'connection_1' and 'connection_2' violate the 1000 edge-to-edge clearance; channel_spacing: channels of connections 'connection_1' and 'connection_3' violate the 1000 edge-to-edge clearance; channel_spacing: channels of connections 'connection_2' and 'connection_3' violate the 1000 edge-to-edge clearance,3429.915,3429.601633,1,optimal,True,3428.709916869877,False,3,False,True,,19769.0,845344900.0,1526854900.0,/home/student/Desktop/Neptune_2026/Microfluidics-Benchmarks/Results/ilp_full_20260915_165225/artifacts/mint__Drop_Ref__Dx_1_Ref__Dx_1_Ref_fromMINT/result.json,/home/student/Desktop/Neptune_2026/Microfluidics-Benchmarks/Results/ilp_full_20260915_165225/artifacts/mint__Drop_Ref__Dx_1_Ref__Dx_1_Ref_fromMINT/metrics.json,Microfluidics-Benchmarks/Results/ilp_full_20260915_165225/logs/mint__Drop_Ref__Dx_1_Ref__Dx_1_Ref_fromMINT.log,Microfluidics-Benchmarks/Results/ilp_full_20260915_165225/artifacts/mint__Drop_Ref__Dx_1_Ref__Dx_1_Ref_fromMINT
311,mint,mint__Drop_Ref__Dx_2__Dx_2_fromMINT,Drop_Ref/Dx_2/Dx_2_fromMINT.json,/home/student/Desktop/Neptune_2026/Microfluidics-Benchmarks/Results/MINT-TestCases/Drop_Ref/Dx_2/Dx_2_fromMINT.json,ilp,timeout,exceeded 3600s,3600.066,,,,,,,,,,,,,,,,Microfluidics-Benchmarks/Results/ilp_full_20260915_165225/logs/mint__Drop_Ref__Dx_2__Dx_2_fromMINT.log,Microfluidics-Benchmarks/Results/ilp_full_20260915_165225/artifacts/mint__Drop_Ref__Dx_2__Dx_2_fromMINT
312,mint,mint__Drop_Ref__Dx_2_Ref__Dx_2_Ref_fromMINT,Drop_Ref/Dx_2_Ref/Dx_2_Ref_fromMINT.json,/home/student/Desktop/Neptune_2026/Microfluidics-Benchmarks/Results/MINT-TestCases/Drop_Ref/Dx_2_Ref/Dx_2_Ref_fromMINT.json,ilp,timeout,exceeded 3600s,3600.068,,,,,,,,,,,,,,,,Microfluidics-Benchmarks/Results/ilp_full_20260915_165225/logs/mint__Drop_Ref__Dx_2_Ref__Dx_2_Ref_fromMINT.log,Microfluidics-Benchmarks/Results/ilp_full_20260915_165225/artifacts/mint__Drop_Ref__Dx_2_Ref__Dx_2_Ref_fromMINT
