index,suite,case,relative_input,source,algorithm,status,failure_kind,reason,wall_seconds,worker_seconds,exit_code,solver_status,placement_optimal,ilp_runtime_seconds,drc_passed,violation_count,control_required,control_passed,is_placed_and_routed,total_channel_manhattan_length,physical_area,padded_area,output_json,metrics_json,log,artifact_dir
1,lfr,lfr__CIDAR_Lab_Past_Devices__Chemostat_Chip__Chemostat_Chip_fromLFR,CIDAR_Lab_Past_Devices/Chemostat_Chip/Chemostat_Chip_fromLFR.json,/home/student/Desktop/Neptune_2026/Microfluidics-Benchmarks/Results/LFR_TestCases/CIDAR_Lab_Past_Devices/Chemostat_Chip/Chemostat_Chip_fromLFR.json,tree,success,,,14.254,13.984426,0,,,,,,,,True,,,,/home/student/Desktop/Neptune_2026/Microfluidics-Benchmarks/Results/tree_full_20260918_100349/artifacts/lfr__CIDAR_Lab_Past_Devices__Chemostat_Chip__Chemostat_Chip_fromLFR/result.json,,Microfluidics-Benchmarks/Results/tree_full_20260918_100349/logs/lfr__CIDAR_Lab_Past_Devices__Chemostat_Chip__Chemostat_Chip_fromLFR.log,Microfluidics-Benchmarks/Results/tree_full_20260918_100349/artifacts/lfr__CIDAR_Lab_Past_Devices__Chemostat_Chip__Chemostat_Chip_fromLFR
2,lfr,lfr__CIDAR_Lab_Past_Devices__Dna_Synthesizer__Dna_Synthesizer_fromLFR,CIDAR_Lab_Past_Devices/Dna_Synthesizer/Dna_Synthesizer_fromLFR.json,/home/student/Desktop/Neptune_2026/Microfluidics-Benchmarks/Results/LFR_TestCases/CIDAR_Lab_Past_Devices/Dna_Synthesizer/Dna_Synthesizer_fromLFR.json,tree,success,,,36.169,35.874142,0,,,,,,,,True,,,,/home/student/Desktop/Neptune_2026/Microfluidics-Benchmarks/Results/tree_full_20260918_100349/artifacts/lfr__CIDAR_Lab_Past_Devices__Dna_Synthesizer__Dna_Synthesizer_fromLFR/result.json,,Microfluidics-Benchmarks/Results/tree_full_20260918_100349/logs/lfr__CIDAR_Lab_Past_Devices__Dna_Synthesizer__Dna_Synthesizer_fromLFR.log,Microfluidics-Benchmarks/Results/tree_full_20260918_100349/artifacts/lfr__CIDAR_Lab_Past_Devices__Dna_Synthesizer__Dna_Synthesizer_fromLFR
3,lfr,lfr__CIDAR_Lab_Past_Devices__Dual_Lane_Droplet__Dual_Lane_Droplet_fromLFR,CIDAR_Lab_Past_Devices/Dual_Lane_Droplet/Dual_Lane_Droplet_fromLFR.json,/home/student/Desktop/Neptune_2026/Microfluidics-Benchmarks/Results/LFR_TestCases/CIDAR_Lab_Past_Devices/Dual_Lane_Droplet/Dual_Lane_Droplet_fromLFR.json,tree,success,,,2.774,2.521782,0,,,,,,,,True,,,,/home/student/Desktop/Neptune_2026/Microfluidics-Benchmarks/Results/tree_full_20260918_100349/artifacts/lfr__CIDAR_Lab_Past_Devices__Dual_Lane_Droplet__Dual_Lane_Droplet_fromLFR/result.json,,Microfluidics-Benchmarks/Results/tree_full_20260918_100349/logs/lfr__CIDAR_Lab_Past_Devices__Dual_Lane_Droplet__Dual_Lane_Droplet_fromLFR.log,Microfluidics-Benchmarks/Results/tree_full_20260918_100349/artifacts/lfr__CIDAR_Lab_Past_Devices__Dual_Lane_Droplet__Dual_Lane_Droplet_fromLFR
4,lfr,lfr__CIDAR_Lab_Past_Devices__Genetic_Clock_Testing_Tool__Genetic_Clock_Testing_Tool_fromLFR,CIDAR_Lab_Past_Devices/Genetic_Clock_Testing_Tool/Genetic_Clock_Testing_Tool_fromLFR.json,/home/student/Desktop/Neptune_2026/Microfluidics-Benchmarks/Results/LFR_TestCases/CIDAR_Lab_Past_Devices/Genetic_Clock_Testing_Tool/Genetic_Clock_Testing_Tool_fromLFR.json,tree,success,,,1.068,0.847259,0,,,,,,,,True,,,,/home/student/Desktop/Neptune_2026/Microfluidics-Benchmarks/Results/tree_full_20260918_100349/artifacts/lfr__CIDAR_Lab_Past_Devices__Genetic_Clock_Testing_Tool__Genetic_Clock_Testing_Tool_fromLFR/result.json,,Microfluidics-Benchmarks/Results/tree_full_20260918_100349/logs/lfr__CIDAR_Lab_Past_Devices__Genetic_Clock_Testing_Tool__Genetic_Clock_Testing_Tool_fromLFR.log,Microfluidics-Benchmarks/Results/tree_full_20260918_100349/artifacts/lfr__CIDAR_Lab_Past_Devices__Genetic_Clock_Testing_Tool__Genetic_Clock_Testing_Tool_fromLFR
5,lfr,lfr__CIDAR_Lab_Past_Devices__Glycoform__Glycoform_fromLFR,CIDAR_Lab_Past_Devices/Glycoform/Glycoform_fromLFR.json,/home/student/Desktop/Neptune_2026/Microfluidics-Benchmarks/Results/LFR_TestCases/CIDAR_Lab_Past_Devices/Glycoform/Glycoform_fromLFR.json,tree,success,,,1.168,0.92076,0,,,,,,,,True,,,,/home/student/Desktop/Neptune_2026/Microfluidics-Benchmarks/Results/tree_full_20260918_100349/artifacts/lfr__CIDAR_Lab_Past_Devices__Glycoform__Glycoform_fromLFR/result.json,,Microfluidics-Benchmarks/Results/tree_full_20260918_100349/logs/lfr__CIDAR_Lab_Past_Devices__Glycoform__Glycoform_fromLFR.log,Microfluidics-Benchmarks/Results/tree_full_20260918_100349/artifacts/lfr__CIDAR_Lab_Past_Devices__Glycoform__Glycoform_fromLFR
6,lfr,lfr__CIDAR_Lab_Past_Devices__Grad_Cells__Grad_Cells_fromLFR,CIDAR_Lab_Past_Devices/Grad_Cells/Grad_Cells_fromLFR.json,/home/student/Desktop/Neptune_2026/Microfluidics-Benchmarks/Results/LFR_TestCases/CIDAR_Lab_Past_Devices/Grad_Cells/Grad_Cells_fromLFR.json,tree,success,,,1.519,1.283836,0,,,,,,,,True,,,,/home/student/Desktop/Neptune_2026/Microfluidics-Benchmarks/Results/tree_full_20260918_100349/artifacts/lfr__CIDAR_Lab_Past_Devices__Grad_Cells__Grad_Cells_fromLFR/result.json,,Microfluidics-Benchmarks/Results/tree_full_20260918_100349/logs/lfr__CIDAR_Lab_Past_Devices__Grad_Cells__Grad_Cells_fromLFR.log,Microfluidics-Benchmarks/Results/tree_full_20260918_100349/artifacts/lfr__CIDAR_Lab_Past_Devices__Grad_Cells__Grad_Cells_fromLFR
7,lfr,lfr__CIDAR_Lab_Past_Devices__Gradient__Gradient_fromLFR,CIDAR_Lab_Past_Devices/Gradient/Gradient_fromLFR.json,/home/student/Desktop/Neptune_2026/Microfluidics-Benchmarks/Results/LFR_TestCases/CIDAR_Lab_Past_Devices/Gradient/Gradient_fromLFR.json,tree,success,,,2.171,1.925726,0,,,,,,,,True,,,,/home/student/Desktop/Neptune_2026/Microfluidics-Benchmarks/Results/tree_full_20260918_100349/artifacts/lfr__CIDAR_Lab_Past_Devices__Gradient__Gradient_fromLFR/result.json,,Microfluidics-Benchmarks/Results/tree_full_20260918_100349/logs/lfr__CIDAR_Lab_Past_Devices__Gradient__Gradient_fromLFR.log,Microfluidics-Benchmarks/Results/tree_full_20260918_100349/artifacts/lfr__CIDAR_Lab_Past_Devices__Gradient__Gradient_fromLFR
8,lfr,lfr__CIDAR_Lab_Past_Devices__Hasty_Cell_Traps__Hasty_Cell_Traps_fromLFR,CIDAR_Lab_Past_Devices/Hasty_Cell_Traps/Hasty_Cell_Traps_fromLFR.json,/home/student/Desktop/Neptune_2026/Microfluidics-Benchmarks/Results/LFR_TestCases/CIDAR_Lab_Past_Devices/Hasty_Cell_Traps/Hasty_Cell_Traps_fromLFR.json,tree,success,,,1.018,0.782107,0,,,,,,,,True,,,,/home/student/Desktop/Neptune_2026/Microfluidics-Benchmarks/Results/tree_full_20260918_100349/artifacts/lfr__CIDAR_Lab_Past_Devices__Hasty_Cell_Traps__Hasty_Cell_Traps_fromLFR/result.json,,Microfluidics-Benchmarks/Results/tree_full_20260918_100349/logs/lfr__CIDAR_Lab_Past_Devices__Hasty_Cell_Traps__Hasty_Cell_Traps_fromLFR.log,Microfluidics-Benchmarks/Results/tree_full_20260918_100349/artifacts/lfr__CIDAR_Lab_Past_Devices__Hasty_Cell_Traps__Hasty_Cell_Traps_fromLFR
9,lfr,lfr__CIDAR_Lab_Past_Devices__Hmlp_Dual_Bank__Hmlp_Dual_Bank_fromLFR,CIDAR_Lab_Past_Devices/Hmlp_Dual_Bank/Hmlp_Dual_Bank_fromLFR.json,/home/student/Desktop/Neptune_2026/Microfluidics-Benchmarks/Results/LFR_TestCases/CIDAR_Lab_Past_Devices/Hmlp_Dual_Bank/Hmlp_Dual_Bank_fromLFR.json,tree,success,,,11.498,11.2287,0,,,,,,,,True,,,,/home/student/Desktop/Neptune_2026/Microfluidics-Benchmarks/Results/tree_full_20260918_100349/artifacts/lfr__CIDAR_Lab_Past_Devices__Hmlp_Dual_Bank__Hmlp_Dual_Bank_fromLFR/result.json,,Microfluidics-Benchmarks/Results/tree_full_20260918_100349/logs/lfr__CIDAR_Lab_Past_Devices__Hmlp_Dual_Bank__Hmlp_Dual_Bank_fromLFR.log,Microfluidics-Benchmarks/Results/tree_full_20260918_100349/artifacts/lfr__CIDAR_Lab_Past_Devices__Hmlp_Dual_Bank__Hmlp_Dual_Bank_fromLFR
10,lfr,lfr__CIDAR_Lab_Past_Devices__Incubator__Incubator_fromLFR,CIDAR_Lab_Past_Devices/Incubator/Incubator_fromLFR.json,/home/student/Desktop/Neptune_2026/Microfluidics-Benchmarks/Results/LFR_TestCases/CIDAR_Lab_Past_Devices/Incubator/Incubator_fromLFR.json,tree,success,,,5.832,5.604314,0,,,,,,,,True,,,,/home/student/Desktop/Neptune_2026/Microfluidics-Benchmarks/Results/tree_full_20260918_100349/artifacts/lfr__CIDAR_Lab_Past_Devices__Incubator__Incubator_fromLFR/result.json,,Microfluidics-Benchmarks/Results/tree_full_20260918_100349/logs/lfr__CIDAR_Lab_Past_Devices__Incubator__Incubator_fromLFR.log,Microfluidics-Benchmarks/Results/tree_full_20260918_100349/artifacts/lfr__CIDAR_Lab_Past_Devices__Incubator__Incubator_fromLFR
11,lfr,lfr__CIDAR_Lab_Past_Devices__Inlet_16__Inlet_16_fromLFR,CIDAR_Lab_Past_Devices/Inlet_16/Inlet_16_fromLFR.json,/home/student/Desktop/Neptune_2026/Microfluidics-Benchmarks/Results/LFR_TestCases/CIDAR_Lab_Past_Devices/Inlet_16/Inlet_16_fromLFR.json,tree,success,,,132.1,131.797692,0,,,,,,,,True,,,,/home/student/Desktop/Neptune_2026/Microfluidics-Benchmarks/Results/tree_full_20260918_100349/artifacts/lfr__CIDAR_Lab_Past_Devices__Inlet_16__Inlet_16_fromLFR/result.json,,Microfluidics-Benchmarks/Results/tree_full_20260918_100349/logs/lfr__CIDAR_Lab_Past_Devices__Inlet_16__Inlet_16_fromLFR.log,Microfluidics-Benchmarks/Results/tree_full_20260918_100349/artifacts/lfr__CIDAR_Lab_Past_Devices__Inlet_16__Inlet_16_fromLFR
12,lfr,lfr__CIDAR_Lab_Past_Devices__Kinetics__Kinetics_fromLFR,CIDAR_Lab_Past_Devices/Kinetics/Kinetics_fromLFR.json,/home/student/Desktop/Neptune_2026/Microfluidics-Benchmarks/Results/LFR_TestCases/CIDAR_Lab_Past_Devices/Kinetics/Kinetics_fromLFR.json,tree,success,,,0.967,0.728272,0,,,,,,,,True,,,,/home/student/Desktop/Neptune_2026/Microfluidics-Benchmarks/Results/tree_full_20260918_100349/artifacts/lfr__CIDAR_Lab_Past_Devices__Kinetics__Kinetics_fromLFR/result.json,,Microfluidics-Benchmarks/Results/tree_full_20260918_100349/logs/lfr__CIDAR_Lab_Past_Devices__Kinetics__Kinetics_fromLFR.log,Microfluidics-Benchmarks/Results/tree_full_20260918_100349/artifacts/lfr__CIDAR_Lab_Past_Devices__Kinetics__Kinetics_fromLFR
13,lfr,lfr__CIDAR_Lab_Past_Devices__Logic_04__Logic_04_fromLFR,CIDAR_Lab_Past_Devices/Logic_04/Logic_04_fromLFR.json,/home/student/Desktop/Neptune_2026/Microfluidics-Benchmarks/Results/LFR_TestCases/CIDAR_Lab_Past_Devices/Logic_04/Logic_04_fromLFR.json,tree,success,,,6.081,5.823454,0,,,,,,,,True,,,,/home/student/Desktop/Neptune_2026/Microfluidics-Benchmarks/Results/tree_full_20260918_100349/artifacts/lfr__CIDAR_Lab_Past_Devices__Logic_04__Logic_04_fromLFR/result.json,,Microfluidics-Benchmarks/Results/tree_full_20260918_100349/logs/lfr__CIDAR_Lab_Past_Devices__Logic_04__Logic_04_fromLFR.log,Microfluidics-Benchmarks/Results/tree_full_20260918_100349/artifacts/lfr__CIDAR_Lab_Past_Devices__Logic_04__Logic_04_fromLFR
14,lfr,lfr__CIDAR_Lab_Past_Devices__Mfd_005_Chip__Mfd_005_Chip_fromLFR,CIDAR_Lab_Past_Devices/Mfd_005_Chip/Mfd_005_Chip_fromLFR.json,/home/student/Desktop/Neptune_2026/Microfluidics-Benchmarks/Results/LFR_TestCases/CIDAR_Lab_Past_Devices/Mfd_005_Chip/Mfd_005_Chip_fromLFR.json,tree,success,,,1.118,0.909223,0,,,,,,,,True,,,,/home/student/Desktop/Neptune_2026/Microfluidics-Benchmarks/Results/tree_full_20260918_100349/artifacts/lfr__CIDAR_Lab_Past_Devices__Mfd_005_Chip__Mfd_005_Chip_fromLFR/result.json,,Microfluidics-Benchmarks/Results/tree_full_20260918_100349/logs/lfr__CIDAR_Lab_Past_Devices__Mfd_005_Chip__Mfd_005_Chip_fromLFR.log,Microfluidics-Benchmarks/Results/tree_full_20260918_100349/artifacts/lfr__CIDAR_Lab_Past_Devices__Mfd_005_Chip__Mfd_005_Chip_fromLFR
15,lfr,lfr__CIDAR_Lab_Past_Devices__Microalgal_Bioassay__Microalgal_Bioassay_fromLFR,CIDAR_Lab_Past_Devices/Microalgal_Bioassay/Microalgal_Bioassay_fromLFR.json,/home/student/Desktop/Neptune_2026/Microfluidics-Benchmarks/Results/LFR_TestCases/CIDAR_Lab_Past_Devices/Microalgal_Bioassay/Microalgal_Bioassay_fromLFR.json,tree,success,,,1.117,0.900068,0,,,,,,,,True,,,,/home/student/Desktop/Neptune_2026/Microfluidics-Benchmarks/Results/tree_full_20260918_100349/artifacts/lfr__CIDAR_Lab_Past_Devices__Microalgal_Bioassay__Microalgal_Bioassay_fromLFR/result.json,,Microfluidics-Benchmarks/Results/tree_full_20260918_100349/logs/lfr__CIDAR_Lab_Past_Devices__Microalgal_Bioassay__Microalgal_Bioassay_fromLFR.log,Microfluidics-Benchmarks/Results/tree_full_20260918_100349/artifacts/lfr__CIDAR_Lab_Past_Devices__Microalgal_Bioassay__Microalgal_Bioassay_fromLFR
16,lfr,lfr__CIDAR_Lab_Past_Devices__Microdroplet__Microdroplet_fromLFR,CIDAR_Lab_Past_Devices/Microdroplet/Microdroplet_fromLFR.json,/home/student/Desktop/Neptune_2026/Microfluidics-Benchmarks/Results/LFR_TestCases/CIDAR_Lab_Past_Devices/Microdroplet/Microdroplet_fromLFR.json,tree,success,,,4.628,4.404987,0,,,,,,,,True,,,,/home/student/Desktop/Neptune_2026/Microfluidics-Benchmarks/Results/tree_full_20260918_100349/artifacts/lfr__CIDAR_Lab_Past_Devices__Microdroplet__Microdroplet_fromLFR/result.json,,Microfluidics-Benchmarks/Results/tree_full_20260918_100349/logs/lfr__CIDAR_Lab_Past_Devices__Microdroplet__Microdroplet_fromLFR.log,Microfluidics-Benchmarks/Results/tree_full_20260918_100349/artifacts/lfr__CIDAR_Lab_Past_Devices__Microdroplet__Microdroplet_fromLFR
17,lfr,lfr__CIDAR_Lab_Past_Devices__Microreactor__Microreactor_fromLFR,CIDAR_Lab_Past_Devices/Microreactor/Microreactor_fromLFR.json,/home/student/Desktop/Neptune_2026/Microfluidics-Benchmarks/Results/LFR_TestCases/CIDAR_Lab_Past_Devices/Microreactor/Microreactor_fromLFR.json,tree,success,,,2.069,1.841634,0,,,,,,,,True,,,,/home/student/Desktop/Neptune_2026/Microfluidics-Benchmarks/Results/tree_full_20260918_100349/artifacts/lfr__CIDAR_Lab_Past_Devices__Microreactor__Microreactor_fromLFR/result.json,,Microfluidics-Benchmarks/Results/tree_full_20260918_100349/logs/lfr__CIDAR_Lab_Past_Devices__Microreactor__Microreactor_fromLFR.log,Microfluidics-Benchmarks/Results/tree_full_20260918_100349/artifacts/lfr__CIDAR_Lab_Past_Devices__Microreactor__Microreactor_fromLFR
18,lfr,lfr__CIDAR_Lab_Past_Devices__Mix_Incubate_Express__Mix_Incubate_Express_fromLFR,CIDAR_Lab_Past_Devices/Mix_Incubate_Express/Mix_Incubate_Express_fromLFR.json,/home/student/Desktop/Neptune_2026/Microfluidics-Benchmarks/Results/LFR_TestCases/CIDAR_Lab_Past_Devices/Mix_Incubate_Express/Mix_Incubate_Express_fromLFR.json,tree,success,,,1.019,0.772075,0,,,,,,,,True,,,,/home/student/Desktop/Neptune_2026/Microfluidics-Benchmarks/Results/tree_full_20260918_100349/artifacts/lfr__CIDAR_Lab_Past_Devices__Mix_Incubate_Express__Mix_Incubate_Express_fromLFR/result.json,,Microfluidics-Benchmarks/Results/tree_full_20260918_100349/logs/lfr__CIDAR_Lab_Past_Devices__Mix_Incubate_Express__Mix_Incubate_Express_fromLFR.log,Microfluidics-Benchmarks/Results/tree_full_20260918_100349/artifacts/lfr__CIDAR_Lab_Past_Devices__Mix_Incubate_Express__Mix_Incubate_Express_fromLFR
19,lfr,lfr__CIDAR_Lab_Past_Devices__Multi_Input__Multi_Input_fromLFR,CIDAR_Lab_Past_Devices/Multi_Input/Multi_Input_fromLFR.json,/home/student/Desktop/Neptune_2026/Microfluidics-Benchmarks/Results/LFR_TestCases/CIDAR_Lab_Past_Devices/Multi_Input/Multi_Input_fromLFR.json,tree,success,,,2.473,2.157025,0,,,,,,,,True,,,,/home/student/Desktop/Neptune_2026/Microfluidics-Benchmarks/Results/tree_full_20260918_100349/artifacts/lfr__CIDAR_Lab_Past_Devices__Multi_Input__Multi_Input_fromLFR/result.json,,Microfluidics-Benchmarks/Results/tree_full_20260918_100349/logs/lfr__CIDAR_Lab_Past_Devices__Multi_Input__Multi_Input_fromLFR.log,Microfluidics-Benchmarks/Results/tree_full_20260918_100349/artifacts/lfr__CIDAR_Lab_Past_Devices__Multi_Input__Multi_Input_fromLFR
20,lfr,lfr__CIDAR_Lab_Past_Devices__MUX_96_Chambers__MUX_96_Chambers_fromLFR,CIDAR_Lab_Past_Devices/MUX_96_Chambers/MUX_96_Chambers_fromLFR.json,/home/student/Desktop/Neptune_2026/Microfluidics-Benchmarks/Results/LFR_TestCases/CIDAR_Lab_Past_Devices/MUX_96_Chambers/MUX_96_Chambers_fromLFR.json,tree,success,,,4.875,4.609069,0,,,,,,,,True,,,,/home/student/Desktop/Neptune_2026/Microfluidics-Benchmarks/Results/tree_full_20260918_100349/artifacts/lfr__CIDAR_Lab_Past_Devices__MUX_96_Chambers__MUX_96_Chambers_fromLFR/result.json,,Microfluidics-Benchmarks/Results/tree_full_20260918_100349/logs/lfr__CIDAR_Lab_Past_Devices__MUX_96_Chambers__MUX_96_Chambers_fromLFR.log,Microfluidics-Benchmarks/Results/tree_full_20260918_100349/artifacts/lfr__CIDAR_Lab_Past_Devices__MUX_96_Chambers__MUX_96_Chambers_fromLFR
21,lfr,lfr__CIDAR_Lab_Past_Devices__Net_MUX__Net_MUX_fromLFR,CIDAR_Lab_Past_Devices/Net_MUX/Net_MUX_fromLFR.json,/home/student/Desktop/Neptune_2026/Microfluidics-Benchmarks/Results/LFR_TestCases/CIDAR_Lab_Past_Devices/Net_MUX/Net_MUX_fromLFR.json,tree,success,,,5.181,4.936926,0,,,,,,,,True,,,,/home/student/Desktop/Neptune_2026/Microfluidics-Benchmarks/Results/tree_full_20260918_100349/artifacts/lfr__CIDAR_Lab_Past_Devices__Net_MUX__Net_MUX_fromLFR/result.json,,Microfluidics-Benchmarks/Results/tree_full_20260918_100349/logs/lfr__CIDAR_Lab_Past_Devices__Net_MUX__Net_MUX_fromLFR.log,Microfluidics-Benchmarks/Results/tree_full_20260918_100349/artifacts/lfr__CIDAR_Lab_Past_Devices__Net_MUX__Net_MUX_fromLFR
22,lfr,lfr__CIDAR_Lab_Past_Devices__Nine_To_One_MUX__Nine_To_One_MUX_fromLFR,CIDAR_Lab_Past_Devices/Nine_To_One_MUX/Nine_To_One_MUX_fromLFR.json,/home/student/Desktop/Neptune_2026/Microfluidics-Benchmarks/Results/LFR_TestCases/CIDAR_Lab_Past_Devices/Nine_To_One_MUX/Nine_To_One_MUX_fromLFR.json,tree,success,,,7.58,7.348382,0,,,,,,,,True,,,,/home/student/Desktop/Neptune_2026/Microfluidics-Benchmarks/Results/tree_full_20260918_100349/artifacts/lfr__CIDAR_Lab_Past_Devices__Nine_To_One_MUX__Nine_To_One_MUX_fromLFR/result.json,,Microfluidics-Benchmarks/Results/tree_full_20260918_100349/logs/lfr__CIDAR_Lab_Past_Devices__Nine_To_One_MUX__Nine_To_One_MUX_fromLFR.log,Microfluidics-Benchmarks/Results/tree_full_20260918_100349/artifacts/lfr__CIDAR_Lab_Past_Devices__Nine_To_One_MUX__Nine_To_One_MUX_fromLFR
23,lfr,lfr__CIDAR_Lab_Past_Devices__Number_Declarations__Number_Declarations_fromLFR,CIDAR_Lab_Past_Devices/Number_Declarations/Number_Declarations_fromLFR.json,/home/student/Desktop/Neptune_2026/Microfluidics-Benchmarks/Results/LFR_TestCases/CIDAR_Lab_Past_Devices/Number_Declarations/Number_Declarations_fromLFR.json,tree,success,,,0.918,0.681593,0,,,,,,,,True,,,,/home/student/Desktop/Neptune_2026/Microfluidics-Benchmarks/Results/tree_full_20260918_100349/artifacts/lfr__CIDAR_Lab_Past_Devices__Number_Declarations__Number_Declarations_fromLFR/result.json,,Microfluidics-Benchmarks/Results/tree_full_20260918_100349/logs/lfr__CIDAR_Lab_Past_Devices__Number_Declarations__Number_Declarations_fromLFR.log,Microfluidics-Benchmarks/Results/tree_full_20260918_100349/artifacts/lfr__CIDAR_Lab_Past_Devices__Number_Declarations__Number_Declarations_fromLFR
24,lfr,lfr__CIDAR_Lab_Past_Devices__Olfactory__Olfactory_fromLFR,CIDAR_Lab_Past_Devices/Olfactory/Olfactory_fromLFR.json,/home/student/Desktop/Neptune_2026/Microfluidics-Benchmarks/Results/LFR_TestCases/CIDAR_Lab_Past_Devices/Olfactory/Olfactory_fromLFR.json,tree,success,,,1.771,1.561473,0,,,,,,,,True,,,,/home/student/Desktop/Neptune_2026/Microfluidics-Benchmarks/Results/tree_full_20260918_100349/artifacts/lfr__CIDAR_Lab_Past_Devices__Olfactory__Olfactory_fromLFR/result.json,,Microfluidics-Benchmarks/Results/tree_full_20260918_100349/logs/lfr__CIDAR_Lab_Past_Devices__Olfactory__Olfactory_fromLFR.log,Microfluidics-Benchmarks/Results/tree_full_20260918_100349/artifacts/lfr__CIDAR_Lab_Past_Devices__Olfactory__Olfactory_fromLFR
25,lfr,lfr__CIDAR_Lab_Past_Devices__Pump_Passthrough__Pump_Passthrough_fromLFR,CIDAR_Lab_Past_Devices/Pump_Passthrough/Pump_Passthrough_fromLFR.json,/home/student/Desktop/Neptune_2026/Microfluidics-Benchmarks/Results/LFR_TestCases/CIDAR_Lab_Past_Devices/Pump_Passthrough/Pump_Passthrough_fromLFR.json,tree,success,,,0.917,0.683339,0,,,,,,,,True,,,,/home/student/Desktop/Neptune_2026/Microfluidics-Benchmarks/Results/tree_full_20260918_100349/artifacts/lfr__CIDAR_Lab_Past_Devices__Pump_Passthrough__Pump_Passthrough_fromLFR/result.json,,Microfluidics-Benchmarks/Results/tree_full_20260918_100349/logs/lfr__CIDAR_Lab_Past_Devices__Pump_Passthrough__Pump_Passthrough_fromLFR.log,Microfluidics-Benchmarks/Results/tree_full_20260918_100349/artifacts/lfr__CIDAR_Lab_Past_Devices__Pump_Passthrough__Pump_Passthrough_fromLFR
26,lfr,lfr__CIDAR_Lab_Past_Devices__Ring__Ring_fromLFR,CIDAR_Lab_Past_Devices/Ring/Ring_fromLFR.json,/home/student/Desktop/Neptune_2026/Microfluidics-Benchmarks/Results/LFR_TestCases/CIDAR_Lab_Past_Devices/Ring/Ring_fromLFR.json,tree,success,,,0.967,0.763326,0,,,,,,,,True,,,,/home/student/Desktop/Neptune_2026/Microfluidics-Benchmarks/Results/tree_full_20260918_100349/artifacts/lfr__CIDAR_Lab_Past_Devices__Ring__Ring_fromLFR/result.json,,Microfluidics-Benchmarks/Results/tree_full_20260918_100349/logs/lfr__CIDAR_Lab_Past_Devices__Ring__Ring_fromLFR.log,Microfluidics-Benchmarks/Results/tree_full_20260918_100349/artifacts/lfr__CIDAR_Lab_Past_Devices__Ring__Ring_fromLFR
27,lfr,lfr__CIDAR_Lab_Past_Devices__Root_Chip__Root_Chip_fromLFR,CIDAR_Lab_Past_Devices/Root_Chip/Root_Chip_fromLFR.json,/home/student/Desktop/Neptune_2026/Microfluidics-Benchmarks/Results/LFR_TestCases/CIDAR_Lab_Past_Devices/Root_Chip/Root_Chip_fromLFR.json,tree,success,,,4.579,4.3549,0,,,,,,,,True,,,,/home/student/Desktop/Neptune_2026/Microfluidics-Benchmarks/Results/tree_full_20260918_100349/artifacts/lfr__CIDAR_Lab_Past_Devices__Root_Chip__Root_Chip_fromLFR/result.json,,Microfluidics-Benchmarks/Results/tree_full_20260918_100349/logs/lfr__CIDAR_Lab_Past_Devices__Root_Chip__Root_Chip_fromLFR.log,Microfluidics-Benchmarks/Results/tree_full_20260918_100349/artifacts/lfr__CIDAR_Lab_Past_Devices__Root_Chip__Root_Chip_fromLFR
28,lfr,lfr__CIDAR_Lab_Past_Devices__Rotary_16__Rotary_16_fromLFR,CIDAR_Lab_Past_Devices/Rotary_16/Rotary_16_fromLFR.json,/home/student/Desktop/Neptune_2026/Microfluidics-Benchmarks/Results/LFR_TestCases/CIDAR_Lab_Past_Devices/Rotary_16/Rotary_16_fromLFR.json,tree,success,,,43.029,42.725855,0,,,,,,,,True,,,,/home/student/Desktop/Neptune_2026/Microfluidics-Benchmarks/Results/tree_full_20260918_100349/artifacts/lfr__CIDAR_Lab_Past_Devices__Rotary_16__Rotary_16_fromLFR/result.json,,Microfluidics-Benchmarks/Results/tree_full_20260918_100349/logs/lfr__CIDAR_Lab_Past_Devices__Rotary_16__Rotary_16_fromLFR.log,Microfluidics-Benchmarks/Results/tree_full_20260918_100349/artifacts/lfr__CIDAR_Lab_Past_Devices__Rotary_16__Rotary_16_fromLFR
29,lfr,lfr__CIDAR_Lab_Past_Devices__Rotary_Cells__Rotary_Cells_fromLFR,CIDAR_Lab_Past_Devices/Rotary_Cells/Rotary_Cells_fromLFR.json,/home/student/Desktop/Neptune_2026/Microfluidics-Benchmarks/Results/LFR_TestCases/CIDAR_Lab_Past_Devices/Rotary_Cells/Rotary_Cells_fromLFR.json,tree,success,,,2.071,1.842845,0,,,,,,,,True,,,,/home/student/Desktop/Neptune_2026/Microfluidics-Benchmarks/Results/tree_full_20260918_100349/artifacts/lfr__CIDAR_Lab_Past_Devices__Rotary_Cells__Rotary_Cells_fromLFR/result.json,,Microfluidics-Benchmarks/Results/tree_full_20260918_100349/logs/lfr__CIDAR_Lab_Past_Devices__Rotary_Cells__Rotary_Cells_fromLFR.log,Microfluidics-Benchmarks/Results/tree_full_20260918_100349/artifacts/lfr__CIDAR_Lab_Past_Devices__Rotary_Cells__Rotary_Cells_fromLFR
30,lfr,lfr__CIDAR_Lab_Past_Devices__Seeding__Seeding_fromLFR,CIDAR_Lab_Past_Devices/Seeding/Seeding_fromLFR.json,/home/student/Desktop/Neptune_2026/Microfluidics-Benchmarks/Results/LFR_TestCases/CIDAR_Lab_Past_Devices/Seeding/Seeding_fromLFR.json,tree,success,,,4.93,4.678662,0,,,,,,,,True,,,,/home/student/Desktop/Neptune_2026/Microfluidics-Benchmarks/Results/tree_full_20260918_100349/artifacts/lfr__CIDAR_Lab_Past_Devices__Seeding__Seeding_fromLFR/result.json,,Microfluidics-Benchmarks/Results/tree_full_20260918_100349/logs/lfr__CIDAR_Lab_Past_Devices__Seeding__Seeding_fromLFR.log,Microfluidics-Benchmarks/Results/tree_full_20260918_100349/artifacts/lfr__CIDAR_Lab_Past_Devices__Seeding__Seeding_fromLFR
31,lfr,lfr__CIDAR_Lab_Past_Devices__Three_Reagent_Mix__Three_Reagent_Mix_fromLFR,CIDAR_Lab_Past_Devices/Three_Reagent_Mix/Three_Reagent_Mix_fromLFR.json,/home/student/Desktop/Neptune_2026/Microfluidics-Benchmarks/Results/LFR_TestCases/CIDAR_Lab_Past_Devices/Three_Reagent_Mix/Three_Reagent_Mix_fromLFR.json,tree,success,,,1.069,0.825289,0,,,,,,,,True,,,,/home/student/Desktop/Neptune_2026/Microfluidics-Benchmarks/Results/tree_full_20260918_100349/artifacts/lfr__CIDAR_Lab_Past_Devices__Three_Reagent_Mix__Three_Reagent_Mix_fromLFR/result.json,,Microfluidics-Benchmarks/Results/tree_full_20260918_100349/logs/lfr__CIDAR_Lab_Past_Devices__Three_Reagent_Mix__Three_Reagent_Mix_fromLFR.log,Microfluidics-Benchmarks/Results/tree_full_20260918_100349/artifacts/lfr__CIDAR_Lab_Past_Devices__Three_Reagent_Mix__Three_Reagent_Mix_fromLFR
32,lfr,lfr__COVID__Aj_Rtpcr_8_Primer__Aj_Rtpcr_8_Primer_fromLFR,COVID/Aj_Rtpcr_8_Primer/Aj_Rtpcr_8_Primer_fromLFR.json,/home/student/Desktop/Neptune_2026/Microfluidics-Benchmarks/Results/LFR_TestCases/COVID/Aj_Rtpcr_8_Primer/Aj_Rtpcr_8_Primer_fromLFR.json,tree,success,,,10.546,10.311558,0,,,,,,,,True,,,,/home/student/Desktop/Neptune_2026/Microfluidics-Benchmarks/Results/tree_full_20260918_100349/artifacts/lfr__COVID__Aj_Rtpcr_8_Primer__Aj_Rtpcr_8_Primer_fromLFR/result.json,,Microfluidics-Benchmarks/Results/tree_full_20260918_100349/logs/lfr__COVID__Aj_Rtpcr_8_Primer__Aj_Rtpcr_8_Primer_fromLFR.log,Microfluidics-Benchmarks/Results/tree_full_20260918_100349/artifacts/lfr__COVID__Aj_Rtpcr_8_Primer__Aj_Rtpcr_8_Primer_fromLFR
33,lfr,lfr__COVID__Arize__Arize_fromLFR,COVID/Arize/Arize_fromLFR.json,/home/student/Desktop/Neptune_2026/Microfluidics-Benchmarks/Results/LFR_TestCases/COVID/Arize/Arize_fromLFR.json,tree,success,,,1.722,1.485364,0,,,,,,,,True,,,,/home/student/Desktop/Neptune_2026/Microfluidics-Benchmarks/Results/tree_full_20260918_100349/artifacts/lfr__COVID__Arize__Arize_fromLFR/result.json,,Microfluidics-Benchmarks/Results/tree_full_20260918_100349/logs/lfr__COVID__Arize__Arize_fromLFR.log,Microfluidics-Benchmarks/Results/tree_full_20260918_100349/artifacts/lfr__COVID__Arize__Arize_fromLFR
34,lfr,lfr__COVID__Covid_Crispr__Covid_Crispr_fromLFR,COVID/Covid_Crispr/Covid_Crispr_fromLFR.json,/home/student/Desktop/Neptune_2026/Microfluidics-Benchmarks/Results/LFR_TestCases/COVID/Covid_Crispr/Covid_Crispr_fromLFR.json,tree,success,,,0.968,0.736202,0,,,,,,,,True,,,,/home/student/Desktop/Neptune_2026/Microfluidics-Benchmarks/Results/tree_full_20260918_100349/artifacts/lfr__COVID__Covid_Crispr__Covid_Crispr_fromLFR/result.json,,Microfluidics-Benchmarks/Results/tree_full_20260918_100349/logs/lfr__COVID__Covid_Crispr__Covid_Crispr_fromLFR.log,Microfluidics-Benchmarks/Results/tree_full_20260918_100349/artifacts/lfr__COVID__Covid_Crispr__Covid_Crispr_fromLFR
35,lfr,lfr__COVID__Crispr__Crispr_fromLFR,COVID/Crispr/Crispr_fromLFR.json,/home/student/Desktop/Neptune_2026/Microfluidics-Benchmarks/Results/LFR_TestCases/COVID/Crispr/Crispr_fromLFR.json,tree,success,,,1.119,0.89593,0,,,,,,,,True,,,,/home/student/Desktop/Neptune_2026/Microfluidics-Benchmarks/Results/tree_full_20260918_100349/artifacts/lfr__COVID__Crispr__Crispr_fromLFR/result.json,,Microfluidics-Benchmarks/Results/tree_full_20260918_100349/logs/lfr__COVID__Crispr__Crispr_fromLFR.log,Microfluidics-Benchmarks/Results/tree_full_20260918_100349/artifacts/lfr__COVID__Crispr__Crispr_fromLFR
36,lfr,lfr__COVID__Detectr__Detectr_fromLFR,COVID/Detectr/Detectr_fromLFR.json,/home/student/Desktop/Neptune_2026/Microfluidics-Benchmarks/Results/LFR_TestCases/COVID/Detectr/Detectr_fromLFR.json,tree,success,,,1.269,1.047413,0,,,,,,,,True,,,,/home/student/Desktop/Neptune_2026/Microfluidics-Benchmarks/Results/tree_full_20260918_100349/artifacts/lfr__COVID__Detectr__Detectr_fromLFR/result.json,,Microfluidics-Benchmarks/Results/tree_full_20260918_100349/logs/lfr__COVID__Detectr__Detectr_fromLFR.log,Microfluidics-Benchmarks/Results/tree_full_20260918_100349/artifacts/lfr__COVID__Detectr__Detectr_fromLFR
37,lfr,lfr__COVID__Elisa__Elisa_fromLFR,COVID/Elisa/Elisa_fromLFR.json,/home/student/Desktop/Neptune_2026/Microfluidics-Benchmarks/Results/LFR_TestCases/COVID/Elisa/Elisa_fromLFR.json,tree,success,,,1.019,0.78754,0,,,,,,,,True,,,,/home/student/Desktop/Neptune_2026/Microfluidics-Benchmarks/Results/tree_full_20260918_100349/artifacts/lfr__COVID__Elisa__Elisa_fromLFR/result.json,,Microfluidics-Benchmarks/Results/tree_full_20260918_100349/logs/lfr__COVID__Elisa__Elisa_fromLFR.log,Microfluidics-Benchmarks/Results/tree_full_20260918_100349/artifacts/lfr__COVID__Elisa__Elisa_fromLFR
38,lfr,lfr__COVID__Gel_Electrophoresis__Gel_Electrophoresis_fromLFR,COVID/Gel_Electrophoresis/Gel_Electrophoresis_fromLFR.json,/home/student/Desktop/Neptune_2026/Microfluidics-Benchmarks/Results/LFR_TestCases/COVID/Gel_Electrophoresis/Gel_Electrophoresis_fromLFR.json,tree,success,,,1.119,0.904576,0,,,,,,,,True,,,,/home/student/Desktop/Neptune_2026/Microfluidics-Benchmarks/Results/tree_full_20260918_100349/artifacts/lfr__COVID__Gel_Electrophoresis__Gel_Electrophoresis_fromLFR/result.json,,Microfluidics-Benchmarks/Results/tree_full_20260918_100349/logs/lfr__COVID__Gel_Electrophoresis__Gel_Electrophoresis_fromLFR.log,Microfluidics-Benchmarks/Results/tree_full_20260918_100349/artifacts/lfr__COVID__Gel_Electrophoresis__Gel_Electrophoresis_fromLFR
39,lfr,lfr__COVID__Hybri_Detect__Hybri_Detect_fromLFR,COVID/Hybri_Detect/Hybri_Detect_fromLFR.json,/home/student/Desktop/Neptune_2026/Microfluidics-Benchmarks/Results/LFR_TestCases/COVID/Hybri_Detect/Hybri_Detect_fromLFR.json,tree,success,,,1.068,0.85074,0,,,,,,,,True,,,,/home/student/Desktop/Neptune_2026/Microfluidics-Benchmarks/Results/tree_full_20260918_100349/artifacts/lfr__COVID__Hybri_Detect__Hybri_Detect_fromLFR/result.json,,Microfluidics-Benchmarks/Results/tree_full_20260918_100349/logs/lfr__COVID__Hybri_Detect__Hybri_Detect_fromLFR.log,Microfluidics-Benchmarks/Results/tree_full_20260918_100349/artifacts/lfr__COVID__Hybri_Detect__Hybri_Detect_fromLFR
40,lfr,lfr__COVID__Part_1_Rna_Prep__Part_1_Rna_Prep_fromLFR,COVID/Part_1_Rna_Prep/Part_1_Rna_Prep_fromLFR.json,/home/student/Desktop/Neptune_2026/Microfluidics-Benchmarks/Results/LFR_TestCases/COVID/Part_1_Rna_Prep/Part_1_Rna_Prep_fromLFR.json,tree,success,,,1.069,0.833573,0,,,,,,,,True,,,,/home/student/Desktop/Neptune_2026/Microfluidics-Benchmarks/Results/tree_full_20260918_100349/artifacts/lfr__COVID__Part_1_Rna_Prep__Part_1_Rna_Prep_fromLFR/result.json,,Microfluidics-Benchmarks/Results/tree_full_20260918_100349/logs/lfr__COVID__Part_1_Rna_Prep__Part_1_Rna_Prep_fromLFR.log,Microfluidics-Benchmarks/Results/tree_full_20260918_100349/artifacts/lfr__COVID__Part_1_Rna_Prep__Part_1_Rna_Prep_fromLFR
41,lfr,lfr__COVID__Part_2_Rt_Step__Part_2_Rt_Step_fromLFR,COVID/Part_2_Rt_Step/Part_2_Rt_Step_fromLFR.json,/home/student/Desktop/Neptune_2026/Microfluidics-Benchmarks/Results/LFR_TestCases/COVID/Part_2_Rt_Step/Part_2_Rt_Step_fromLFR.json,tree,success,,,1.019,0.791278,0,,,,,,,,True,,,,/home/student/Desktop/Neptune_2026/Microfluidics-Benchmarks/Results/tree_full_20260918_100349/artifacts/lfr__COVID__Part_2_Rt_Step__Part_2_Rt_Step_fromLFR/result.json,,Microfluidics-Benchmarks/Results/tree_full_20260918_100349/logs/lfr__COVID__Part_2_Rt_Step__Part_2_Rt_Step_fromLFR.log,Microfluidics-Benchmarks/Results/tree_full_20260918_100349/artifacts/lfr__COVID__Part_2_Rt_Step__Part_2_Rt_Step_fromLFR
42,lfr,lfr__COVID__Part_3_Gel__Part_3_Gel_fromLFR,COVID/Part_3_Gel/Part_3_Gel_fromLFR.json,/home/student/Desktop/Neptune_2026/Microfluidics-Benchmarks/Results/LFR_TestCases/COVID/Part_3_Gel/Part_3_Gel_fromLFR.json,tree,success,,,1.119,0.886834,0,,,,,,,,True,,,,/home/student/Desktop/Neptune_2026/Microfluidics-Benchmarks/Results/tree_full_20260918_100349/artifacts/lfr__COVID__Part_3_Gel__Part_3_Gel_fromLFR/result.json,,Microfluidics-Benchmarks/Results/tree_full_20260918_100349/logs/lfr__COVID__Part_3_Gel__Part_3_Gel_fromLFR.log,Microfluidics-Benchmarks/Results/tree_full_20260918_100349/artifacts/lfr__COVID__Part_3_Gel__Part_3_Gel_fromLFR
43,lfr,lfr__COVID__Rt_Pcr__Rt_Pcr_fromLFR,COVID/Rt_Pcr/Rt_Pcr_fromLFR.json,/home/student/Desktop/Neptune_2026/Microfluidics-Benchmarks/Results/LFR_TestCases/COVID/Rt_Pcr/Rt_Pcr_fromLFR.json,tree,success,,,0.97,0.728025,0,,,,,,,,True,,,,/home/student/Desktop/Neptune_2026/Microfluidics-Benchmarks/Results/tree_full_20260918_100349/artifacts/lfr__COVID__Rt_Pcr__Rt_Pcr_fromLFR/result.json,,Microfluidics-Benchmarks/Results/tree_full_20260918_100349/logs/lfr__COVID__Rt_Pcr__Rt_Pcr_fromLFR.log,Microfluidics-Benchmarks/Results/tree_full_20260918_100349/artifacts/lfr__COVID__Rt_Pcr__Rt_Pcr_fromLFR
44,lfr,lfr__Distribute_Expressions__And_Annotation_Test__And_Annotation_Test_fromLFR,Distribute_Expressions/And_Annotation_Test/And_Annotation_Test_fromLFR.json,/home/student/Desktop/Neptune_2026/Microfluidics-Benchmarks/Results/LFR_TestCases/Distribute_Expressions/And_Annotation_Test/And_Annotation_Test_fromLFR.json,tree,success,,,1.27,1.039127,0,,,,,,,,True,,,,/home/student/Desktop/Neptune_2026/Microfluidics-Benchmarks/Results/tree_full_20260918_100349/artifacts/lfr__Distribute_Expressions__And_Annotation_Test__And_Annotation_Test_fromLFR/result.json,,Microfluidics-Benchmarks/Results/tree_full_20260918_100349/logs/lfr__Distribute_Expressions__And_Annotation_Test__And_Annotation_Test_fromLFR.log,Microfluidics-Benchmarks/Results/tree_full_20260918_100349/artifacts/lfr__Distribute_Expressions__And_Annotation_Test__And_Annotation_Test_fromLFR
45,lfr,lfr__Distribute_Expressions__Dist_Expression_1__Dist_Expression_1_fromLFR,Distribute_Expressions/Dist_Expression_1/Dist_Expression_1_fromLFR.json,/home/student/Desktop/Neptune_2026/Microfluidics-Benchmarks/Results/LFR_TestCases/Distribute_Expressions/Dist_Expression_1/Dist_Expression_1_fromLFR.json,tree,success,,,0.918,0.681846,0,,,,,,,,True,,,,/home/student/Desktop/Neptune_2026/Microfluidics-Benchmarks/Results/tree_full_20260918_100349/artifacts/lfr__Distribute_Expressions__Dist_Expression_1__Dist_Expression_1_fromLFR/result.json,,Microfluidics-Benchmarks/Results/tree_full_20260918_100349/logs/lfr__Distribute_Expressions__Dist_Expression_1__Dist_Expression_1_fromLFR.log,Microfluidics-Benchmarks/Results/tree_full_20260918_100349/artifacts/lfr__Distribute_Expressions__Dist_Expression_1__Dist_Expression_1_fromLFR
46,lfr,lfr__Distribute_Expressions__Dist_Expression_2__Dist_Expression_2_fromLFR,Distribute_Expressions/Dist_Expression_2/Dist_Expression_2_fromLFR.json,/home/student/Desktop/Neptune_2026/Microfluidics-Benchmarks/Results/LFR_TestCases/Distribute_Expressions/Dist_Expression_2/Dist_Expression_2_fromLFR.json,tree,success,,,1.019,0.763086,0,,,,,,,,True,,,,/home/student/Desktop/Neptune_2026/Microfluidics-Benchmarks/Results/tree_full_20260918_100349/artifacts/lfr__Distribute_Expressions__Dist_Expression_2__Dist_Expression_2_fromLFR/result.json,,Microfluidics-Benchmarks/Results/tree_full_20260918_100349/logs/lfr__Distribute_Expressions__Dist_Expression_2__Dist_Expression_2_fromLFR.log,Microfluidics-Benchmarks/Results/tree_full_20260918_100349/artifacts/lfr__Distribute_Expressions__Dist_Expression_2__Dist_Expression_2_fromLFR
47,lfr,lfr__Distribute_Expressions__Dist_Expression_3__Dist_Expression_3_fromLFR,Distribute_Expressions/Dist_Expression_3/Dist_Expression_3_fromLFR.json,/home/student/Desktop/Neptune_2026/Microfluidics-Benchmarks/Results/LFR_TestCases/Distribute_Expressions/Dist_Expression_3/Dist_Expression_3_fromLFR.json,tree,success,,,1.02,0.762574,0,,,,,,,,True,,,,/home/student/Desktop/Neptune_2026/Microfluidics-Benchmarks/Results/tree_full_20260918_100349/artifacts/lfr__Distribute_Expressions__Dist_Expression_3__Dist_Expression_3_fromLFR/result.json,,Microfluidics-Benchmarks/Results/tree_full_20260918_100349/logs/lfr__Distribute_Expressions__Dist_Expression_3__Dist_Expression_3_fromLFR.log,Microfluidics-Benchmarks/Results/tree_full_20260918_100349/artifacts/lfr__Distribute_Expressions__Dist_Expression_3__Dist_Expression_3_fromLFR
48,lfr,lfr__Distribute_Library__Cell_Traps_4__Cell_Traps_4_fromLFR,Distribute_Library/Cell_Traps_4/Cell_Traps_4_fromLFR.json,/home/student/Desktop/Neptune_2026/Microfluidics-Benchmarks/Results/LFR_TestCases/Distribute_Library/Cell_Traps_4/Cell_Traps_4_fromLFR.json,tree,success,,,0.918,0.680636,0,,,,,,,,True,,,,/home/student/Desktop/Neptune_2026/Microfluidics-Benchmarks/Results/tree_full_20260918_100349/artifacts/lfr__Distribute_Library__Cell_Traps_4__Cell_Traps_4_fromLFR/result.json,,Microfluidics-Benchmarks/Results/tree_full_20260918_100349/logs/lfr__Distribute_Library__Cell_Traps_4__Cell_Traps_4_fromLFR.log,Microfluidics-Benchmarks/Results/tree_full_20260918_100349/artifacts/lfr__Distribute_Library__Cell_Traps_4__Cell_Traps_4_fromLFR
49,lfr,lfr__Distribute_Library__Hv_Storage_Grid_04__Hv_Storage_Grid_04_fromLFR,Distribute_Library/Hv_Storage_Grid_04/Hv_Storage_Grid_04_fromLFR.json,/home/student/Desktop/Neptune_2026/Microfluidics-Benchmarks/Results/LFR_TestCases/Distribute_Library/Hv_Storage_Grid_04/Hv_Storage_Grid_04_fromLFR.json,tree,success,,,0.92,0.681126,0,,,,,,,,True,,,,/home/student/Desktop/Neptune_2026/Microfluidics-Benchmarks/Results/tree_full_20260918_100349/artifacts/lfr__Distribute_Library__Hv_Storage_Grid_04__Hv_Storage_Grid_04_fromLFR/result.json,,Microfluidics-Benchmarks/Results/tree_full_20260918_100349/logs/lfr__Distribute_Library__Hv_Storage_Grid_04__Hv_Storage_Grid_04_fromLFR.log,Microfluidics-Benchmarks/Results/tree_full_20260918_100349/artifacts/lfr__Distribute_Library__Hv_Storage_Grid_04__Hv_Storage_Grid_04_fromLFR
50,lfr,lfr__Distribute_Library__Hv_Storage_Grid_08__Hv_Storage_Grid_08_fromLFR,Distribute_Library/Hv_Storage_Grid_08/Hv_Storage_Grid_08_fromLFR.json,/home/student/Desktop/Neptune_2026/Microfluidics-Benchmarks/Results/LFR_TestCases/Distribute_Library/Hv_Storage_Grid_08/Hv_Storage_Grid_08_fromLFR.json,tree,success,,,0.919,0.68305,0,,,,,,,,True,,,,/home/student/Desktop/Neptune_2026/Microfluidics-Benchmarks/Results/tree_full_20260918_100349/artifacts/lfr__Distribute_Library__Hv_Storage_Grid_08__Hv_Storage_Grid_08_fromLFR/result.json,,Microfluidics-Benchmarks/Results/tree_full_20260918_100349/logs/lfr__Distribute_Library__Hv_Storage_Grid_08__Hv_Storage_Grid_08_fromLFR.log,Microfluidics-Benchmarks/Results/tree_full_20260918_100349/artifacts/lfr__Distribute_Library__Hv_Storage_Grid_08__Hv_Storage_Grid_08_fromLFR
51,lfr,lfr__Distribute_Library__Hv_Storage_Grid_16__Hv_Storage_Grid_16_fromLFR,Distribute_Library/Hv_Storage_Grid_16/Hv_Storage_Grid_16_fromLFR.json,/home/student/Desktop/Neptune_2026/Microfluidics-Benchmarks/Results/LFR_TestCases/Distribute_Library/Hv_Storage_Grid_16/Hv_Storage_Grid_16_fromLFR.json,tree,success,,,0.918,0.690844,0,,,,,,,,True,,,,/home/student/Desktop/Neptune_2026/Microfluidics-Benchmarks/Results/tree_full_20260918_100349/artifacts/lfr__Distribute_Library__Hv_Storage_Grid_16__Hv_Storage_Grid_16_fromLFR/result.json,,Microfluidics-Benchmarks/Results/tree_full_20260918_100349/logs/lfr__Distribute_Library__Hv_Storage_Grid_16__Hv_Storage_Grid_16_fromLFR.log,Microfluidics-Benchmarks/Results/tree_full_20260918_100349/artifacts/lfr__Distribute_Library__Hv_Storage_Grid_16__Hv_Storage_Grid_16_fromLFR
52,lfr,lfr__Distribute_Library__Hv_Storage_Grid_32__Hv_Storage_Grid_32_fromLFR,Distribute_Library/Hv_Storage_Grid_32/Hv_Storage_Grid_32_fromLFR.json,/home/student/Desktop/Neptune_2026/Microfluidics-Benchmarks/Results/LFR_TestCases/Distribute_Library/Hv_Storage_Grid_32/Hv_Storage_Grid_32_fromLFR.json,tree,success,,,0.918,0.692905,0,,,,,,,,True,,,,/home/student/Desktop/Neptune_2026/Microfluidics-Benchmarks/Results/tree_full_20260918_100349/artifacts/lfr__Distribute_Library__Hv_Storage_Grid_32__Hv_Storage_Grid_32_fromLFR/result.json,,Microfluidics-Benchmarks/Results/tree_full_20260918_100349/logs/lfr__Distribute_Library__Hv_Storage_Grid_32__Hv_Storage_Grid_32_fromLFR.log,Microfluidics-Benchmarks/Results/tree_full_20260918_100349/artifacts/lfr__Distribute_Library__Hv_Storage_Grid_32__Hv_Storage_Grid_32_fromLFR
53,lfr,lfr__Distribute_Library__Hv_Storage_Grid_64__Hv_Storage_Grid_64_fromLFR,Distribute_Library/Hv_Storage_Grid_64/Hv_Storage_Grid_64_fromLFR.json,/home/student/Desktop/Neptune_2026/Microfluidics-Benchmarks/Results/LFR_TestCases/Distribute_Library/Hv_Storage_Grid_64/Hv_Storage_Grid_64_fromLFR.json,tree,success,,,0.919,0.668943,0,,,,,,,,True,,,,/home/student/Desktop/Neptune_2026/Microfluidics-Benchmarks/Results/tree_full_20260918_100349/artifacts/lfr__Distribute_Library__Hv_Storage_Grid_64__Hv_Storage_Grid_64_fromLFR/result.json,,Microfluidics-Benchmarks/Results/tree_full_20260918_100349/logs/lfr__Distribute_Library__Hv_Storage_Grid_64__Hv_Storage_Grid_64_fromLFR.log,Microfluidics-Benchmarks/Results/tree_full_20260918_100349/artifacts/lfr__Distribute_Library__Hv_Storage_Grid_64__Hv_Storage_Grid_64_fromLFR
54,lfr,lfr__Distribute_Library__MUX_02_In__MUX_02_In_fromLFR,Distribute_Library/MUX_02_In/MUX_02_In_fromLFR.json,/home/student/Desktop/Neptune_2026/Microfluidics-Benchmarks/Results/LFR_TestCases/Distribute_Library/MUX_02_In/MUX_02_In_fromLFR.json,tree,success,,,1.17,0.910763,0,,,,,,,,True,,,,/home/student/Desktop/Neptune_2026/Microfluidics-Benchmarks/Results/tree_full_20260918_100349/artifacts/lfr__Distribute_Library__MUX_02_In__MUX_02_In_fromLFR/result.json,,Microfluidics-Benchmarks/Results/tree_full_20260918_100349/logs/lfr__Distribute_Library__MUX_02_In__MUX_02_In_fromLFR.log,Microfluidics-Benchmarks/Results/tree_full_20260918_100349/artifacts/lfr__Distribute_Library__MUX_02_In__MUX_02_In_fromLFR
55,lfr,lfr__Distribute_Library__MUX_02_Out__MUX_02_Out_fromLFR,Distribute_Library/MUX_02_Out/MUX_02_Out_fromLFR.json,/home/student/Desktop/Neptune_2026/Microfluidics-Benchmarks/Results/LFR_TestCases/Distribute_Library/MUX_02_Out/MUX_02_Out_fromLFR.json,tree,success,,,1.171,0.923067,0,,,,,,,,True,,,,/home/student/Desktop/Neptune_2026/Microfluidics-Benchmarks/Results/tree_full_20260918_100349/artifacts/lfr__Distribute_Library__MUX_02_Out__MUX_02_Out_fromLFR/result.json,,Microfluidics-Benchmarks/Results/tree_full_20260918_100349/logs/lfr__Distribute_Library__MUX_02_Out__MUX_02_Out_fromLFR.log,Microfluidics-Benchmarks/Results/tree_full_20260918_100349/artifacts/lfr__Distribute_Library__MUX_02_Out__MUX_02_Out_fromLFR
56,lfr,lfr__Distribute_Library__MUX_04_In__MUX_04_In_fromLFR,Distribute_Library/MUX_04_In/MUX_04_In_fromLFR.json,/home/student/Desktop/Neptune_2026/Microfluidics-Benchmarks/Results/LFR_TestCases/Distribute_Library/MUX_04_In/MUX_04_In_fromLFR.json,tree,success,,,1.371,1.136574,0,,,,,,,,True,,,,/home/student/Desktop/Neptune_2026/Microfluidics-Benchmarks/Results/tree_full_20260918_100349/artifacts/lfr__Distribute_Library__MUX_04_In__MUX_04_In_fromLFR/result.json,,Microfluidics-Benchmarks/Results/tree_full_20260918_100349/logs/lfr__Distribute_Library__MUX_04_In__MUX_04_In_fromLFR.log,Microfluidics-Benchmarks/Results/tree_full_20260918_100349/artifacts/lfr__Distribute_Library__MUX_04_In__MUX_04_In_fromLFR
57,lfr,lfr__Distribute_Library__MUX_04_Out__MUX_04_Out_fromLFR,Distribute_Library/MUX_04_Out/MUX_04_Out_fromLFR.json,/home/student/Desktop/Neptune_2026/Microfluidics-Benchmarks/Results/LFR_TestCases/Distribute_Library/MUX_04_Out/MUX_04_Out_fromLFR.json,tree,success,,,1.37,1.127779,0,,,,,,,,True,,,,/home/student/Desktop/Neptune_2026/Microfluidics-Benchmarks/Results/tree_full_20260918_100349/artifacts/lfr__Distribute_Library__MUX_04_Out__MUX_04_Out_fromLFR/result.json,,Microfluidics-Benchmarks/Results/tree_full_20260918_100349/logs/lfr__Distribute_Library__MUX_04_Out__MUX_04_Out_fromLFR.log,Microfluidics-Benchmarks/Results/tree_full_20260918_100349/artifacts/lfr__Distribute_Library__MUX_04_Out__MUX_04_Out_fromLFR
58,lfr,lfr__Distribute_Library__MUX_08_In__MUX_08_In_fromLFR,Distribute_Library/MUX_08_In/MUX_08_In_fromLFR.json,/home/student/Desktop/Neptune_2026/Microfluidics-Benchmarks/Results/LFR_TestCases/Distribute_Library/MUX_08_In/MUX_08_In_fromLFR.json,tree,success,,,5.984,5.73633,0,,,,,,,,True,,,,/home/student/Desktop/Neptune_2026/Microfluidics-Benchmarks/Results/tree_full_20260918_100349/artifacts/lfr__Distribute_Library__MUX_08_In__MUX_08_In_fromLFR/result.json,,Microfluidics-Benchmarks/Results/tree_full_20260918_100349/logs/lfr__Distribute_Library__MUX_08_In__MUX_08_In_fromLFR.log,Microfluidics-Benchmarks/Results/tree_full_20260918_100349/artifacts/lfr__Distribute_Library__MUX_08_In__MUX_08_In_fromLFR
59,lfr,lfr__Distribute_Library__MUX_08_Out__MUX_08_Out_fromLFR,Distribute_Library/MUX_08_Out/MUX_08_Out_fromLFR.json,/home/student/Desktop/Neptune_2026/Microfluidics-Benchmarks/Results/LFR_TestCases/Distribute_Library/MUX_08_Out/MUX_08_Out_fromLFR.json,tree,success,,,5.984,5.748452,0,,,,,,,,True,,,,/home/student/Desktop/Neptune_2026/Microfluidics-Benchmarks/Results/tree_full_20260918_100349/artifacts/lfr__Distribute_Library__MUX_08_Out__MUX_08_Out_fromLFR/result.json,,Microfluidics-Benchmarks/Results/tree_full_20260918_100349/logs/lfr__Distribute_Library__MUX_08_Out__MUX_08_Out_fromLFR.log,Microfluidics-Benchmarks/Results/tree_full_20260918_100349/artifacts/lfr__Distribute_Library__MUX_08_Out__MUX_08_Out_fromLFR
60,lfr,lfr__Distribute_Library__MUX_16_In__MUX_16_In_fromLFR,Distribute_Library/MUX_16_In/MUX_16_In_fromLFR.json,/home/student/Desktop/Neptune_2026/Microfluidics-Benchmarks/Results/LFR_TestCases/Distribute_Library/MUX_16_In/MUX_16_In_fromLFR.json,tree,success,,,41.375,41.127409,0,,,,,,,,True,,,,/home/student/Desktop/Neptune_2026/Microfluidics-Benchmarks/Results/tree_full_20260918_100349/artifacts/lfr__Distribute_Library__MUX_16_In__MUX_16_In_fromLFR/result.json,,Microfluidics-Benchmarks/Results/tree_full_20260918_100349/logs/lfr__Distribute_Library__MUX_16_In__MUX_16_In_fromLFR.log,Microfluidics-Benchmarks/Results/tree_full_20260918_100349/artifacts/lfr__Distribute_Library__MUX_16_In__MUX_16_In_fromLFR
61,lfr,lfr__Distribute_Library__MUX_16_Out__MUX_16_Out_fromLFR,Distribute_Library/MUX_16_Out/MUX_16_Out_fromLFR.json,/home/student/Desktop/Neptune_2026/Microfluidics-Benchmarks/Results/LFR_TestCases/Distribute_Library/MUX_16_Out/MUX_16_Out_fromLFR.json,tree,success,,,44.347,44.082878,0,,,,,,,,True,,,,/home/student/Desktop/Neptune_2026/Microfluidics-Benchmarks/Results/tree_full_20260918_100349/artifacts/lfr__Distribute_Library__MUX_16_Out__MUX_16_Out_fromLFR/result.json,,Microfluidics-Benchmarks/Results/tree_full_20260918_100349/logs/lfr__Distribute_Library__MUX_16_Out__MUX_16_Out_fromLFR.log,Microfluidics-Benchmarks/Results/tree_full_20260918_100349/artifacts/lfr__Distribute_Library__MUX_16_Out__MUX_16_Out_fromLFR
62,lfr,lfr__Distribute_Library__MUX_32_In__MUX_32_In_fromLFR,Distribute_Library/MUX_32_In/MUX_32_In_fromLFR.json,/home/student/Desktop/Neptune_2026/Microfluidics-Benchmarks/Results/LFR_TestCases/Distribute_Library/MUX_32_In/MUX_32_In_fromLFR.json,tree,success,,,183.434,183.157597,0,,,,,,,,True,,,,/home/student/Desktop/Neptune_2026/Microfluidics-Benchmarks/Results/tree_full_20260918_100349/artifacts/lfr__Distribute_Library__MUX_32_In__MUX_32_In_fromLFR/result.json,,Microfluidics-Benchmarks/Results/tree_full_20260918_100349/logs/lfr__Distribute_Library__MUX_32_In__MUX_32_In_fromLFR.log,Microfluidics-Benchmarks/Results/tree_full_20260918_100349/artifacts/lfr__Distribute_Library__MUX_32_In__MUX_32_In_fromLFR
63,lfr,lfr__Distribute_Library__MUX_32_Out__MUX_32_Out_fromLFR,Distribute_Library/MUX_32_Out/MUX_32_Out_fromLFR.json,/home/student/Desktop/Neptune_2026/Microfluidics-Benchmarks/Results/LFR_TestCases/Distribute_Library/MUX_32_Out/MUX_32_Out_fromLFR.json,tree,success,,,178.885,178.607221,0,,,,,,,,True,,,,/home/student/Desktop/Neptune_2026/Microfluidics-Benchmarks/Results/tree_full_20260918_100349/artifacts/lfr__Distribute_Library__MUX_32_Out__MUX_32_Out_fromLFR/result.json,,Microfluidics-Benchmarks/Results/tree_full_20260918_100349/logs/lfr__Distribute_Library__MUX_32_Out__MUX_32_Out_fromLFR.log,Microfluidics-Benchmarks/Results/tree_full_20260918_100349/artifacts/lfr__Distribute_Library__MUX_32_Out__MUX_32_Out_fromLFR
64,lfr,lfr__Distribute_Library__MUX_64_In__MUX_64_In_fromLFR,Distribute_Library/MUX_64_In/MUX_64_In_fromLFR.json,/home/student/Desktop/Neptune_2026/Microfluidics-Benchmarks/Results/LFR_TestCases/Distribute_Library/MUX_64_In/MUX_64_In_fromLFR.json,tree,success,,,2129.547,2129.281322,0,,,,,,,,True,,,,/home/student/Desktop/Neptune_2026/Microfluidics-Benchmarks/Results/tree_full_20260918_100349/artifacts/lfr__Distribute_Library__MUX_64_In__MUX_64_In_fromLFR/result.json,,Microfluidics-Benchmarks/Results/tree_full_20260918_100349/logs/lfr__Distribute_Library__MUX_64_In__MUX_64_In_fromLFR.log,Microfluidics-Benchmarks/Results/tree_full_20260918_100349/artifacts/lfr__Distribute_Library__MUX_64_In__MUX_64_In_fromLFR
65,lfr,lfr__Distribute_Library__MUX_64_Out__MUX_64_Out_fromLFR,Distribute_Library/MUX_64_Out/MUX_64_Out_fromLFR.json,/home/student/Desktop/Neptune_2026/Microfluidics-Benchmarks/Results/LFR_TestCases/Distribute_Library/MUX_64_Out/MUX_64_Out_fromLFR.json,tree,success,,,2000.791,2000.506343,0,,,,,,,,True,,,,/home/student/Desktop/Neptune_2026/Microfluidics-Benchmarks/Results/tree_full_20260918_100349/artifacts/lfr__Distribute_Library__MUX_64_Out__MUX_64_Out_fromLFR/result.json,,Microfluidics-Benchmarks/Results/tree_full_20260918_100349/logs/lfr__Distribute_Library__MUX_64_Out__MUX_64_Out_fromLFR.log,Microfluidics-Benchmarks/Results/tree_full_20260918_100349/artifacts/lfr__Distribute_Library__MUX_64_Out__MUX_64_Out_fromLFR
66,lfr,lfr__Distribute_Library__Single_Storage_Grid_01__Single_Storage_Grid_01_fromLFR,Distribute_Library/Single_Storage_Grid_01/Single_Storage_Grid_01_fromLFR.json,/home/student/Desktop/Neptune_2026/Microfluidics-Benchmarks/Results/LFR_TestCases/Distribute_Library/Single_Storage_Grid_01/Single_Storage_Grid_01_fromLFR.json,tree,success,,,0.92,0.693538,0,,,,,,,,True,,,,/home/student/Desktop/Neptune_2026/Microfluidics-Benchmarks/Results/tree_full_20260918_100349/artifacts/lfr__Distribute_Library__Single_Storage_Grid_01__Single_Storage_Grid_01_fromLFR/result.json,,Microfluidics-Benchmarks/Results/tree_full_20260918_100349/logs/lfr__Distribute_Library__Single_Storage_Grid_01__Single_Storage_Grid_01_fromLFR.log,Microfluidics-Benchmarks/Results/tree_full_20260918_100349/artifacts/lfr__Distribute_Library__Single_Storage_Grid_01__Single_Storage_Grid_01_fromLFR
67,lfr,lfr__Distribute_Library__Single_Storage_Grid_02__Single_Storage_Grid_02_fromLFR,Distribute_Library/Single_Storage_Grid_02/Single_Storage_Grid_02_fromLFR.json,/home/student/Desktop/Neptune_2026/Microfluidics-Benchmarks/Results/LFR_TestCases/Distribute_Library/Single_Storage_Grid_02/Single_Storage_Grid_02_fromLFR.json,tree,success,,,0.919,0.688923,0,,,,,,,,True,,,,/home/student/Desktop/Neptune_2026/Microfluidics-Benchmarks/Results/tree_full_20260918_100349/artifacts/lfr__Distribute_Library__Single_Storage_Grid_02__Single_Storage_Grid_02_fromLFR/result.json,,Microfluidics-Benchmarks/Results/tree_full_20260918_100349/logs/lfr__Distribute_Library__Single_Storage_Grid_02__Single_Storage_Grid_02_fromLFR.log,Microfluidics-Benchmarks/Results/tree_full_20260918_100349/artifacts/lfr__Distribute_Library__Single_Storage_Grid_02__Single_Storage_Grid_02_fromLFR
68,lfr,lfr__Distribute_Library__Single_Storage_Grid_04__Single_Storage_Grid_04_fromLFR,Distribute_Library/Single_Storage_Grid_04/Single_Storage_Grid_04_fromLFR.json,/home/student/Desktop/Neptune_2026/Microfluidics-Benchmarks/Results/LFR_TestCases/Distribute_Library/Single_Storage_Grid_04/Single_Storage_Grid_04_fromLFR.json,tree,success,,,0.919,0.68366,0,,,,,,,,True,,,,/home/student/Desktop/Neptune_2026/Microfluidics-Benchmarks/Results/tree_full_20260918_100349/artifacts/lfr__Distribute_Library__Single_Storage_Grid_04__Single_Storage_Grid_04_fromLFR/result.json,,Microfluidics-Benchmarks/Results/tree_full_20260918_100349/logs/lfr__Distribute_Library__Single_Storage_Grid_04__Single_Storage_Grid_04_fromLFR.log,Microfluidics-Benchmarks/Results/tree_full_20260918_100349/artifacts/lfr__Distribute_Library__Single_Storage_Grid_04__Single_Storage_Grid_04_fromLFR
69,lfr,lfr__Distribute_Library__Single_Storage_Grid_08__Single_Storage_Grid_08_fromLFR,Distribute_Library/Single_Storage_Grid_08/Single_Storage_Grid_08_fromLFR.json,/home/student/Desktop/Neptune_2026/Microfluidics-Benchmarks/Results/LFR_TestCases/Distribute_Library/Single_Storage_Grid_08/Single_Storage_Grid_08_fromLFR.json,tree,success,,,0.969,0.707484,0,,,,,,,,True,,,,/home/student/Desktop/Neptune_2026/Microfluidics-Benchmarks/Results/tree_full_20260918_100349/artifacts/lfr__Distribute_Library__Single_Storage_Grid_08__Single_Storage_Grid_08_fromLFR/result.json,,Microfluidics-Benchmarks/Results/tree_full_20260918_100349/logs/lfr__Distribute_Library__Single_Storage_Grid_08__Single_Storage_Grid_08_fromLFR.log,Microfluidics-Benchmarks/Results/tree_full_20260918_100349/artifacts/lfr__Distribute_Library__Single_Storage_Grid_08__Single_Storage_Grid_08_fromLFR
70,lfr,lfr__Distribute_Library__Single_Storage_Grid_16__Single_Storage_Grid_16_fromLFR,Distribute_Library/Single_Storage_Grid_16/Single_Storage_Grid_16_fromLFR.json,/home/student/Desktop/Neptune_2026/Microfluidics-Benchmarks/Results/LFR_TestCases/Distribute_Library/Single_Storage_Grid_16/Single_Storage_Grid_16_fromLFR.json,tree,success,,,0.919,0.687886,0,,,,,,,,True,,,,/home/student/Desktop/Neptune_2026/Microfluidics-Benchmarks/Results/tree_full_20260918_100349/artifacts/lfr__Distribute_Library__Single_Storage_Grid_16__Single_Storage_Grid_16_fromLFR/result.json,,Microfluidics-Benchmarks/Results/tree_full_20260918_100349/logs/lfr__Distribute_Library__Single_Storage_Grid_16__Single_Storage_Grid_16_fromLFR.log,Microfluidics-Benchmarks/Results/tree_full_20260918_100349/artifacts/lfr__Distribute_Library__Single_Storage_Grid_16__Single_Storage_Grid_16_fromLFR
71,lfr,lfr__Distribute_Library__Single_Storage_Grid_32__Single_Storage_Grid_32_fromLFR,Distribute_Library/Single_Storage_Grid_32/Single_Storage_Grid_32_fromLFR.json,/home/student/Desktop/Neptune_2026/Microfluidics-Benchmarks/Results/LFR_TestCases/Distribute_Library/Single_Storage_Grid_32/Single_Storage_Grid_32_fromLFR.json,tree,success,,,0.918,0.658836,0,,,,,,,,True,,,,/home/student/Desktop/Neptune_2026/Microfluidics-Benchmarks/Results/tree_full_20260918_100349/artifacts/lfr__Distribute_Library__Single_Storage_Grid_32__Single_Storage_Grid_32_fromLFR/result.json,,Microfluidics-Benchmarks/Results/tree_full_20260918_100349/logs/lfr__Distribute_Library__Single_Storage_Grid_32__Single_Storage_Grid_32_fromLFR.log,Microfluidics-Benchmarks/Results/tree_full_20260918_100349/artifacts/lfr__Distribute_Library__Single_Storage_Grid_32__Single_Storage_Grid_32_fromLFR
72,lfr,lfr__Distribute_Library__Single_Storage_Grid_64__Single_Storage_Grid_64_fromLFR,Distribute_Library/Single_Storage_Grid_64/Single_Storage_Grid_64_fromLFR.json,/home/student/Desktop/Neptune_2026/Microfluidics-Benchmarks/Results/LFR_TestCases/Distribute_Library/Single_Storage_Grid_64/Single_Storage_Grid_64_fromLFR.json,tree,success,,,0.968,0.712058,0,,,,,,,,True,,,,/home/student/Desktop/Neptune_2026/Microfluidics-Benchmarks/Results/tree_full_20260918_100349/artifacts/lfr__Distribute_Library__Single_Storage_Grid_64__Single_Storage_Grid_64_fromLFR/result.json,,Microfluidics-Benchmarks/Results/tree_full_20260918_100349/logs/lfr__Distribute_Library__Single_Storage_Grid_64__Single_Storage_Grid_64_fromLFR.log,Microfluidics-Benchmarks/Results/tree_full_20260918_100349/artifacts/lfr__Distribute_Library__Single_Storage_Grid_64__Single_Storage_Grid_64_fromLFR
73,lfr,lfr__Distribute_Library__Transposer_02__Transposer_02_fromLFR,Distribute_Library/Transposer_02/Transposer_02_fromLFR.json,/home/student/Desktop/Neptune_2026/Microfluidics-Benchmarks/Results/LFR_TestCases/Distribute_Library/Transposer_02/Transposer_02_fromLFR.json,tree,success,,,1.169,0.968028,0,,,,,,,,True,,,,/home/student/Desktop/Neptune_2026/Microfluidics-Benchmarks/Results/tree_full_20260918_100349/artifacts/lfr__Distribute_Library__Transposer_02__Transposer_02_fromLFR/result.json,,Microfluidics-Benchmarks/Results/tree_full_20260918_100349/logs/lfr__Distribute_Library__Transposer_02__Transposer_02_fromLFR.log,Microfluidics-Benchmarks/Results/tree_full_20260918_100349/artifacts/lfr__Distribute_Library__Transposer_02__Transposer_02_fromLFR
74,lfr,lfr__Distribute_Library__Transposer_03__Transposer_03_fromLFR,Distribute_Library/Transposer_03/Transposer_03_fromLFR.json,/home/student/Desktop/Neptune_2026/Microfluidics-Benchmarks/Results/LFR_TestCases/Distribute_Library/Transposer_03/Transposer_03_fromLFR.json,tree,success,,,1.47,1.225921,0,,,,,,,,True,,,,/home/student/Desktop/Neptune_2026/Microfluidics-Benchmarks/Results/tree_full_20260918_100349/artifacts/lfr__Distribute_Library__Transposer_03__Transposer_03_fromLFR/result.json,,Microfluidics-Benchmarks/Results/tree_full_20260918_100349/logs/lfr__Distribute_Library__Transposer_03__Transposer_03_fromLFR.log,Microfluidics-Benchmarks/Results/tree_full_20260918_100349/artifacts/lfr__Distribute_Library__Transposer_03__Transposer_03_fromLFR
75,lfr,lfr__Distribute_Library__Transposer_04__Transposer_04_fromLFR,Distribute_Library/Transposer_04/Transposer_04_fromLFR.json,/home/student/Desktop/Neptune_2026/Microfluidics-Benchmarks/Results/LFR_TestCases/Distribute_Library/Transposer_04/Transposer_04_fromLFR.json,tree,success,,,3.175,2.948747,0,,,,,,,,True,,,,/home/student/Desktop/Neptune_2026/Microfluidics-Benchmarks/Results/tree_full_20260918_100349/artifacts/lfr__Distribute_Library__Transposer_04__Transposer_04_fromLFR/result.json,,Microfluidics-Benchmarks/Results/tree_full_20260918_100349/logs/lfr__Distribute_Library__Transposer_04__Transposer_04_fromLFR.log,Microfluidics-Benchmarks/Results/tree_full_20260918_100349/artifacts/lfr__Distribute_Library__Transposer_04__Transposer_04_fromLFR
76,lfr,lfr__Distribute_Library__Transposer_08__Transposer_08_fromLFR,Distribute_Library/Transposer_08/Transposer_08_fromLFR.json,/home/student/Desktop/Neptune_2026/Microfluidics-Benchmarks/Results/LFR_TestCases/Distribute_Library/Transposer_08/Transposer_08_fromLFR.json,tree,success,,,0.918,0.68652,0,,,,,,,,True,,,,/home/student/Desktop/Neptune_2026/Microfluidics-Benchmarks/Results/tree_full_20260918_100349/artifacts/lfr__Distribute_Library__Transposer_08__Transposer_08_fromLFR/result.json,,Microfluidics-Benchmarks/Results/tree_full_20260918_100349/logs/lfr__Distribute_Library__Transposer_08__Transposer_08_fromLFR.log,Microfluidics-Benchmarks/Results/tree_full_20260918_100349/artifacts/lfr__Distribute_Library__Transposer_08__Transposer_08_fromLFR
77,lfr,lfr__Distribute_Library__Transposer_16__Transposer_16_fromLFR,Distribute_Library/Transposer_16/Transposer_16_fromLFR.json,/home/student/Desktop/Neptune_2026/Microfluidics-Benchmarks/Results/LFR_TestCases/Distribute_Library/Transposer_16/Transposer_16_fromLFR.json,tree,success,,,0.919,0.689174,0,,,,,,,,True,,,,/home/student/Desktop/Neptune_2026/Microfluidics-Benchmarks/Results/tree_full_20260918_100349/artifacts/lfr__Distribute_Library__Transposer_16__Transposer_16_fromLFR/result.json,,Microfluidics-Benchmarks/Results/tree_full_20260918_100349/logs/lfr__Distribute_Library__Transposer_16__Transposer_16_fromLFR.log,Microfluidics-Benchmarks/Results/tree_full_20260918_100349/artifacts/lfr__Distribute_Library__Transposer_16__Transposer_16_fromLFR
78,lfr,lfr__Distribute_Library__Transposer_32__Transposer_32_fromLFR,Distribute_Library/Transposer_32/Transposer_32_fromLFR.json,/home/student/Desktop/Neptune_2026/Microfluidics-Benchmarks/Results/LFR_TestCases/Distribute_Library/Transposer_32/Transposer_32_fromLFR.json,tree,success,,,0.92,0.688126,0,,,,,,,,True,,,,/home/student/Desktop/Neptune_2026/Microfluidics-Benchmarks/Results/tree_full_20260918_100349/artifacts/lfr__Distribute_Library__Transposer_32__Transposer_32_fromLFR/result.json,,Microfluidics-Benchmarks/Results/tree_full_20260918_100349/logs/lfr__Distribute_Library__Transposer_32__Transposer_32_fromLFR.log,Microfluidics-Benchmarks/Results/tree_full_20260918_100349/artifacts/lfr__Distribute_Library__Transposer_32__Transposer_32_fromLFR
79,lfr,lfr__Distribute_Library__Transposer_64__Transposer_64_fromLFR,Distribute_Library/Transposer_64/Transposer_64_fromLFR.json,/home/student/Desktop/Neptune_2026/Microfluidics-Benchmarks/Results/LFR_TestCases/Distribute_Library/Transposer_64/Transposer_64_fromLFR.json,tree,success,,,0.918,0.686082,0,,,,,,,,True,,,,/home/student/Desktop/Neptune_2026/Microfluidics-Benchmarks/Results/tree_full_20260918_100349/artifacts/lfr__Distribute_Library__Transposer_64__Transposer_64_fromLFR/result.json,,Microfluidics-Benchmarks/Results/tree_full_20260918_100349/logs/lfr__Distribute_Library__Transposer_64__Transposer_64_fromLFR.log,Microfluidics-Benchmarks/Results/tree_full_20260918_100349/artifacts/lfr__Distribute_Library__Transposer_64__Transposer_64_fromLFR
80,lfr,lfr__Drop_Ref__Droplet_Generator_1__Droplet_Generator_1_fromLFR,Drop_Ref/Droplet_Generator_1/Droplet_Generator_1_fromLFR.json,/home/student/Desktop/Neptune_2026/Microfluidics-Benchmarks/Results/LFR_TestCases/Drop_Ref/Droplet_Generator_1/Droplet_Generator_1_fromLFR.json,tree,success,,,0.97,0.745987,0,,,,,,,,True,,,,/home/student/Desktop/Neptune_2026/Microfluidics-Benchmarks/Results/tree_full_20260918_100349/artifacts/lfr__Drop_Ref__Droplet_Generator_1__Droplet_Generator_1_fromLFR/result.json,,Microfluidics-Benchmarks/Results/tree_full_20260918_100349/logs/lfr__Drop_Ref__Droplet_Generator_1__Droplet_Generator_1_fromLFR.log,Microfluidics-Benchmarks/Results/tree_full_20260918_100349/artifacts/lfr__Drop_Ref__Droplet_Generator_1__Droplet_Generator_1_fromLFR
81,lfr,lfr__Drop_Ref__Droplet_Generator_2__Droplet_Generator_2_fromLFR,Drop_Ref/Droplet_Generator_2/Droplet_Generator_2_fromLFR.json,/home/student/Desktop/Neptune_2026/Microfluidics-Benchmarks/Results/LFR_TestCases/Drop_Ref/Droplet_Generator_2/Droplet_Generator_2_fromLFR.json,tree,success,,,1.171,0.963235,0,,,,,,,,True,,,,/home/student/Desktop/Neptune_2026/Microfluidics-Benchmarks/Results/tree_full_20260918_100349/artifacts/lfr__Drop_Ref__Droplet_Generator_2__Droplet_Generator_2_fromLFR/result.json,,Microfluidics-Benchmarks/Results/tree_full_20260918_100349/logs/lfr__Drop_Ref__Droplet_Generator_2__Droplet_Generator_2_fromLFR.log,Microfluidics-Benchmarks/Results/tree_full_20260918_100349/artifacts/lfr__Drop_Ref__Droplet_Generator_2__Droplet_Generator_2_fromLFR
82,lfr,lfr__Drop_Ref__Droplet_Generator_3__Droplet_Generator_3_fromLFR,Drop_Ref/Droplet_Generator_3/Droplet_Generator_3_fromLFR.json,/home/student/Desktop/Neptune_2026/Microfluidics-Benchmarks/Results/LFR_TestCases/Drop_Ref/Droplet_Generator_3/Droplet_Generator_3_fromLFR.json,tree,success,,,1.321,1.085615,0,,,,,,,,True,,,,/home/student/Desktop/Neptune_2026/Microfluidics-Benchmarks/Results/tree_full_20260918_100349/artifacts/lfr__Drop_Ref__Droplet_Generator_3__Droplet_Generator_3_fromLFR/result.json,,Microfluidics-Benchmarks/Results/tree_full_20260918_100349/logs/lfr__Drop_Ref__Droplet_Generator_3__Droplet_Generator_3_fromLFR.log,Microfluidics-Benchmarks/Results/tree_full_20260918_100349/artifacts/lfr__Drop_Ref__Droplet_Generator_3__Droplet_Generator_3_fromLFR
83,lfr,lfr__Drop_Ref__Droplet_Generator_4__Droplet_Generator_4_fromLFR,Drop_Ref/Droplet_Generator_4/Droplet_Generator_4_fromLFR.json,/home/student/Desktop/Neptune_2026/Microfluidics-Benchmarks/Results/LFR_TestCases/Drop_Ref/Droplet_Generator_4/Droplet_Generator_4_fromLFR.json,tree,success,,,1.22,0.979761,0,,,,,,,,True,,,,/home/student/Desktop/Neptune_2026/Microfluidics-Benchmarks/Results/tree_full_20260918_100349/artifacts/lfr__Drop_Ref__Droplet_Generator_4__Droplet_Generator_4_fromLFR/result.json,,Microfluidics-Benchmarks/Results/tree_full_20260918_100349/logs/lfr__Drop_Ref__Droplet_Generator_4__Droplet_Generator_4_fromLFR.log,Microfluidics-Benchmarks/Results/tree_full_20260918_100349/artifacts/lfr__Drop_Ref__Droplet_Generator_4__Droplet_Generator_4_fromLFR
84,lfr,lfr__Drop_Ref__Dropx_Test_1__Dropx_Test_1_fromLFR,Drop_Ref/Dropx_Test_1/Dropx_Test_1_fromLFR.json,/home/student/Desktop/Neptune_2026/Microfluidics-Benchmarks/Results/LFR_TestCases/Drop_Ref/Dropx_Test_1/Dropx_Test_1_fromLFR.json,tree,success,,,0.969,0.745971,0,,,,,,,,True,,,,/home/student/Desktop/Neptune_2026/Microfluidics-Benchmarks/Results/tree_full_20260918_100349/artifacts/lfr__Drop_Ref__Dropx_Test_1__Dropx_Test_1_fromLFR/result.json,,Microfluidics-Benchmarks/Results/tree_full_20260918_100349/logs/lfr__Drop_Ref__Dropx_Test_1__Dropx_Test_1_fromLFR.log,Microfluidics-Benchmarks/Results/tree_full_20260918_100349/artifacts/lfr__Drop_Ref__Dropx_Test_1__Dropx_Test_1_fromLFR
85,lfr,lfr__Drop_Ref__Dropx_Test_2__Dropx_Test_2_fromLFR,Drop_Ref/Dropx_Test_2/Dropx_Test_2_fromLFR.json,/home/student/Desktop/Neptune_2026/Microfluidics-Benchmarks/Results/LFR_TestCases/Drop_Ref/Dropx_Test_2/Dropx_Test_2_fromLFR.json,tree,success,,,1.07,0.864303,0,,,,,,,,True,,,,/home/student/Desktop/Neptune_2026/Microfluidics-Benchmarks/Results/tree_full_20260918_100349/artifacts/lfr__Drop_Ref__Dropx_Test_2__Dropx_Test_2_fromLFR/result.json,,Microfluidics-Benchmarks/Results/tree_full_20260918_100349/logs/lfr__Drop_Ref__Dropx_Test_2__Dropx_Test_2_fromLFR.log,Microfluidics-Benchmarks/Results/tree_full_20260918_100349/artifacts/lfr__Drop_Ref__Dropx_Test_2__Dropx_Test_2_fromLFR
86,lfr,lfr__Drop_Ref__Dropx_Test_3__Dropx_Test_3_fromLFR,Drop_Ref/Dropx_Test_3/Dropx_Test_3_fromLFR.json,/home/student/Desktop/Neptune_2026/Microfluidics-Benchmarks/Results/LFR_TestCases/Drop_Ref/Dropx_Test_3/Dropx_Test_3_fromLFR.json,tree,success,,,1.171,0.909477,0,,,,,,,,True,,,,/home/student/Desktop/Neptune_2026/Microfluidics-Benchmarks/Results/tree_full_20260918_100349/artifacts/lfr__Drop_Ref__Dropx_Test_3__Dropx_Test_3_fromLFR/result.json,,Microfluidics-Benchmarks/Results/tree_full_20260918_100349/logs/lfr__Drop_Ref__Dropx_Test_3__Dropx_Test_3_fromLFR.log,Microfluidics-Benchmarks/Results/tree_full_20260918_100349/artifacts/lfr__Drop_Ref__Dropx_Test_3__Dropx_Test_3_fromLFR
87,lfr,lfr__Drop_Ref__Dropx_Test_4__Dropx_Test_4_fromLFR,Drop_Ref/Dropx_Test_4/Dropx_Test_4_fromLFR.json,/home/student/Desktop/Neptune_2026/Microfluidics-Benchmarks/Results/LFR_TestCases/Drop_Ref/Dropx_Test_4/Dropx_Test_4_fromLFR.json,tree,success,,,1.02,0.803039,0,,,,,,,,True,,,,/home/student/Desktop/Neptune_2026/Microfluidics-Benchmarks/Results/tree_full_20260918_100349/artifacts/lfr__Drop_Ref__Dropx_Test_4__Dropx_Test_4_fromLFR/result.json,,Microfluidics-Benchmarks/Results/tree_full_20260918_100349/logs/lfr__Drop_Ref__Dropx_Test_4__Dropx_Test_4_fromLFR.log,Microfluidics-Benchmarks/Results/tree_full_20260918_100349/artifacts/lfr__Drop_Ref__Dropx_Test_4__Dropx_Test_4_fromLFR
88,lfr,lfr__Drop_Ref__Dx_1__Dx_1_fromLFR,Drop_Ref/Dx_1/Dx_1_fromLFR.json,/home/student/Desktop/Neptune_2026/Microfluidics-Benchmarks/Results/LFR_TestCases/Drop_Ref/Dx_1/Dx_1_fromLFR.json,tree,success,,,1.069,0.868254,0,,,,,,,,True,,,,/home/student/Desktop/Neptune_2026/Microfluidics-Benchmarks/Results/tree_full_20260918_100349/artifacts/lfr__Drop_Ref__Dx_1__Dx_1_fromLFR/result.json,,Microfluidics-Benchmarks/Results/tree_full_20260918_100349/logs/lfr__Drop_Ref__Dx_1__Dx_1_fromLFR.log,Microfluidics-Benchmarks/Results/tree_full_20260918_100349/artifacts/lfr__Drop_Ref__Dx_1__Dx_1_fromLFR
89,lfr,lfr__Drop_Ref__Dx_10__Dx_10_fromLFR,Drop_Ref/Dx_10/Dx_10_fromLFR.json,/home/student/Desktop/Neptune_2026/Microfluidics-Benchmarks/Results/LFR_TestCases/Drop_Ref/Dx_10/Dx_10_fromLFR.json,tree,success,,,1.02,0.7892,0,,,,,,,,True,,,,/home/student/Desktop/Neptune_2026/Microfluidics-Benchmarks/Results/tree_full_20260918_100349/artifacts/lfr__Drop_Ref__Dx_10__Dx_10_fromLFR/result.json,,Microfluidics-Benchmarks/Results/tree_full_20260918_100349/logs/lfr__Drop_Ref__Dx_10__Dx_10_fromLFR.log,Microfluidics-Benchmarks/Results/tree_full_20260918_100349/artifacts/lfr__Drop_Ref__Dx_10__Dx_10_fromLFR
90,lfr,lfr__Drop_Ref__Dx_11__Dx_11_fromLFR,Drop_Ref/Dx_11/Dx_11_fromLFR.json,/home/student/Desktop/Neptune_2026/Microfluidics-Benchmarks/Results/LFR_TestCases/Drop_Ref/Dx_11/Dx_11_fromLFR.json,tree,success,,,1.17,0.920892,0,,,,,,,,True,,,,/home/student/Desktop/Neptune_2026/Microfluidics-Benchmarks/Results/tree_full_20260918_100349/artifacts/lfr__Drop_Ref__Dx_11__Dx_11_fromLFR/result.json,,Microfluidics-Benchmarks/Results/tree_full_20260918_100349/logs/lfr__Drop_Ref__Dx_11__Dx_11_fromLFR.log,Microfluidics-Benchmarks/Results/tree_full_20260918_100349/artifacts/lfr__Drop_Ref__Dx_11__Dx_11_fromLFR
91,lfr,lfr__Drop_Ref__Dx_12__Dx_12_fromLFR,Drop_Ref/Dx_12/Dx_12_fromLFR.json,/home/student/Desktop/Neptune_2026/Microfluidics-Benchmarks/Results/LFR_TestCases/Drop_Ref/Dx_12/Dx_12_fromLFR.json,tree,success,,,1.121,0.914574,0,,,,,,,,True,,,,/home/student/Desktop/Neptune_2026/Microfluidics-Benchmarks/Results/tree_full_20260918_100349/artifacts/lfr__Drop_Ref__Dx_12__Dx_12_fromLFR/result.json,,Microfluidics-Benchmarks/Results/tree_full_20260918_100349/logs/lfr__Drop_Ref__Dx_12__Dx_12_fromLFR.log,Microfluidics-Benchmarks/Results/tree_full_20260918_100349/artifacts/lfr__Drop_Ref__Dx_12__Dx_12_fromLFR
92,lfr,lfr__Drop_Ref__Dx_13__Dx_13_fromLFR,Drop_Ref/Dx_13/Dx_13_fromLFR.json,/home/student/Desktop/Neptune_2026/Microfluidics-Benchmarks/Results/LFR_TestCases/Drop_Ref/Dx_13/Dx_13_fromLFR.json,tree,success,,,1.27,1.02589,0,,,,,,,,True,,,,/home/student/Desktop/Neptune_2026/Microfluidics-Benchmarks/Results/tree_full_20260918_100349/artifacts/lfr__Drop_Ref__Dx_13__Dx_13_fromLFR/result.json,,Microfluidics-Benchmarks/Results/tree_full_20260918_100349/logs/lfr__Drop_Ref__Dx_13__Dx_13_fromLFR.log,Microfluidics-Benchmarks/Results/tree_full_20260918_100349/artifacts/lfr__Drop_Ref__Dx_13__Dx_13_fromLFR
93,lfr,lfr__Drop_Ref__Dx_14__Dx_14_fromLFR,Drop_Ref/Dx_14/Dx_14_fromLFR.json,/home/student/Desktop/Neptune_2026/Microfluidics-Benchmarks/Results/LFR_TestCases/Drop_Ref/Dx_14/Dx_14_fromLFR.json,tree,success,,,1.02,0.795284,0,,,,,,,,True,,,,/home/student/Desktop/Neptune_2026/Microfluidics-Benchmarks/Results/tree_full_20260918_100349/artifacts/lfr__Drop_Ref__Dx_14__Dx_14_fromLFR/result.json,,Microfluidics-Benchmarks/Results/tree_full_20260918_100349/logs/lfr__Drop_Ref__Dx_14__Dx_14_fromLFR.log,Microfluidics-Benchmarks/Results/tree_full_20260918_100349/artifacts/lfr__Drop_Ref__Dx_14__Dx_14_fromLFR
94,lfr,lfr__Drop_Ref__Dx_15__Dx_15_fromLFR,Drop_Ref/Dx_15/Dx_15_fromLFR.json,/home/student/Desktop/Neptune_2026/Microfluidics-Benchmarks/Results/LFR_TestCases/Drop_Ref/Dx_15/Dx_15_fromLFR.json,tree,success,,,1.07,0.803246,0,,,,,,,,True,,,,/home/student/Desktop/Neptune_2026/Microfluidics-Benchmarks/Results/tree_full_20260918_100349/artifacts/lfr__Drop_Ref__Dx_15__Dx_15_fromLFR/result.json,,Microfluidics-Benchmarks/Results/tree_full_20260918_100349/logs/lfr__Drop_Ref__Dx_15__Dx_15_fromLFR.log,Microfluidics-Benchmarks/Results/tree_full_20260918_100349/artifacts/lfr__Drop_Ref__Dx_15__Dx_15_fromLFR
95,lfr,lfr__Drop_Ref__Dx_2__Dx_2_fromLFR,Drop_Ref/Dx_2/Dx_2_fromLFR.json,/home/student/Desktop/Neptune_2026/Microfluidics-Benchmarks/Results/LFR_TestCases/Drop_Ref/Dx_2/Dx_2_fromLFR.json,tree,success,,,1.12,0.919749,0,,,,,,,,True,,,,/home/student/Desktop/Neptune_2026/Microfluidics-Benchmarks/Results/tree_full_20260918_100349/artifacts/lfr__Drop_Ref__Dx_2__Dx_2_fromLFR/result.json,,Microfluidics-Benchmarks/Results/tree_full_20260918_100349/logs/lfr__Drop_Ref__Dx_2__Dx_2_fromLFR.log,Microfluidics-Benchmarks/Results/tree_full_20260918_100349/artifacts/lfr__Drop_Ref__Dx_2__Dx_2_fromLFR
96,lfr,lfr__Drop_Ref__Dx_3__Dx_3_fromLFR,Drop_Ref/Dx_3/Dx_3_fromLFR.json,/home/student/Desktop/Neptune_2026/Microfluidics-Benchmarks/Results/LFR_TestCases/Drop_Ref/Dx_3/Dx_3_fromLFR.json,tree,success,,,1.119,0.882922,0,,,,,,,,True,,,,/home/student/Desktop/Neptune_2026/Microfluidics-Benchmarks/Results/tree_full_20260918_100349/artifacts/lfr__Drop_Ref__Dx_3__Dx_3_fromLFR/result.json,,Microfluidics-Benchmarks/Results/tree_full_20260918_100349/logs/lfr__Drop_Ref__Dx_3__Dx_3_fromLFR.log,Microfluidics-Benchmarks/Results/tree_full_20260918_100349/artifacts/lfr__Drop_Ref__Dx_3__Dx_3_fromLFR
97,lfr,lfr__Drop_Ref__Dx_4__Dx_4_fromLFR,Drop_Ref/Dx_4/Dx_4_fromLFR.json,/home/student/Desktop/Neptune_2026/Microfluidics-Benchmarks/Results/LFR_TestCases/Drop_Ref/Dx_4/Dx_4_fromLFR.json,tree,success,,,1.32,1.064894,0,,,,,,,,True,,,,/home/student/Desktop/Neptune_2026/Microfluidics-Benchmarks/Results/tree_full_20260918_100349/artifacts/lfr__Drop_Ref__Dx_4__Dx_4_fromLFR/result.json,,Microfluidics-Benchmarks/Results/tree_full_20260918_100349/logs/lfr__Drop_Ref__Dx_4__Dx_4_fromLFR.log,Microfluidics-Benchmarks/Results/tree_full_20260918_100349/artifacts/lfr__Drop_Ref__Dx_4__Dx_4_fromLFR
98,lfr,lfr__Drop_Ref__Dx_5__Dx_5_fromLFR,Drop_Ref/Dx_5/Dx_5_fromLFR.json,/home/student/Desktop/Neptune_2026/Microfluidics-Benchmarks/Results/LFR_TestCases/Drop_Ref/Dx_5/Dx_5_fromLFR.json,tree,success,,,1.17,0.960871,0,,,,,,,,True,,,,/home/student/Desktop/Neptune_2026/Microfluidics-Benchmarks/Results/tree_full_20260918_100349/artifacts/lfr__Drop_Ref__Dx_5__Dx_5_fromLFR/result.json,,Microfluidics-Benchmarks/Results/tree_full_20260918_100349/logs/lfr__Drop_Ref__Dx_5__Dx_5_fromLFR.log,Microfluidics-Benchmarks/Results/tree_full_20260918_100349/artifacts/lfr__Drop_Ref__Dx_5__Dx_5_fromLFR
99,lfr,lfr__Drop_Ref__Dx_6__Dx_6_fromLFR,Drop_Ref/Dx_6/Dx_6_fromLFR.json,/home/student/Desktop/Neptune_2026/Microfluidics-Benchmarks/Results/LFR_TestCases/Drop_Ref/Dx_6/Dx_6_fromLFR.json,tree,success,,,1.069,0.829182,0,,,,,,,,True,,,,/home/student/Desktop/Neptune_2026/Microfluidics-Benchmarks/Results/tree_full_20260918_100349/artifacts/lfr__Drop_Ref__Dx_6__Dx_6_fromLFR/result.json,,Microfluidics-Benchmarks/Results/tree_full_20260918_100349/logs/lfr__Drop_Ref__Dx_6__Dx_6_fromLFR.log,Microfluidics-Benchmarks/Results/tree_full_20260918_100349/artifacts/lfr__Drop_Ref__Dx_6__Dx_6_fromLFR
100,lfr,lfr__Drop_Ref__Dx_7__Dx_7_fromLFR,Drop_Ref/Dx_7/Dx_7_fromLFR.json,/home/student/Desktop/Neptune_2026/Microfluidics-Benchmarks/Results/LFR_TestCases/Drop_Ref/Dx_7/Dx_7_fromLFR.json,tree,success,,,1.22,0.984447,0,,,,,,,,True,,,,/home/student/Desktop/Neptune_2026/Microfluidics-Benchmarks/Results/tree_full_20260918_100349/artifacts/lfr__Drop_Ref__Dx_7__Dx_7_fromLFR/result.json,,Microfluidics-Benchmarks/Results/tree_full_20260918_100349/logs/lfr__Drop_Ref__Dx_7__Dx_7_fromLFR.log,Microfluidics-Benchmarks/Results/tree_full_20260918_100349/artifacts/lfr__Drop_Ref__Dx_7__Dx_7_fromLFR
101,lfr,lfr__Drop_Ref__Dx_8__Dx_8_fromLFR,Drop_Ref/Dx_8/Dx_8_fromLFR.json,/home/student/Desktop/Neptune_2026/Microfluidics-Benchmarks/Results/LFR_TestCases/Drop_Ref/Dx_8/Dx_8_fromLFR.json,tree,success,,,1.22,1.020884,0,,,,,,,,True,,,,/home/student/Desktop/Neptune_2026/Microfluidics-Benchmarks/Results/tree_full_20260918_100349/artifacts/lfr__Drop_Ref__Dx_8__Dx_8_fromLFR/result.json,,Microfluidics-Benchmarks/Results/tree_full_20260918_100349/logs/lfr__Drop_Ref__Dx_8__Dx_8_fromLFR.log,Microfluidics-Benchmarks/Results/tree_full_20260918_100349/artifacts/lfr__Drop_Ref__Dx_8__Dx_8_fromLFR
102,lfr,lfr__Drop_Ref__Dx_9__Dx_9_fromLFR,Drop_Ref/Dx_9/Dx_9_fromLFR.json,/home/student/Desktop/Neptune_2026/Microfluidics-Benchmarks/Results/LFR_TestCases/Drop_Ref/Dx_9/Dx_9_fromLFR.json,tree,success,,,1.169,0.942842,0,,,,,,,,True,,,,/home/student/Desktop/Neptune_2026/Microfluidics-Benchmarks/Results/tree_full_20260918_100349/artifacts/lfr__Drop_Ref__Dx_9__Dx_9_fromLFR/result.json,,Microfluidics-Benchmarks/Results/tree_full_20260918_100349/logs/lfr__Drop_Ref__Dx_9__Dx_9_fromLFR.log,Microfluidics-Benchmarks/Results/tree_full_20260918_100349/artifacts/lfr__Drop_Ref__Dx_9__Dx_9_fromLFR
103,lfr,lfr__Expressions__Expression_1__Expression_1_fromLFR,Expressions/Expression_1/Expression_1_fromLFR.json,/home/student/Desktop/Neptune_2026/Microfluidics-Benchmarks/Results/LFR_TestCases/Expressions/Expression_1/Expression_1_fromLFR.json,tree,success,,,1.069,0.861833,0,,,,,,,,True,,,,/home/student/Desktop/Neptune_2026/Microfluidics-Benchmarks/Results/tree_full_20260918_100349/artifacts/lfr__Expressions__Expression_1__Expression_1_fromLFR/result.json,,Microfluidics-Benchmarks/Results/tree_full_20260918_100349/logs/lfr__Expressions__Expression_1__Expression_1_fromLFR.log,Microfluidics-Benchmarks/Results/tree_full_20260918_100349/artifacts/lfr__Expressions__Expression_1__Expression_1_fromLFR
104,lfr,lfr__Expressions__Expression_10__Expression_10_fromLFR,Expressions/Expression_10/Expression_10_fromLFR.json,/home/student/Desktop/Neptune_2026/Microfluidics-Benchmarks/Results/LFR_TestCases/Expressions/Expression_10/Expression_10_fromLFR.json,tree,success,,,1.02,0.798646,0,,,,,,,,True,,,,/home/student/Desktop/Neptune_2026/Microfluidics-Benchmarks/Results/tree_full_20260918_100349/artifacts/lfr__Expressions__Expression_10__Expression_10_fromLFR/result.json,,Microfluidics-Benchmarks/Results/tree_full_20260918_100349/logs/lfr__Expressions__Expression_10__Expression_10_fromLFR.log,Microfluidics-Benchmarks/Results/tree_full_20260918_100349/artifacts/lfr__Expressions__Expression_10__Expression_10_fromLFR
105,lfr,lfr__Expressions__Expression_11__Expression_11_fromLFR,Expressions/Expression_11/Expression_11_fromLFR.json,/home/student/Desktop/Neptune_2026/Microfluidics-Benchmarks/Results/LFR_TestCases/Expressions/Expression_11/Expression_11_fromLFR.json,tree,success,,,0.968,0.725673,0,,,,,,,,True,,,,/home/student/Desktop/Neptune_2026/Microfluidics-Benchmarks/Results/tree_full_20260918_100349/artifacts/lfr__Expressions__Expression_11__Expression_11_fromLFR/result.json,,Microfluidics-Benchmarks/Results/tree_full_20260918_100349/logs/lfr__Expressions__Expression_11__Expression_11_fromLFR.log,Microfluidics-Benchmarks/Results/tree_full_20260918_100349/artifacts/lfr__Expressions__Expression_11__Expression_11_fromLFR
106,lfr,lfr__Expressions__Expression_12__Expression_12_fromLFR,Expressions/Expression_12/Expression_12_fromLFR.json,/home/student/Desktop/Neptune_2026/Microfluidics-Benchmarks/Results/LFR_TestCases/Expressions/Expression_12/Expression_12_fromLFR.json,tree,success,,,1.52,1.294576,0,,,,,,,,True,,,,/home/student/Desktop/Neptune_2026/Microfluidics-Benchmarks/Results/tree_full_20260918_100349/artifacts/lfr__Expressions__Expression_12__Expression_12_fromLFR/result.json,,Microfluidics-Benchmarks/Results/tree_full_20260918_100349/logs/lfr__Expressions__Expression_12__Expression_12_fromLFR.log,Microfluidics-Benchmarks/Results/tree_full_20260918_100349/artifacts/lfr__Expressions__Expression_12__Expression_12_fromLFR
107,lfr,lfr__Expressions__Expression_13__Expression_13_fromLFR,Expressions/Expression_13/Expression_13_fromLFR.json,/home/student/Desktop/Neptune_2026/Microfluidics-Benchmarks/Results/LFR_TestCases/Expressions/Expression_13/Expression_13_fromLFR.json,tree,success,,,0.968,0.731178,0,,,,,,,,True,,,,/home/student/Desktop/Neptune_2026/Microfluidics-Benchmarks/Results/tree_full_20260918_100349/artifacts/lfr__Expressions__Expression_13__Expression_13_fromLFR/result.json,,Microfluidics-Benchmarks/Results/tree_full_20260918_100349/logs/lfr__Expressions__Expression_13__Expression_13_fromLFR.log,Microfluidics-Benchmarks/Results/tree_full_20260918_100349/artifacts/lfr__Expressions__Expression_13__Expression_13_fromLFR
108,lfr,lfr__Expressions__Expression_14__Expression_14_fromLFR,Expressions/Expression_14/Expression_14_fromLFR.json,/home/student/Desktop/Neptune_2026/Microfluidics-Benchmarks/Results/LFR_TestCases/Expressions/Expression_14/Expression_14_fromLFR.json,tree,success,,,2.224,1.986185,0,,,,,,,,True,,,,/home/student/Desktop/Neptune_2026/Microfluidics-Benchmarks/Results/tree_full_20260918_100349/artifacts/lfr__Expressions__Expression_14__Expression_14_fromLFR/result.json,,Microfluidics-Benchmarks/Results/tree_full_20260918_100349/logs/lfr__Expressions__Expression_14__Expression_14_fromLFR.log,Microfluidics-Benchmarks/Results/tree_full_20260918_100349/artifacts/lfr__Expressions__Expression_14__Expression_14_fromLFR
109,lfr,lfr__Expressions__Expression_15__Expression_15_fromLFR,Expressions/Expression_15/Expression_15_fromLFR.json,/home/student/Desktop/Neptune_2026/Microfluidics-Benchmarks/Results/LFR_TestCases/Expressions/Expression_15/Expression_15_fromLFR.json,tree,success,,,1.22,1.004931,0,,,,,,,,True,,,,/home/student/Desktop/Neptune_2026/Microfluidics-Benchmarks/Results/tree_full_20260918_100349/artifacts/lfr__Expressions__Expression_15__Expression_15_fromLFR/result.json,,Microfluidics-Benchmarks/Results/tree_full_20260918_100349/logs/lfr__Expressions__Expression_15__Expression_15_fromLFR.log,Microfluidics-Benchmarks/Results/tree_full_20260918_100349/artifacts/lfr__Expressions__Expression_15__Expression_15_fromLFR
110,lfr,lfr__Expressions__Expression_2__Expression_2_fromLFR,Expressions/Expression_2/Expression_2_fromLFR.json,/home/student/Desktop/Neptune_2026/Microfluidics-Benchmarks/Results/LFR_TestCases/Expressions/Expression_2/Expression_2_fromLFR.json,tree,success,,,1.019,0.780816,0,,,,,,,,True,,,,/home/student/Desktop/Neptune_2026/Microfluidics-Benchmarks/Results/tree_full_20260918_100349/artifacts/lfr__Expressions__Expression_2__Expression_2_fromLFR/result.json,,Microfluidics-Benchmarks/Results/tree_full_20260918_100349/logs/lfr__Expressions__Expression_2__Expression_2_fromLFR.log,Microfluidics-Benchmarks/Results/tree_full_20260918_100349/artifacts/lfr__Expressions__Expression_2__Expression_2_fromLFR
111,lfr,lfr__Expressions__Expression_3__Expression_3_fromLFR,Expressions/Expression_3/Expression_3_fromLFR.json,/home/student/Desktop/Neptune_2026/Microfluidics-Benchmarks/Results/LFR_TestCases/Expressions/Expression_3/Expression_3_fromLFR.json,tree,success,,,1.019,0.781551,0,,,,,,,,True,,,,/home/student/Desktop/Neptune_2026/Microfluidics-Benchmarks/Results/tree_full_20260918_100349/artifacts/lfr__Expressions__Expression_3__Expression_3_fromLFR/result.json,,Microfluidics-Benchmarks/Results/tree_full_20260918_100349/logs/lfr__Expressions__Expression_3__Expression_3_fromLFR.log,Microfluidics-Benchmarks/Results/tree_full_20260918_100349/artifacts/lfr__Expressions__Expression_3__Expression_3_fromLFR
112,lfr,lfr__Expressions__Expression_4__Expression_4_fromLFR,Expressions/Expression_4/Expression_4_fromLFR.json,/home/student/Desktop/Neptune_2026/Microfluidics-Benchmarks/Results/LFR_TestCases/Expressions/Expression_4/Expression_4_fromLFR.json,tree,success,,,1.019,0.803052,0,,,,,,,,True,,,,/home/student/Desktop/Neptune_2026/Microfluidics-Benchmarks/Results/tree_full_20260918_100349/artifacts/lfr__Expressions__Expression_4__Expression_4_fromLFR/result.json,,Microfluidics-Benchmarks/Results/tree_full_20260918_100349/logs/lfr__Expressions__Expression_4__Expression_4_fromLFR.log,Microfluidics-Benchmarks/Results/tree_full_20260918_100349/artifacts/lfr__Expressions__Expression_4__Expression_4_fromLFR
113,lfr,lfr__Expressions__Expression_5__Expression_5_fromLFR,Expressions/Expression_5/Expression_5_fromLFR.json,/home/student/Desktop/Neptune_2026/Microfluidics-Benchmarks/Results/LFR_TestCases/Expressions/Expression_5/Expression_5_fromLFR.json,tree,success,,,1.02,0.816715,0,,,,,,,,True,,,,/home/student/Desktop/Neptune_2026/Microfluidics-Benchmarks/Results/tree_full_20260918_100349/artifacts/lfr__Expressions__Expression_5__Expression_5_fromLFR/result.json,,Microfluidics-Benchmarks/Results/tree_full_20260918_100349/logs/lfr__Expressions__Expression_5__Expression_5_fromLFR.log,Microfluidics-Benchmarks/Results/tree_full_20260918_100349/artifacts/lfr__Expressions__Expression_5__Expression_5_fromLFR
114,lfr,lfr__Expressions__Expression_6__Expression_6_fromLFR,Expressions/Expression_6/Expression_6_fromLFR.json,/home/student/Desktop/Neptune_2026/Microfluidics-Benchmarks/Results/LFR_TestCases/Expressions/Expression_6/Expression_6_fromLFR.json,tree,success,,,1.119,0.873671,0,,,,,,,,True,,,,/home/student/Desktop/Neptune_2026/Microfluidics-Benchmarks/Results/tree_full_20260918_100349/artifacts/lfr__Expressions__Expression_6__Expression_6_fromLFR/result.json,,Microfluidics-Benchmarks/Results/tree_full_20260918_100349/logs/lfr__Expressions__Expression_6__Expression_6_fromLFR.log,Microfluidics-Benchmarks/Results/tree_full_20260918_100349/artifacts/lfr__Expressions__Expression_6__Expression_6_fromLFR
115,lfr,lfr__Expressions__Expression_7__Expression_7_fromLFR,Expressions/Expression_7/Expression_7_fromLFR.json,/home/student/Desktop/Neptune_2026/Microfluidics-Benchmarks/Results/LFR_TestCases/Expressions/Expression_7/Expression_7_fromLFR.json,tree,success,,,1.169,0.933035,0,,,,,,,,True,,,,/home/student/Desktop/Neptune_2026/Microfluidics-Benchmarks/Results/tree_full_20260918_100349/artifacts/lfr__Expressions__Expression_7__Expression_7_fromLFR/result.json,,Microfluidics-Benchmarks/Results/tree_full_20260918_100349/logs/lfr__Expressions__Expression_7__Expression_7_fromLFR.log,Microfluidics-Benchmarks/Results/tree_full_20260918_100349/artifacts/lfr__Expressions__Expression_7__Expression_7_fromLFR
116,lfr,lfr__Expressions__Expression_8__Expression_8_fromLFR,Expressions/Expression_8/Expression_8_fromLFR.json,/home/student/Desktop/Neptune_2026/Microfluidics-Benchmarks/Results/LFR_TestCases/Expressions/Expression_8/Expression_8_fromLFR.json,tree,success,,,1.119,0.874088,0,,,,,,,,True,,,,/home/student/Desktop/Neptune_2026/Microfluidics-Benchmarks/Results/tree_full_20260918_100349/artifacts/lfr__Expressions__Expression_8__Expression_8_fromLFR/result.json,,Microfluidics-Benchmarks/Results/tree_full_20260918_100349/logs/lfr__Expressions__Expression_8__Expression_8_fromLFR.log,Microfluidics-Benchmarks/Results/tree_full_20260918_100349/artifacts/lfr__Expressions__Expression_8__Expression_8_fromLFR
117,lfr,lfr__Expressions__Expression_9__Expression_9_fromLFR,Expressions/Expression_9/Expression_9_fromLFR.json,/home/student/Desktop/Neptune_2026/Microfluidics-Benchmarks/Results/LFR_TestCases/Expressions/Expression_9/Expression_9_fromLFR.json,tree,success,,,1.02,0.797607,0,,,,,,,,True,,,,/home/student/Desktop/Neptune_2026/Microfluidics-Benchmarks/Results/tree_full_20260918_100349/artifacts/lfr__Expressions__Expression_9__Expression_9_fromLFR/result.json,,Microfluidics-Benchmarks/Results/tree_full_20260918_100349/logs/lfr__Expressions__Expression_9__Expression_9_fromLFR.log,Microfluidics-Benchmarks/Results/tree_full_20260918_100349/artifacts/lfr__Expressions__Expression_9__Expression_9_fromLFR
118,lfr,lfr__Ghissues__Issue_10__Issue_10_fromLFR,Ghissues/Issue_10/Issue_10_fromLFR.json,/home/student/Desktop/Neptune_2026/Microfluidics-Benchmarks/Results/LFR_TestCases/Ghissues/Issue_10/Issue_10_fromLFR.json,tree,success,,,6.335,6.122927,0,,,,,,,,True,,,,/home/student/Desktop/Neptune_2026/Microfluidics-Benchmarks/Results/tree_full_20260918_100349/artifacts/lfr__Ghissues__Issue_10__Issue_10_fromLFR/result.json,,Microfluidics-Benchmarks/Results/tree_full_20260918_100349/logs/lfr__Ghissues__Issue_10__Issue_10_fromLFR.log,Microfluidics-Benchmarks/Results/tree_full_20260918_100349/artifacts/lfr__Ghissues__Issue_10__Issue_10_fromLFR
119,lfr,lfr__Ghissues__Issue_15__Issue_15_fromLFR,Ghissues/Issue_15/Issue_15_fromLFR.json,/home/student/Desktop/Neptune_2026/Microfluidics-Benchmarks/Results/LFR_TestCases/Ghissues/Issue_15/Issue_15_fromLFR.json,tree,success,,,1.02,0.800903,0,,,,,,,,True,,,,/home/student/Desktop/Neptune_2026/Microfluidics-Benchmarks/Results/tree_full_20260918_100349/artifacts/lfr__Ghissues__Issue_15__Issue_15_fromLFR/result.json,,Microfluidics-Benchmarks/Results/tree_full_20260918_100349/logs/lfr__Ghissues__Issue_15__Issue_15_fromLFR.log,Microfluidics-Benchmarks/Results/tree_full_20260918_100349/artifacts/lfr__Ghissues__Issue_15__Issue_15_fromLFR
120,lfr,lfr__Ghissues__Issue_2__Issue_2_fromLFR,Ghissues/Issue_2/Issue_2_fromLFR.json,/home/student/Desktop/Neptune_2026/Microfluidics-Benchmarks/Results/LFR_TestCases/Ghissues/Issue_2/Issue_2_fromLFR.json,tree,success,,,0.919,0.685018,0,,,,,,,,True,,,,/home/student/Desktop/Neptune_2026/Microfluidics-Benchmarks/Results/tree_full_20260918_100349/artifacts/lfr__Ghissues__Issue_2__Issue_2_fromLFR/result.json,,Microfluidics-Benchmarks/Results/tree_full_20260918_100349/logs/lfr__Ghissues__Issue_2__Issue_2_fromLFR.log,Microfluidics-Benchmarks/Results/tree_full_20260918_100349/artifacts/lfr__Ghissues__Issue_2__Issue_2_fromLFR
121,lfr,lfr__Ghissues__Issue_3__Issue_3_fromLFR,Ghissues/Issue_3/Issue_3_fromLFR.json,/home/student/Desktop/Neptune_2026/Microfluidics-Benchmarks/Results/LFR_TestCases/Ghissues/Issue_3/Issue_3_fromLFR.json,tree,success,,,1.32,1.097035,0,,,,,,,,True,,,,/home/student/Desktop/Neptune_2026/Microfluidics-Benchmarks/Results/tree_full_20260918_100349/artifacts/lfr__Ghissues__Issue_3__Issue_3_fromLFR/result.json,,Microfluidics-Benchmarks/Results/tree_full_20260918_100349/logs/lfr__Ghissues__Issue_3__Issue_3_fromLFR.log,Microfluidics-Benchmarks/Results/tree_full_20260918_100349/artifacts/lfr__Ghissues__Issue_3__Issue_3_fromLFR
122,lfr,lfr__Ghissues__Issue_6__Issue_6_fromLFR,Ghissues/Issue_6/Issue_6_fromLFR.json,/home/student/Desktop/Neptune_2026/Microfluidics-Benchmarks/Results/LFR_TestCases/Ghissues/Issue_6/Issue_6_fromLFR.json,tree,success,,,7.79,7.542086,0,,,,,,,,True,,,,/home/student/Desktop/Neptune_2026/Microfluidics-Benchmarks/Results/tree_full_20260918_100349/artifacts/lfr__Ghissues__Issue_6__Issue_6_fromLFR/result.json,,Microfluidics-Benchmarks/Results/tree_full_20260918_100349/logs/lfr__Ghissues__Issue_6__Issue_6_fromLFR.log,Microfluidics-Benchmarks/Results/tree_full_20260918_100349/artifacts/lfr__Ghissues__Issue_6__Issue_6_fromLFR
123,lfr,lfr__Ghissues__Issue_7__Issue_7_fromLFR,Ghissues/Issue_7/Issue_7_fromLFR.json,/home/student/Desktop/Neptune_2026/Microfluidics-Benchmarks/Results/LFR_TestCases/Ghissues/Issue_7/Issue_7_fromLFR.json,tree,success,,,1.971,1.716544,0,,,,,,,,True,,,,/home/student/Desktop/Neptune_2026/Microfluidics-Benchmarks/Results/tree_full_20260918_100349/artifacts/lfr__Ghissues__Issue_7__Issue_7_fromLFR/result.json,,Microfluidics-Benchmarks/Results/tree_full_20260918_100349/logs/lfr__Ghissues__Issue_7__Issue_7_fromLFR.log,Microfluidics-Benchmarks/Results/tree_full_20260918_100349/artifacts/lfr__Ghissues__Issue_7__Issue_7_fromLFR
124,lfr,lfr__Ghissues__Issue_8__Issue_8_fromLFR,Ghissues/Issue_8/Issue_8_fromLFR.json,/home/student/Desktop/Neptune_2026/Microfluidics-Benchmarks/Results/LFR_TestCases/Ghissues/Issue_8/Issue_8_fromLFR.json,tree,success,,,2.072,1.847418,0,,,,,,,,True,,,,/home/student/Desktop/Neptune_2026/Microfluidics-Benchmarks/Results/tree_full_20260918_100349/artifacts/lfr__Ghissues__Issue_8__Issue_8_fromLFR/result.json,,Microfluidics-Benchmarks/Results/tree_full_20260918_100349/logs/lfr__Ghissues__Issue_8__Issue_8_fromLFR.log,Microfluidics-Benchmarks/Results/tree_full_20260918_100349/artifacts/lfr__Ghissues__Issue_8__Issue_8_fromLFR
125,lfr,lfr__Ghissues__Issue_9__Issue_9_fromLFR,Ghissues/Issue_9/Issue_9_fromLFR.json,/home/student/Desktop/Neptune_2026/Microfluidics-Benchmarks/Results/LFR_TestCases/Ghissues/Issue_9/Issue_9_fromLFR.json,tree,success,,,11.951,11.710373,0,,,,,,,,True,,,,/home/student/Desktop/Neptune_2026/Microfluidics-Benchmarks/Results/tree_full_20260918_100349/artifacts/lfr__Ghissues__Issue_9__Issue_9_fromLFR/result.json,,Microfluidics-Benchmarks/Results/tree_full_20260918_100349/logs/lfr__Ghissues__Issue_9__Issue_9_fromLFR.log,Microfluidics-Benchmarks/Results/tree_full_20260918_100349/artifacts/lfr__Ghissues__Issue_9__Issue_9_fromLFR
126,lfr,lfr__Graph_Coverage__Tree_Fanin__Tree_Fanin_fromLFR,Graph_Coverage/Tree_Fanin/Tree_Fanin_fromLFR.json,/home/student/Desktop/Neptune_2026/Microfluidics-Benchmarks/Results/LFR_TestCases/Graph_Coverage/Tree_Fanin/Tree_Fanin_fromLFR.json,tree,success,,,1.069,0.848434,0,,,,,,,,True,,,,/home/student/Desktop/Neptune_2026/Microfluidics-Benchmarks/Results/tree_full_20260918_100349/artifacts/lfr__Graph_Coverage__Tree_Fanin__Tree_Fanin_fromLFR/result.json,,Microfluidics-Benchmarks/Results/tree_full_20260918_100349/logs/lfr__Graph_Coverage__Tree_Fanin__Tree_Fanin_fromLFR.log,Microfluidics-Benchmarks/Results/tree_full_20260918_100349/artifacts/lfr__Graph_Coverage__Tree_Fanin__Tree_Fanin_fromLFR
127,lfr,lfr__Graph_Coverage__Tree_Fanout__Tree_Fanout_fromLFR,Graph_Coverage/Tree_Fanout/Tree_Fanout_fromLFR.json,/home/student/Desktop/Neptune_2026/Microfluidics-Benchmarks/Results/LFR_TestCases/Graph_Coverage/Tree_Fanout/Tree_Fanout_fromLFR.json,tree,success,,,1.12,0.87989,0,,,,,,,,True,,,,/home/student/Desktop/Neptune_2026/Microfluidics-Benchmarks/Results/tree_full_20260918_100349/artifacts/lfr__Graph_Coverage__Tree_Fanout__Tree_Fanout_fromLFR/result.json,,Microfluidics-Benchmarks/Results/tree_full_20260918_100349/logs/lfr__Graph_Coverage__Tree_Fanout__Tree_Fanout_fromLFR.log,Microfluidics-Benchmarks/Results/tree_full_20260918_100349/artifacts/lfr__Graph_Coverage__Tree_Fanout__Tree_Fanout_fromLFR
128,lfr,lfr__Literature_Benchmarks__Device_1_Sc_Rna_Seq__Device_1_Sc_Rna_Seq_fromLFR,Literature_Benchmarks/Device_1_Sc_Rna_Seq/Device_1_Sc_Rna_Seq_fromLFR.json,/home/student/Desktop/Neptune_2026/Microfluidics-Benchmarks/Results/LFR_TestCases/Literature_Benchmarks/Device_1_Sc_Rna_Seq/Device_1_Sc_Rna_Seq_fromLFR.json,tree,success,,,1.069,0.830656,0,,,,,,,,True,,,,/home/student/Desktop/Neptune_2026/Microfluidics-Benchmarks/Results/tree_full_20260918_100349/artifacts/lfr__Literature_Benchmarks__Device_1_Sc_Rna_Seq__Device_1_Sc_Rna_Seq_fromLFR/result.json,,Microfluidics-Benchmarks/Results/tree_full_20260918_100349/logs/lfr__Literature_Benchmarks__Device_1_Sc_Rna_Seq__Device_1_Sc_Rna_Seq_fromLFR.log,Microfluidics-Benchmarks/Results/tree_full_20260918_100349/artifacts/lfr__Literature_Benchmarks__Device_1_Sc_Rna_Seq__Device_1_Sc_Rna_Seq_fromLFR
129,lfr,lfr__Literature_Benchmarks__Device_2_Artificial_Cells__Device_2_Artificial_Cells_fromLFR,Literature_Benchmarks/Device_2_Artificial_Cells/Device_2_Artificial_Cells_fromLFR.json,/home/student/Desktop/Neptune_2026/Microfluidics-Benchmarks/Results/LFR_TestCases/Literature_Benchmarks/Device_2_Artificial_Cells/Device_2_Artificial_Cells_fromLFR.json,tree,success,,,53.63,53.380183,0,,,,,,,,True,,,,/home/student/Desktop/Neptune_2026/Microfluidics-Benchmarks/Results/tree_full_20260918_100349/artifacts/lfr__Literature_Benchmarks__Device_2_Artificial_Cells__Device_2_Artificial_Cells_fromLFR/result.json,,Microfluidics-Benchmarks/Results/tree_full_20260918_100349/logs/lfr__Literature_Benchmarks__Device_2_Artificial_Cells__Device_2_Artificial_Cells_fromLFR.log,Microfluidics-Benchmarks/Results/tree_full_20260918_100349/artifacts/lfr__Literature_Benchmarks__Device_2_Artificial_Cells__Device_2_Artificial_Cells_fromLFR
130,lfr,lfr__Literature_Benchmarks__Device_4_Molecular_Diagnostics__Device_4_Molecular_Diagnostics_fromLFR,Literature_Benchmarks/Device_4_Molecular_Diagnostics/Device_4_Molecular_Diagnostics_fromLFR.json,/home/student/Desktop/Neptune_2026/Microfluidics-Benchmarks/Results/LFR_TestCases/Literature_Benchmarks/Device_4_Molecular_Diagnostics/Device_4_Molecular_Diagnostics_fromLFR.json,tree,success,,,1.119,0.884525,0,,,,,,,,True,,,,/home/student/Desktop/Neptune_2026/Microfluidics-Benchmarks/Results/tree_full_20260918_100349/artifacts/lfr__Literature_Benchmarks__Device_4_Molecular_Diagnostics__Device_4_Molecular_Diagnostics_fromLFR/result.json,,Microfluidics-Benchmarks/Results/tree_full_20260918_100349/logs/lfr__Literature_Benchmarks__Device_4_Molecular_Diagnostics__Device_4_Molecular_Diagnostics_fromLFR.log,Microfluidics-Benchmarks/Results/tree_full_20260918_100349/artifacts/lfr__Literature_Benchmarks__Device_4_Molecular_Diagnostics__Device_4_Molecular_Diagnostics_fromLFR
131,lfr,lfr__Literature_Benchmarks__Device_5_Bacteria_Diagnostics__Device_5_Bacteria_Diagnostics_fromLFR,Literature_Benchmarks/Device_5_Bacteria_Diagnostics/Device_5_Bacteria_Diagnostics_fromLFR.json,/home/student/Desktop/Neptune_2026/Microfluidics-Benchmarks/Results/LFR_TestCases/Literature_Benchmarks/Device_5_Bacteria_Diagnostics/Device_5_Bacteria_Diagnostics_fromLFR.json,tree,success,,,1.721,1.506269,0,,,,,,,,True,,,,/home/student/Desktop/Neptune_2026/Microfluidics-Benchmarks/Results/tree_full_20260918_100349/artifacts/lfr__Literature_Benchmarks__Device_5_Bacteria_Diagnostics__Device_5_Bacteria_Diagnostics_fromLFR/result.json,,Microfluidics-Benchmarks/Results/tree_full_20260918_100349/logs/lfr__Literature_Benchmarks__Device_5_Bacteria_Diagnostics__Device_5_Bacteria_Diagnostics_fromLFR.log,Microfluidics-Benchmarks/Results/tree_full_20260918_100349/artifacts/lfr__Literature_Benchmarks__Device_5_Bacteria_Diagnostics__Device_5_Bacteria_Diagnostics_fromLFR
132,lfr,lfr__Literature_Benchmarks__Device_6_Organic_Chemical_Synthesis__Device_6_Organic_Chemical_Synthesis_fromLFR,Literature_Benchmarks/Device_6_Organic_Chemical_Synthesis/Device_6_Organic_Chemical_Synthesis_fromLFR.json,/home/student/Desktop/Neptune_2026/Microfluidics-Benchmarks/Results/LFR_TestCases/Literature_Benchmarks/Device_6_Organic_Chemical_Synthesis/Device_6_Organic_Chemical_Synthesis_fromLFR.json,tree,success,,,15.06,14.766328,0,,,,,,,,True,,,,/home/student/Desktop/Neptune_2026/Microfluidics-Benchmarks/Results/tree_full_20260918_100349/artifacts/lfr__Literature_Benchmarks__Device_6_Organic_Chemical_Synthesis__Device_6_Organic_Chemical_Synthesis_fromLFR/result.json,,Microfluidics-Benchmarks/Results/tree_full_20260918_100349/logs/lfr__Literature_Benchmarks__Device_6_Organic_Chemical_Synthesis__Device_6_Organic_Chemical_Synthesis_fromLFR.log,Microfluidics-Benchmarks/Results/tree_full_20260918_100349/artifacts/lfr__Literature_Benchmarks__Device_6_Organic_Chemical_Synthesis__Device_6_Organic_Chemical_Synthesis_fromLFR
133,lfr,lfr__Literature_Benchmarks__Device_7_Enzyme_Screening__Device_7_Enzyme_Screening_fromLFR,Literature_Benchmarks/Device_7_Enzyme_Screening/Device_7_Enzyme_Screening_fromLFR.json,/home/student/Desktop/Neptune_2026/Microfluidics-Benchmarks/Results/LFR_TestCases/Literature_Benchmarks/Device_7_Enzyme_Screening/Device_7_Enzyme_Screening_fromLFR.json,tree,success,,,32.764,32.53139,0,,,,,,,,True,,,,/home/student/Desktop/Neptune_2026/Microfluidics-Benchmarks/Results/tree_full_20260918_100349/artifacts/lfr__Literature_Benchmarks__Device_7_Enzyme_Screening__Device_7_Enzyme_Screening_fromLFR/result.json,,Microfluidics-Benchmarks/Results/tree_full_20260918_100349/logs/lfr__Literature_Benchmarks__Device_7_Enzyme_Screening__Device_7_Enzyme_Screening_fromLFR.log,Microfluidics-Benchmarks/Results/tree_full_20260918_100349/artifacts/lfr__Literature_Benchmarks__Device_7_Enzyme_Screening__Device_7_Enzyme_Screening_fromLFR
134,lfr,lfr__Mars__Antibiotic_Resistance__Antibiotic_Resistance_fromLFR,Mars/Antibiotic_Resistance/Antibiotic_Resistance_fromLFR.json,/home/student/Desktop/Neptune_2026/Microfluidics-Benchmarks/Results/LFR_TestCases/Mars/Antibiotic_Resistance/Antibiotic_Resistance_fromLFR.json,tree,success,,,1.17,0.924471,0,,,,,,,,True,,,,/home/student/Desktop/Neptune_2026/Microfluidics-Benchmarks/Results/tree_full_20260918_100349/artifacts/lfr__Mars__Antibiotic_Resistance__Antibiotic_Resistance_fromLFR/result.json,,Microfluidics-Benchmarks/Results/tree_full_20260918_100349/logs/lfr__Mars__Antibiotic_Resistance__Antibiotic_Resistance_fromLFR.log,Microfluidics-Benchmarks/Results/tree_full_20260918_100349/artifacts/lfr__Mars__Antibiotic_Resistance__Antibiotic_Resistance_fromLFR
135,lfr,lfr__Mars__Cell_Lysis__Cell_Lysis_fromLFR,Mars/Cell_Lysis/Cell_Lysis_fromLFR.json,/home/student/Desktop/Neptune_2026/Microfluidics-Benchmarks/Results/LFR_TestCases/Mars/Cell_Lysis/Cell_Lysis_fromLFR.json,tree,success,,,1.018,0.798943,0,,,,,,,,True,,,,/home/student/Desktop/Neptune_2026/Microfluidics-Benchmarks/Results/tree_full_20260918_100349/artifacts/lfr__Mars__Cell_Lysis__Cell_Lysis_fromLFR/result.json,,Microfluidics-Benchmarks/Results/tree_full_20260918_100349/logs/lfr__Mars__Cell_Lysis__Cell_Lysis_fromLFR.log,Microfluidics-Benchmarks/Results/tree_full_20260918_100349/artifacts/lfr__Mars__Cell_Lysis__Cell_Lysis_fromLFR
136,lfr,lfr__Mars__Dna_Digest__Dna_Digest_fromLFR,Mars/Dna_Digest/Dna_Digest_fromLFR.json,/home/student/Desktop/Neptune_2026/Microfluidics-Benchmarks/Results/LFR_TestCases/Mars/Dna_Digest/Dna_Digest_fromLFR.json,tree,success,,,2.574,2.326114,0,,,,,,,,True,,,,/home/student/Desktop/Neptune_2026/Microfluidics-Benchmarks/Results/tree_full_20260918_100349/artifacts/lfr__Mars__Dna_Digest__Dna_Digest_fromLFR/result.json,,Microfluidics-Benchmarks/Results/tree_full_20260918_100349/logs/lfr__Mars__Dna_Digest__Dna_Digest_fromLFR.log,Microfluidics-Benchmarks/Results/tree_full_20260918_100349/artifacts/lfr__Mars__Dna_Digest__Dna_Digest_fromLFR
137,lfr,lfr__Mars__Fluorescence__Fluorescence_fromLFR,Mars/Fluorescence/Fluorescence_fromLFR.json,/home/student/Desktop/Neptune_2026/Microfluidics-Benchmarks/Results/LFR_TestCases/Mars/Fluorescence/Fluorescence_fromLFR.json,tree,success,,,1.671,1.444158,0,,,,,,,,True,,,,/home/student/Desktop/Neptune_2026/Microfluidics-Benchmarks/Results/tree_full_20260918_100349/artifacts/lfr__Mars__Fluorescence__Fluorescence_fromLFR/result.json,,Microfluidics-Benchmarks/Results/tree_full_20260918_100349/logs/lfr__Mars__Fluorescence__Fluorescence_fromLFR.log,Microfluidics-Benchmarks/Results/tree_full_20260918_100349/artifacts/lfr__Mars__Fluorescence__Fluorescence_fromLFR
138,lfr,lfr__Mars__Ligation__Ligation_fromLFR,Mars/Ligation/Ligation_fromLFR.json,/home/student/Desktop/Neptune_2026/Microfluidics-Benchmarks/Results/LFR_TestCases/Mars/Ligation/Ligation_fromLFR.json,tree,success,,,4.127,3.867287,0,,,,,,,,True,,,,/home/student/Desktop/Neptune_2026/Microfluidics-Benchmarks/Results/tree_full_20260918_100349/artifacts/lfr__Mars__Ligation__Ligation_fromLFR/result.json,,Microfluidics-Benchmarks/Results/tree_full_20260918_100349/logs/lfr__Mars__Ligation__Ligation_fromLFR.log,Microfluidics-Benchmarks/Results/tree_full_20260918_100349/artifacts/lfr__Mars__Ligation__Ligation_fromLFR
139,lfr,lfr__Mars__Pcr__Pcr_fromLFR,Mars/Pcr/Pcr_fromLFR.json,/home/student/Desktop/Neptune_2026/Microfluidics-Benchmarks/Results/LFR_TestCases/Mars/Pcr/Pcr_fromLFR.json,tree,success,,,1.12,0.886068,0,,,,,,,,True,,,,/home/student/Desktop/Neptune_2026/Microfluidics-Benchmarks/Results/tree_full_20260918_100349/artifacts/lfr__Mars__Pcr__Pcr_fromLFR/result.json,,Microfluidics-Benchmarks/Results/tree_full_20260918_100349/logs/lfr__Mars__Pcr__Pcr_fromLFR.log,Microfluidics-Benchmarks/Results/tree_full_20260918_100349/artifacts/lfr__Mars__Pcr__Pcr_fromLFR
140,lfr,lfr__Mars__Sorting__Sorting_fromLFR,Mars/Sorting/Sorting_fromLFR.json,/home/student/Desktop/Neptune_2026/Microfluidics-Benchmarks/Results/LFR_TestCases/Mars/Sorting/Sorting_fromLFR.json,tree,success,,,0.969,0.726149,0,,,,,,,,True,,,,/home/student/Desktop/Neptune_2026/Microfluidics-Benchmarks/Results/tree_full_20260918_100349/artifacts/lfr__Mars__Sorting__Sorting_fromLFR/result.json,,Microfluidics-Benchmarks/Results/tree_full_20260918_100349/logs/lfr__Mars__Sorting__Sorting_fromLFR.log,Microfluidics-Benchmarks/Results/tree_full_20260918_100349/artifacts/lfr__Mars__Sorting__Sorting_fromLFR
141,lfr,lfr__Mars__Transformation__Transformation_fromLFR,Mars/Transformation/Transformation_fromLFR.json,/home/student/Desktop/Neptune_2026/Microfluidics-Benchmarks/Results/LFR_TestCases/Mars/Transformation/Transformation_fromLFR.json,tree,success,,,1.119,0.884309,0,,,,,,,,True,,,,/home/student/Desktop/Neptune_2026/Microfluidics-Benchmarks/Results/tree_full_20260918_100349/artifacts/lfr__Mars__Transformation__Transformation_fromLFR/result.json,,Microfluidics-Benchmarks/Results/tree_full_20260918_100349/logs/lfr__Mars__Transformation__Transformation_fromLFR.log,Microfluidics-Benchmarks/Results/tree_full_20260918_100349/artifacts/lfr__Mars__Transformation__Transformation_fromLFR
142,lfr,lfr__Protocols__Cell_Sorting__Cell_Sorting_fromLFR,Protocols/Cell_Sorting/Cell_Sorting_fromLFR.json,/home/student/Desktop/Neptune_2026/Microfluidics-Benchmarks/Results/LFR_TestCases/Protocols/Cell_Sorting/Cell_Sorting_fromLFR.json,tree,success,,,0.969,0.730391,0,,,,,,,,True,,,,/home/student/Desktop/Neptune_2026/Microfluidics-Benchmarks/Results/tree_full_20260918_100349/artifacts/lfr__Protocols__Cell_Sorting__Cell_Sorting_fromLFR/result.json,,Microfluidics-Benchmarks/Results/tree_full_20260918_100349/logs/lfr__Protocols__Cell_Sorting__Cell_Sorting_fromLFR.log,Microfluidics-Benchmarks/Results/tree_full_20260918_100349/artifacts/lfr__Protocols__Cell_Sorting__Cell_Sorting_fromLFR
143,lfr,lfr__Protocols__Directed_Evolution__Directed_Evolution_fromLFR,Protocols/Directed_Evolution/Directed_Evolution_fromLFR.json,/home/student/Desktop/Neptune_2026/Microfluidics-Benchmarks/Results/LFR_TestCases/Protocols/Directed_Evolution/Directed_Evolution_fromLFR.json,tree,success,,,4.028,3.788196,0,,,,,,,,True,,,,/home/student/Desktop/Neptune_2026/Microfluidics-Benchmarks/Results/tree_full_20260918_100349/artifacts/lfr__Protocols__Directed_Evolution__Directed_Evolution_fromLFR/result.json,,Microfluidics-Benchmarks/Results/tree_full_20260918_100349/logs/lfr__Protocols__Directed_Evolution__Directed_Evolution_fromLFR.log,Microfluidics-Benchmarks/Results/tree_full_20260918_100349/artifacts/lfr__Protocols__Directed_Evolution__Directed_Evolution_fromLFR
144,lfr,lfr__Technology_Mapping__Cycle__Cycle_fromLFR,Technology_Mapping/Cycle/Cycle_fromLFR.json,/home/student/Desktop/Neptune_2026/Microfluidics-Benchmarks/Results/LFR_TestCases/Technology_Mapping/Cycle/Cycle_fromLFR.json,tree,success,,,1.02,0.763529,0,,,,,,,,True,,,,/home/student/Desktop/Neptune_2026/Microfluidics-Benchmarks/Results/tree_full_20260918_100349/artifacts/lfr__Technology_Mapping__Cycle__Cycle_fromLFR/result.json,,Microfluidics-Benchmarks/Results/tree_full_20260918_100349/logs/lfr__Technology_Mapping__Cycle__Cycle_fromLFR.log,Microfluidics-Benchmarks/Results/tree_full_20260918_100349/artifacts/lfr__Technology_Mapping__Cycle__Cycle_fromLFR
145,lfr,lfr__Technology_Mapping__Instance_Mapping__Instance_Mapping_fromLFR,Technology_Mapping/Instance_Mapping/Instance_Mapping_fromLFR.json,/home/student/Desktop/Neptune_2026/Microfluidics-Benchmarks/Results/LFR_TestCases/Technology_Mapping/Instance_Mapping/Instance_Mapping_fromLFR.json,tree,success,,,0.919,0.68075,0,,,,,,,,True,,,,/home/student/Desktop/Neptune_2026/Microfluidics-Benchmarks/Results/tree_full_20260918_100349/artifacts/lfr__Technology_Mapping__Instance_Mapping__Instance_Mapping_fromLFR/result.json,,Microfluidics-Benchmarks/Results/tree_full_20260918_100349/logs/lfr__Technology_Mapping__Instance_Mapping__Instance_Mapping_fromLFR.log,Microfluidics-Benchmarks/Results/tree_full_20260918_100349/artifacts/lfr__Technology_Mapping__Instance_Mapping__Instance_Mapping_fromLFR
146,lfr,lfr__Technology_Mapping__N_Greater_M_Map__N_Greater_M_Map_fromLFR,Technology_Mapping/N_Greater_M_Map/N_Greater_M_Map_fromLFR.json,/home/student/Desktop/Neptune_2026/Microfluidics-Benchmarks/Results/LFR_TestCases/Technology_Mapping/N_Greater_M_Map/N_Greater_M_Map_fromLFR.json,tree,success,,,1.12,0.891481,0,,,,,,,,True,,,,/home/student/Desktop/Neptune_2026/Microfluidics-Benchmarks/Results/tree_full_20260918_100349/artifacts/lfr__Technology_Mapping__N_Greater_M_Map__N_Greater_M_Map_fromLFR/result.json,,Microfluidics-Benchmarks/Results/tree_full_20260918_100349/logs/lfr__Technology_Mapping__N_Greater_M_Map__N_Greater_M_Map_fromLFR.log,Microfluidics-Benchmarks/Results/tree_full_20260918_100349/artifacts/lfr__Technology_Mapping__N_Greater_M_Map__N_Greater_M_Map_fromLFR
147,lfr,lfr__Technology_Mapping__N_Less_M_Map__N_Less_M_Map_fromLFR,Technology_Mapping/N_Less_M_Map/N_Less_M_Map_fromLFR.json,/home/student/Desktop/Neptune_2026/Microfluidics-Benchmarks/Results/LFR_TestCases/Technology_Mapping/N_Less_M_Map/N_Less_M_Map_fromLFR.json,tree,success,,,1.119,0.892059,0,,,,,,,,True,,,,/home/student/Desktop/Neptune_2026/Microfluidics-Benchmarks/Results/tree_full_20260918_100349/artifacts/lfr__Technology_Mapping__N_Less_M_Map__N_Less_M_Map_fromLFR/result.json,,Microfluidics-Benchmarks/Results/tree_full_20260918_100349/logs/lfr__Technology_Mapping__N_Less_M_Map__N_Less_M_Map_fromLFR.log,Microfluidics-Benchmarks/Results/tree_full_20260918_100349/artifacts/lfr__Technology_Mapping__N_Less_M_Map__N_Less_M_Map_fromLFR
148,lfr,lfr__Technology_Mapping__One_To_One_Mapping__One_To_One_Mapping_fromLFR,Technology_Mapping/One_To_One_Mapping/One_To_One_Mapping_fromLFR.json,/home/student/Desktop/Neptune_2026/Microfluidics-Benchmarks/Results/LFR_TestCases/Technology_Mapping/One_To_One_Mapping/One_To_One_Mapping_fromLFR.json,tree,success,,,0.969,0.714777,0,,,,,,,,True,,,,/home/student/Desktop/Neptune_2026/Microfluidics-Benchmarks/Results/tree_full_20260918_100349/artifacts/lfr__Technology_Mapping__One_To_One_Mapping__One_To_One_Mapping_fromLFR/result.json,,Microfluidics-Benchmarks/Results/tree_full_20260918_100349/logs/lfr__Technology_Mapping__One_To_One_Mapping__One_To_One_Mapping_fromLFR.log,Microfluidics-Benchmarks/Results/tree_full_20260918_100349/artifacts/lfr__Technology_Mapping__One_To_One_Mapping__One_To_One_Mapping_fromLFR
149,lfr,lfr__Technology_Mapping__Tree_Bus__Tree_Bus_fromLFR,Technology_Mapping/Tree_Bus/Tree_Bus_fromLFR.json,/home/student/Desktop/Neptune_2026/Microfluidics-Benchmarks/Results/LFR_TestCases/Technology_Mapping/Tree_Bus/Tree_Bus_fromLFR.json,tree,success,,,1.119,0.883673,0,,,,,,,,True,,,,/home/student/Desktop/Neptune_2026/Microfluidics-Benchmarks/Results/tree_full_20260918_100349/artifacts/lfr__Technology_Mapping__Tree_Bus__Tree_Bus_fromLFR/result.json,,Microfluidics-Benchmarks/Results/tree_full_20260918_100349/logs/lfr__Technology_Mapping__Tree_Bus__Tree_Bus_fromLFR.log,Microfluidics-Benchmarks/Results/tree_full_20260918_100349/artifacts/lfr__Technology_Mapping__Tree_Bus__Tree_Bus_fromLFR
150,lfr,lfr__Technology_Mapping__Tree_Fanin_Mapping__Tree_Fanin_Mapping_fromLFR,Technology_Mapping/Tree_Fanin_Mapping/Tree_Fanin_Mapping_fromLFR.json,/home/student/Desktop/Neptune_2026/Microfluidics-Benchmarks/Results/LFR_TestCases/Technology_Mapping/Tree_Fanin_Mapping/Tree_Fanin_Mapping_fromLFR.json,tree,success,,,1.169,0.920914,0,,,,,,,,True,,,,/home/student/Desktop/Neptune_2026/Microfluidics-Benchmarks/Results/tree_full_20260918_100349/artifacts/lfr__Technology_Mapping__Tree_Fanin_Mapping__Tree_Fanin_Mapping_fromLFR/result.json,,Microfluidics-Benchmarks/Results/tree_full_20260918_100349/logs/lfr__Technology_Mapping__Tree_Fanin_Mapping__Tree_Fanin_Mapping_fromLFR.log,Microfluidics-Benchmarks/Results/tree_full_20260918_100349/artifacts/lfr__Technology_Mapping__Tree_Fanin_Mapping__Tree_Fanin_Mapping_fromLFR
151,lfr,lfr__Technology_Mapping__Tree_Fanout_Mapping_1__Tree_Fanout_Mapping_1_fromLFR,Technology_Mapping/Tree_Fanout_Mapping_1/Tree_Fanout_Mapping_1_fromLFR.json,/home/student/Desktop/Neptune_2026/Microfluidics-Benchmarks/Results/LFR_TestCases/Technology_Mapping/Tree_Fanout_Mapping_1/Tree_Fanout_Mapping_1_fromLFR.json,tree,success,,,1.169,0.921878,0,,,,,,,,True,,,,/home/student/Desktop/Neptune_2026/Microfluidics-Benchmarks/Results/tree_full_20260918_100349/artifacts/lfr__Technology_Mapping__Tree_Fanout_Mapping_1__Tree_Fanout_Mapping_1_fromLFR/result.json,,Microfluidics-Benchmarks/Results/tree_full_20260918_100349/logs/lfr__Technology_Mapping__Tree_Fanout_Mapping_1__Tree_Fanout_Mapping_1_fromLFR.log,Microfluidics-Benchmarks/Results/tree_full_20260918_100349/artifacts/lfr__Technology_Mapping__Tree_Fanout_Mapping_1__Tree_Fanout_Mapping_1_fromLFR
152,lfr,lfr__Technology_Mapping__Tree_Fanout_Mapping_2__Tree_Fanout_Mapping_2_fromLFR,Technology_Mapping/Tree_Fanout_Mapping_2/Tree_Fanout_Mapping_2_fromLFR.json,/home/student/Desktop/Neptune_2026/Microfluidics-Benchmarks/Results/LFR_TestCases/Technology_Mapping/Tree_Fanout_Mapping_2/Tree_Fanout_Mapping_2_fromLFR.json,tree,success,,,1.07,0.868571,0,,,,,,,,True,,,,/home/student/Desktop/Neptune_2026/Microfluidics-Benchmarks/Results/tree_full_20260918_100349/artifacts/lfr__Technology_Mapping__Tree_Fanout_Mapping_2__Tree_Fanout_Mapping_2_fromLFR/result.json,,Microfluidics-Benchmarks/Results/tree_full_20260918_100349/logs/lfr__Technology_Mapping__Tree_Fanout_Mapping_2__Tree_Fanout_Mapping_2_fromLFR.log,Microfluidics-Benchmarks/Results/tree_full_20260918_100349/artifacts/lfr__Technology_Mapping__Tree_Fanout_Mapping_2__Tree_Fanout_Mapping_2_fromLFR
153,lfr,lfr__Technology_Mapping__Tree_Fanout_Mapping_3__Tree_Fanout_Mapping_3_fromLFR,Technology_Mapping/Tree_Fanout_Mapping_3/Tree_Fanout_Mapping_3_fromLFR.json,/home/student/Desktop/Neptune_2026/Microfluidics-Benchmarks/Results/LFR_TestCases/Technology_Mapping/Tree_Fanout_Mapping_3/Tree_Fanout_Mapping_3_fromLFR.json,tree,success,,,1.119,0.898105,0,,,,,,,,True,,,,/home/student/Desktop/Neptune_2026/Microfluidics-Benchmarks/Results/tree_full_20260918_100349/artifacts/lfr__Technology_Mapping__Tree_Fanout_Mapping_3__Tree_Fanout_Mapping_3_fromLFR/result.json,,Microfluidics-Benchmarks/Results/tree_full_20260918_100349/logs/lfr__Technology_Mapping__Tree_Fanout_Mapping_3__Tree_Fanout_Mapping_3_fromLFR.log,Microfluidics-Benchmarks/Results/tree_full_20260918_100349/artifacts/lfr__Technology_Mapping__Tree_Fanout_Mapping_3__Tree_Fanout_Mapping_3_fromLFR
154,lfr,lfr__Technology_Mapping__Tree_Storage_Bus_Mapping__Tree_Storage_Bus_Mapping_fromLFR,Technology_Mapping/Tree_Storage_Bus_Mapping/Tree_Storage_Bus_Mapping_fromLFR.json,/home/student/Desktop/Neptune_2026/Microfluidics-Benchmarks/Results/LFR_TestCases/Technology_Mapping/Tree_Storage_Bus_Mapping/Tree_Storage_Bus_Mapping_fromLFR.json,tree,success,,,2.624,2.372295,0,,,,,,,,True,,,,/home/student/Desktop/Neptune_2026/Microfluidics-Benchmarks/Results/tree_full_20260918_100349/artifacts/lfr__Technology_Mapping__Tree_Storage_Bus_Mapping__Tree_Storage_Bus_Mapping_fromLFR/result.json,,Microfluidics-Benchmarks/Results/tree_full_20260918_100349/logs/lfr__Technology_Mapping__Tree_Storage_Bus_Mapping__Tree_Storage_Bus_Mapping_fromLFR.log,Microfluidics-Benchmarks/Results/tree_full_20260918_100349/artifacts/lfr__Technology_Mapping__Tree_Storage_Bus_Mapping__Tree_Storage_Bus_Mapping_fromLFR
155,lfr,lfr__Transport_Networks__Distribute_Network_Examples__Distribute_Network_Examples_fromLFR,Transport_Networks/Distribute_Network_Examples/Distribute_Network_Examples_fromLFR.json,/home/student/Desktop/Neptune_2026/Microfluidics-Benchmarks/Results/LFR_TestCases/Transport_Networks/Distribute_Network_Examples/Distribute_Network_Examples_fromLFR.json,tree,success,,,5.984,5.734506,0,,,,,,,,True,,,,/home/student/Desktop/Neptune_2026/Microfluidics-Benchmarks/Results/tree_full_20260918_100349/artifacts/lfr__Transport_Networks__Distribute_Network_Examples__Distribute_Network_Examples_fromLFR/result.json,,Microfluidics-Benchmarks/Results/tree_full_20260918_100349/logs/lfr__Transport_Networks__Distribute_Network_Examples__Distribute_Network_Examples_fromLFR.log,Microfluidics-Benchmarks/Results/tree_full_20260918_100349/artifacts/lfr__Transport_Networks__Distribute_Network_Examples__Distribute_Network_Examples_fromLFR
156,lfr,lfr__Transport_Networks__One_To_8__One_To_8_fromLFR,Transport_Networks/One_To_8/One_To_8_fromLFR.json,/home/student/Desktop/Neptune_2026/Microfluidics-Benchmarks/Results/LFR_TestCases/Transport_Networks/One_To_8/One_To_8_fromLFR.json,tree,success,,,6.034,5.771417,0,,,,,,,,True,,,,/home/student/Desktop/Neptune_2026/Microfluidics-Benchmarks/Results/tree_full_20260918_100349/artifacts/lfr__Transport_Networks__One_To_8__One_To_8_fromLFR/result.json,,Microfluidics-Benchmarks/Results/tree_full_20260918_100349/logs/lfr__Transport_Networks__One_To_8__One_To_8_fromLFR.log,Microfluidics-Benchmarks/Results/tree_full_20260918_100349/artifacts/lfr__Transport_Networks__One_To_8__One_To_8_fromLFR
157,lfr,lfr__Transport_Networks__One_To_One__One_To_One_fromLFR,Transport_Networks/One_To_One/One_To_One_fromLFR.json,/home/student/Desktop/Neptune_2026/Microfluidics-Benchmarks/Results/LFR_TestCases/Transport_Networks/One_To_One/One_To_One_fromLFR.json,tree,success,,,0.969,0.726794,0,,,,,,,,True,,,,/home/student/Desktop/Neptune_2026/Microfluidics-Benchmarks/Results/tree_full_20260918_100349/artifacts/lfr__Transport_Networks__One_To_One__One_To_One_fromLFR/result.json,,Microfluidics-Benchmarks/Results/tree_full_20260918_100349/logs/lfr__Transport_Networks__One_To_One__One_To_One_fromLFR.log,Microfluidics-Benchmarks/Results/tree_full_20260918_100349/artifacts/lfr__Transport_Networks__One_To_One__One_To_One_fromLFR
158,mint,mint__Base__Crossing_H__Crossing_H_fromMINT,Base/Crossing_H/Crossing_H_fromMINT.json,/home/student/Desktop/Neptune_2026/Microfluidics-Benchmarks/Results/MINT_TestCases/Base/Crossing_H/Crossing_H_fromMINT.json,tree,success,,,4.33,4.108944,0,,,,,,,,True,,,,/home/student/Desktop/Neptune_2026/Microfluidics-Benchmarks/Results/tree_full_20260918_100349/artifacts/mint__Base__Crossing_H__Crossing_H_fromMINT/result.json,,Microfluidics-Benchmarks/Results/tree_full_20260918_100349/logs/mint__Base__Crossing_H__Crossing_H_fromMINT.log,Microfluidics-Benchmarks/Results/tree_full_20260918_100349/artifacts/mint__Base__Crossing_H__Crossing_H_fromMINT
159,mint,mint__Base__Crossing_V__Crossing_V_fromMINT,Base/Crossing_V/Crossing_V_fromMINT.json,/home/student/Desktop/Neptune_2026/Microfluidics-Benchmarks/Results/MINT_TestCases/Base/Crossing_V/Crossing_V_fromMINT.json,tree,success,,,1.521,1.281453,0,,,,,,,,True,,,,/home/student/Desktop/Neptune_2026/Microfluidics-Benchmarks/Results/tree_full_20260918_100349/artifacts/mint__Base__Crossing_V__Crossing_V_fromMINT/result.json,,Microfluidics-Benchmarks/Results/tree_full_20260918_100349/logs/mint__Base__Crossing_V__Crossing_V_fromMINT.log,Microfluidics-Benchmarks/Results/tree_full_20260918_100349/artifacts/mint__Base__Crossing_V__Crossing_V_fromMINT
160,mint,mint__Base__Grad_Gen_H__Grad_Gen_H_fromMINT,Base/Grad_Gen_H/Grad_Gen_H_fromMINT.json,/home/student/Desktop/Neptune_2026/Microfluidics-Benchmarks/Results/MINT_TestCases/Base/Grad_Gen_H/Grad_Gen_H_fromMINT.json,tree,success,,,1.219,0.968746,0,,,,,,,,True,,,,/home/student/Desktop/Neptune_2026/Microfluidics-Benchmarks/Results/tree_full_20260918_100349/artifacts/mint__Base__Grad_Gen_H__Grad_Gen_H_fromMINT/result.json,,Microfluidics-Benchmarks/Results/tree_full_20260918_100349/logs/mint__Base__Grad_Gen_H__Grad_Gen_H_fromMINT.log,Microfluidics-Benchmarks/Results/tree_full_20260918_100349/artifacts/mint__Base__Grad_Gen_H__Grad_Gen_H_fromMINT
161,mint,mint__Base__Grad_Gen_V__Grad_Gen_V_fromMINT,Base/Grad_Gen_V/Grad_Gen_V_fromMINT.json,/home/student/Desktop/Neptune_2026/Microfluidics-Benchmarks/Results/MINT_TestCases/Base/Grad_Gen_V/Grad_Gen_V_fromMINT.json,tree,success,,,1.226,0.982044,0,,,,,,,,True,,,,/home/student/Desktop/Neptune_2026/Microfluidics-Benchmarks/Results/tree_full_20260918_100349/artifacts/mint__Base__Grad_Gen_V__Grad_Gen_V_fromMINT/result.json,,Microfluidics-Benchmarks/Results/tree_full_20260918_100349/logs/mint__Base__Grad_Gen_V__Grad_Gen_V_fromMINT.log,Microfluidics-Benchmarks/Results/tree_full_20260918_100349/artifacts/mint__Base__Grad_Gen_V__Grad_Gen_V_fromMINT
162,mint,mint__Base__Grid_4_Mixer__Grid_4_Mixer_fromMINT,Base/Grid_4_Mixer/Grid_4_Mixer_fromMINT.json,/home/student/Desktop/Neptune_2026/Microfluidics-Benchmarks/Results/MINT_TestCases/Base/Grid_4_Mixer/Grid_4_Mixer_fromMINT.json,tree,success,,,235.713,235.456795,0,,,,,,,,True,,,,/home/student/Desktop/Neptune_2026/Microfluidics-Benchmarks/Results/tree_full_20260918_100349/artifacts/mint__Base__Grid_4_Mixer__Grid_4_Mixer_fromMINT/result.json,,Microfluidics-Benchmarks/Results/tree_full_20260918_100349/logs/mint__Base__Grid_4_Mixer__Grid_4_Mixer_fromMINT.log,Microfluidics-Benchmarks/Results/tree_full_20260918_100349/artifacts/mint__Base__Grid_4_Mixer__Grid_4_Mixer_fromMINT
163,mint,mint__Base__Horizontal_MUX_01__Horizontal_MUX_01_fromMINT,Base/Horizontal_MUX_01/Horizontal_MUX_01_fromMINT.json,/home/student/Desktop/Neptune_2026/Microfluidics-Benchmarks/Results/MINT_TestCases/Base/Horizontal_MUX_01/Horizontal_MUX_01_fromMINT.json,tree,success,,,1.17,0.917679,0,,,,,,,,True,,,,/home/student/Desktop/Neptune_2026/Microfluidics-Benchmarks/Results/tree_full_20260918_100349/artifacts/mint__Base__Horizontal_MUX_01__Horizontal_MUX_01_fromMINT/result.json,,Microfluidics-Benchmarks/Results/tree_full_20260918_100349/logs/mint__Base__Horizontal_MUX_01__Horizontal_MUX_01_fromMINT.log,Microfluidics-Benchmarks/Results/tree_full_20260918_100349/artifacts/mint__Base__Horizontal_MUX_01__Horizontal_MUX_01_fromMINT
164,mint,mint__Base__Logic_Test_01__Logic_Test_01_fromMINT,Base/Logic_Test_01/Logic_Test_01_fromMINT.json,/home/student/Desktop/Neptune_2026/Microfluidics-Benchmarks/Results/MINT_TestCases/Base/Logic_Test_01/Logic_Test_01_fromMINT.json,tree,success,,,1.02,0.80474,0,,,,,,,,True,,,,/home/student/Desktop/Neptune_2026/Microfluidics-Benchmarks/Results/tree_full_20260918_100349/artifacts/mint__Base__Logic_Test_01__Logic_Test_01_fromMINT/result.json,,Microfluidics-Benchmarks/Results/tree_full_20260918_100349/logs/mint__Base__Logic_Test_01__Logic_Test_01_fromMINT.log,Microfluidics-Benchmarks/Results/tree_full_20260918_100349/artifacts/mint__Base__Logic_Test_01__Logic_Test_01_fromMINT
165,mint,mint__Base__Logic_Test_02__Logic_Test_02_fromMINT,Base/Logic_Test_02/Logic_Test_02_fromMINT.json,/home/student/Desktop/Neptune_2026/Microfluidics-Benchmarks/Results/MINT_TestCases/Base/Logic_Test_02/Logic_Test_02_fromMINT.json,tree,success,,,1.169,0.948321,0,,,,,,,,True,,,,/home/student/Desktop/Neptune_2026/Microfluidics-Benchmarks/Results/tree_full_20260918_100349/artifacts/mint__Base__Logic_Test_02__Logic_Test_02_fromMINT/result.json,,Microfluidics-Benchmarks/Results/tree_full_20260918_100349/logs/mint__Base__Logic_Test_02__Logic_Test_02_fromMINT.log,Microfluidics-Benchmarks/Results/tree_full_20260918_100349/artifacts/mint__Base__Logic_Test_02__Logic_Test_02_fromMINT
166,mint,mint__Base__Logic_Test_03__Logic_Test_03_fromMINT,Base/Logic_Test_03/Logic_Test_03_fromMINT.json,/home/student/Desktop/Neptune_2026/Microfluidics-Benchmarks/Results/MINT_TestCases/Base/Logic_Test_03/Logic_Test_03_fromMINT.json,tree,success,,,1.32,1.076078,0,,,,,,,,True,,,,/home/student/Desktop/Neptune_2026/Microfluidics-Benchmarks/Results/tree_full_20260918_100349/artifacts/mint__Base__Logic_Test_03__Logic_Test_03_fromMINT/result.json,,Microfluidics-Benchmarks/Results/tree_full_20260918_100349/logs/mint__Base__Logic_Test_03__Logic_Test_03_fromMINT.log,Microfluidics-Benchmarks/Results/tree_full_20260918_100349/artifacts/mint__Base__Logic_Test_03__Logic_Test_03_fromMINT
167,mint,mint__Base__Long_Cell_Trap_Two_Port__Long_Cell_Trap_Two_Port_fromMINT,Base/Long_Cell_Trap_Two_Port/Long_Cell_Trap_Two_Port_fromMINT.json,/home/student/Desktop/Neptune_2026/Microfluidics-Benchmarks/Results/MINT_TestCases/Base/Long_Cell_Trap_Two_Port/Long_Cell_Trap_Two_Port_fromMINT.json,tree,success,,,0.919,0.709399,0,,,,,,,,True,,,,/home/student/Desktop/Neptune_2026/Microfluidics-Benchmarks/Results/tree_full_20260918_100349/artifacts/mint__Base__Long_Cell_Trap_Two_Port__Long_Cell_Trap_Two_Port_fromMINT/result.json,,Microfluidics-Benchmarks/Results/tree_full_20260918_100349/logs/mint__Base__Long_Cell_Trap_Two_Port__Long_Cell_Trap_Two_Port_fromMINT.log,Microfluidics-Benchmarks/Results/tree_full_20260918_100349/artifacts/mint__Base__Long_Cell_Trap_Two_Port__Long_Cell_Trap_Two_Port_fromMINT
168,mint,mint__Base__MUX_8__MUX_8_fromMINT,Base/MUX_8/MUX_8_fromMINT.json,/home/student/Desktop/Neptune_2026/Microfluidics-Benchmarks/Results/MINT_TestCases/Base/MUX_8/MUX_8_fromMINT.json,tree,success,,,1.119,0.874108,0,,,,,,,,True,,,,/home/student/Desktop/Neptune_2026/Microfluidics-Benchmarks/Results/tree_full_20260918_100349/artifacts/mint__Base__MUX_8__MUX_8_fromMINT/result.json,,Microfluidics-Benchmarks/Results/tree_full_20260918_100349/logs/mint__Base__MUX_8__MUX_8_fromMINT.log,Microfluidics-Benchmarks/Results/tree_full_20260918_100349/artifacts/mint__Base__MUX_8__MUX_8_fromMINT
169,mint,mint__Base__Net_Multi_Test__Net_Multi_Test_fromMINT,Base/Net_Multi_Test/Net_Multi_Test_fromMINT.json,/home/student/Desktop/Neptune_2026/Microfluidics-Benchmarks/Results/MINT_TestCases/Base/Net_Multi_Test/Net_Multi_Test_fromMINT.json,tree,success,,,1.169,0.966096,0,,,,,,,,True,,,,/home/student/Desktop/Neptune_2026/Microfluidics-Benchmarks/Results/tree_full_20260918_100349/artifacts/mint__Base__Net_Multi_Test__Net_Multi_Test_fromMINT/result.json,,Microfluidics-Benchmarks/Results/tree_full_20260918_100349/logs/mint__Base__Net_Multi_Test__Net_Multi_Test_fromMINT.log,Microfluidics-Benchmarks/Results/tree_full_20260918_100349/artifacts/mint__Base__Net_Multi_Test__Net_Multi_Test_fromMINT
170,mint,mint__Base__Net_Test__Net_Test_fromMINT,Base/Net_Test/Net_Test_fromMINT.json,/home/student/Desktop/Neptune_2026/Microfluidics-Benchmarks/Results/MINT_TestCases/Base/Net_Test/Net_Test_fromMINT.json,tree,success,,,0.968,0.737266,0,,,,,,,,True,,,,/home/student/Desktop/Neptune_2026/Microfluidics-Benchmarks/Results/tree_full_20260918_100349/artifacts/mint__Base__Net_Test__Net_Test_fromMINT/result.json,,Microfluidics-Benchmarks/Results/tree_full_20260918_100349/logs/mint__Base__Net_Test__Net_Test_fromMINT.log,Microfluidics-Benchmarks/Results/tree_full_20260918_100349/artifacts/mint__Base__Net_Test__Net_Test_fromMINT
171,mint,mint__Base__Net_Valve_Test__Net_Valve_Test_fromMINT,Base/Net_Valve_Test/Net_Valve_Test_fromMINT.json,/home/student/Desktop/Neptune_2026/Microfluidics-Benchmarks/Results/MINT_TestCases/Base/Net_Valve_Test/Net_Valve_Test_fromMINT.json,tree,success,,,2.172,1.951339,0,,,,,,,,True,,,,/home/student/Desktop/Neptune_2026/Microfluidics-Benchmarks/Results/tree_full_20260918_100349/artifacts/mint__Base__Net_Valve_Test__Net_Valve_Test_fromMINT/result.json,,Microfluidics-Benchmarks/Results/tree_full_20260918_100349/logs/mint__Base__Net_Valve_Test__Net_Valve_Test_fromMINT.log,Microfluidics-Benchmarks/Results/tree_full_20260918_100349/artifacts/mint__Base__Net_Valve_Test__Net_Valve_Test_fromMINT
172,mint,mint__Base__Node_Long_Cell_Trap_01__Node_Long_Cell_Trap_01_fromMINT,Base/Node_Long_Cell_Trap_01/Node_Long_Cell_Trap_01_fromMINT.json,/home/student/Desktop/Neptune_2026/Microfluidics-Benchmarks/Results/MINT_TestCases/Base/Node_Long_Cell_Trap_01/Node_Long_Cell_Trap_01_fromMINT.json,tree,success,,,1.219,0.970998,0,,,,,,,,True,,,,/home/student/Desktop/Neptune_2026/Microfluidics-Benchmarks/Results/tree_full_20260918_100349/artifacts/mint__Base__Node_Long_Cell_Trap_01__Node_Long_Cell_Trap_01_fromMINT/result.json,,Microfluidics-Benchmarks/Results/tree_full_20260918_100349/logs/mint__Base__Node_Long_Cell_Trap_01__Node_Long_Cell_Trap_01_fromMINT.log,Microfluidics-Benchmarks/Results/tree_full_20260918_100349/artifacts/mint__Base__Node_Long_Cell_Trap_01__Node_Long_Cell_Trap_01_fromMINT
173,mint,mint__Base__Node_Long_Cell_Trap_02__Node_Long_Cell_Trap_02_fromMINT,Base/Node_Long_Cell_Trap_02/Node_Long_Cell_Trap_02_fromMINT.json,/home/student/Desktop/Neptune_2026/Microfluidics-Benchmarks/Results/MINT_TestCases/Base/Node_Long_Cell_Trap_02/Node_Long_Cell_Trap_02_fromMINT.json,tree,success,,,1.219,0.97771,0,,,,,,,,True,,,,/home/student/Desktop/Neptune_2026/Microfluidics-Benchmarks/Results/tree_full_20260918_100349/artifacts/mint__Base__Node_Long_Cell_Trap_02__Node_Long_Cell_Trap_02_fromMINT/result.json,,Microfluidics-Benchmarks/Results/tree_full_20260918_100349/logs/mint__Base__Node_Long_Cell_Trap_02__Node_Long_Cell_Trap_02_fromMINT.log,Microfluidics-Benchmarks/Results/tree_full_20260918_100349/artifacts/mint__Base__Node_Long_Cell_Trap_02__Node_Long_Cell_Trap_02_fromMINT
174,mint,mint__Base__Node_Long_Cell_Trap_03__Node_Long_Cell_Trap_03_fromMINT,Base/Node_Long_Cell_Trap_03/Node_Long_Cell_Trap_03_fromMINT.json,/home/student/Desktop/Neptune_2026/Microfluidics-Benchmarks/Results/MINT_TestCases/Base/Node_Long_Cell_Trap_03/Node_Long_Cell_Trap_03_fromMINT.json,tree,success,,,1.22,0.98093,0,,,,,,,,True,,,,/home/student/Desktop/Neptune_2026/Microfluidics-Benchmarks/Results/tree_full_20260918_100349/artifacts/mint__Base__Node_Long_Cell_Trap_03__Node_Long_Cell_Trap_03_fromMINT/result.json,,Microfluidics-Benchmarks/Results/tree_full_20260918_100349/logs/mint__Base__Node_Long_Cell_Trap_03__Node_Long_Cell_Trap_03_fromMINT.log,Microfluidics-Benchmarks/Results/tree_full_20260918_100349/artifacts/mint__Base__Node_Long_Cell_Trap_03__Node_Long_Cell_Trap_03_fromMINT
175,mint,mint__Base__Node_Long_Cell_Trap_04__Node_Long_Cell_Trap_04_fromMINT,Base/Node_Long_Cell_Trap_04/Node_Long_Cell_Trap_04_fromMINT.json,/home/student/Desktop/Neptune_2026/Microfluidics-Benchmarks/Results/MINT_TestCases/Base/Node_Long_Cell_Trap_04/Node_Long_Cell_Trap_04_fromMINT.json,tree,success,,,1.069,0.827638,0,,,,,,,,True,,,,/home/student/Desktop/Neptune_2026/Microfluidics-Benchmarks/Results/tree_full_20260918_100349/artifacts/mint__Base__Node_Long_Cell_Trap_04__Node_Long_Cell_Trap_04_fromMINT/result.json,,Microfluidics-Benchmarks/Results/tree_full_20260918_100349/logs/mint__Base__Node_Long_Cell_Trap_04__Node_Long_Cell_Trap_04_fromMINT.log,Microfluidics-Benchmarks/Results/tree_full_20260918_100349/artifacts/mint__Base__Node_Long_Cell_Trap_04__Node_Long_Cell_Trap_04_fromMINT
176,mint,mint__Base__Node_Test_01__Node_Test_01_fromMINT,Base/Node_Test_01/Node_Test_01_fromMINT.json,/home/student/Desktop/Neptune_2026/Microfluidics-Benchmarks/Results/MINT_TestCases/Base/Node_Test_01/Node_Test_01_fromMINT.json,tree,success,,,1.369,1.123964,0,,,,,,,,True,,,,/home/student/Desktop/Neptune_2026/Microfluidics-Benchmarks/Results/tree_full_20260918_100349/artifacts/mint__Base__Node_Test_01__Node_Test_01_fromMINT/result.json,,Microfluidics-Benchmarks/Results/tree_full_20260918_100349/logs/mint__Base__Node_Test_01__Node_Test_01_fromMINT.log,Microfluidics-Benchmarks/Results/tree_full_20260918_100349/artifacts/mint__Base__Node_Test_01__Node_Test_01_fromMINT
177,mint,mint__Base__Nonplanar__Nonplanar_fromMINT,Base/Nonplanar/Nonplanar_fromMINT.json,/home/student/Desktop/Neptune_2026/Microfluidics-Benchmarks/Results/MINT_TestCases/Base/Nonplanar/Nonplanar_fromMINT.json,tree,success,,,0.969,0.7419,0,,,,,,,,True,,,,/home/student/Desktop/Neptune_2026/Microfluidics-Benchmarks/Results/tree_full_20260918_100349/artifacts/mint__Base__Nonplanar__Nonplanar_fromMINT/result.json,,Microfluidics-Benchmarks/Results/tree_full_20260918_100349/logs/mint__Base__Nonplanar__Nonplanar_fromMINT.log,Microfluidics-Benchmarks/Results/tree_full_20260918_100349/artifacts/mint__Base__Nonplanar__Nonplanar_fromMINT
178,mint,mint__Base__Port_Bank_01__Port_Bank_01_fromMINT,Base/Port_Bank_01/Port_Bank_01_fromMINT.json,/home/student/Desktop/Neptune_2026/Microfluidics-Benchmarks/Results/MINT_TestCases/Base/Port_Bank_01/Port_Bank_01_fromMINT.json,tree,success,,,0.818,0.595372,0,,,,,,,,True,,,,/home/student/Desktop/Neptune_2026/Microfluidics-Benchmarks/Results/tree_full_20260918_100349/artifacts/mint__Base__Port_Bank_01__Port_Bank_01_fromMINT/result.json,,Microfluidics-Benchmarks/Results/tree_full_20260918_100349/logs/mint__Base__Port_Bank_01__Port_Bank_01_fromMINT.log,Microfluidics-Benchmarks/Results/tree_full_20260918_100349/artifacts/mint__Base__Port_Bank_01__Port_Bank_01_fromMINT
179,mint,mint__Base__Port_Multi_Connection__Port_Multi_Connection_fromMINT,Base/Port_Multi_Connection/Port_Multi_Connection_fromMINT.json,/home/student/Desktop/Neptune_2026/Microfluidics-Benchmarks/Results/MINT_TestCases/Base/Port_Multi_Connection/Port_Multi_Connection_fromMINT.json,tree,success,,,0.969,0.731353,0,,,,,,,,True,,,,/home/student/Desktop/Neptune_2026/Microfluidics-Benchmarks/Results/tree_full_20260918_100349/artifacts/mint__Base__Port_Multi_Connection__Port_Multi_Connection_fromMINT/result.json,,Microfluidics-Benchmarks/Results/tree_full_20260918_100349/logs/mint__Base__Port_Multi_Connection__Port_Multi_Connection_fromMINT.log,Microfluidics-Benchmarks/Results/tree_full_20260918_100349/artifacts/mint__Base__Port_Multi_Connection__Port_Multi_Connection_fromMINT
180,mint,mint__Base__Square_Cell_Trap_Chambers__Square_Cell_Trap_Chambers_fromMINT,Base/Square_Cell_Trap_Chambers/Square_Cell_Trap_Chambers_fromMINT.json,/home/student/Desktop/Neptune_2026/Microfluidics-Benchmarks/Results/MINT_TestCases/Base/Square_Cell_Trap_Chambers/Square_Cell_Trap_Chambers_fromMINT.json,tree,success,,,2.373,2.101958,0,,,,,,,,True,,,,/home/student/Desktop/Neptune_2026/Microfluidics-Benchmarks/Results/tree_full_20260918_100349/artifacts/mint__Base__Square_Cell_Trap_Chambers__Square_Cell_Trap_Chambers_fromMINT/result.json,,Microfluidics-Benchmarks/Results/tree_full_20260918_100349/logs/mint__Base__Square_Cell_Trap_Chambers__Square_Cell_Trap_Chambers_fromMINT.log,Microfluidics-Benchmarks/Results/tree_full_20260918_100349/artifacts/mint__Base__Square_Cell_Trap_Chambers__Square_Cell_Trap_Chambers_fromMINT
181,mint,mint__Base__Square_Cell_Trap_Ports__Square_Cell_Trap_Ports_fromMINT,Base/Square_Cell_Trap_Ports/Square_Cell_Trap_Ports_fromMINT.json,/home/student/Desktop/Neptune_2026/Microfluidics-Benchmarks/Results/MINT_TestCases/Base/Square_Cell_Trap_Ports/Square_Cell_Trap_Ports_fromMINT.json,tree,success,,,1.37,1.131727,0,,,,,,,,True,,,,/home/student/Desktop/Neptune_2026/Microfluidics-Benchmarks/Results/tree_full_20260918_100349/artifacts/mint__Base__Square_Cell_Trap_Ports__Square_Cell_Trap_Ports_fromMINT/result.json,,Microfluidics-Benchmarks/Results/tree_full_20260918_100349/logs/mint__Base__Square_Cell_Trap_Ports__Square_Cell_Trap_Ports_fromMINT.log,Microfluidics-Benchmarks/Results/tree_full_20260918_100349/artifacts/mint__Base__Square_Cell_Trap_Ports__Square_Cell_Trap_Ports_fromMINT
182,mint,mint__Base__Super_MUX_1024__Super_MUX_1024_fromMINT,Base/Super_MUX_1024/Super_MUX_1024_fromMINT.json,/home/student/Desktop/Neptune_2026/Microfluidics-Benchmarks/Results/MINT_TestCases/Base/Super_MUX_1024/Super_MUX_1024_fromMINT.json,tree,success,,,35.471,34.731619,0,,,,,,,,True,,,,/home/student/Desktop/Neptune_2026/Microfluidics-Benchmarks/Results/tree_full_20260918_100349/artifacts/mint__Base__Super_MUX_1024__Super_MUX_1024_fromMINT/result.json,,Microfluidics-Benchmarks/Results/tree_full_20260918_100349/logs/mint__Base__Super_MUX_1024__Super_MUX_1024_fromMINT.log,Microfluidics-Benchmarks/Results/tree_full_20260918_100349/artifacts/mint__Base__Super_MUX_1024__Super_MUX_1024_fromMINT
183,mint,mint__Base__Super_MUX_128__Super_MUX_128_fromMINT,Base/Super_MUX_128/Super_MUX_128_fromMINT.json,/home/student/Desktop/Neptune_2026/Microfluidics-Benchmarks/Results/MINT_TestCases/Base/Super_MUX_128/Super_MUX_128_fromMINT.json,tree,success,,,4.275,4.000468,0,,,,,,,,True,,,,/home/student/Desktop/Neptune_2026/Microfluidics-Benchmarks/Results/tree_full_20260918_100349/artifacts/mint__Base__Super_MUX_128__Super_MUX_128_fromMINT/result.json,,Microfluidics-Benchmarks/Results/tree_full_20260918_100349/logs/mint__Base__Super_MUX_128__Super_MUX_128_fromMINT.log,Microfluidics-Benchmarks/Results/tree_full_20260918_100349/artifacts/mint__Base__Super_MUX_128__Super_MUX_128_fromMINT
184,mint,mint__Base__Super_MUX_16__Super_MUX_16_fromMINT,Base/Super_MUX_16/Super_MUX_16_fromMINT.json,/home/student/Desktop/Neptune_2026/Microfluidics-Benchmarks/Results/MINT_TestCases/Base/Super_MUX_16/Super_MUX_16_fromMINT.json,tree,success,,,1.327,1.059133,0,,,,,,,,True,,,,/home/student/Desktop/Neptune_2026/Microfluidics-Benchmarks/Results/tree_full_20260918_100349/artifacts/mint__Base__Super_MUX_16__Super_MUX_16_fromMINT/result.json,,Microfluidics-Benchmarks/Results/tree_full_20260918_100349/logs/mint__Base__Super_MUX_16__Super_MUX_16_fromMINT.log,Microfluidics-Benchmarks/Results/tree_full_20260918_100349/artifacts/mint__Base__Super_MUX_16__Super_MUX_16_fromMINT
185,mint,mint__Base__Super_MUX_2__Super_MUX_2_fromMINT,Base/Super_MUX_2/Super_MUX_2_fromMINT.json,/home/student/Desktop/Neptune_2026/Microfluidics-Benchmarks/Results/MINT_TestCases/Base/Super_MUX_2/Super_MUX_2_fromMINT.json,tree,success,,,0.969,0.736197,0,,,,,,,,True,,,,/home/student/Desktop/Neptune_2026/Microfluidics-Benchmarks/Results/tree_full_20260918_100349/artifacts/mint__Base__Super_MUX_2__Super_MUX_2_fromMINT/result.json,,Microfluidics-Benchmarks/Results/tree_full_20260918_100349/logs/mint__Base__Super_MUX_2__Super_MUX_2_fromMINT.log,Microfluidics-Benchmarks/Results/tree_full_20260918_100349/artifacts/mint__Base__Super_MUX_2__Super_MUX_2_fromMINT
186,mint,mint__Base__Super_MUX_256__Super_MUX_256_fromMINT,Base/Super_MUX_256/Super_MUX_256_fromMINT.json,/home/student/Desktop/Neptune_2026/Microfluidics-Benchmarks/Results/MINT_TestCases/Base/Super_MUX_256/Super_MUX_256_fromMINT.json,tree,success,,,7.941,7.573082,0,,,,,,,,True,,,,/home/student/Desktop/Neptune_2026/Microfluidics-Benchmarks/Results/tree_full_20260918_100349/artifacts/mint__Base__Super_MUX_256__Super_MUX_256_fromMINT/result.json,,Microfluidics-Benchmarks/Results/tree_full_20260918_100349/logs/mint__Base__Super_MUX_256__Super_MUX_256_fromMINT.log,Microfluidics-Benchmarks/Results/tree_full_20260918_100349/artifacts/mint__Base__Super_MUX_256__Super_MUX_256_fromMINT
187,mint,mint__Base__Super_MUX_32__Super_MUX_32_fromMINT,Base/Super_MUX_32/Super_MUX_32_fromMINT.json,/home/student/Desktop/Neptune_2026/Microfluidics-Benchmarks/Results/MINT_TestCases/Base/Super_MUX_32/Super_MUX_32_fromMINT.json,tree,success,,,1.722,1.509601,0,,,,,,,,True,,,,/home/student/Desktop/Neptune_2026/Microfluidics-Benchmarks/Results/tree_full_20260918_100349/artifacts/mint__Base__Super_MUX_32__Super_MUX_32_fromMINT/result.json,,Microfluidics-Benchmarks/Results/tree_full_20260918_100349/logs/mint__Base__Super_MUX_32__Super_MUX_32_fromMINT.log,Microfluidics-Benchmarks/Results/tree_full_20260918_100349/artifacts/mint__Base__Super_MUX_32__Super_MUX_32_fromMINT
188,mint,mint__Base__Super_MUX_4__Super_MUX_4_fromMINT,Base/Super_MUX_4/Super_MUX_4_fromMINT.json,/home/student/Desktop/Neptune_2026/Microfluidics-Benchmarks/Results/MINT_TestCases/Base/Super_MUX_4/Super_MUX_4_fromMINT.json,tree,success,,,1.019,0.792272,0,,,,,,,,True,,,,/home/student/Desktop/Neptune_2026/Microfluidics-Benchmarks/Results/tree_full_20260918_100349/artifacts/mint__Base__Super_MUX_4__Super_MUX_4_fromMINT/result.json,,Microfluidics-Benchmarks/Results/tree_full_20260918_100349/logs/mint__Base__Super_MUX_4__Super_MUX_4_fromMINT.log,Microfluidics-Benchmarks/Results/tree_full_20260918_100349/artifacts/mint__Base__Super_MUX_4__Super_MUX_4_fromMINT
189,mint,mint__Base__Super_MUX_512__Super_MUX_512_fromMINT,Base/Super_MUX_512/Super_MUX_512_fromMINT.json,/home/student/Desktop/Neptune_2026/Microfluidics-Benchmarks/Results/MINT_TestCases/Base/Super_MUX_512/Super_MUX_512_fromMINT.json,tree,success,,,16.314,15.841433,0,,,,,,,,True,,,,/home/student/Desktop/Neptune_2026/Microfluidics-Benchmarks/Results/tree_full_20260918_100349/artifacts/mint__Base__Super_MUX_512__Super_MUX_512_fromMINT/result.json,,Microfluidics-Benchmarks/Results/tree_full_20260918_100349/logs/mint__Base__Super_MUX_512__Super_MUX_512_fromMINT.log,Microfluidics-Benchmarks/Results/tree_full_20260918_100349/artifacts/mint__Base__Super_MUX_512__Super_MUX_512_fromMINT
190,mint,mint__Base__Super_MUX_64__Super_MUX_64_fromMINT,Base/Super_MUX_64/Super_MUX_64_fromMINT.json,/home/student/Desktop/Neptune_2026/Microfluidics-Benchmarks/Results/MINT_TestCases/Base/Super_MUX_64/Super_MUX_64_fromMINT.json,tree,success,,,2.523,2.239518,0,,,,,,,,True,,,,/home/student/Desktop/Neptune_2026/Microfluidics-Benchmarks/Results/tree_full_20260918_100349/artifacts/mint__Base__Super_MUX_64__Super_MUX_64_fromMINT/result.json,,Microfluidics-Benchmarks/Results/tree_full_20260918_100349/logs/mint__Base__Super_MUX_64__Super_MUX_64_fromMINT.log,Microfluidics-Benchmarks/Results/tree_full_20260918_100349/artifacts/mint__Base__Super_MUX_64__Super_MUX_64_fromMINT
191,mint,mint__Base__Super_MUX_8__Super_MUX_8_fromMINT,Base/Super_MUX_8/Super_MUX_8_fromMINT.json,/home/student/Desktop/Neptune_2026/Microfluidics-Benchmarks/Results/MINT_TestCases/Base/Super_MUX_8/Super_MUX_8_fromMINT.json,tree,success,,,1.172,0.914225,0,,,,,,,,True,,,,/home/student/Desktop/Neptune_2026/Microfluidics-Benchmarks/Results/tree_full_20260918_100349/artifacts/mint__Base__Super_MUX_8__Super_MUX_8_fromMINT/result.json,,Microfluidics-Benchmarks/Results/tree_full_20260918_100349/logs/mint__Base__Super_MUX_8__Super_MUX_8_fromMINT.log,Microfluidics-Benchmarks/Results/tree_full_20260918_100349/artifacts/mint__Base__Super_MUX_8__Super_MUX_8_fromMINT
192,mint,mint__Base__Test_MUX_01__Test_MUX_01_fromMINT,Base/Test_MUX_01/Test_MUX_01_fromMINT.json,/home/student/Desktop/Neptune_2026/Microfluidics-Benchmarks/Results/MINT_TestCases/Base/Test_MUX_01/Test_MUX_01_fromMINT.json,tree,success,,,2.825,2.574082,0,,,,,,,,True,,,,/home/student/Desktop/Neptune_2026/Microfluidics-Benchmarks/Results/tree_full_20260918_100349/artifacts/mint__Base__Test_MUX_01__Test_MUX_01_fromMINT/result.json,,Microfluidics-Benchmarks/Results/tree_full_20260918_100349/logs/mint__Base__Test_MUX_01__Test_MUX_01_fromMINT.log,Microfluidics-Benchmarks/Results/tree_full_20260918_100349/artifacts/mint__Base__Test_MUX_01__Test_MUX_01_fromMINT
193,mint,mint__Base__Test_MUX_02__Test_MUX_02_fromMINT,Base/Test_MUX_02/Test_MUX_02_fromMINT.json,/home/student/Desktop/Neptune_2026/Microfluidics-Benchmarks/Results/MINT_TestCases/Base/Test_MUX_02/Test_MUX_02_fromMINT.json,tree,success,,,1.22,0.969721,0,,,,,,,,True,,,,/home/student/Desktop/Neptune_2026/Microfluidics-Benchmarks/Results/tree_full_20260918_100349/artifacts/mint__Base__Test_MUX_02__Test_MUX_02_fromMINT/result.json,,Microfluidics-Benchmarks/Results/tree_full_20260918_100349/logs/mint__Base__Test_MUX_02__Test_MUX_02_fromMINT.log,Microfluidics-Benchmarks/Results/tree_full_20260918_100349/artifacts/mint__Base__Test_MUX_02__Test_MUX_02_fromMINT
194,mint,mint__Base__Three_Port_Channel__Three_Port_Channel_fromMINT,Base/Three_Port_Channel/Three_Port_Channel_fromMINT.json,/home/student/Desktop/Neptune_2026/Microfluidics-Benchmarks/Results/MINT_TestCases/Base/Three_Port_Channel/Three_Port_Channel_fromMINT.json,tree,success,,,0.969,0.712345,0,,,,,,,,True,,,,/home/student/Desktop/Neptune_2026/Microfluidics-Benchmarks/Results/tree_full_20260918_100349/artifacts/mint__Base__Three_Port_Channel__Three_Port_Channel_fromMINT/result.json,,Microfluidics-Benchmarks/Results/tree_full_20260918_100349/logs/mint__Base__Three_Port_Channel__Three_Port_Channel_fromMINT.log,Microfluidics-Benchmarks/Results/tree_full_20260918_100349/artifacts/mint__Base__Three_Port_Channel__Three_Port_Channel_fromMINT
195,mint,mint__Base__Transposer_Test__Transposer_Test_fromMINT,Base/Transposer_Test/Transposer_Test_fromMINT.json,/home/student/Desktop/Neptune_2026/Microfluidics-Benchmarks/Results/MINT_TestCases/Base/Transposer_Test/Transposer_Test_fromMINT.json,tree,success,,,2.173,1.945135,0,,,,,,,,True,,,,/home/student/Desktop/Neptune_2026/Microfluidics-Benchmarks/Results/tree_full_20260918_100349/artifacts/mint__Base__Transposer_Test__Transposer_Test_fromMINT/result.json,,Microfluidics-Benchmarks/Results/tree_full_20260918_100349/logs/mint__Base__Transposer_Test__Transposer_Test_fromMINT.log,Microfluidics-Benchmarks/Results/tree_full_20260918_100349/artifacts/mint__Base__Transposer_Test__Transposer_Test_fromMINT
196,mint,mint__Base__Tree_Test_01__Tree_Test_01_fromMINT,Base/Tree_Test_01/Tree_Test_01_fromMINT.json,/home/student/Desktop/Neptune_2026/Microfluidics-Benchmarks/Results/MINT_TestCases/Base/Tree_Test_01/Tree_Test_01_fromMINT.json,tree,success,,,1.822,1.59345,0,,,,,,,,True,,,,/home/student/Desktop/Neptune_2026/Microfluidics-Benchmarks/Results/tree_full_20260918_100349/artifacts/mint__Base__Tree_Test_01__Tree_Test_01_fromMINT/result.json,,Microfluidics-Benchmarks/Results/tree_full_20260918_100349/logs/mint__Base__Tree_Test_01__Tree_Test_01_fromMINT.log,Microfluidics-Benchmarks/Results/tree_full_20260918_100349/artifacts/mint__Base__Tree_Test_01__Tree_Test_01_fromMINT
197,mint,mint__Base__Tree_Test_02__Tree_Test_02_fromMINT,Base/Tree_Test_02/Tree_Test_02_fromMINT.json,/home/student/Desktop/Neptune_2026/Microfluidics-Benchmarks/Results/MINT_TestCases/Base/Tree_Test_02/Tree_Test_02_fromMINT.json,tree,success,,,1.02,0.768533,0,,,,,,,,True,,,,/home/student/Desktop/Neptune_2026/Microfluidics-Benchmarks/Results/tree_full_20260918_100349/artifacts/mint__Base__Tree_Test_02__Tree_Test_02_fromMINT/result.json,,Microfluidics-Benchmarks/Results/tree_full_20260918_100349/logs/mint__Base__Tree_Test_02__Tree_Test_02_fromMINT.log,Microfluidics-Benchmarks/Results/tree_full_20260918_100349/artifacts/mint__Base__Tree_Test_02__Tree_Test_02_fromMINT
198,mint,mint__Base__Tree_Valve_Test__Tree_Valve_Test_fromMINT,Base/Tree_Valve_Test/Tree_Valve_Test_fromMINT.json,/home/student/Desktop/Neptune_2026/Microfluidics-Benchmarks/Results/MINT_TestCases/Base/Tree_Valve_Test/Tree_Valve_Test_fromMINT.json,tree,success,,,1.421,1.192654,0,,,,,,,,True,,,,/home/student/Desktop/Neptune_2026/Microfluidics-Benchmarks/Results/tree_full_20260918_100349/artifacts/mint__Base__Tree_Valve_Test__Tree_Valve_Test_fromMINT/result.json,,Microfluidics-Benchmarks/Results/tree_full_20260918_100349/logs/mint__Base__Tree_Valve_Test__Tree_Valve_Test_fromMINT.log,Microfluidics-Benchmarks/Results/tree_full_20260918_100349/artifacts/mint__Base__Tree_Valve_Test__Tree_Valve_Test_fromMINT
199,mint,mint__CIDAR_Lab_Past_Devices__Chemostat_Chip__Chemostat_Chip_fromMINT,CIDAR_Lab_Past_Devices/Chemostat_Chip/Chemostat_Chip_fromMINT.json,/home/student/Desktop/Neptune_2026/Microfluidics-Benchmarks/Results/MINT_TestCases/CIDAR_Lab_Past_Devices/Chemostat_Chip/Chemostat_Chip_fromMINT.json,tree,fail,,"ValueError: Invalid layer-1 topology: sink endpoint component 'valve_0', port '1' is driven by multiple source components; connection ids=['Ctrlchannel_0', 'Ctrlchannel_1', 'Ctrlchannel_2', 'Ctrlchannel_3', 'Ctrlchannel_4', 'Ctrlchannel_5', 'Ctrlchannel_6', 'Ctrlchannel_7', 'Ctrlchannel_8', 'Ctrlchannel_9', 'Ctrlchannel_10', 'Ctrlchannel_11', 'Ctrlchannel_12', 'Ctrlchannel_13', 'Ctrlchannel_14', 'Ctrlchannel_15', 'Ctrlchannel_16', 'Ctrlchannel_17', 'Ctrlchannel_18', 'Ctrlchannel_19', 'Ctrlchannel_20', 'Ctrlchannel_21', 'Ctrlchannel_22', 'Ctrlchannel_23']; source ids=['Cport_0', 'Cport_1', 'Cport_2', 'Cport_3', 'Cport_4', 'Cport_5', 'Cport_6', 'Cport_7', 'Cport_8', 'Cport_9', 'Cport_10', 'Cport_11', 'Cport_12', 'Cport_13', 'Cport_14', 'Cport_15', 'Cport_16', 'Cport_17', 'Cport_18', 'Cport_19', 'Cport_20', 'Cport_21', 'Cport_22', 'Cport_23']",0.567,0.364571,1,,,,,,,,,,,,,,Microfluidics-Benchmarks/Results/tree_full_20260918_100349/logs/mint__CIDAR_Lab_Past_Devices__Chemostat_Chip__Chemostat_Chip_fromMINT.log,Microfluidics-Benchmarks/Results/tree_full_20260918_100349/artifacts/mint__CIDAR_Lab_Past_Devices__Chemostat_Chip__Chemostat_Chip_fromMINT
200,mint,mint__CIDAR_Lab_Past_Devices__Dna_Synthesizer__Dna_Synthesizer_fromMINT,CIDAR_Lab_Past_Devices/Dna_Synthesizer/Dna_Synthesizer_fromMINT.json,/home/student/Desktop/Neptune_2026/Microfluidics-Benchmarks/Results/MINT_TestCases/CIDAR_Lab_Past_Devices/Dna_Synthesizer/Dna_Synthesizer_fromMINT.json,tree,fail,,"ValueError: Invalid layer-1 topology: sink endpoint component 'valve_0', port '1' is driven by multiple source components; connection ids=['Ctrlchannel_0', 'Ctrlchannel_1', 'Ctrlchannel_2', 'Ctrlchannel_3', 'Ctrlchannel_4', 'Ctrlchannel_5', 'Ctrlchannel_6', 'Ctrlchannel_7', 'Ctrlchannel_8', 'Ctrlchannel_9', 'Ctrlchannel_10', 'Ctrlchannel_11', 'Ctrlchannel_12', 'Ctrlchannel_13', 'Ctrlchannel_14', 'Ctrlchannel_15']; source ids=['Cport_0', 'Cport_1', 'Cport_2', 'Cport_3', 'Cport_4', 'Cport_5', 'Cport_6', 'Cport_7', 'Cport_8', 'Cport_9', 'Cport_10', 'Cport_11', 'Cport_12', 'Cport_13', 'Cport_14', 'Cport_15']",0.568,0.359488,1,,,,,,,,,,,,,,Microfluidics-Benchmarks/Results/tree_full_20260918_100349/logs/mint__CIDAR_Lab_Past_Devices__Dna_Synthesizer__Dna_Synthesizer_fromMINT.log,Microfluidics-Benchmarks/Results/tree_full_20260918_100349/artifacts/mint__CIDAR_Lab_Past_Devices__Dna_Synthesizer__Dna_Synthesizer_fromMINT
201,mint,mint__CIDAR_Lab_Past_Devices__Droplet_Merger_Simple__Droplet_Merger_Simple_fromMINT,CIDAR_Lab_Past_Devices/Droplet_Merger_Simple/Droplet_Merger_Simple_fromMINT.json,/home/student/Desktop/Neptune_2026/Microfluidics-Benchmarks/Results/MINT_TestCases/CIDAR_Lab_Past_Devices/Droplet_Merger_Simple/Droplet_Merger_Simple_fromMINT.json,tree,success,,,1.12,0.895704,0,,,,,,,,True,,,,/home/student/Desktop/Neptune_2026/Microfluidics-Benchmarks/Results/tree_full_20260918_100349/artifacts/mint__CIDAR_Lab_Past_Devices__Droplet_Merger_Simple__Droplet_Merger_Simple_fromMINT/result.json,,Microfluidics-Benchmarks/Results/tree_full_20260918_100349/logs/mint__CIDAR_Lab_Past_Devices__Droplet_Merger_Simple__Droplet_Merger_Simple_fromMINT.log,Microfluidics-Benchmarks/Results/tree_full_20260918_100349/artifacts/mint__CIDAR_Lab_Past_Devices__Droplet_Merger_Simple__Droplet_Merger_Simple_fromMINT
202,mint,mint__CIDAR_Lab_Past_Devices__Dual_Lane_Droplet__Dual_Lane_Droplet_fromMINT,CIDAR_Lab_Past_Devices/Dual_Lane_Droplet/Dual_Lane_Droplet_fromMINT.json,/home/student/Desktop/Neptune_2026/Microfluidics-Benchmarks/Results/MINT_TestCases/CIDAR_Lab_Past_Devices/Dual_Lane_Droplet/Dual_Lane_Droplet_fromMINT.json,tree,success,,,2.424,2.186982,0,,,,,,,,True,,,,/home/student/Desktop/Neptune_2026/Microfluidics-Benchmarks/Results/tree_full_20260918_100349/artifacts/mint__CIDAR_Lab_Past_Devices__Dual_Lane_Droplet__Dual_Lane_Droplet_fromMINT/result.json,,Microfluidics-Benchmarks/Results/tree_full_20260918_100349/logs/mint__CIDAR_Lab_Past_Devices__Dual_Lane_Droplet__Dual_Lane_Droplet_fromMINT.log,Microfluidics-Benchmarks/Results/tree_full_20260918_100349/artifacts/mint__CIDAR_Lab_Past_Devices__Dual_Lane_Droplet__Dual_Lane_Droplet_fromMINT
203,mint,mint__CIDAR_Lab_Past_Devices__Flow_Focus__Flow_Focus_fromMINT,CIDAR_Lab_Past_Devices/Flow_Focus/Flow_Focus_fromMINT.json,/home/student/Desktop/Neptune_2026/Microfluidics-Benchmarks/Results/MINT_TestCases/CIDAR_Lab_Past_Devices/Flow_Focus/Flow_Focus_fromMINT.json,tree,success,,,0.969,0.72696,0,,,,,,,,True,,,,/home/student/Desktop/Neptune_2026/Microfluidics-Benchmarks/Results/tree_full_20260918_100349/artifacts/mint__CIDAR_Lab_Past_Devices__Flow_Focus__Flow_Focus_fromMINT/result.json,,Microfluidics-Benchmarks/Results/tree_full_20260918_100349/logs/mint__CIDAR_Lab_Past_Devices__Flow_Focus__Flow_Focus_fromMINT.log,Microfluidics-Benchmarks/Results/tree_full_20260918_100349/artifacts/mint__CIDAR_Lab_Past_Devices__Flow_Focus__Flow_Focus_fromMINT
204,mint,mint__CIDAR_Lab_Past_Devices__Genetic_Clock_Testing_Tool__Genetic_Clock_Testing_Tool_fromMINT,CIDAR_Lab_Past_Devices/Genetic_Clock_Testing_Tool/Genetic_Clock_Testing_Tool_fromMINT.json,/home/student/Desktop/Neptune_2026/Microfluidics-Benchmarks/Results/MINT_TestCases/CIDAR_Lab_Past_Devices/Genetic_Clock_Testing_Tool/Genetic_Clock_Testing_Tool_fromMINT.json,tree,success,,,1.12,0.873544,0,,,,,,,,True,,,,/home/student/Desktop/Neptune_2026/Microfluidics-Benchmarks/Results/tree_full_20260918_100349/artifacts/mint__CIDAR_Lab_Past_Devices__Genetic_Clock_Testing_Tool__Genetic_Clock_Testing_Tool_fromMINT/result.json,,Microfluidics-Benchmarks/Results/tree_full_20260918_100349/logs/mint__CIDAR_Lab_Past_Devices__Genetic_Clock_Testing_Tool__Genetic_Clock_Testing_Tool_fromMINT.log,Microfluidics-Benchmarks/Results/tree_full_20260918_100349/artifacts/mint__CIDAR_Lab_Past_Devices__Genetic_Clock_Testing_Tool__Genetic_Clock_Testing_Tool_fromMINT
205,mint,mint__CIDAR_Lab_Past_Devices__Glycoform__Glycoform_fromMINT,CIDAR_Lab_Past_Devices/Glycoform/Glycoform_fromMINT.json,/home/student/Desktop/Neptune_2026/Microfluidics-Benchmarks/Results/MINT_TestCases/CIDAR_Lab_Past_Devices/Glycoform/Glycoform_fromMINT.json,tree,success,,,1.169,0.933054,0,,,,,,,,True,,,,/home/student/Desktop/Neptune_2026/Microfluidics-Benchmarks/Results/tree_full_20260918_100349/artifacts/mint__CIDAR_Lab_Past_Devices__Glycoform__Glycoform_fromMINT/result.json,,Microfluidics-Benchmarks/Results/tree_full_20260918_100349/logs/mint__CIDAR_Lab_Past_Devices__Glycoform__Glycoform_fromMINT.log,Microfluidics-Benchmarks/Results/tree_full_20260918_100349/artifacts/mint__CIDAR_Lab_Past_Devices__Glycoform__Glycoform_fromMINT
206,mint,mint__CIDAR_Lab_Past_Devices__Grad_Cells__Grad_Cells_fromMINT,CIDAR_Lab_Past_Devices/Grad_Cells/Grad_Cells_fromMINT.json,/home/student/Desktop/Neptune_2026/Microfluidics-Benchmarks/Results/MINT_TestCases/CIDAR_Lab_Past_Devices/Grad_Cells/Grad_Cells_fromMINT.json,tree,fail,,"ValueError: Invalid layer-1 topology: sink endpoint component 'valve_0', port '1' is driven by multiple source components; connection ids=['Ctrlchannel_0', 'Ctrlchannel_1']; source ids=['Cport_0', 'Cport_1']",0.568,0.364351,1,,,,,,,,,,,,,,Microfluidics-Benchmarks/Results/tree_full_20260918_100349/logs/mint__CIDAR_Lab_Past_Devices__Grad_Cells__Grad_Cells_fromMINT.log,Microfluidics-Benchmarks/Results/tree_full_20260918_100349/artifacts/mint__CIDAR_Lab_Past_Devices__Grad_Cells__Grad_Cells_fromMINT
207,mint,mint__CIDAR_Lab_Past_Devices__Gradient__Gradient_fromMINT,CIDAR_Lab_Past_Devices/Gradient/Gradient_fromMINT.json,/home/student/Desktop/Neptune_2026/Microfluidics-Benchmarks/Results/MINT_TestCases/CIDAR_Lab_Past_Devices/Gradient/Gradient_fromMINT.json,tree,success,,,2.123,1.863498,0,,,,,,,,True,,,,/home/student/Desktop/Neptune_2026/Microfluidics-Benchmarks/Results/tree_full_20260918_100349/artifacts/mint__CIDAR_Lab_Past_Devices__Gradient__Gradient_fromMINT/result.json,,Microfluidics-Benchmarks/Results/tree_full_20260918_100349/logs/mint__CIDAR_Lab_Past_Devices__Gradient__Gradient_fromMINT.log,Microfluidics-Benchmarks/Results/tree_full_20260918_100349/artifacts/mint__CIDAR_Lab_Past_Devices__Gradient__Gradient_fromMINT
208,mint,mint__CIDAR_Lab_Past_Devices__Grid_02__Grid_02_fromMINT,CIDAR_Lab_Past_Devices/Grid_02/Grid_02_fromMINT.json,/home/student/Desktop/Neptune_2026/Microfluidics-Benchmarks/Results/MINT_TestCases/CIDAR_Lab_Past_Devices/Grid_02/Grid_02_fromMINT.json,tree,success,,,2.073,1.845239,0,,,,,,,,True,,,,/home/student/Desktop/Neptune_2026/Microfluidics-Benchmarks/Results/tree_full_20260918_100349/artifacts/mint__CIDAR_Lab_Past_Devices__Grid_02__Grid_02_fromMINT/result.json,,Microfluidics-Benchmarks/Results/tree_full_20260918_100349/logs/mint__CIDAR_Lab_Past_Devices__Grid_02__Grid_02_fromMINT.log,Microfluidics-Benchmarks/Results/tree_full_20260918_100349/artifacts/mint__CIDAR_Lab_Past_Devices__Grid_02__Grid_02_fromMINT
209,mint,mint__CIDAR_Lab_Past_Devices__Hasty_Cell_Traps__Hasty_Cell_Traps_fromMINT,CIDAR_Lab_Past_Devices/Hasty_Cell_Traps/Hasty_Cell_Traps_fromMINT.json,/home/student/Desktop/Neptune_2026/Microfluidics-Benchmarks/Results/MINT_TestCases/CIDAR_Lab_Past_Devices/Hasty_Cell_Traps/Hasty_Cell_Traps_fromMINT.json,tree,success,,,0.97,0.749638,0,,,,,,,,True,,,,/home/student/Desktop/Neptune_2026/Microfluidics-Benchmarks/Results/tree_full_20260918_100349/artifacts/mint__CIDAR_Lab_Past_Devices__Hasty_Cell_Traps__Hasty_Cell_Traps_fromMINT/result.json,,Microfluidics-Benchmarks/Results/tree_full_20260918_100349/logs/mint__CIDAR_Lab_Past_Devices__Hasty_Cell_Traps__Hasty_Cell_Traps_fromMINT.log,Microfluidics-Benchmarks/Results/tree_full_20260918_100349/artifacts/mint__CIDAR_Lab_Past_Devices__Hasty_Cell_Traps__Hasty_Cell_Traps_fromMINT
210,mint,mint__CIDAR_Lab_Past_Devices__Hmlp_Dual_Bank__Hmlp_Dual_Bank_fromMINT,CIDAR_Lab_Past_Devices/Hmlp_Dual_Bank/Hmlp_Dual_Bank_fromMINT.json,/home/student/Desktop/Neptune_2026/Microfluidics-Benchmarks/Results/MINT_TestCases/CIDAR_Lab_Past_Devices/Hmlp_Dual_Bank/Hmlp_Dual_Bank_fromMINT.json,tree,fail,,"ValueError: Invalid layer-1 topology: sink endpoint component 'valve_0', port '1' is driven by multiple source components; connection ids=['Ctrlchannel_0', 'Ctrlchannel_1', 'Ctrlchannel_2', 'Ctrlchannel_3', 'Ctrlchannel_4', 'Ctrlchannel_5', 'Ctrlchannel_6']; source ids=['Cport_0', 'Cport_1', 'Cport_2', 'Cport_3', 'Cport_4', 'Cport_5', 'Cport_6']",0.568,0.359937,1,,,,,,,,,,,,,,Microfluidics-Benchmarks/Results/tree_full_20260918_100349/logs/mint__CIDAR_Lab_Past_Devices__Hmlp_Dual_Bank__Hmlp_Dual_Bank_fromMINT.log,Microfluidics-Benchmarks/Results/tree_full_20260918_100349/artifacts/mint__CIDAR_Lab_Past_Devices__Hmlp_Dual_Bank__Hmlp_Dual_Bank_fromMINT
211,mint,mint__CIDAR_Lab_Past_Devices__Incubator__Incubator_fromMINT,CIDAR_Lab_Past_Devices/Incubator/Incubator_fromMINT.json,/home/student/Desktop/Neptune_2026/Microfluidics-Benchmarks/Results/MINT_TestCases/CIDAR_Lab_Past_Devices/Incubator/Incubator_fromMINT.json,tree,fail,,"ValueError: Invalid layer-1 topology: sink endpoint component 'valve_0', port '1' is driven by multiple source components; connection ids=['Ctrlchannel_0', 'Ctrlchannel_1', 'Ctrlchannel_2', 'Ctrlchannel_3', 'Ctrlchannel_4', 'Ctrlchannel_5', 'Ctrlchannel_6', 'Ctrlchannel_7', 'Ctrlchannel_8', 'Ctrlchannel_9', 'Ctrlchannel_10', 'Ctrlchannel_11', 'Ctrlchannel_12', 'Ctrlchannel_13', 'Ctrlchannel_14', 'Ctrlchannel_15', 'Ctrlchannel_16']; source ids=['Cport_0', 'Cport_1', 'Cport_2', 'Cport_3', 'Cport_4', 'Cport_5', 'Cport_6', 'Cport_7', 'Cport_8', 'Cport_9', 'Cport_10', 'Cport_11', 'Cport_12', 'Cport_13', 'Cport_14', 'Cport_15', 'Cport_16']",0.518,0.345559,1,,,,,,,,,,,,,,Microfluidics-Benchmarks/Results/tree_full_20260918_100349/logs/mint__CIDAR_Lab_Past_Devices__Incubator__Incubator_fromMINT.log,Microfluidics-Benchmarks/Results/tree_full_20260918_100349/artifacts/mint__CIDAR_Lab_Past_Devices__Incubator__Incubator_fromMINT
212,mint,mint__CIDAR_Lab_Past_Devices__Inlet_16__Inlet_16_fromMINT,CIDAR_Lab_Past_Devices/Inlet_16/Inlet_16_fromMINT.json,/home/student/Desktop/Neptune_2026/Microfluidics-Benchmarks/Results/MINT_TestCases/CIDAR_Lab_Past_Devices/Inlet_16/Inlet_16_fromMINT.json,tree,fail,,"ValueError: Invalid layer-1 topology: sink endpoint component 'valve_0', port '1' is driven by multiple source components; connection ids=['Ctrlchannel_0', 'Ctrlchannel_1', 'Ctrlchannel_2', 'Ctrlchannel_3', 'Ctrlchannel_4', 'Ctrlchannel_5', 'Ctrlchannel_6']; source ids=['Cport_0', 'Cport_1', 'Cport_2', 'Cport_3', 'Cport_4', 'Cport_5', 'Cport_6']",0.568,0.35954,1,,,,,,,,,,,,,,Microfluidics-Benchmarks/Results/tree_full_20260918_100349/logs/mint__CIDAR_Lab_Past_Devices__Inlet_16__Inlet_16_fromMINT.log,Microfluidics-Benchmarks/Results/tree_full_20260918_100349/artifacts/mint__CIDAR_Lab_Past_Devices__Inlet_16__Inlet_16_fromMINT
213,mint,mint__CIDAR_Lab_Past_Devices__Kinetics__Kinetics_fromMINT,CIDAR_Lab_Past_Devices/Kinetics/Kinetics_fromMINT.json,/home/student/Desktop/Neptune_2026/Microfluidics-Benchmarks/Results/MINT_TestCases/CIDAR_Lab_Past_Devices/Kinetics/Kinetics_fromMINT.json,tree,success,,,1.019,0.769274,0,,,,,,,,True,,,,/home/student/Desktop/Neptune_2026/Microfluidics-Benchmarks/Results/tree_full_20260918_100349/artifacts/mint__CIDAR_Lab_Past_Devices__Kinetics__Kinetics_fromMINT/result.json,,Microfluidics-Benchmarks/Results/tree_full_20260918_100349/logs/mint__CIDAR_Lab_Past_Devices__Kinetics__Kinetics_fromMINT.log,Microfluidics-Benchmarks/Results/tree_full_20260918_100349/artifacts/mint__CIDAR_Lab_Past_Devices__Kinetics__Kinetics_fromMINT
214,mint,mint__CIDAR_Lab_Past_Devices__Logic_04__Logic_04_fromMINT,CIDAR_Lab_Past_Devices/Logic_04/Logic_04_fromMINT.json,/home/student/Desktop/Neptune_2026/Microfluidics-Benchmarks/Results/MINT_TestCases/CIDAR_Lab_Past_Devices/Logic_04/Logic_04_fromMINT.json,tree,fail,,"ValueError: Invalid layer-1 topology: sink endpoint component 'valve_0', port '1' is driven by multiple source components; connection ids=['Ctrlchannel_0', 'Ctrlchannel_1', 'Ctrlchannel_2', 'Ctrlchannel_3', 'Ctrlchannel_4', 'Ctrlchannel_5', 'Ctrlchannel_6', 'Ctrlchannel_7']; source ids=['Cport_0', 'Cport_1', 'Cport_2', 'Cport_3', 'Cport_4', 'Cport_5', 'Cport_6', 'Cport_7']",0.568,0.361224,1,,,,,,,,,,,,,,Microfluidics-Benchmarks/Results/tree_full_20260918_100349/logs/mint__CIDAR_Lab_Past_Devices__Logic_04__Logic_04_fromMINT.log,Microfluidics-Benchmarks/Results/tree_full_20260918_100349/artifacts/mint__CIDAR_Lab_Past_Devices__Logic_04__Logic_04_fromMINT
215,mint,mint__CIDAR_Lab_Past_Devices__Mfd_005_Chip__Mfd_005_Chip_fromMINT,CIDAR_Lab_Past_Devices/Mfd_005_Chip/Mfd_005_Chip_fromMINT.json,/home/student/Desktop/Neptune_2026/Microfluidics-Benchmarks/Results/MINT_TestCases/CIDAR_Lab_Past_Devices/Mfd_005_Chip/Mfd_005_Chip_fromMINT.json,tree,success,,,1.119,0.910392,0,,,,,,,,True,,,,/home/student/Desktop/Neptune_2026/Microfluidics-Benchmarks/Results/tree_full_20260918_100349/artifacts/mint__CIDAR_Lab_Past_Devices__Mfd_005_Chip__Mfd_005_Chip_fromMINT/result.json,,Microfluidics-Benchmarks/Results/tree_full_20260918_100349/logs/mint__CIDAR_Lab_Past_Devices__Mfd_005_Chip__Mfd_005_Chip_fromMINT.log,Microfluidics-Benchmarks/Results/tree_full_20260918_100349/artifacts/mint__CIDAR_Lab_Past_Devices__Mfd_005_Chip__Mfd_005_Chip_fromMINT
216,mint,mint__CIDAR_Lab_Past_Devices__Microalgal_Bioassay__Microalgal_Bioassay_fromMINT,CIDAR_Lab_Past_Devices/Microalgal_Bioassay/Microalgal_Bioassay_fromMINT.json,/home/student/Desktop/Neptune_2026/Microfluidics-Benchmarks/Results/MINT_TestCases/CIDAR_Lab_Past_Devices/Microalgal_Bioassay/Microalgal_Bioassay_fromMINT.json,tree,success,,,1.12,0.908265,0,,,,,,,,True,,,,/home/student/Desktop/Neptune_2026/Microfluidics-Benchmarks/Results/tree_full_20260918_100349/artifacts/mint__CIDAR_Lab_Past_Devices__Microalgal_Bioassay__Microalgal_Bioassay_fromMINT/result.json,,Microfluidics-Benchmarks/Results/tree_full_20260918_100349/logs/mint__CIDAR_Lab_Past_Devices__Microalgal_Bioassay__Microalgal_Bioassay_fromMINT.log,Microfluidics-Benchmarks/Results/tree_full_20260918_100349/artifacts/mint__CIDAR_Lab_Past_Devices__Microalgal_Bioassay__Microalgal_Bioassay_fromMINT
217,mint,mint__CIDAR_Lab_Past_Devices__Microdroplet__Microdroplet_fromMINT,CIDAR_Lab_Past_Devices/Microdroplet/Microdroplet_fromMINT.json,/home/student/Desktop/Neptune_2026/Microfluidics-Benchmarks/Results/MINT_TestCases/CIDAR_Lab_Past_Devices/Microdroplet/Microdroplet_fromMINT.json,tree,fail,,"ValueError: Invalid layer-1 topology: sink endpoint component 'valve_0', port '1' is driven by multiple source components; connection ids=['Ctrlchannel_0', 'Ctrlchannel_1', 'Ctrlchannel_2', 'Ctrlchannel_3', 'Ctrlchannel_4', 'Ctrlchannel_5', 'Ctrlchannel_6', 'Ctrlchannel_7', 'Ctrlchannel_8']; source ids=['Cport_0', 'Cport_1', 'Cport_2', 'Cport_3', 'Cport_4', 'Cport_5', 'Cport_6', 'Cport_7', 'Cport_8']",0.568,0.358586,1,,,,,,,,,,,,,,Microfluidics-Benchmarks/Results/tree_full_20260918_100349/logs/mint__CIDAR_Lab_Past_Devices__Microdroplet__Microdroplet_fromMINT.log,Microfluidics-Benchmarks/Results/tree_full_20260918_100349/artifacts/mint__CIDAR_Lab_Past_Devices__Microdroplet__Microdroplet_fromMINT
218,mint,mint__CIDAR_Lab_Past_Devices__Microreactor__Microreactor_fromMINT,CIDAR_Lab_Past_Devices/Microreactor/Microreactor_fromMINT.json,/home/student/Desktop/Neptune_2026/Microfluidics-Benchmarks/Results/MINT_TestCases/CIDAR_Lab_Past_Devices/Microreactor/Microreactor_fromMINT.json,tree,fail,,"ValueError: Invalid layer-1 topology: sink endpoint component 'valve_0', port '1' is driven by multiple source components; connection ids=['Ctrlchannel_0', 'Ctrlchannel_1', 'Ctrlchannel_2', 'Ctrlchannel_3', 'Ctrlchannel_4', 'Ctrlchannel_5', 'Ctrlchannel_6', 'Ctrlchannel_7', 'Ctrlchannel_8', 'Ctrlchannel_9']; source ids=['Cport_0', 'Cport_1', 'Cport_2', 'Cport_3', 'Cport_4', 'Cport_5', 'Cport_6', 'Cport_7', 'Cport_8', 'Cport_9']",0.568,0.360552,1,,,,,,,,,,,,,,Microfluidics-Benchmarks/Results/tree_full_20260918_100349/logs/mint__CIDAR_Lab_Past_Devices__Microreactor__Microreactor_fromMINT.log,Microfluidics-Benchmarks/Results/tree_full_20260918_100349/artifacts/mint__CIDAR_Lab_Past_Devices__Microreactor__Microreactor_fromMINT
219,mint,mint__CIDAR_Lab_Past_Devices__Mix_Incubate_Express__Mix_Incubate_Express_fromMINT,CIDAR_Lab_Past_Devices/Mix_Incubate_Express/Mix_Incubate_Express_fromMINT.json,/home/student/Desktop/Neptune_2026/Microfluidics-Benchmarks/Results/MINT_TestCases/CIDAR_Lab_Past_Devices/Mix_Incubate_Express/Mix_Incubate_Express_fromMINT.json,tree,success,,,1.023,0.774777,0,,,,,,,,True,,,,/home/student/Desktop/Neptune_2026/Microfluidics-Benchmarks/Results/tree_full_20260918_100349/artifacts/mint__CIDAR_Lab_Past_Devices__Mix_Incubate_Express__Mix_Incubate_Express_fromMINT/result.json,,Microfluidics-Benchmarks/Results/tree_full_20260918_100349/logs/mint__CIDAR_Lab_Past_Devices__Mix_Incubate_Express__Mix_Incubate_Express_fromMINT.log,Microfluidics-Benchmarks/Results/tree_full_20260918_100349/artifacts/mint__CIDAR_Lab_Past_Devices__Mix_Incubate_Express__Mix_Incubate_Express_fromMINT
220,mint,mint__CIDAR_Lab_Past_Devices__Mixer_Trap_Simple__Mixer_Trap_Simple_fromMINT,CIDAR_Lab_Past_Devices/Mixer_Trap_Simple/Mixer_Trap_Simple_fromMINT.json,/home/student/Desktop/Neptune_2026/Microfluidics-Benchmarks/Results/MINT_TestCases/CIDAR_Lab_Past_Devices/Mixer_Trap_Simple/Mixer_Trap_Simple_fromMINT.json,tree,success,,,0.969,0.72948,0,,,,,,,,True,,,,/home/student/Desktop/Neptune_2026/Microfluidics-Benchmarks/Results/tree_full_20260918_100349/artifacts/mint__CIDAR_Lab_Past_Devices__Mixer_Trap_Simple__Mixer_Trap_Simple_fromMINT/result.json,,Microfluidics-Benchmarks/Results/tree_full_20260918_100349/logs/mint__CIDAR_Lab_Past_Devices__Mixer_Trap_Simple__Mixer_Trap_Simple_fromMINT.log,Microfluidics-Benchmarks/Results/tree_full_20260918_100349/artifacts/mint__CIDAR_Lab_Past_Devices__Mixer_Trap_Simple__Mixer_Trap_Simple_fromMINT
221,mint,mint__CIDAR_Lab_Past_Devices__Multi_Input__Multi_Input_fromMINT,CIDAR_Lab_Past_Devices/Multi_Input/Multi_Input_fromMINT.json,/home/student/Desktop/Neptune_2026/Microfluidics-Benchmarks/Results/MINT_TestCases/CIDAR_Lab_Past_Devices/Multi_Input/Multi_Input_fromMINT.json,tree,fail,,"ValueError: Invalid layer-1 topology: sink endpoint component 'valve_0', port '1' is driven by multiple source components; connection ids=['Ctrlchannel_0', 'Ctrlchannel_1', 'Ctrlchannel_2']; source ids=['Cport_0', 'Cport_1', 'Cport_2']",0.568,0.359127,1,,,,,,,,,,,,,,Microfluidics-Benchmarks/Results/tree_full_20260918_100349/logs/mint__CIDAR_Lab_Past_Devices__Multi_Input__Multi_Input_fromMINT.log,Microfluidics-Benchmarks/Results/tree_full_20260918_100349/artifacts/mint__CIDAR_Lab_Past_Devices__Multi_Input__Multi_Input_fromMINT
222,mint,mint__CIDAR_Lab_Past_Devices__MUX_96_Chambers__MUX_96_Chambers_fromMINT,CIDAR_Lab_Past_Devices/MUX_96_Chambers/MUX_96_Chambers_fromMINT.json,/home/student/Desktop/Neptune_2026/Microfluidics-Benchmarks/Results/MINT_TestCases/CIDAR_Lab_Past_Devices/MUX_96_Chambers/MUX_96_Chambers_fromMINT.json,tree,success,,,5.131,4.825286,0,,,,,,,,True,,,,/home/student/Desktop/Neptune_2026/Microfluidics-Benchmarks/Results/tree_full_20260918_100349/artifacts/mint__CIDAR_Lab_Past_Devices__MUX_96_Chambers__MUX_96_Chambers_fromMINT/result.json,,Microfluidics-Benchmarks/Results/tree_full_20260918_100349/logs/mint__CIDAR_Lab_Past_Devices__MUX_96_Chambers__MUX_96_Chambers_fromMINT.log,Microfluidics-Benchmarks/Results/tree_full_20260918_100349/artifacts/mint__CIDAR_Lab_Past_Devices__MUX_96_Chambers__MUX_96_Chambers_fromMINT
223,mint,mint__CIDAR_Lab_Past_Devices__Net_MUX__Net_MUX_fromMINT,CIDAR_Lab_Past_Devices/Net_MUX/Net_MUX_fromMINT.json,/home/student/Desktop/Neptune_2026/Microfluidics-Benchmarks/Results/MINT_TestCases/CIDAR_Lab_Past_Devices/Net_MUX/Net_MUX_fromMINT.json,tree,fail,,"ValueError: Invalid layer-1 topology: sink endpoint component 'valve_0', port '1' is driven by multiple source components; connection ids=['Ctrlchannel_0', 'Ctrlchannel_1', 'Ctrlchannel_2', 'Ctrlchannel_3', 'Ctrlchannel_4']; source ids=['Cport_0', 'Cport_1', 'Cport_2', 'Cport_3', 'Cport_4']",0.568,0.360636,1,,,,,,,,,,,,,,Microfluidics-Benchmarks/Results/tree_full_20260918_100349/logs/mint__CIDAR_Lab_Past_Devices__Net_MUX__Net_MUX_fromMINT.log,Microfluidics-Benchmarks/Results/tree_full_20260918_100349/artifacts/mint__CIDAR_Lab_Past_Devices__Net_MUX__Net_MUX_fromMINT
224,mint,mint__CIDAR_Lab_Past_Devices__Nine_To_One_MUX__Nine_To_One_MUX_fromMINT,CIDAR_Lab_Past_Devices/Nine_To_One_MUX/Nine_To_One_MUX_fromMINT.json,/home/student/Desktop/Neptune_2026/Microfluidics-Benchmarks/Results/MINT_TestCases/CIDAR_Lab_Past_Devices/Nine_To_One_MUX/Nine_To_One_MUX_fromMINT.json,tree,fail,,"ValueError: Invalid layer-1 topology: sink endpoint component 'valve_0', port '1' is driven by multiple source components; connection ids=['Ctrlchannel_0', 'Ctrlchannel_1', 'Ctrlchannel_2', 'Ctrlchannel_3', 'Ctrlchannel_4', 'Ctrlchannel_5']; source ids=['Cport_0', 'Cport_1', 'Cport_2', 'Cport_3', 'Cport_4', 'Cport_5']",0.568,0.36387,1,,,,,,,,,,,,,,Microfluidics-Benchmarks/Results/tree_full_20260918_100349/logs/mint__CIDAR_Lab_Past_Devices__Nine_To_One_MUX__Nine_To_One_MUX_fromMINT.log,Microfluidics-Benchmarks/Results/tree_full_20260918_100349/artifacts/mint__CIDAR_Lab_Past_Devices__Nine_To_One_MUX__Nine_To_One_MUX_fromMINT
225,mint,mint__CIDAR_Lab_Past_Devices__Number_Declarations__Number_Declarations_fromMINT,CIDAR_Lab_Past_Devices/Number_Declarations/Number_Declarations_fromMINT.json,/home/student/Desktop/Neptune_2026/Microfluidics-Benchmarks/Results/MINT_TestCases/CIDAR_Lab_Past_Devices/Number_Declarations/Number_Declarations_fromMINT.json,tree,success,,,0.868,0.654722,0,,,,,,,,True,,,,/home/student/Desktop/Neptune_2026/Microfluidics-Benchmarks/Results/tree_full_20260918_100349/artifacts/mint__CIDAR_Lab_Past_Devices__Number_Declarations__Number_Declarations_fromMINT/result.json,,Microfluidics-Benchmarks/Results/tree_full_20260918_100349/logs/mint__CIDAR_Lab_Past_Devices__Number_Declarations__Number_Declarations_fromMINT.log,Microfluidics-Benchmarks/Results/tree_full_20260918_100349/artifacts/mint__CIDAR_Lab_Past_Devices__Number_Declarations__Number_Declarations_fromMINT
226,mint,mint__CIDAR_Lab_Past_Devices__Olfactory__Olfactory_fromMINT,CIDAR_Lab_Past_Devices/Olfactory/Olfactory_fromMINT.json,/home/student/Desktop/Neptune_2026/Microfluidics-Benchmarks/Results/MINT_TestCases/CIDAR_Lab_Past_Devices/Olfactory/Olfactory_fromMINT.json,tree,success,,,1.721,1.462942,0,,,,,,,,True,,,,/home/student/Desktop/Neptune_2026/Microfluidics-Benchmarks/Results/tree_full_20260918_100349/artifacts/mint__CIDAR_Lab_Past_Devices__Olfactory__Olfactory_fromMINT/result.json,,Microfluidics-Benchmarks/Results/tree_full_20260918_100349/logs/mint__CIDAR_Lab_Past_Devices__Olfactory__Olfactory_fromMINT.log,Microfluidics-Benchmarks/Results/tree_full_20260918_100349/artifacts/mint__CIDAR_Lab_Past_Devices__Olfactory__Olfactory_fromMINT
227,mint,mint__CIDAR_Lab_Past_Devices__Pump_Passthrough__Pump_Passthrough_fromMINT,CIDAR_Lab_Past_Devices/Pump_Passthrough/Pump_Passthrough_fromMINT.json,/home/student/Desktop/Neptune_2026/Microfluidics-Benchmarks/Results/MINT_TestCases/CIDAR_Lab_Past_Devices/Pump_Passthrough/Pump_Passthrough_fromMINT.json,tree,success,,,0.969,0.733923,0,,,,,,,,True,,,,/home/student/Desktop/Neptune_2026/Microfluidics-Benchmarks/Results/tree_full_20260918_100349/artifacts/mint__CIDAR_Lab_Past_Devices__Pump_Passthrough__Pump_Passthrough_fromMINT/result.json,,Microfluidics-Benchmarks/Results/tree_full_20260918_100349/logs/mint__CIDAR_Lab_Past_Devices__Pump_Passthrough__Pump_Passthrough_fromMINT.log,Microfluidics-Benchmarks/Results/tree_full_20260918_100349/artifacts/mint__CIDAR_Lab_Past_Devices__Pump_Passthrough__Pump_Passthrough_fromMINT
228,mint,mint__CIDAR_Lab_Past_Devices__Ring__Ring_fromMINT,CIDAR_Lab_Past_Devices/Ring/Ring_fromMINT.json,/home/student/Desktop/Neptune_2026/Microfluidics-Benchmarks/Results/MINT_TestCases/CIDAR_Lab_Past_Devices/Ring/Ring_fromMINT.json,tree,success,,,1.019,0.770046,0,,,,,,,,True,,,,/home/student/Desktop/Neptune_2026/Microfluidics-Benchmarks/Results/tree_full_20260918_100349/artifacts/mint__CIDAR_Lab_Past_Devices__Ring__Ring_fromMINT/result.json,,Microfluidics-Benchmarks/Results/tree_full_20260918_100349/logs/mint__CIDAR_Lab_Past_Devices__Ring__Ring_fromMINT.log,Microfluidics-Benchmarks/Results/tree_full_20260918_100349/artifacts/mint__CIDAR_Lab_Past_Devices__Ring__Ring_fromMINT
229,mint,mint__CIDAR_Lab_Past_Devices__Root_Chip__Root_Chip_fromMINT,CIDAR_Lab_Past_Devices/Root_Chip/Root_Chip_fromMINT.json,/home/student/Desktop/Neptune_2026/Microfluidics-Benchmarks/Results/MINT_TestCases/CIDAR_Lab_Past_Devices/Root_Chip/Root_Chip_fromMINT.json,tree,fail,,"ValueError: Invalid layer-1 topology: sink endpoint component 'valve_0', port '1' is driven by multiple source components; connection ids=['Ctrlchannel_0', 'Ctrlchannel_1', 'Ctrlchannel_2', 'Ctrlchannel_3', 'Ctrlchannel_4', 'Ctrlchannel_5', 'Ctrlchannel_6', 'Ctrlchannel_7', 'Ctrlchannel_8', 'Ctrlchannel_9', 'Ctrlchannel_10', 'Ctrlchannel_11', 'Ctrlchannel_12', 'Ctrlchannel_13', 'Ctrlchannel_14', 'Ctrlchannel_15', 'Ctrlchannel_16']; source ids=['Cport_0', 'Cport_1', 'Cport_2', 'Cport_3', 'Cport_4', 'Cport_5', 'Cport_6', 'Cport_7', 'Cport_8', 'Cport_9', 'Cport_10', 'Cport_11', 'Cport_12', 'Cport_13', 'Cport_14', 'Cport_15', 'Cport_16']",0.518,0.347217,1,,,,,,,,,,,,,,Microfluidics-Benchmarks/Results/tree_full_20260918_100349/logs/mint__CIDAR_Lab_Past_Devices__Root_Chip__Root_Chip_fromMINT.log,Microfluidics-Benchmarks/Results/tree_full_20260918_100349/artifacts/mint__CIDAR_Lab_Past_Devices__Root_Chip__Root_Chip_fromMINT
230,mint,mint__CIDAR_Lab_Past_Devices__Rotary_16__Rotary_16_fromMINT,CIDAR_Lab_Past_Devices/Rotary_16/Rotary_16_fromMINT.json,/home/student/Desktop/Neptune_2026/Microfluidics-Benchmarks/Results/MINT_TestCases/CIDAR_Lab_Past_Devices/Rotary_16/Rotary_16_fromMINT.json,tree,fail,,"ValueError: Invalid layer-1 topology: sink endpoint component 'valve_0', port '1' is driven by multiple source components; connection ids=['Ctrlchannel_0', 'Ctrlchannel_1', 'Ctrlchannel_2', 'Ctrlchannel_3', 'Ctrlchannel_4', 'Ctrlchannel_5', 'Ctrlchannel_6', 'Ctrlchannel_7']; source ids=['Cport_0', 'Cport_1', 'Cport_2', 'Cport_3', 'Cport_4', 'Cport_5', 'Cport_6', 'Cport_7']",0.568,0.359335,1,,,,,,,,,,,,,,Microfluidics-Benchmarks/Results/tree_full_20260918_100349/logs/mint__CIDAR_Lab_Past_Devices__Rotary_16__Rotary_16_fromMINT.log,Microfluidics-Benchmarks/Results/tree_full_20260918_100349/artifacts/mint__CIDAR_Lab_Past_Devices__Rotary_16__Rotary_16_fromMINT
231,mint,mint__CIDAR_Lab_Past_Devices__Rotary_Cells__Rotary_Cells_fromMINT,CIDAR_Lab_Past_Devices/Rotary_Cells/Rotary_Cells_fromMINT.json,/home/student/Desktop/Neptune_2026/Microfluidics-Benchmarks/Results/MINT_TestCases/CIDAR_Lab_Past_Devices/Rotary_Cells/Rotary_Cells_fromMINT.json,tree,fail,,"ValueError: Invalid layer-1 topology: sink endpoint component 'valve_0', port '1' is driven by multiple source components; connection ids=['Ctrlchannel_0', 'Ctrlchannel_1', 'Ctrlchannel_2', 'Ctrlchannel_3']; source ids=['Cport_0', 'Cport_1', 'Cport_2', 'Cport_3']",0.567,0.361373,1,,,,,,,,,,,,,,Microfluidics-Benchmarks/Results/tree_full_20260918_100349/logs/mint__CIDAR_Lab_Past_Devices__Rotary_Cells__Rotary_Cells_fromMINT.log,Microfluidics-Benchmarks/Results/tree_full_20260918_100349/artifacts/mint__CIDAR_Lab_Past_Devices__Rotary_Cells__Rotary_Cells_fromMINT
232,mint,mint__CIDAR_Lab_Past_Devices__Seeding__Seeding_fromMINT,CIDAR_Lab_Past_Devices/Seeding/Seeding_fromMINT.json,/home/student/Desktop/Neptune_2026/Microfluidics-Benchmarks/Results/MINT_TestCases/CIDAR_Lab_Past_Devices/Seeding/Seeding_fromMINT.json,tree,fail,,"ValueError: Invalid layer-1 topology: sink endpoint component 'valve_0', port '1' is driven by multiple source components; connection ids=['Ctrlchannel_0', 'Ctrlchannel_1', 'Ctrlchannel_2', 'Ctrlchannel_3', 'Ctrlchannel_4', 'Ctrlchannel_5', 'Ctrlchannel_6']; source ids=['Cport_0', 'Cport_1', 'Cport_2', 'Cport_3', 'Cport_4', 'Cport_5', 'Cport_6']",0.568,0.360966,1,,,,,,,,,,,,,,Microfluidics-Benchmarks/Results/tree_full_20260918_100349/logs/mint__CIDAR_Lab_Past_Devices__Seeding__Seeding_fromMINT.log,Microfluidics-Benchmarks/Results/tree_full_20260918_100349/artifacts/mint__CIDAR_Lab_Past_Devices__Seeding__Seeding_fromMINT
233,mint,mint__CIDAR_Lab_Past_Devices__Single_Port__Single_Port_fromMINT,CIDAR_Lab_Past_Devices/Single_Port/Single_Port_fromMINT.json,/home/student/Desktop/Neptune_2026/Microfluidics-Benchmarks/Results/MINT_TestCases/CIDAR_Lab_Past_Devices/Single_Port/Single_Port_fromMINT.json,tree,success,,,0.92,0.671144,0,,,,,,,,True,,,,/home/student/Desktop/Neptune_2026/Microfluidics-Benchmarks/Results/tree_full_20260918_100349/artifacts/mint__CIDAR_Lab_Past_Devices__Single_Port__Single_Port_fromMINT/result.json,,Microfluidics-Benchmarks/Results/tree_full_20260918_100349/logs/mint__CIDAR_Lab_Past_Devices__Single_Port__Single_Port_fromMINT.log,Microfluidics-Benchmarks/Results/tree_full_20260918_100349/artifacts/mint__CIDAR_Lab_Past_Devices__Single_Port__Single_Port_fromMINT
234,mint,mint__CIDAR_Lab_Past_Devices__Three_Reagent_Mix__Three_Reagent_Mix_fromMINT,CIDAR_Lab_Past_Devices/Three_Reagent_Mix/Three_Reagent_Mix_fromMINT.json,/home/student/Desktop/Neptune_2026/Microfluidics-Benchmarks/Results/MINT_TestCases/CIDAR_Lab_Past_Devices/Three_Reagent_Mix/Three_Reagent_Mix_fromMINT.json,tree,success,,,1.069,0.826218,0,,,,,,,,True,,,,/home/student/Desktop/Neptune_2026/Microfluidics-Benchmarks/Results/tree_full_20260918_100349/artifacts/mint__CIDAR_Lab_Past_Devices__Three_Reagent_Mix__Three_Reagent_Mix_fromMINT/result.json,,Microfluidics-Benchmarks/Results/tree_full_20260918_100349/logs/mint__CIDAR_Lab_Past_Devices__Three_Reagent_Mix__Three_Reagent_Mix_fromMINT.log,Microfluidics-Benchmarks/Results/tree_full_20260918_100349/artifacts/mint__CIDAR_Lab_Past_Devices__Three_Reagent_Mix__Three_Reagent_Mix_fromMINT
235,mint,mint__Constraints__Array_Constraint__Array_Constraint_fromMINT,Constraints/Array_Constraint/Array_Constraint_fromMINT.json,/home/student/Desktop/Neptune_2026/Microfluidics-Benchmarks/Results/MINT_TestCases/Constraints/Array_Constraint/Array_Constraint_fromMINT.json,tree,success,,,3.025,2.791652,0,,,,,,,,True,,,,/home/student/Desktop/Neptune_2026/Microfluidics-Benchmarks/Results/tree_full_20260918_100349/artifacts/mint__Constraints__Array_Constraint__Array_Constraint_fromMINT/result.json,,Microfluidics-Benchmarks/Results/tree_full_20260918_100349/logs/mint__Constraints__Array_Constraint__Array_Constraint_fromMINT.log,Microfluidics-Benchmarks/Results/tree_full_20260918_100349/artifacts/mint__Constraints__Array_Constraint__Array_Constraint_fromMINT
236,mint,mint__Constraints__Orthogonal_Constraint__Orthogonal_Constraint_fromMINT,Constraints/Orthogonal_Constraint/Orthogonal_Constraint_fromMINT.json,/home/student/Desktop/Neptune_2026/Microfluidics-Benchmarks/Results/MINT_TestCases/Constraints/Orthogonal_Constraint/Orthogonal_Constraint_fromMINT.json,tree,success,,,0.969,0.757437,0,,,,,,,,True,,,,/home/student/Desktop/Neptune_2026/Microfluidics-Benchmarks/Results/tree_full_20260918_100349/artifacts/mint__Constraints__Orthogonal_Constraint__Orthogonal_Constraint_fromMINT/result.json,,Microfluidics-Benchmarks/Results/tree_full_20260918_100349/logs/mint__Constraints__Orthogonal_Constraint__Orthogonal_Constraint_fromMINT.log,Microfluidics-Benchmarks/Results/tree_full_20260918_100349/artifacts/mint__Constraints__Orthogonal_Constraint__Orthogonal_Constraint_fromMINT
237,mint,mint__Constraints__Orthogonal_Constraint_Large__Orthogonal_Constraint_Large_fromMINT,Constraints/Orthogonal_Constraint_Large/Orthogonal_Constraint_Large_fromMINT.json,/home/student/Desktop/Neptune_2026/Microfluidics-Benchmarks/Results/MINT_TestCases/Constraints/Orthogonal_Constraint_Large/Orthogonal_Constraint_Large_fromMINT.json,tree,success,,,1.421,1.169928,0,,,,,,,,True,,,,/home/student/Desktop/Neptune_2026/Microfluidics-Benchmarks/Results/tree_full_20260918_100349/artifacts/mint__Constraints__Orthogonal_Constraint_Large__Orthogonal_Constraint_Large_fromMINT/result.json,,Microfluidics-Benchmarks/Results/tree_full_20260918_100349/logs/mint__Constraints__Orthogonal_Constraint_Large__Orthogonal_Constraint_Large_fromMINT.log,Microfluidics-Benchmarks/Results/tree_full_20260918_100349/artifacts/mint__Constraints__Orthogonal_Constraint_Large__Orthogonal_Constraint_Large_fromMINT
238,mint,mint__Constraints__Position_Constraint__Position_Constraint_fromMINT,Constraints/Position_Constraint/Position_Constraint_fromMINT.json,/home/student/Desktop/Neptune_2026/Microfluidics-Benchmarks/Results/MINT_TestCases/Constraints/Position_Constraint/Position_Constraint_fromMINT.json,tree,success,,,0.919,0.702549,0,,,,,,,,True,,,,/home/student/Desktop/Neptune_2026/Microfluidics-Benchmarks/Results/tree_full_20260918_100349/artifacts/mint__Constraints__Position_Constraint__Position_Constraint_fromMINT/result.json,,Microfluidics-Benchmarks/Results/tree_full_20260918_100349/logs/mint__Constraints__Position_Constraint__Position_Constraint_fromMINT.log,Microfluidics-Benchmarks/Results/tree_full_20260918_100349/artifacts/mint__Constraints__Position_Constraint__Position_Constraint_fromMINT
239,mint,mint__Constraints__Relative_Orientation_Constraint__Relative_Orientation_Constraint_fromMINT,Constraints/Relative_Orientation_Constraint/Relative_Orientation_Constraint_fromMINT.json,/home/student/Desktop/Neptune_2026/Microfluidics-Benchmarks/Results/MINT_TestCases/Constraints/Relative_Orientation_Constraint/Relative_Orientation_Constraint_fromMINT.json,tree,success,,,0.978,0.716137,0,,,,,,,,True,,,,/home/student/Desktop/Neptune_2026/Microfluidics-Benchmarks/Results/tree_full_20260918_100349/artifacts/mint__Constraints__Relative_Orientation_Constraint__Relative_Orientation_Constraint_fromMINT/result.json,,Microfluidics-Benchmarks/Results/tree_full_20260918_100349/logs/mint__Constraints__Relative_Orientation_Constraint__Relative_Orientation_Constraint_fromMINT.log,Microfluidics-Benchmarks/Results/tree_full_20260918_100349/artifacts/mint__Constraints__Relative_Orientation_Constraint__Relative_Orientation_Constraint_fromMINT
240,mint,mint__Constraints__Tree_Constraint__Tree_Constraint_fromMINT,Constraints/Tree_Constraint/Tree_Constraint_fromMINT.json,/home/student/Desktop/Neptune_2026/Microfluidics-Benchmarks/Results/MINT_TestCases/Constraints/Tree_Constraint/Tree_Constraint_fromMINT.json,tree,success,,,1.02,0.77768,0,,,,,,,,True,,,,/home/student/Desktop/Neptune_2026/Microfluidics-Benchmarks/Results/tree_full_20260918_100349/artifacts/mint__Constraints__Tree_Constraint__Tree_Constraint_fromMINT/result.json,,Microfluidics-Benchmarks/Results/tree_full_20260918_100349/logs/mint__Constraints__Tree_Constraint__Tree_Constraint_fromMINT.log,Microfluidics-Benchmarks/Results/tree_full_20260918_100349/artifacts/mint__Constraints__Tree_Constraint__Tree_Constraint_fromMINT
241,mint,mint__COVID__Aj_Rtpcr_8_Primer__Aj_Rtpcr_8_Primer_fromMINT,COVID/Aj_Rtpcr_8_Primer/Aj_Rtpcr_8_Primer_fromMINT.json,/home/student/Desktop/Neptune_2026/Microfluidics-Benchmarks/Results/MINT_TestCases/COVID/Aj_Rtpcr_8_Primer/Aj_Rtpcr_8_Primer_fromMINT.json,tree,success,,,9.545,9.294461,0,,,,,,,,True,,,,/home/student/Desktop/Neptune_2026/Microfluidics-Benchmarks/Results/tree_full_20260918_100349/artifacts/mint__COVID__Aj_Rtpcr_8_Primer__Aj_Rtpcr_8_Primer_fromMINT/result.json,,Microfluidics-Benchmarks/Results/tree_full_20260918_100349/logs/mint__COVID__Aj_Rtpcr_8_Primer__Aj_Rtpcr_8_Primer_fromMINT.log,Microfluidics-Benchmarks/Results/tree_full_20260918_100349/artifacts/mint__COVID__Aj_Rtpcr_8_Primer__Aj_Rtpcr_8_Primer_fromMINT
242,mint,mint__COVID__Arize__Arize_fromMINT,COVID/Arize/Arize_fromMINT.json,/home/student/Desktop/Neptune_2026/Microfluidics-Benchmarks/Results/MINT_TestCases/COVID/Arize/Arize_fromMINT.json,tree,success,,,1.771,1.499502,0,,,,,,,,True,,,,/home/student/Desktop/Neptune_2026/Microfluidics-Benchmarks/Results/tree_full_20260918_100349/artifacts/mint__COVID__Arize__Arize_fromMINT/result.json,,Microfluidics-Benchmarks/Results/tree_full_20260918_100349/logs/mint__COVID__Arize__Arize_fromMINT.log,Microfluidics-Benchmarks/Results/tree_full_20260918_100349/artifacts/mint__COVID__Arize__Arize_fromMINT
243,mint,mint__COVID__Covid_Crispr__Covid_Crispr_fromMINT,COVID/Covid_Crispr/Covid_Crispr_fromMINT.json,/home/student/Desktop/Neptune_2026/Microfluidics-Benchmarks/Results/MINT_TestCases/COVID/Covid_Crispr/Covid_Crispr_fromMINT.json,tree,success,,,0.969,0.730449,0,,,,,,,,True,,,,/home/student/Desktop/Neptune_2026/Microfluidics-Benchmarks/Results/tree_full_20260918_100349/artifacts/mint__COVID__Covid_Crispr__Covid_Crispr_fromMINT/result.json,,Microfluidics-Benchmarks/Results/tree_full_20260918_100349/logs/mint__COVID__Covid_Crispr__Covid_Crispr_fromMINT.log,Microfluidics-Benchmarks/Results/tree_full_20260918_100349/artifacts/mint__COVID__Covid_Crispr__Covid_Crispr_fromMINT
244,mint,mint__COVID__Crispr__Crispr_fromMINT,COVID/Crispr/Crispr_fromMINT.json,/home/student/Desktop/Neptune_2026/Microfluidics-Benchmarks/Results/MINT_TestCases/COVID/Crispr/Crispr_fromMINT.json,tree,success,,,1.119,0.898213,0,,,,,,,,True,,,,/home/student/Desktop/Neptune_2026/Microfluidics-Benchmarks/Results/tree_full_20260918_100349/artifacts/mint__COVID__Crispr__Crispr_fromMINT/result.json,,Microfluidics-Benchmarks/Results/tree_full_20260918_100349/logs/mint__COVID__Crispr__Crispr_fromMINT.log,Microfluidics-Benchmarks/Results/tree_full_20260918_100349/artifacts/mint__COVID__Crispr__Crispr_fromMINT
245,mint,mint__COVID__Detectr__Detectr_fromMINT,COVID/Detectr/Detectr_fromMINT.json,/home/student/Desktop/Neptune_2026/Microfluidics-Benchmarks/Results/MINT_TestCases/COVID/Detectr/Detectr_fromMINT.json,tree,success,,,1.271,1.045614,0,,,,,,,,True,,,,/home/student/Desktop/Neptune_2026/Microfluidics-Benchmarks/Results/tree_full_20260918_100349/artifacts/mint__COVID__Detectr__Detectr_fromMINT/result.json,,Microfluidics-Benchmarks/Results/tree_full_20260918_100349/logs/mint__COVID__Detectr__Detectr_fromMINT.log,Microfluidics-Benchmarks/Results/tree_full_20260918_100349/artifacts/mint__COVID__Detectr__Detectr_fromMINT
246,mint,mint__COVID__Elisa__Elisa_fromMINT,COVID/Elisa/Elisa_fromMINT.json,/home/student/Desktop/Neptune_2026/Microfluidics-Benchmarks/Results/MINT_TestCases/COVID/Elisa/Elisa_fromMINT.json,tree,success,,,1.02,0.809352,0,,,,,,,,True,,,,/home/student/Desktop/Neptune_2026/Microfluidics-Benchmarks/Results/tree_full_20260918_100349/artifacts/mint__COVID__Elisa__Elisa_fromMINT/result.json,,Microfluidics-Benchmarks/Results/tree_full_20260918_100349/logs/mint__COVID__Elisa__Elisa_fromMINT.log,Microfluidics-Benchmarks/Results/tree_full_20260918_100349/artifacts/mint__COVID__Elisa__Elisa_fromMINT
247,mint,mint__COVID__Gel_Electrophoresis__Gel_Electrophoresis_fromMINT,COVID/Gel_Electrophoresis/Gel_Electrophoresis_fromMINT.json,/home/student/Desktop/Neptune_2026/Microfluidics-Benchmarks/Results/MINT_TestCases/COVID/Gel_Electrophoresis/Gel_Electrophoresis_fromMINT.json,tree,success,,,1.12,0.904707,0,,,,,,,,True,,,,/home/student/Desktop/Neptune_2026/Microfluidics-Benchmarks/Results/tree_full_20260918_100349/artifacts/mint__COVID__Gel_Electrophoresis__Gel_Electrophoresis_fromMINT/result.json,,Microfluidics-Benchmarks/Results/tree_full_20260918_100349/logs/mint__COVID__Gel_Electrophoresis__Gel_Electrophoresis_fromMINT.log,Microfluidics-Benchmarks/Results/tree_full_20260918_100349/artifacts/mint__COVID__Gel_Electrophoresis__Gel_Electrophoresis_fromMINT
248,mint,mint__COVID__Hybri_Detect__Hybri_Detect_fromMINT,COVID/Hybri_Detect/Hybri_Detect_fromMINT.json,/home/student/Desktop/Neptune_2026/Microfluidics-Benchmarks/Results/MINT_TestCases/COVID/Hybri_Detect/Hybri_Detect_fromMINT.json,tree,success,,,1.12,0.878346,0,,,,,,,,True,,,,/home/student/Desktop/Neptune_2026/Microfluidics-Benchmarks/Results/tree_full_20260918_100349/artifacts/mint__COVID__Hybri_Detect__Hybri_Detect_fromMINT/result.json,,Microfluidics-Benchmarks/Results/tree_full_20260918_100349/logs/mint__COVID__Hybri_Detect__Hybri_Detect_fromMINT.log,Microfluidics-Benchmarks/Results/tree_full_20260918_100349/artifacts/mint__COVID__Hybri_Detect__Hybri_Detect_fromMINT
249,mint,mint__COVID__Part_1_Rna_Prep__Part_1_Rna_Prep_fromMINT,COVID/Part_1_Rna_Prep/Part_1_Rna_Prep_fromMINT.json,/home/student/Desktop/Neptune_2026/Microfluidics-Benchmarks/Results/MINT_TestCases/COVID/Part_1_Rna_Prep/Part_1_Rna_Prep_fromMINT.json,tree,success,,,1.07,0.852599,0,,,,,,,,True,,,,/home/student/Desktop/Neptune_2026/Microfluidics-Benchmarks/Results/tree_full_20260918_100349/artifacts/mint__COVID__Part_1_Rna_Prep__Part_1_Rna_Prep_fromMINT/result.json,,Microfluidics-Benchmarks/Results/tree_full_20260918_100349/logs/mint__COVID__Part_1_Rna_Prep__Part_1_Rna_Prep_fromMINT.log,Microfluidics-Benchmarks/Results/tree_full_20260918_100349/artifacts/mint__COVID__Part_1_Rna_Prep__Part_1_Rna_Prep_fromMINT
250,mint,mint__COVID__Part_2_Rt_Step__Part_2_Rt_Step_fromMINT,COVID/Part_2_Rt_Step/Part_2_Rt_Step_fromMINT.json,/home/student/Desktop/Neptune_2026/Microfluidics-Benchmarks/Results/MINT_TestCases/COVID/Part_2_Rt_Step/Part_2_Rt_Step_fromMINT.json,tree,success,,,1.019,0.811439,0,,,,,,,,True,,,,/home/student/Desktop/Neptune_2026/Microfluidics-Benchmarks/Results/tree_full_20260918_100349/artifacts/mint__COVID__Part_2_Rt_Step__Part_2_Rt_Step_fromMINT/result.json,,Microfluidics-Benchmarks/Results/tree_full_20260918_100349/logs/mint__COVID__Part_2_Rt_Step__Part_2_Rt_Step_fromMINT.log,Microfluidics-Benchmarks/Results/tree_full_20260918_100349/artifacts/mint__COVID__Part_2_Rt_Step__Part_2_Rt_Step_fromMINT
251,mint,mint__COVID__Part_3_Gel__Part_3_Gel_fromMINT,COVID/Part_3_Gel/Part_3_Gel_fromMINT.json,/home/student/Desktop/Neptune_2026/Microfluidics-Benchmarks/Results/MINT_TestCases/COVID/Part_3_Gel/Part_3_Gel_fromMINT.json,tree,success,,,1.169,0.911166,0,,,,,,,,True,,,,/home/student/Desktop/Neptune_2026/Microfluidics-Benchmarks/Results/tree_full_20260918_100349/artifacts/mint__COVID__Part_3_Gel__Part_3_Gel_fromMINT/result.json,,Microfluidics-Benchmarks/Results/tree_full_20260918_100349/logs/mint__COVID__Part_3_Gel__Part_3_Gel_fromMINT.log,Microfluidics-Benchmarks/Results/tree_full_20260918_100349/artifacts/mint__COVID__Part_3_Gel__Part_3_Gel_fromMINT
252,mint,mint__COVID__Rt_Pcr__Rt_Pcr_fromMINT,COVID/Rt_Pcr/Rt_Pcr_fromMINT.json,/home/student/Desktop/Neptune_2026/Microfluidics-Benchmarks/Results/MINT_TestCases/COVID/Rt_Pcr/Rt_Pcr_fromMINT.json,tree,success,,,0.969,0.736024,0,,,,,,,,True,,,,/home/student/Desktop/Neptune_2026/Microfluidics-Benchmarks/Results/tree_full_20260918_100349/artifacts/mint__COVID__Rt_Pcr__Rt_Pcr_fromMINT/result.json,,Microfluidics-Benchmarks/Results/tree_full_20260918_100349/logs/mint__COVID__Rt_Pcr__Rt_Pcr_fromMINT.log,Microfluidics-Benchmarks/Results/tree_full_20260918_100349/artifacts/mint__COVID__Rt_Pcr__Rt_Pcr_fromMINT
253,mint,mint__Distribute_Expressions__And_Annotation_Test__And_Annotation_Test_fromMINT,Distribute_Expressions/And_Annotation_Test/And_Annotation_Test_fromMINT.json,/home/student/Desktop/Neptune_2026/Microfluidics-Benchmarks/Results/MINT_TestCases/Distribute_Expressions/And_Annotation_Test/And_Annotation_Test_fromMINT.json,tree,success,,,1.07,0.842724,0,,,,,,,,True,,,,/home/student/Desktop/Neptune_2026/Microfluidics-Benchmarks/Results/tree_full_20260918_100349/artifacts/mint__Distribute_Expressions__And_Annotation_Test__And_Annotation_Test_fromMINT/result.json,,Microfluidics-Benchmarks/Results/tree_full_20260918_100349/logs/mint__Distribute_Expressions__And_Annotation_Test__And_Annotation_Test_fromMINT.log,Microfluidics-Benchmarks/Results/tree_full_20260918_100349/artifacts/mint__Distribute_Expressions__And_Annotation_Test__And_Annotation_Test_fromMINT
254,mint,mint__Distribute_Expressions__Dist_Expression_1__Dist_Expression_1_fromMINT,Distribute_Expressions/Dist_Expression_1/Dist_Expression_1_fromMINT.json,/home/student/Desktop/Neptune_2026/Microfluidics-Benchmarks/Results/MINT_TestCases/Distribute_Expressions/Dist_Expression_1/Dist_Expression_1_fromMINT.json,tree,success,,,0.92,0.696526,0,,,,,,,,True,,,,/home/student/Desktop/Neptune_2026/Microfluidics-Benchmarks/Results/tree_full_20260918_100349/artifacts/mint__Distribute_Expressions__Dist_Expression_1__Dist_Expression_1_fromMINT/result.json,,Microfluidics-Benchmarks/Results/tree_full_20260918_100349/logs/mint__Distribute_Expressions__Dist_Expression_1__Dist_Expression_1_fromMINT.log,Microfluidics-Benchmarks/Results/tree_full_20260918_100349/artifacts/mint__Distribute_Expressions__Dist_Expression_1__Dist_Expression_1_fromMINT
255,mint,mint__Distribute_Expressions__Dist_Expression_2__Dist_Expression_2_fromMINT,Distribute_Expressions/Dist_Expression_2/Dist_Expression_2_fromMINT.json,/home/student/Desktop/Neptune_2026/Microfluidics-Benchmarks/Results/MINT_TestCases/Distribute_Expressions/Dist_Expression_2/Dist_Expression_2_fromMINT.json,tree,success,,,0.97,0.762184,0,,,,,,,,True,,,,/home/student/Desktop/Neptune_2026/Microfluidics-Benchmarks/Results/tree_full_20260918_100349/artifacts/mint__Distribute_Expressions__Dist_Expression_2__Dist_Expression_2_fromMINT/result.json,,Microfluidics-Benchmarks/Results/tree_full_20260918_100349/logs/mint__Distribute_Expressions__Dist_Expression_2__Dist_Expression_2_fromMINT.log,Microfluidics-Benchmarks/Results/tree_full_20260918_100349/artifacts/mint__Distribute_Expressions__Dist_Expression_2__Dist_Expression_2_fromMINT
256,mint,mint__Distribute_Expressions__Dist_Expression_3__Dist_Expression_3_fromMINT,Distribute_Expressions/Dist_Expression_3/Dist_Expression_3_fromMINT.json,/home/student/Desktop/Neptune_2026/Microfluidics-Benchmarks/Results/MINT_TestCases/Distribute_Expressions/Dist_Expression_3/Dist_Expression_3_fromMINT.json,tree,success,,,1.019,0.76585,0,,,,,,,,True,,,,/home/student/Desktop/Neptune_2026/Microfluidics-Benchmarks/Results/tree_full_20260918_100349/artifacts/mint__Distribute_Expressions__Dist_Expression_3__Dist_Expression_3_fromMINT/result.json,,Microfluidics-Benchmarks/Results/tree_full_20260918_100349/logs/mint__Distribute_Expressions__Dist_Expression_3__Dist_Expression_3_fromMINT.log,Microfluidics-Benchmarks/Results/tree_full_20260918_100349/artifacts/mint__Distribute_Expressions__Dist_Expression_3__Dist_Expression_3_fromMINT
257,mint,mint__Distribute_Library__Cell_Traps_4__Cell_Traps_4_fromMINT,Distribute_Library/Cell_Traps_4/Cell_Traps_4_fromMINT.json,/home/student/Desktop/Neptune_2026/Microfluidics-Benchmarks/Results/MINT_TestCases/Distribute_Library/Cell_Traps_4/Cell_Traps_4_fromMINT.json,tree,success,,,0.918,0.690023,0,,,,,,,,True,,,,/home/student/Desktop/Neptune_2026/Microfluidics-Benchmarks/Results/tree_full_20260918_100349/artifacts/mint__Distribute_Library__Cell_Traps_4__Cell_Traps_4_fromMINT/result.json,,Microfluidics-Benchmarks/Results/tree_full_20260918_100349/logs/mint__Distribute_Library__Cell_Traps_4__Cell_Traps_4_fromMINT.log,Microfluidics-Benchmarks/Results/tree_full_20260918_100349/artifacts/mint__Distribute_Library__Cell_Traps_4__Cell_Traps_4_fromMINT
258,mint,mint__Distribute_Library__Hv_Storage_Grid_04__Hv_Storage_Grid_04_fromMINT,Distribute_Library/Hv_Storage_Grid_04/Hv_Storage_Grid_04_fromMINT.json,/home/student/Desktop/Neptune_2026/Microfluidics-Benchmarks/Results/MINT_TestCases/Distribute_Library/Hv_Storage_Grid_04/Hv_Storage_Grid_04_fromMINT.json,tree,success,,,0.92,0.689912,0,,,,,,,,True,,,,/home/student/Desktop/Neptune_2026/Microfluidics-Benchmarks/Results/tree_full_20260918_100349/artifacts/mint__Distribute_Library__Hv_Storage_Grid_04__Hv_Storage_Grid_04_fromMINT/result.json,,Microfluidics-Benchmarks/Results/tree_full_20260918_100349/logs/mint__Distribute_Library__Hv_Storage_Grid_04__Hv_Storage_Grid_04_fromMINT.log,Microfluidics-Benchmarks/Results/tree_full_20260918_100349/artifacts/mint__Distribute_Library__Hv_Storage_Grid_04__Hv_Storage_Grid_04_fromMINT
259,mint,mint__Distribute_Library__Hv_Storage_Grid_08__Hv_Storage_Grid_08_fromMINT,Distribute_Library/Hv_Storage_Grid_08/Hv_Storage_Grid_08_fromMINT.json,/home/student/Desktop/Neptune_2026/Microfluidics-Benchmarks/Results/MINT_TestCases/Distribute_Library/Hv_Storage_Grid_08/Hv_Storage_Grid_08_fromMINT.json,tree,success,,,0.919,0.690213,0,,,,,,,,True,,,,/home/student/Desktop/Neptune_2026/Microfluidics-Benchmarks/Results/tree_full_20260918_100349/artifacts/mint__Distribute_Library__Hv_Storage_Grid_08__Hv_Storage_Grid_08_fromMINT/result.json,,Microfluidics-Benchmarks/Results/tree_full_20260918_100349/logs/mint__Distribute_Library__Hv_Storage_Grid_08__Hv_Storage_Grid_08_fromMINT.log,Microfluidics-Benchmarks/Results/tree_full_20260918_100349/artifacts/mint__Distribute_Library__Hv_Storage_Grid_08__Hv_Storage_Grid_08_fromMINT
260,mint,mint__Distribute_Library__Hv_Storage_Grid_16__Hv_Storage_Grid_16_fromMINT,Distribute_Library/Hv_Storage_Grid_16/Hv_Storage_Grid_16_fromMINT.json,/home/student/Desktop/Neptune_2026/Microfluidics-Benchmarks/Results/MINT_TestCases/Distribute_Library/Hv_Storage_Grid_16/Hv_Storage_Grid_16_fromMINT.json,tree,success,,,0.919,0.691127,0,,,,,,,,True,,,,/home/student/Desktop/Neptune_2026/Microfluidics-Benchmarks/Results/tree_full_20260918_100349/artifacts/mint__Distribute_Library__Hv_Storage_Grid_16__Hv_Storage_Grid_16_fromMINT/result.json,,Microfluidics-Benchmarks/Results/tree_full_20260918_100349/logs/mint__Distribute_Library__Hv_Storage_Grid_16__Hv_Storage_Grid_16_fromMINT.log,Microfluidics-Benchmarks/Results/tree_full_20260918_100349/artifacts/mint__Distribute_Library__Hv_Storage_Grid_16__Hv_Storage_Grid_16_fromMINT
261,mint,mint__Distribute_Library__Hv_Storage_Grid_32__Hv_Storage_Grid_32_fromMINT,Distribute_Library/Hv_Storage_Grid_32/Hv_Storage_Grid_32_fromMINT.json,/home/student/Desktop/Neptune_2026/Microfluidics-Benchmarks/Results/MINT_TestCases/Distribute_Library/Hv_Storage_Grid_32/Hv_Storage_Grid_32_fromMINT.json,tree,success,,,0.919,0.686535,0,,,,,,,,True,,,,/home/student/Desktop/Neptune_2026/Microfluidics-Benchmarks/Results/tree_full_20260918_100349/artifacts/mint__Distribute_Library__Hv_Storage_Grid_32__Hv_Storage_Grid_32_fromMINT/result.json,,Microfluidics-Benchmarks/Results/tree_full_20260918_100349/logs/mint__Distribute_Library__Hv_Storage_Grid_32__Hv_Storage_Grid_32_fromMINT.log,Microfluidics-Benchmarks/Results/tree_full_20260918_100349/artifacts/mint__Distribute_Library__Hv_Storage_Grid_32__Hv_Storage_Grid_32_fromMINT
262,mint,mint__Distribute_Library__Hv_Storage_Grid_64__Hv_Storage_Grid_64_fromMINT,Distribute_Library/Hv_Storage_Grid_64/Hv_Storage_Grid_64_fromMINT.json,/home/student/Desktop/Neptune_2026/Microfluidics-Benchmarks/Results/MINT_TestCases/Distribute_Library/Hv_Storage_Grid_64/Hv_Storage_Grid_64_fromMINT.json,tree,success,,,0.92,0.686482,0,,,,,,,,True,,,,/home/student/Desktop/Neptune_2026/Microfluidics-Benchmarks/Results/tree_full_20260918_100349/artifacts/mint__Distribute_Library__Hv_Storage_Grid_64__Hv_Storage_Grid_64_fromMINT/result.json,,Microfluidics-Benchmarks/Results/tree_full_20260918_100349/logs/mint__Distribute_Library__Hv_Storage_Grid_64__Hv_Storage_Grid_64_fromMINT.log,Microfluidics-Benchmarks/Results/tree_full_20260918_100349/artifacts/mint__Distribute_Library__Hv_Storage_Grid_64__Hv_Storage_Grid_64_fromMINT
263,mint,mint__Distribute_Library__MUX_02_In__MUX_02_In_fromMINT,Distribute_Library/MUX_02_In/MUX_02_In_fromMINT.json,/home/student/Desktop/Neptune_2026/Microfluidics-Benchmarks/Results/MINT_TestCases/Distribute_Library/MUX_02_In/MUX_02_In_fromMINT.json,tree,success,,,1.12,0.887248,0,,,,,,,,True,,,,/home/student/Desktop/Neptune_2026/Microfluidics-Benchmarks/Results/tree_full_20260918_100349/artifacts/mint__Distribute_Library__MUX_02_In__MUX_02_In_fromMINT/result.json,,Microfluidics-Benchmarks/Results/tree_full_20260918_100349/logs/mint__Distribute_Library__MUX_02_In__MUX_02_In_fromMINT.log,Microfluidics-Benchmarks/Results/tree_full_20260918_100349/artifacts/mint__Distribute_Library__MUX_02_In__MUX_02_In_fromMINT
264,mint,mint__Distribute_Library__MUX_02_Out__MUX_02_Out_fromMINT,Distribute_Library/MUX_02_Out/MUX_02_Out_fromMINT.json,/home/student/Desktop/Neptune_2026/Microfluidics-Benchmarks/Results/MINT_TestCases/Distribute_Library/MUX_02_Out/MUX_02_Out_fromMINT.json,tree,success,,,1.069,0.871632,0,,,,,,,,True,,,,/home/student/Desktop/Neptune_2026/Microfluidics-Benchmarks/Results/tree_full_20260918_100349/artifacts/mint__Distribute_Library__MUX_02_Out__MUX_02_Out_fromMINT/result.json,,Microfluidics-Benchmarks/Results/tree_full_20260918_100349/logs/mint__Distribute_Library__MUX_02_Out__MUX_02_Out_fromMINT.log,Microfluidics-Benchmarks/Results/tree_full_20260918_100349/artifacts/mint__Distribute_Library__MUX_02_Out__MUX_02_Out_fromMINT
265,mint,mint__Distribute_Library__MUX_04_In__MUX_04_In_fromMINT,Distribute_Library/MUX_04_In/MUX_04_In_fromMINT.json,/home/student/Desktop/Neptune_2026/Microfluidics-Benchmarks/Results/MINT_TestCases/Distribute_Library/MUX_04_In/MUX_04_In_fromMINT.json,tree,success,,,1.27,1.048399,0,,,,,,,,True,,,,/home/student/Desktop/Neptune_2026/Microfluidics-Benchmarks/Results/tree_full_20260918_100349/artifacts/mint__Distribute_Library__MUX_04_In__MUX_04_In_fromMINT/result.json,,Microfluidics-Benchmarks/Results/tree_full_20260918_100349/logs/mint__Distribute_Library__MUX_04_In__MUX_04_In_fromMINT.log,Microfluidics-Benchmarks/Results/tree_full_20260918_100349/artifacts/mint__Distribute_Library__MUX_04_In__MUX_04_In_fromMINT
266,mint,mint__Distribute_Library__MUX_04_Out__MUX_04_Out_fromMINT,Distribute_Library/MUX_04_Out/MUX_04_Out_fromMINT.json,/home/student/Desktop/Neptune_2026/Microfluidics-Benchmarks/Results/MINT_TestCases/Distribute_Library/MUX_04_Out/MUX_04_Out_fromMINT.json,tree,success,,,1.27,1.037752,0,,,,,,,,True,,,,/home/student/Desktop/Neptune_2026/Microfluidics-Benchmarks/Results/tree_full_20260918_100349/artifacts/mint__Distribute_Library__MUX_04_Out__MUX_04_Out_fromMINT/result.json,,Microfluidics-Benchmarks/Results/tree_full_20260918_100349/logs/mint__Distribute_Library__MUX_04_Out__MUX_04_Out_fromMINT.log,Microfluidics-Benchmarks/Results/tree_full_20260918_100349/artifacts/mint__Distribute_Library__MUX_04_Out__MUX_04_Out_fromMINT
267,mint,mint__Distribute_Library__MUX_08_In__MUX_08_In_fromMINT,Distribute_Library/MUX_08_In/MUX_08_In_fromMINT.json,/home/student/Desktop/Neptune_2026/Microfluidics-Benchmarks/Results/MINT_TestCases/Distribute_Library/MUX_08_In/MUX_08_In_fromMINT.json,tree,success,,,3.827,3.559926,0,,,,,,,,True,,,,/home/student/Desktop/Neptune_2026/Microfluidics-Benchmarks/Results/tree_full_20260918_100349/artifacts/mint__Distribute_Library__MUX_08_In__MUX_08_In_fromMINT/result.json,,Microfluidics-Benchmarks/Results/tree_full_20260918_100349/logs/mint__Distribute_Library__MUX_08_In__MUX_08_In_fromMINT.log,Microfluidics-Benchmarks/Results/tree_full_20260918_100349/artifacts/mint__Distribute_Library__MUX_08_In__MUX_08_In_fromMINT
268,mint,mint__Distribute_Library__MUX_08_Out__MUX_08_Out_fromMINT,Distribute_Library/MUX_08_Out/MUX_08_Out_fromMINT.json,/home/student/Desktop/Neptune_2026/Microfluidics-Benchmarks/Results/MINT_TestCases/Distribute_Library/MUX_08_Out/MUX_08_Out_fromMINT.json,tree,success,,,3.827,3.585228,0,,,,,,,,True,,,,/home/student/Desktop/Neptune_2026/Microfluidics-Benchmarks/Results/tree_full_20260918_100349/artifacts/mint__Distribute_Library__MUX_08_Out__MUX_08_Out_fromMINT/result.json,,Microfluidics-Benchmarks/Results/tree_full_20260918_100349/logs/mint__Distribute_Library__MUX_08_Out__MUX_08_Out_fromMINT.log,Microfluidics-Benchmarks/Results/tree_full_20260918_100349/artifacts/mint__Distribute_Library__MUX_08_Out__MUX_08_Out_fromMINT
269,mint,mint__Distribute_Library__MUX_16_In__MUX_16_In_fromMINT,Distribute_Library/MUX_16_In/MUX_16_In_fromMINT.json,/home/student/Desktop/Neptune_2026/Microfluidics-Benchmarks/Results/MINT_TestCases/Distribute_Library/MUX_16_In/MUX_16_In_fromMINT.json,tree,success,,,33.364,33.110752,0,,,,,,,,True,,,,/home/student/Desktop/Neptune_2026/Microfluidics-Benchmarks/Results/tree_full_20260918_100349/artifacts/mint__Distribute_Library__MUX_16_In__MUX_16_In_fromMINT/result.json,,Microfluidics-Benchmarks/Results/tree_full_20260918_100349/logs/mint__Distribute_Library__MUX_16_In__MUX_16_In_fromMINT.log,Microfluidics-Benchmarks/Results/tree_full_20260918_100349/artifacts/mint__Distribute_Library__MUX_16_In__MUX_16_In_fromMINT
270,mint,mint__Distribute_Library__MUX_16_Out__MUX_16_Out_fromMINT,Distribute_Library/MUX_16_Out/MUX_16_Out_fromMINT.json,/home/student/Desktop/Neptune_2026/Microfluidics-Benchmarks/Results/MINT_TestCases/Distribute_Library/MUX_16_Out/MUX_16_Out_fromMINT.json,tree,success,,,39.029,38.775342,0,,,,,,,,True,,,,/home/student/Desktop/Neptune_2026/Microfluidics-Benchmarks/Results/tree_full_20260918_100349/artifacts/mint__Distribute_Library__MUX_16_Out__MUX_16_Out_fromMINT/result.json,,Microfluidics-Benchmarks/Results/tree_full_20260918_100349/logs/mint__Distribute_Library__MUX_16_Out__MUX_16_Out_fromMINT.log,Microfluidics-Benchmarks/Results/tree_full_20260918_100349/artifacts/mint__Distribute_Library__MUX_16_Out__MUX_16_Out_fromMINT
271,mint,mint__Distribute_Library__MUX_32_In__MUX_32_In_fromMINT,Distribute_Library/MUX_32_In/MUX_32_In_fromMINT.json,/home/student/Desktop/Neptune_2026/Microfluidics-Benchmarks/Results/MINT_TestCases/Distribute_Library/MUX_32_In/MUX_32_In_fromMINT.json,tree,success,,,252.192,251.933544,0,,,,,,,,True,,,,/home/student/Desktop/Neptune_2026/Microfluidics-Benchmarks/Results/tree_full_20260918_100349/artifacts/mint__Distribute_Library__MUX_32_In__MUX_32_In_fromMINT/result.json,,Microfluidics-Benchmarks/Results/tree_full_20260918_100349/logs/mint__Distribute_Library__MUX_32_In__MUX_32_In_fromMINT.log,Microfluidics-Benchmarks/Results/tree_full_20260918_100349/artifacts/mint__Distribute_Library__MUX_32_In__MUX_32_In_fromMINT
272,mint,mint__Distribute_Library__MUX_32_Out__MUX_32_Out_fromMINT,Distribute_Library/MUX_32_Out/MUX_32_Out_fromMINT.json,/home/student/Desktop/Neptune_2026/Microfluidics-Benchmarks/Results/MINT_TestCases/Distribute_Library/MUX_32_Out/MUX_32_Out_fromMINT.json,tree,success,,,256.876,256.628602,0,,,,,,,,True,,,,/home/student/Desktop/Neptune_2026/Microfluidics-Benchmarks/Results/tree_full_20260918_100349/artifacts/mint__Distribute_Library__MUX_32_Out__MUX_32_Out_fromMINT/result.json,,Microfluidics-Benchmarks/Results/tree_full_20260918_100349/logs/mint__Distribute_Library__MUX_32_Out__MUX_32_Out_fromMINT.log,Microfluidics-Benchmarks/Results/tree_full_20260918_100349/artifacts/mint__Distribute_Library__MUX_32_Out__MUX_32_Out_fromMINT
273,mint,mint__Distribute_Library__MUX_64_In__MUX_64_In_fromMINT,Distribute_Library/MUX_64_In/MUX_64_In_fromMINT.json,/home/student/Desktop/Neptune_2026/Microfluidics-Benchmarks/Results/MINT_TestCases/Distribute_Library/MUX_64_In/MUX_64_In_fromMINT.json,tree,success,,,1710.476,1710.215841,0,,,,,,,,True,,,,/home/student/Desktop/Neptune_2026/Microfluidics-Benchmarks/Results/tree_full_20260918_100349/artifacts/mint__Distribute_Library__MUX_64_In__MUX_64_In_fromMINT/result.json,,Microfluidics-Benchmarks/Results/tree_full_20260918_100349/logs/mint__Distribute_Library__MUX_64_In__MUX_64_In_fromMINT.log,Microfluidics-Benchmarks/Results/tree_full_20260918_100349/artifacts/mint__Distribute_Library__MUX_64_In__MUX_64_In_fromMINT
274,mint,mint__Distribute_Library__MUX_64_Out__MUX_64_Out_fromMINT,Distribute_Library/MUX_64_Out/MUX_64_Out_fromMINT.json,/home/student/Desktop/Neptune_2026/Microfluidics-Benchmarks/Results/MINT_TestCases/Distribute_Library/MUX_64_Out/MUX_64_Out_fromMINT.json,tree,success,,,1707.477,1707.190913,0,,,,,,,,True,,,,/home/student/Desktop/Neptune_2026/Microfluidics-Benchmarks/Results/tree_full_20260918_100349/artifacts/mint__Distribute_Library__MUX_64_Out__MUX_64_Out_fromMINT/result.json,,Microfluidics-Benchmarks/Results/tree_full_20260918_100349/logs/mint__Distribute_Library__MUX_64_Out__MUX_64_Out_fromMINT.log,Microfluidics-Benchmarks/Results/tree_full_20260918_100349/artifacts/mint__Distribute_Library__MUX_64_Out__MUX_64_Out_fromMINT
275,mint,mint__Distribute_Library__Single_Storage_Grid_01__Single_Storage_Grid_01_fromMINT,Distribute_Library/Single_Storage_Grid_01/Single_Storage_Grid_01_fromMINT.json,/home/student/Desktop/Neptune_2026/Microfluidics-Benchmarks/Results/MINT_TestCases/Distribute_Library/Single_Storage_Grid_01/Single_Storage_Grid_01_fromMINT.json,tree,success,,,0.918,0.693145,0,,,,,,,,True,,,,/home/student/Desktop/Neptune_2026/Microfluidics-Benchmarks/Results/tree_full_20260918_100349/artifacts/mint__Distribute_Library__Single_Storage_Grid_01__Single_Storage_Grid_01_fromMINT/result.json,,Microfluidics-Benchmarks/Results/tree_full_20260918_100349/logs/mint__Distribute_Library__Single_Storage_Grid_01__Single_Storage_Grid_01_fromMINT.log,Microfluidics-Benchmarks/Results/tree_full_20260918_100349/artifacts/mint__Distribute_Library__Single_Storage_Grid_01__Single_Storage_Grid_01_fromMINT
276,mint,mint__Distribute_Library__Single_Storage_Grid_02__Single_Storage_Grid_02_fromMINT,Distribute_Library/Single_Storage_Grid_02/Single_Storage_Grid_02_fromMINT.json,/home/student/Desktop/Neptune_2026/Microfluidics-Benchmarks/Results/MINT_TestCases/Distribute_Library/Single_Storage_Grid_02/Single_Storage_Grid_02_fromMINT.json,tree,success,,,0.92,0.693736,0,,,,,,,,True,,,,/home/student/Desktop/Neptune_2026/Microfluidics-Benchmarks/Results/tree_full_20260918_100349/artifacts/mint__Distribute_Library__Single_Storage_Grid_02__Single_Storage_Grid_02_fromMINT/result.json,,Microfluidics-Benchmarks/Results/tree_full_20260918_100349/logs/mint__Distribute_Library__Single_Storage_Grid_02__Single_Storage_Grid_02_fromMINT.log,Microfluidics-Benchmarks/Results/tree_full_20260918_100349/artifacts/mint__Distribute_Library__Single_Storage_Grid_02__Single_Storage_Grid_02_fromMINT
277,mint,mint__Distribute_Library__Single_Storage_Grid_04__Single_Storage_Grid_04_fromMINT,Distribute_Library/Single_Storage_Grid_04/Single_Storage_Grid_04_fromMINT.json,/home/student/Desktop/Neptune_2026/Microfluidics-Benchmarks/Results/MINT_TestCases/Distribute_Library/Single_Storage_Grid_04/Single_Storage_Grid_04_fromMINT.json,tree,success,,,0.919,0.689483,0,,,,,,,,True,,,,/home/student/Desktop/Neptune_2026/Microfluidics-Benchmarks/Results/tree_full_20260918_100349/artifacts/mint__Distribute_Library__Single_Storage_Grid_04__Single_Storage_Grid_04_fromMINT/result.json,,Microfluidics-Benchmarks/Results/tree_full_20260918_100349/logs/mint__Distribute_Library__Single_Storage_Grid_04__Single_Storage_Grid_04_fromMINT.log,Microfluidics-Benchmarks/Results/tree_full_20260918_100349/artifacts/mint__Distribute_Library__Single_Storage_Grid_04__Single_Storage_Grid_04_fromMINT
278,mint,mint__Distribute_Library__Single_Storage_Grid_08__Single_Storage_Grid_08_fromMINT,Distribute_Library/Single_Storage_Grid_08/Single_Storage_Grid_08_fromMINT.json,/home/student/Desktop/Neptune_2026/Microfluidics-Benchmarks/Results/MINT_TestCases/Distribute_Library/Single_Storage_Grid_08/Single_Storage_Grid_08_fromMINT.json,tree,success,,,0.918,0.693269,0,,,,,,,,True,,,,/home/student/Desktop/Neptune_2026/Microfluidics-Benchmarks/Results/tree_full_20260918_100349/artifacts/mint__Distribute_Library__Single_Storage_Grid_08__Single_Storage_Grid_08_fromMINT/result.json,,Microfluidics-Benchmarks/Results/tree_full_20260918_100349/logs/mint__Distribute_Library__Single_Storage_Grid_08__Single_Storage_Grid_08_fromMINT.log,Microfluidics-Benchmarks/Results/tree_full_20260918_100349/artifacts/mint__Distribute_Library__Single_Storage_Grid_08__Single_Storage_Grid_08_fromMINT
279,mint,mint__Distribute_Library__Single_Storage_Grid_16__Single_Storage_Grid_16_fromMINT,Distribute_Library/Single_Storage_Grid_16/Single_Storage_Grid_16_fromMINT.json,/home/student/Desktop/Neptune_2026/Microfluidics-Benchmarks/Results/MINT_TestCases/Distribute_Library/Single_Storage_Grid_16/Single_Storage_Grid_16_fromMINT.json,tree,success,,,0.919,0.694745,0,,,,,,,,True,,,,/home/student/Desktop/Neptune_2026/Microfluidics-Benchmarks/Results/tree_full_20260918_100349/artifacts/mint__Distribute_Library__Single_Storage_Grid_16__Single_Storage_Grid_16_fromMINT/result.json,,Microfluidics-Benchmarks/Results/tree_full_20260918_100349/logs/mint__Distribute_Library__Single_Storage_Grid_16__Single_Storage_Grid_16_fromMINT.log,Microfluidics-Benchmarks/Results/tree_full_20260918_100349/artifacts/mint__Distribute_Library__Single_Storage_Grid_16__Single_Storage_Grid_16_fromMINT
280,mint,mint__Distribute_Library__Single_Storage_Grid_32__Single_Storage_Grid_32_fromMINT,Distribute_Library/Single_Storage_Grid_32/Single_Storage_Grid_32_fromMINT.json,/home/student/Desktop/Neptune_2026/Microfluidics-Benchmarks/Results/MINT_TestCases/Distribute_Library/Single_Storage_Grid_32/Single_Storage_Grid_32_fromMINT.json,tree,success,,,0.919,0.692196,0,,,,,,,,True,,,,/home/student/Desktop/Neptune_2026/Microfluidics-Benchmarks/Results/tree_full_20260918_100349/artifacts/mint__Distribute_Library__Single_Storage_Grid_32__Single_Storage_Grid_32_fromMINT/result.json,,Microfluidics-Benchmarks/Results/tree_full_20260918_100349/logs/mint__Distribute_Library__Single_Storage_Grid_32__Single_Storage_Grid_32_fromMINT.log,Microfluidics-Benchmarks/Results/tree_full_20260918_100349/artifacts/mint__Distribute_Library__Single_Storage_Grid_32__Single_Storage_Grid_32_fromMINT
281,mint,mint__Distribute_Library__Single_Storage_Grid_64__Single_Storage_Grid_64_fromMINT,Distribute_Library/Single_Storage_Grid_64/Single_Storage_Grid_64_fromMINT.json,/home/student/Desktop/Neptune_2026/Microfluidics-Benchmarks/Results/MINT_TestCases/Distribute_Library/Single_Storage_Grid_64/Single_Storage_Grid_64_fromMINT.json,tree,success,,,0.97,0.699575,0,,,,,,,,True,,,,/home/student/Desktop/Neptune_2026/Microfluidics-Benchmarks/Results/tree_full_20260918_100349/artifacts/mint__Distribute_Library__Single_Storage_Grid_64__Single_Storage_Grid_64_fromMINT/result.json,,Microfluidics-Benchmarks/Results/tree_full_20260918_100349/logs/mint__Distribute_Library__Single_Storage_Grid_64__Single_Storage_Grid_64_fromMINT.log,Microfluidics-Benchmarks/Results/tree_full_20260918_100349/artifacts/mint__Distribute_Library__Single_Storage_Grid_64__Single_Storage_Grid_64_fromMINT
282,mint,mint__Distribute_Library__Transposer_02__Transposer_02_fromMINT,Distribute_Library/Transposer_02/Transposer_02_fromMINT.json,/home/student/Desktop/Neptune_2026/Microfluidics-Benchmarks/Results/MINT_TestCases/Distribute_Library/Transposer_02/Transposer_02_fromMINT.json,tree,success,,,1.17,0.944359,0,,,,,,,,True,,,,/home/student/Desktop/Neptune_2026/Microfluidics-Benchmarks/Results/tree_full_20260918_100349/artifacts/mint__Distribute_Library__Transposer_02__Transposer_02_fromMINT/result.json,,Microfluidics-Benchmarks/Results/tree_full_20260918_100349/logs/mint__Distribute_Library__Transposer_02__Transposer_02_fromMINT.log,Microfluidics-Benchmarks/Results/tree_full_20260918_100349/artifacts/mint__Distribute_Library__Transposer_02__Transposer_02_fromMINT
283,mint,mint__Distribute_Library__Transposer_03__Transposer_03_fromMINT,Distribute_Library/Transposer_03/Transposer_03_fromMINT.json,/home/student/Desktop/Neptune_2026/Microfluidics-Benchmarks/Results/MINT_TestCases/Distribute_Library/Transposer_03/Transposer_03_fromMINT.json,tree,success,,,1.571,1.343509,0,,,,,,,,True,,,,/home/student/Desktop/Neptune_2026/Microfluidics-Benchmarks/Results/tree_full_20260918_100349/artifacts/mint__Distribute_Library__Transposer_03__Transposer_03_fromMINT/result.json,,Microfluidics-Benchmarks/Results/tree_full_20260918_100349/logs/mint__Distribute_Library__Transposer_03__Transposer_03_fromMINT.log,Microfluidics-Benchmarks/Results/tree_full_20260918_100349/artifacts/mint__Distribute_Library__Transposer_03__Transposer_03_fromMINT
284,mint,mint__Distribute_Library__Transposer_04__Transposer_04_fromMINT,Distribute_Library/Transposer_04/Transposer_04_fromMINT.json,/home/student/Desktop/Neptune_2026/Microfluidics-Benchmarks/Results/MINT_TestCases/Distribute_Library/Transposer_04/Transposer_04_fromMINT.json,tree,fail,,"ValueError: Invalid layer-1 topology: sink endpoint component 'valve_0', port '1' is driven by multiple source components; connection ids=['Ctrlchannel_0', 'Ctrlchannel_1', 'Ctrlchannel_2']; source ids=['Cport_0', 'Cport_1', 'Cport_2']",0.568,0.364844,1,,,,,,,,,,,,,,Microfluidics-Benchmarks/Results/tree_full_20260918_100349/logs/mint__Distribute_Library__Transposer_04__Transposer_04_fromMINT.log,Microfluidics-Benchmarks/Results/tree_full_20260918_100349/artifacts/mint__Distribute_Library__Transposer_04__Transposer_04_fromMINT
285,mint,mint__Distribute_Library__Transposer_08__Transposer_08_fromMINT,Distribute_Library/Transposer_08/Transposer_08_fromMINT.json,/home/student/Desktop/Neptune_2026/Microfluidics-Benchmarks/Results/MINT_TestCases/Distribute_Library/Transposer_08/Transposer_08_fromMINT.json,tree,success,,,0.919,0.690778,0,,,,,,,,True,,,,/home/student/Desktop/Neptune_2026/Microfluidics-Benchmarks/Results/tree_full_20260918_100349/artifacts/mint__Distribute_Library__Transposer_08__Transposer_08_fromMINT/result.json,,Microfluidics-Benchmarks/Results/tree_full_20260918_100349/logs/mint__Distribute_Library__Transposer_08__Transposer_08_fromMINT.log,Microfluidics-Benchmarks/Results/tree_full_20260918_100349/artifacts/mint__Distribute_Library__Transposer_08__Transposer_08_fromMINT
286,mint,mint__Distribute_Library__Transposer_16__Transposer_16_fromMINT,Distribute_Library/Transposer_16/Transposer_16_fromMINT.json,/home/student/Desktop/Neptune_2026/Microfluidics-Benchmarks/Results/MINT_TestCases/Distribute_Library/Transposer_16/Transposer_16_fromMINT.json,tree,success,,,0.919,0.690135,0,,,,,,,,True,,,,/home/student/Desktop/Neptune_2026/Microfluidics-Benchmarks/Results/tree_full_20260918_100349/artifacts/mint__Distribute_Library__Transposer_16__Transposer_16_fromMINT/result.json,,Microfluidics-Benchmarks/Results/tree_full_20260918_100349/logs/mint__Distribute_Library__Transposer_16__Transposer_16_fromMINT.log,Microfluidics-Benchmarks/Results/tree_full_20260918_100349/artifacts/mint__Distribute_Library__Transposer_16__Transposer_16_fromMINT
287,mint,mint__Distribute_Library__Transposer_32__Transposer_32_fromMINT,Distribute_Library/Transposer_32/Transposer_32_fromMINT.json,/home/student/Desktop/Neptune_2026/Microfluidics-Benchmarks/Results/MINT_TestCases/Distribute_Library/Transposer_32/Transposer_32_fromMINT.json,tree,success,,,0.917,0.692421,0,,,,,,,,True,,,,/home/student/Desktop/Neptune_2026/Microfluidics-Benchmarks/Results/tree_full_20260918_100349/artifacts/mint__Distribute_Library__Transposer_32__Transposer_32_fromMINT/result.json,,Microfluidics-Benchmarks/Results/tree_full_20260918_100349/logs/mint__Distribute_Library__Transposer_32__Transposer_32_fromMINT.log,Microfluidics-Benchmarks/Results/tree_full_20260918_100349/artifacts/mint__Distribute_Library__Transposer_32__Transposer_32_fromMINT
288,mint,mint__Distribute_Library__Transposer_64__Transposer_64_fromMINT,Distribute_Library/Transposer_64/Transposer_64_fromMINT.json,/home/student/Desktop/Neptune_2026/Microfluidics-Benchmarks/Results/MINT_TestCases/Distribute_Library/Transposer_64/Transposer_64_fromMINT.json,tree,success,,,0.92,0.69436,0,,,,,,,,True,,,,/home/student/Desktop/Neptune_2026/Microfluidics-Benchmarks/Results/tree_full_20260918_100349/artifacts/mint__Distribute_Library__Transposer_64__Transposer_64_fromMINT/result.json,,Microfluidics-Benchmarks/Results/tree_full_20260918_100349/logs/mint__Distribute_Library__Transposer_64__Transposer_64_fromMINT.log,Microfluidics-Benchmarks/Results/tree_full_20260918_100349/artifacts/mint__Distribute_Library__Transposer_64__Transposer_64_fromMINT
289,mint,mint__Drop_Ref__Droplet_Generator_1__Droplet_Generator_1_fromMINT,Drop_Ref/Droplet_Generator_1/Droplet_Generator_1_fromMINT.json,/home/student/Desktop/Neptune_2026/Microfluidics-Benchmarks/Results/MINT_TestCases/Drop_Ref/Droplet_Generator_1/Droplet_Generator_1_fromMINT.json,tree,success,,,0.97,0.752106,0,,,,,,,,True,,,,/home/student/Desktop/Neptune_2026/Microfluidics-Benchmarks/Results/tree_full_20260918_100349/artifacts/mint__Drop_Ref__Droplet_Generator_1__Droplet_Generator_1_fromMINT/result.json,,Microfluidics-Benchmarks/Results/tree_full_20260918_100349/logs/mint__Drop_Ref__Droplet_Generator_1__Droplet_Generator_1_fromMINT.log,Microfluidics-Benchmarks/Results/tree_full_20260918_100349/artifacts/mint__Drop_Ref__Droplet_Generator_1__Droplet_Generator_1_fromMINT
290,mint,mint__Drop_Ref__Droplet_Generator_2__Droplet_Generator_2_fromMINT,Drop_Ref/Droplet_Generator_2/Droplet_Generator_2_fromMINT.json,/home/student/Desktop/Neptune_2026/Microfluidics-Benchmarks/Results/MINT_TestCases/Drop_Ref/Droplet_Generator_2/Droplet_Generator_2_fromMINT.json,tree,success,,,1.219,0.970362,0,,,,,,,,True,,,,/home/student/Desktop/Neptune_2026/Microfluidics-Benchmarks/Results/tree_full_20260918_100349/artifacts/mint__Drop_Ref__Droplet_Generator_2__Droplet_Generator_2_fromMINT/result.json,,Microfluidics-Benchmarks/Results/tree_full_20260918_100349/logs/mint__Drop_Ref__Droplet_Generator_2__Droplet_Generator_2_fromMINT.log,Microfluidics-Benchmarks/Results/tree_full_20260918_100349/artifacts/mint__Drop_Ref__Droplet_Generator_2__Droplet_Generator_2_fromMINT
291,mint,mint__Drop_Ref__Droplet_Generator_3__Droplet_Generator_3_fromMINT,Drop_Ref/Droplet_Generator_3/Droplet_Generator_3_fromMINT.json,/home/student/Desktop/Neptune_2026/Microfluidics-Benchmarks/Results/MINT_TestCases/Drop_Ref/Droplet_Generator_3/Droplet_Generator_3_fromMINT.json,tree,success,,,1.32,1.090292,0,,,,,,,,True,,,,/home/student/Desktop/Neptune_2026/Microfluidics-Benchmarks/Results/tree_full_20260918_100349/artifacts/mint__Drop_Ref__Droplet_Generator_3__Droplet_Generator_3_fromMINT/result.json,,Microfluidics-Benchmarks/Results/tree_full_20260918_100349/logs/mint__Drop_Ref__Droplet_Generator_3__Droplet_Generator_3_fromMINT.log,Microfluidics-Benchmarks/Results/tree_full_20260918_100349/artifacts/mint__Drop_Ref__Droplet_Generator_3__Droplet_Generator_3_fromMINT
292,mint,mint__Drop_Ref__Droplet_Generator_4__Droplet_Generator_4_fromMINT,Drop_Ref/Droplet_Generator_4/Droplet_Generator_4_fromMINT.json,/home/student/Desktop/Neptune_2026/Microfluidics-Benchmarks/Results/MINT_TestCases/Drop_Ref/Droplet_Generator_4/Droplet_Generator_4_fromMINT.json,tree,success,,,1.219,0.990259,0,,,,,,,,True,,,,/home/student/Desktop/Neptune_2026/Microfluidics-Benchmarks/Results/tree_full_20260918_100349/artifacts/mint__Drop_Ref__Droplet_Generator_4__Droplet_Generator_4_fromMINT/result.json,,Microfluidics-Benchmarks/Results/tree_full_20260918_100349/logs/mint__Drop_Ref__Droplet_Generator_4__Droplet_Generator_4_fromMINT.log,Microfluidics-Benchmarks/Results/tree_full_20260918_100349/artifacts/mint__Drop_Ref__Droplet_Generator_4__Droplet_Generator_4_fromMINT
293,mint,mint__Drop_Ref__Dropx_Test_1__Dropx_Test_1_fromMINT,Drop_Ref/Dropx_Test_1/Dropx_Test_1_fromMINT.json,/home/student/Desktop/Neptune_2026/Microfluidics-Benchmarks/Results/MINT_TestCases/Drop_Ref/Dropx_Test_1/Dropx_Test_1_fromMINT.json,tree,success,,,0.969,0.751377,0,,,,,,,,True,,,,/home/student/Desktop/Neptune_2026/Microfluidics-Benchmarks/Results/tree_full_20260918_100349/artifacts/mint__Drop_Ref__Dropx_Test_1__Dropx_Test_1_fromMINT/result.json,,Microfluidics-Benchmarks/Results/tree_full_20260918_100349/logs/mint__Drop_Ref__Dropx_Test_1__Dropx_Test_1_fromMINT.log,Microfluidics-Benchmarks/Results/tree_full_20260918_100349/artifacts/mint__Drop_Ref__Dropx_Test_1__Dropx_Test_1_fromMINT
294,mint,mint__Drop_Ref__Dropx_Test_2__Dropx_Test_2_fromMINT,Drop_Ref/Dropx_Test_2/Dropx_Test_2_fromMINT.json,/home/student/Desktop/Neptune_2026/Microfluidics-Benchmarks/Results/MINT_TestCases/Drop_Ref/Dropx_Test_2/Dropx_Test_2_fromMINT.json,tree,success,,,1.119,0.873381,0,,,,,,,,True,,,,/home/student/Desktop/Neptune_2026/Microfluidics-Benchmarks/Results/tree_full_20260918_100349/artifacts/mint__Drop_Ref__Dropx_Test_2__Dropx_Test_2_fromMINT/result.json,,Microfluidics-Benchmarks/Results/tree_full_20260918_100349/logs/mint__Drop_Ref__Dropx_Test_2__Dropx_Test_2_fromMINT.log,Microfluidics-Benchmarks/Results/tree_full_20260918_100349/artifacts/mint__Drop_Ref__Dropx_Test_2__Dropx_Test_2_fromMINT
295,mint,mint__Drop_Ref__Dropx_Test_3__Dropx_Test_3_fromMINT,Drop_Ref/Dropx_Test_3/Dropx_Test_3_fromMINT.json,/home/student/Desktop/Neptune_2026/Microfluidics-Benchmarks/Results/MINT_TestCases/Drop_Ref/Dropx_Test_3/Dropx_Test_3_fromMINT.json,tree,success,,,1.17,0.918067,0,,,,,,,,True,,,,/home/student/Desktop/Neptune_2026/Microfluidics-Benchmarks/Results/tree_full_20260918_100349/artifacts/mint__Drop_Ref__Dropx_Test_3__Dropx_Test_3_fromMINT/result.json,,Microfluidics-Benchmarks/Results/tree_full_20260918_100349/logs/mint__Drop_Ref__Dropx_Test_3__Dropx_Test_3_fromMINT.log,Microfluidics-Benchmarks/Results/tree_full_20260918_100349/artifacts/mint__Drop_Ref__Dropx_Test_3__Dropx_Test_3_fromMINT
296,mint,mint__Drop_Ref__Dropx_Test_4__Dropx_Test_4_fromMINT,Drop_Ref/Dropx_Test_4/Dropx_Test_4_fromMINT.json,/home/student/Desktop/Neptune_2026/Microfluidics-Benchmarks/Results/MINT_TestCases/Drop_Ref/Dropx_Test_4/Dropx_Test_4_fromMINT.json,tree,success,,,1.071,0.808131,0,,,,,,,,True,,,,/home/student/Desktop/Neptune_2026/Microfluidics-Benchmarks/Results/tree_full_20260918_100349/artifacts/mint__Drop_Ref__Dropx_Test_4__Dropx_Test_4_fromMINT/result.json,,Microfluidics-Benchmarks/Results/tree_full_20260918_100349/logs/mint__Drop_Ref__Dropx_Test_4__Dropx_Test_4_fromMINT.log,Microfluidics-Benchmarks/Results/tree_full_20260918_100349/artifacts/mint__Drop_Ref__Dropx_Test_4__Dropx_Test_4_fromMINT
297,mint,mint__Drop_Ref__Dx_1__Dx_1_fromMINT,Drop_Ref/Dx_1/Dx_1_fromMINT.json,/home/student/Desktop/Neptune_2026/Microfluidics-Benchmarks/Results/MINT_TestCases/Drop_Ref/Dx_1/Dx_1_fromMINT.json,tree,success,,,1.069,0.847459,0,,,,,,,,True,,,,/home/student/Desktop/Neptune_2026/Microfluidics-Benchmarks/Results/tree_full_20260918_100349/artifacts/mint__Drop_Ref__Dx_1__Dx_1_fromMINT/result.json,,Microfluidics-Benchmarks/Results/tree_full_20260918_100349/logs/mint__Drop_Ref__Dx_1__Dx_1_fromMINT.log,Microfluidics-Benchmarks/Results/tree_full_20260918_100349/artifacts/mint__Drop_Ref__Dx_1__Dx_1_fromMINT
298,mint,mint__Drop_Ref__Dx_10__Dx_10_fromMINT,Drop_Ref/Dx_10/Dx_10_fromMINT.json,/home/student/Desktop/Neptune_2026/Microfluidics-Benchmarks/Results/MINT_TestCases/Drop_Ref/Dx_10/Dx_10_fromMINT.json,tree,success,,,1.069,0.833041,0,,,,,,,,True,,,,/home/student/Desktop/Neptune_2026/Microfluidics-Benchmarks/Results/tree_full_20260918_100349/artifacts/mint__Drop_Ref__Dx_10__Dx_10_fromMINT/result.json,,Microfluidics-Benchmarks/Results/tree_full_20260918_100349/logs/mint__Drop_Ref__Dx_10__Dx_10_fromMINT.log,Microfluidics-Benchmarks/Results/tree_full_20260918_100349/artifacts/mint__Drop_Ref__Dx_10__Dx_10_fromMINT
299,mint,mint__Drop_Ref__Dx_10_Ref__Dx_10_Ref_fromMINT,Drop_Ref/Dx_10_Ref/Dx_10_Ref_fromMINT.json,/home/student/Desktop/Neptune_2026/Microfluidics-Benchmarks/Results/MINT_TestCases/Drop_Ref/Dx_10_Ref/Dx_10_Ref_fromMINT.json,tree,success,,,1.07,0.852259,0,,,,,,,,True,,,,/home/student/Desktop/Neptune_2026/Microfluidics-Benchmarks/Results/tree_full_20260918_100349/artifacts/mint__Drop_Ref__Dx_10_Ref__Dx_10_Ref_fromMINT/result.json,,Microfluidics-Benchmarks/Results/tree_full_20260918_100349/logs/mint__Drop_Ref__Dx_10_Ref__Dx_10_Ref_fromMINT.log,Microfluidics-Benchmarks/Results/tree_full_20260918_100349/artifacts/mint__Drop_Ref__Dx_10_Ref__Dx_10_Ref_fromMINT
300,mint,mint__Drop_Ref__Dx_11__Dx_11_fromMINT,Drop_Ref/Dx_11/Dx_11_fromMINT.json,/home/student/Desktop/Neptune_2026/Microfluidics-Benchmarks/Results/MINT_TestCases/Drop_Ref/Dx_11/Dx_11_fromMINT.json,tree,success,,,1.219,0.971228,0,,,,,,,,True,,,,/home/student/Desktop/Neptune_2026/Microfluidics-Benchmarks/Results/tree_full_20260918_100349/artifacts/mint__Drop_Ref__Dx_11__Dx_11_fromMINT/result.json,,Microfluidics-Benchmarks/Results/tree_full_20260918_100349/logs/mint__Drop_Ref__Dx_11__Dx_11_fromMINT.log,Microfluidics-Benchmarks/Results/tree_full_20260918_100349/artifacts/mint__Drop_Ref__Dx_11__Dx_11_fromMINT
301,mint,mint__Drop_Ref__Dx_11_Ref__Dx_11_Ref_fromMINT,Drop_Ref/Dx_11_Ref/Dx_11_Ref_fromMINT.json,/home/student/Desktop/Neptune_2026/Microfluidics-Benchmarks/Results/MINT_TestCases/Drop_Ref/Dx_11_Ref/Dx_11_Ref_fromMINT.json,tree,success,,,1.271,1.011516,0,,,,,,,,True,,,,/home/student/Desktop/Neptune_2026/Microfluidics-Benchmarks/Results/tree_full_20260918_100349/artifacts/mint__Drop_Ref__Dx_11_Ref__Dx_11_Ref_fromMINT/result.json,,Microfluidics-Benchmarks/Results/tree_full_20260918_100349/logs/mint__Drop_Ref__Dx_11_Ref__Dx_11_Ref_fromMINT.log,Microfluidics-Benchmarks/Results/tree_full_20260918_100349/artifacts/mint__Drop_Ref__Dx_11_Ref__Dx_11_Ref_fromMINT
302,mint,mint__Drop_Ref__Dx_12__Dx_12_fromMINT,Drop_Ref/Dx_12/Dx_12_fromMINT.json,/home/student/Desktop/Neptune_2026/Microfluidics-Benchmarks/Results/MINT_TestCases/Drop_Ref/Dx_12/Dx_12_fromMINT.json,tree,success,,,1.119,0.911982,0,,,,,,,,True,,,,/home/student/Desktop/Neptune_2026/Microfluidics-Benchmarks/Results/tree_full_20260918_100349/artifacts/mint__Drop_Ref__Dx_12__Dx_12_fromMINT/result.json,,Microfluidics-Benchmarks/Results/tree_full_20260918_100349/logs/mint__Drop_Ref__Dx_12__Dx_12_fromMINT.log,Microfluidics-Benchmarks/Results/tree_full_20260918_100349/artifacts/mint__Drop_Ref__Dx_12__Dx_12_fromMINT
303,mint,mint__Drop_Ref__Dx_12_Ref__Dx_12_Ref_fromMINT,Drop_Ref/Dx_12_Ref/Dx_12_Ref_fromMINT.json,/home/student/Desktop/Neptune_2026/Microfluidics-Benchmarks/Results/MINT_TestCases/Drop_Ref/Dx_12_Ref/Dx_12_Ref_fromMINT.json,tree,success,,,1.119,0.882532,0,,,,,,,,True,,,,/home/student/Desktop/Neptune_2026/Microfluidics-Benchmarks/Results/tree_full_20260918_100349/artifacts/mint__Drop_Ref__Dx_12_Ref__Dx_12_Ref_fromMINT/result.json,,Microfluidics-Benchmarks/Results/tree_full_20260918_100349/logs/mint__Drop_Ref__Dx_12_Ref__Dx_12_Ref_fromMINT.log,Microfluidics-Benchmarks/Results/tree_full_20260918_100349/artifacts/mint__Drop_Ref__Dx_12_Ref__Dx_12_Ref_fromMINT
304,mint,mint__Drop_Ref__Dx_13__Dx_13_fromMINT,Drop_Ref/Dx_13/Dx_13_fromMINT.json,/home/student/Desktop/Neptune_2026/Microfluidics-Benchmarks/Results/MINT_TestCases/Drop_Ref/Dx_13/Dx_13_fromMINT.json,tree,success,,,1.269,1.023818,0,,,,,,,,True,,,,/home/student/Desktop/Neptune_2026/Microfluidics-Benchmarks/Results/tree_full_20260918_100349/artifacts/mint__Drop_Ref__Dx_13__Dx_13_fromMINT/result.json,,Microfluidics-Benchmarks/Results/tree_full_20260918_100349/logs/mint__Drop_Ref__Dx_13__Dx_13_fromMINT.log,Microfluidics-Benchmarks/Results/tree_full_20260918_100349/artifacts/mint__Drop_Ref__Dx_13__Dx_13_fromMINT
305,mint,mint__Drop_Ref__Dx_13_Ref__Dx_13_Ref_fromMINT,Drop_Ref/Dx_13_Ref/Dx_13_Ref_fromMINT.json,/home/student/Desktop/Neptune_2026/Microfluidics-Benchmarks/Results/MINT_TestCases/Drop_Ref/Dx_13_Ref/Dx_13_Ref_fromMINT.json,tree,success,,,1.27,1.05468,0,,,,,,,,True,,,,/home/student/Desktop/Neptune_2026/Microfluidics-Benchmarks/Results/tree_full_20260918_100349/artifacts/mint__Drop_Ref__Dx_13_Ref__Dx_13_Ref_fromMINT/result.json,,Microfluidics-Benchmarks/Results/tree_full_20260918_100349/logs/mint__Drop_Ref__Dx_13_Ref__Dx_13_Ref_fromMINT.log,Microfluidics-Benchmarks/Results/tree_full_20260918_100349/artifacts/mint__Drop_Ref__Dx_13_Ref__Dx_13_Ref_fromMINT
306,mint,mint__Drop_Ref__Dx_14__Dx_14_fromMINT,Drop_Ref/Dx_14/Dx_14_fromMINT.json,/home/student/Desktop/Neptune_2026/Microfluidics-Benchmarks/Results/MINT_TestCases/Drop_Ref/Dx_14/Dx_14_fromMINT.json,tree,success,,,1.069,0.837126,0,,,,,,,,True,,,,/home/student/Desktop/Neptune_2026/Microfluidics-Benchmarks/Results/tree_full_20260918_100349/artifacts/mint__Drop_Ref__Dx_14__Dx_14_fromMINT/result.json,,Microfluidics-Benchmarks/Results/tree_full_20260918_100349/logs/mint__Drop_Ref__Dx_14__Dx_14_fromMINT.log,Microfluidics-Benchmarks/Results/tree_full_20260918_100349/artifacts/mint__Drop_Ref__Dx_14__Dx_14_fromMINT
307,mint,mint__Drop_Ref__Dx_14_Ref__Dx_14_Ref_fromMINT,Drop_Ref/Dx_14_Ref/Dx_14_Ref_fromMINT.json,/home/student/Desktop/Neptune_2026/Microfluidics-Benchmarks/Results/MINT_TestCases/Drop_Ref/Dx_14_Ref/Dx_14_Ref_fromMINT.json,tree,success,,,1.22,0.988419,0,,,,,,,,True,,,,/home/student/Desktop/Neptune_2026/Microfluidics-Benchmarks/Results/tree_full_20260918_100349/artifacts/mint__Drop_Ref__Dx_14_Ref__Dx_14_Ref_fromMINT/result.json,,Microfluidics-Benchmarks/Results/tree_full_20260918_100349/logs/mint__Drop_Ref__Dx_14_Ref__Dx_14_Ref_fromMINT.log,Microfluidics-Benchmarks/Results/tree_full_20260918_100349/artifacts/mint__Drop_Ref__Dx_14_Ref__Dx_14_Ref_fromMINT
308,mint,mint__Drop_Ref__Dx_15__Dx_15_fromMINT,Drop_Ref/Dx_15/Dx_15_fromMINT.json,/home/student/Desktop/Neptune_2026/Microfluidics-Benchmarks/Results/MINT_TestCases/Drop_Ref/Dx_15/Dx_15_fromMINT.json,tree,success,,,1.019,0.803277,0,,,,,,,,True,,,,/home/student/Desktop/Neptune_2026/Microfluidics-Benchmarks/Results/tree_full_20260918_100349/artifacts/mint__Drop_Ref__Dx_15__Dx_15_fromMINT/result.json,,Microfluidics-Benchmarks/Results/tree_full_20260918_100349/logs/mint__Drop_Ref__Dx_15__Dx_15_fromMINT.log,Microfluidics-Benchmarks/Results/tree_full_20260918_100349/artifacts/mint__Drop_Ref__Dx_15__Dx_15_fromMINT
309,mint,mint__Drop_Ref__Dx_15_Ref__Dx_15_Ref_fromMINT,Drop_Ref/Dx_15_Ref/Dx_15_Ref_fromMINT.json,/home/student/Desktop/Neptune_2026/Microfluidics-Benchmarks/Results/MINT_TestCases/Drop_Ref/Dx_15_Ref/Dx_15_Ref_fromMINT.json,tree,success,,,1.018,0.799513,0,,,,,,,,True,,,,/home/student/Desktop/Neptune_2026/Microfluidics-Benchmarks/Results/tree_full_20260918_100349/artifacts/mint__Drop_Ref__Dx_15_Ref__Dx_15_Ref_fromMINT/result.json,,Microfluidics-Benchmarks/Results/tree_full_20260918_100349/logs/mint__Drop_Ref__Dx_15_Ref__Dx_15_Ref_fromMINT.log,Microfluidics-Benchmarks/Results/tree_full_20260918_100349/artifacts/mint__Drop_Ref__Dx_15_Ref__Dx_15_Ref_fromMINT
310,mint,mint__Drop_Ref__Dx_1_Ref__Dx_1_Ref_fromMINT,Drop_Ref/Dx_1_Ref/Dx_1_Ref_fromMINT.json,/home/student/Desktop/Neptune_2026/Microfluidics-Benchmarks/Results/MINT_TestCases/Drop_Ref/Dx_1_Ref/Dx_1_Ref_fromMINT.json,tree,success,,,1.121,0.875581,0,,,,,,,,True,,,,/home/student/Desktop/Neptune_2026/Microfluidics-Benchmarks/Results/tree_full_20260918_100349/artifacts/mint__Drop_Ref__Dx_1_Ref__Dx_1_Ref_fromMINT/result.json,,Microfluidics-Benchmarks/Results/tree_full_20260918_100349/logs/mint__Drop_Ref__Dx_1_Ref__Dx_1_Ref_fromMINT.log,Microfluidics-Benchmarks/Results/tree_full_20260918_100349/artifacts/mint__Drop_Ref__Dx_1_Ref__Dx_1_Ref_fromMINT
311,mint,mint__Drop_Ref__Dx_2__Dx_2_fromMINT,Drop_Ref/Dx_2/Dx_2_fromMINT.json,/home/student/Desktop/Neptune_2026/Microfluidics-Benchmarks/Results/MINT_TestCases/Drop_Ref/Dx_2/Dx_2_fromMINT.json,tree,success,,,1.17,0.930445,0,,,,,,,,True,,,,/home/student/Desktop/Neptune_2026/Microfluidics-Benchmarks/Results/tree_full_20260918_100349/artifacts/mint__Drop_Ref__Dx_2__Dx_2_fromMINT/result.json,,Microfluidics-Benchmarks/Results/tree_full_20260918_100349/logs/mint__Drop_Ref__Dx_2__Dx_2_fromMINT.log,Microfluidics-Benchmarks/Results/tree_full_20260918_100349/artifacts/mint__Drop_Ref__Dx_2__Dx_2_fromMINT
312,mint,mint__Drop_Ref__Dx_2_Ref__Dx_2_Ref_fromMINT,Drop_Ref/Dx_2_Ref/Dx_2_Ref_fromMINT.json,/home/student/Desktop/Neptune_2026/Microfluidics-Benchmarks/Results/MINT_TestCases/Drop_Ref/Dx_2_Ref/Dx_2_Ref_fromMINT.json,tree,success,,,1.12,0.914776,0,,,,,,,,True,,,,/home/student/Desktop/Neptune_2026/Microfluidics-Benchmarks/Results/tree_full_20260918_100349/artifacts/mint__Drop_Ref__Dx_2_Ref__Dx_2_Ref_fromMINT/result.json,,Microfluidics-Benchmarks/Results/tree_full_20260918_100349/logs/mint__Drop_Ref__Dx_2_Ref__Dx_2_Ref_fromMINT.log,Microfluidics-Benchmarks/Results/tree_full_20260918_100349/artifacts/mint__Drop_Ref__Dx_2_Ref__Dx_2_Ref_fromMINT
313,mint,mint__Drop_Ref__Dx_3__Dx_3_fromMINT,Drop_Ref/Dx_3/Dx_3_fromMINT.json,/home/student/Desktop/Neptune_2026/Microfluidics-Benchmarks/Results/MINT_TestCases/Drop_Ref/Dx_3/Dx_3_fromMINT.json,tree,success,,,1.12,0.896843,0,,,,,,,,True,,,,/home/student/Desktop/Neptune_2026/Microfluidics-Benchmarks/Results/tree_full_20260918_100349/artifacts/mint__Drop_Ref__Dx_3__Dx_3_fromMINT/result.json,,Microfluidics-Benchmarks/Results/tree_full_20260918_100349/logs/mint__Drop_Ref__Dx_3__Dx_3_fromMINT.log,Microfluidics-Benchmarks/Results/tree_full_20260918_100349/artifacts/mint__Drop_Ref__Dx_3__Dx_3_fromMINT
314,mint,mint__Drop_Ref__Dx_3_Ref__Dx_3_Ref_fromMINT,Drop_Ref/Dx_3_Ref/Dx_3_Ref_fromMINT.json,/home/student/Desktop/Neptune_2026/Microfluidics-Benchmarks/Results/MINT_TestCases/Drop_Ref/Dx_3_Ref/Dx_3_Ref_fromMINT.json,tree,success,,,1.169,0.916558,0,,,,,,,,True,,,,/home/student/Desktop/Neptune_2026/Microfluidics-Benchmarks/Results/tree_full_20260918_100349/artifacts/mint__Drop_Ref__Dx_3_Ref__Dx_3_Ref_fromMINT/result.json,,Microfluidics-Benchmarks/Results/tree_full_20260918_100349/logs/mint__Drop_Ref__Dx_3_Ref__Dx_3_Ref_fromMINT.log,Microfluidics-Benchmarks/Results/tree_full_20260918_100349/artifacts/mint__Drop_Ref__Dx_3_Ref__Dx_3_Ref_fromMINT
315,mint,mint__Drop_Ref__Dx_4__Dx_4_fromMINT,Drop_Ref/Dx_4/Dx_4_fromMINT.json,/home/student/Desktop/Neptune_2026/Microfluidics-Benchmarks/Results/MINT_TestCases/Drop_Ref/Dx_4/Dx_4_fromMINT.json,tree,success,,,1.32,1.073184,0,,,,,,,,True,,,,/home/student/Desktop/Neptune_2026/Microfluidics-Benchmarks/Results/tree_full_20260918_100349/artifacts/mint__Drop_Ref__Dx_4__Dx_4_fromMINT/result.json,,Microfluidics-Benchmarks/Results/tree_full_20260918_100349/logs/mint__Drop_Ref__Dx_4__Dx_4_fromMINT.log,Microfluidics-Benchmarks/Results/tree_full_20260918_100349/artifacts/mint__Drop_Ref__Dx_4__Dx_4_fromMINT
316,mint,mint__Drop_Ref__Dx_4_Ref__Dx_4_Ref_fromMINT,Drop_Ref/Dx_4_Ref/Dx_4_Ref_fromMINT.json,/home/student/Desktop/Neptune_2026/Microfluidics-Benchmarks/Results/MINT_TestCases/Drop_Ref/Dx_4_Ref/Dx_4_Ref_fromMINT.json,tree,success,,,1.322,1.087881,0,,,,,,,,True,,,,/home/student/Desktop/Neptune_2026/Microfluidics-Benchmarks/Results/tree_full_20260918_100349/artifacts/mint__Drop_Ref__Dx_4_Ref__Dx_4_Ref_fromMINT/result.json,,Microfluidics-Benchmarks/Results/tree_full_20260918_100349/logs/mint__Drop_Ref__Dx_4_Ref__Dx_4_Ref_fromMINT.log,Microfluidics-Benchmarks/Results/tree_full_20260918_100349/artifacts/mint__Drop_Ref__Dx_4_Ref__Dx_4_Ref_fromMINT
317,mint,mint__Drop_Ref__Dx_5__Dx_5_fromMINT,Drop_Ref/Dx_5/Dx_5_fromMINT.json,/home/student/Desktop/Neptune_2026/Microfluidics-Benchmarks/Results/MINT_TestCases/Drop_Ref/Dx_5/Dx_5_fromMINT.json,tree,success,,,1.219,0.973605,0,,,,,,,,True,,,,/home/student/Desktop/Neptune_2026/Microfluidics-Benchmarks/Results/tree_full_20260918_100349/artifacts/mint__Drop_Ref__Dx_5__Dx_5_fromMINT/result.json,,Microfluidics-Benchmarks/Results/tree_full_20260918_100349/logs/mint__Drop_Ref__Dx_5__Dx_5_fromMINT.log,Microfluidics-Benchmarks/Results/tree_full_20260918_100349/artifacts/mint__Drop_Ref__Dx_5__Dx_5_fromMINT
318,mint,mint__Drop_Ref__Dx_5_Ref__Dx_5_Ref_fromMINT,Drop_Ref/Dx_5_Ref/Dx_5_Ref_fromMINT.json,/home/student/Desktop/Neptune_2026/Microfluidics-Benchmarks/Results/MINT_TestCases/Drop_Ref/Dx_5_Ref/Dx_5_Ref_fromMINT.json,tree,success,,,1.22,0.991458,0,,,,,,,,True,,,,/home/student/Desktop/Neptune_2026/Microfluidics-Benchmarks/Results/tree_full_20260918_100349/artifacts/mint__Drop_Ref__Dx_5_Ref__Dx_5_Ref_fromMINT/result.json,,Microfluidics-Benchmarks/Results/tree_full_20260918_100349/logs/mint__Drop_Ref__Dx_5_Ref__Dx_5_Ref_fromMINT.log,Microfluidics-Benchmarks/Results/tree_full_20260918_100349/artifacts/mint__Drop_Ref__Dx_5_Ref__Dx_5_Ref_fromMINT
319,mint,mint__Drop_Ref__Dx_6__Dx_6_fromMINT,Drop_Ref/Dx_6/Dx_6_fromMINT.json,/home/student/Desktop/Neptune_2026/Microfluidics-Benchmarks/Results/MINT_TestCases/Drop_Ref/Dx_6/Dx_6_fromMINT.json,tree,success,,,1.069,0.82834,0,,,,,,,,True,,,,/home/student/Desktop/Neptune_2026/Microfluidics-Benchmarks/Results/tree_full_20260918_100349/artifacts/mint__Drop_Ref__Dx_6__Dx_6_fromMINT/result.json,,Microfluidics-Benchmarks/Results/tree_full_20260918_100349/logs/mint__Drop_Ref__Dx_6__Dx_6_fromMINT.log,Microfluidics-Benchmarks/Results/tree_full_20260918_100349/artifacts/mint__Drop_Ref__Dx_6__Dx_6_fromMINT
320,mint,mint__Drop_Ref__Dx_6_Ref__Dx_6_Ref_fromMINT,Drop_Ref/Dx_6_Ref/Dx_6_Ref_fromMINT.json,/home/student/Desktop/Neptune_2026/Microfluidics-Benchmarks/Results/MINT_TestCases/Drop_Ref/Dx_6_Ref/Dx_6_Ref_fromMINT.json,tree,success,,,1.07,0.841814,0,,,,,,,,True,,,,/home/student/Desktop/Neptune_2026/Microfluidics-Benchmarks/Results/tree_full_20260918_100349/artifacts/mint__Drop_Ref__Dx_6_Ref__Dx_6_Ref_fromMINT/result.json,,Microfluidics-Benchmarks/Results/tree_full_20260918_100349/logs/mint__Drop_Ref__Dx_6_Ref__Dx_6_Ref_fromMINT.log,Microfluidics-Benchmarks/Results/tree_full_20260918_100349/artifacts/mint__Drop_Ref__Dx_6_Ref__Dx_6_Ref_fromMINT
321,mint,mint__Drop_Ref__Dx_7__Dx_7_fromMINT,Drop_Ref/Dx_7/Dx_7_fromMINT.json,/home/student/Desktop/Neptune_2026/Microfluidics-Benchmarks/Results/MINT_TestCases/Drop_Ref/Dx_7/Dx_7_fromMINT.json,tree,success,,,1.219,0.976264,0,,,,,,,,True,,,,/home/student/Desktop/Neptune_2026/Microfluidics-Benchmarks/Results/tree_full_20260918_100349/artifacts/mint__Drop_Ref__Dx_7__Dx_7_fromMINT/result.json,,Microfluidics-Benchmarks/Results/tree_full_20260918_100349/logs/mint__Drop_Ref__Dx_7__Dx_7_fromMINT.log,Microfluidics-Benchmarks/Results/tree_full_20260918_100349/artifacts/mint__Drop_Ref__Dx_7__Dx_7_fromMINT
322,mint,mint__Drop_Ref__Dx_7_Ref__Dx_7_Ref_fromMINT,Drop_Ref/Dx_7_Ref/Dx_7_Ref_fromMINT.json,/home/student/Desktop/Neptune_2026/Microfluidics-Benchmarks/Results/MINT_TestCases/Drop_Ref/Dx_7_Ref/Dx_7_Ref_fromMINT.json,tree,success,,,1.22,0.996178,0,,,,,,,,True,,,,/home/student/Desktop/Neptune_2026/Microfluidics-Benchmarks/Results/tree_full_20260918_100349/artifacts/mint__Drop_Ref__Dx_7_Ref__Dx_7_Ref_fromMINT/result.json,,Microfluidics-Benchmarks/Results/tree_full_20260918_100349/logs/mint__Drop_Ref__Dx_7_Ref__Dx_7_Ref_fromMINT.log,Microfluidics-Benchmarks/Results/tree_full_20260918_100349/artifacts/mint__Drop_Ref__Dx_7_Ref__Dx_7_Ref_fromMINT
323,mint,mint__Drop_Ref__Dx_8__Dx_8_fromMINT,Drop_Ref/Dx_8/Dx_8_fromMINT.json,/home/student/Desktop/Neptune_2026/Microfluidics-Benchmarks/Results/MINT_TestCases/Drop_Ref/Dx_8/Dx_8_fromMINT.json,tree,success,,,1.27,1.051326,0,,,,,,,,True,,,,/home/student/Desktop/Neptune_2026/Microfluidics-Benchmarks/Results/tree_full_20260918_100349/artifacts/mint__Drop_Ref__Dx_8__Dx_8_fromMINT/result.json,,Microfluidics-Benchmarks/Results/tree_full_20260918_100349/logs/mint__Drop_Ref__Dx_8__Dx_8_fromMINT.log,Microfluidics-Benchmarks/Results/tree_full_20260918_100349/artifacts/mint__Drop_Ref__Dx_8__Dx_8_fromMINT
324,mint,mint__Drop_Ref__Dx_8_Ref__Dx_8_Ref_fromMINT,Drop_Ref/Dx_8_Ref/Dx_8_Ref_fromMINT.json,/home/student/Desktop/Neptune_2026/Microfluidics-Benchmarks/Results/MINT_TestCases/Drop_Ref/Dx_8_Ref/Dx_8_Ref_fromMINT.json,tree,success,,,1.32,1.083973,0,,,,,,,,True,,,,/home/student/Desktop/Neptune_2026/Microfluidics-Benchmarks/Results/tree_full_20260918_100349/artifacts/mint__Drop_Ref__Dx_8_Ref__Dx_8_Ref_fromMINT/result.json,,Microfluidics-Benchmarks/Results/tree_full_20260918_100349/logs/mint__Drop_Ref__Dx_8_Ref__Dx_8_Ref_fromMINT.log,Microfluidics-Benchmarks/Results/tree_full_20260918_100349/artifacts/mint__Drop_Ref__Dx_8_Ref__Dx_8_Ref_fromMINT
325,mint,mint__Drop_Ref__Dx_9__Dx_9_fromMINT,Drop_Ref/Dx_9/Dx_9_fromMINT.json,/home/student/Desktop/Neptune_2026/Microfluidics-Benchmarks/Results/MINT_TestCases/Drop_Ref/Dx_9/Dx_9_fromMINT.json,tree,success,,,1.169,0.934401,0,,,,,,,,True,,,,/home/student/Desktop/Neptune_2026/Microfluidics-Benchmarks/Results/tree_full_20260918_100349/artifacts/mint__Drop_Ref__Dx_9__Dx_9_fromMINT/result.json,,Microfluidics-Benchmarks/Results/tree_full_20260918_100349/logs/mint__Drop_Ref__Dx_9__Dx_9_fromMINT.log,Microfluidics-Benchmarks/Results/tree_full_20260918_100349/artifacts/mint__Drop_Ref__Dx_9__Dx_9_fromMINT
326,mint,mint__Drop_Ref__Dx_9_Ref__Dx_9_Ref_fromMINT,Drop_Ref/Dx_9_Ref/Dx_9_Ref_fromMINT.json,/home/student/Desktop/Neptune_2026/Microfluidics-Benchmarks/Results/MINT_TestCases/Drop_Ref/Dx_9_Ref/Dx_9_Ref_fromMINT.json,tree,success,,,1.22,0.963505,0,,,,,,,,True,,,,/home/student/Desktop/Neptune_2026/Microfluidics-Benchmarks/Results/tree_full_20260918_100349/artifacts/mint__Drop_Ref__Dx_9_Ref__Dx_9_Ref_fromMINT/result.json,,Microfluidics-Benchmarks/Results/tree_full_20260918_100349/logs/mint__Drop_Ref__Dx_9_Ref__Dx_9_Ref_fromMINT.log,Microfluidics-Benchmarks/Results/tree_full_20260918_100349/artifacts/mint__Drop_Ref__Dx_9_Ref__Dx_9_Ref_fromMINT
327,mint,mint__Expressions__Expression_1__Expression_1_fromMINT,Expressions/Expression_1/Expression_1_fromMINT.json,/home/student/Desktop/Neptune_2026/Microfluidics-Benchmarks/Results/MINT_TestCases/Expressions/Expression_1/Expression_1_fromMINT.json,tree,success,,,1.12,0.865191,0,,,,,,,,True,,,,/home/student/Desktop/Neptune_2026/Microfluidics-Benchmarks/Results/tree_full_20260918_100349/artifacts/mint__Expressions__Expression_1__Expression_1_fromMINT/result.json,,Microfluidics-Benchmarks/Results/tree_full_20260918_100349/logs/mint__Expressions__Expression_1__Expression_1_fromMINT.log,Microfluidics-Benchmarks/Results/tree_full_20260918_100349/artifacts/mint__Expressions__Expression_1__Expression_1_fromMINT
328,mint,mint__Expressions__Expression_10__Expression_10_fromMINT,Expressions/Expression_10/Expression_10_fromMINT.json,/home/student/Desktop/Neptune_2026/Microfluidics-Benchmarks/Results/MINT_TestCases/Expressions/Expression_10/Expression_10_fromMINT.json,tree,success,,,1.07,0.799155,0,,,,,,,,True,,,,/home/student/Desktop/Neptune_2026/Microfluidics-Benchmarks/Results/tree_full_20260918_100349/artifacts/mint__Expressions__Expression_10__Expression_10_fromMINT/result.json,,Microfluidics-Benchmarks/Results/tree_full_20260918_100349/logs/mint__Expressions__Expression_10__Expression_10_fromMINT.log,Microfluidics-Benchmarks/Results/tree_full_20260918_100349/artifacts/mint__Expressions__Expression_10__Expression_10_fromMINT
329,mint,mint__Expressions__Expression_11__Expression_11_fromMINT,Expressions/Expression_11/Expression_11_fromMINT.json,/home/student/Desktop/Neptune_2026/Microfluidics-Benchmarks/Results/MINT_TestCases/Expressions/Expression_11/Expression_11_fromMINT.json,tree,success,,,0.969,0.73179,0,,,,,,,,True,,,,/home/student/Desktop/Neptune_2026/Microfluidics-Benchmarks/Results/tree_full_20260918_100349/artifacts/mint__Expressions__Expression_11__Expression_11_fromMINT/result.json,,Microfluidics-Benchmarks/Results/tree_full_20260918_100349/logs/mint__Expressions__Expression_11__Expression_11_fromMINT.log,Microfluidics-Benchmarks/Results/tree_full_20260918_100349/artifacts/mint__Expressions__Expression_11__Expression_11_fromMINT
330,mint,mint__Expressions__Expression_12__Expression_12_fromMINT,Expressions/Expression_12/Expression_12_fromMINT.json,/home/student/Desktop/Neptune_2026/Microfluidics-Benchmarks/Results/MINT_TestCases/Expressions/Expression_12/Expression_12_fromMINT.json,tree,success,,,1.52,1.292135,0,,,,,,,,True,,,,/home/student/Desktop/Neptune_2026/Microfluidics-Benchmarks/Results/tree_full_20260918_100349/artifacts/mint__Expressions__Expression_12__Expression_12_fromMINT/result.json,,Microfluidics-Benchmarks/Results/tree_full_20260918_100349/logs/mint__Expressions__Expression_12__Expression_12_fromMINT.log,Microfluidics-Benchmarks/Results/tree_full_20260918_100349/artifacts/mint__Expressions__Expression_12__Expression_12_fromMINT
331,mint,mint__Expressions__Expression_13__Expression_13_fromMINT,Expressions/Expression_13/Expression_13_fromMINT.json,/home/student/Desktop/Neptune_2026/Microfluidics-Benchmarks/Results/MINT_TestCases/Expressions/Expression_13/Expression_13_fromMINT.json,tree,success,,,0.969,0.738865,0,,,,,,,,True,,,,/home/student/Desktop/Neptune_2026/Microfluidics-Benchmarks/Results/tree_full_20260918_100349/artifacts/mint__Expressions__Expression_13__Expression_13_fromMINT/result.json,,Microfluidics-Benchmarks/Results/tree_full_20260918_100349/logs/mint__Expressions__Expression_13__Expression_13_fromMINT.log,Microfluidics-Benchmarks/Results/tree_full_20260918_100349/artifacts/mint__Expressions__Expression_13__Expression_13_fromMINT
332,mint,mint__Expressions__Expression_14__Expression_14_fromMINT,Expressions/Expression_14/Expression_14_fromMINT.json,/home/student/Desktop/Neptune_2026/Microfluidics-Benchmarks/Results/MINT_TestCases/Expressions/Expression_14/Expression_14_fromMINT.json,tree,success,,,2.272,2.028225,0,,,,,,,,True,,,,/home/student/Desktop/Neptune_2026/Microfluidics-Benchmarks/Results/tree_full_20260918_100349/artifacts/mint__Expressions__Expression_14__Expression_14_fromMINT/result.json,,Microfluidics-Benchmarks/Results/tree_full_20260918_100349/logs/mint__Expressions__Expression_14__Expression_14_fromMINT.log,Microfluidics-Benchmarks/Results/tree_full_20260918_100349/artifacts/mint__Expressions__Expression_14__Expression_14_fromMINT
333,mint,mint__Expressions__Expression_15__Expression_15_fromMINT,Expressions/Expression_15/Expression_15_fromMINT.json,/home/student/Desktop/Neptune_2026/Microfluidics-Benchmarks/Results/MINT_TestCases/Expressions/Expression_15/Expression_15_fromMINT.json,tree,success,,,1.27,1.005947,0,,,,,,,,True,,,,/home/student/Desktop/Neptune_2026/Microfluidics-Benchmarks/Results/tree_full_20260918_100349/artifacts/mint__Expressions__Expression_15__Expression_15_fromMINT/result.json,,Microfluidics-Benchmarks/Results/tree_full_20260918_100349/logs/mint__Expressions__Expression_15__Expression_15_fromMINT.log,Microfluidics-Benchmarks/Results/tree_full_20260918_100349/artifacts/mint__Expressions__Expression_15__Expression_15_fromMINT
334,mint,mint__Expressions__Expression_2__Expression_2_fromMINT,Expressions/Expression_2/Expression_2_fromMINT.json,/home/student/Desktop/Neptune_2026/Microfluidics-Benchmarks/Results/MINT_TestCases/Expressions/Expression_2/Expression_2_fromMINT.json,tree,success,,,1.019,0.790036,0,,,,,,,,True,,,,/home/student/Desktop/Neptune_2026/Microfluidics-Benchmarks/Results/tree_full_20260918_100349/artifacts/mint__Expressions__Expression_2__Expression_2_fromMINT/result.json,,Microfluidics-Benchmarks/Results/tree_full_20260918_100349/logs/mint__Expressions__Expression_2__Expression_2_fromMINT.log,Microfluidics-Benchmarks/Results/tree_full_20260918_100349/artifacts/mint__Expressions__Expression_2__Expression_2_fromMINT
335,mint,mint__Expressions__Expression_3__Expression_3_fromMINT,Expressions/Expression_3/Expression_3_fromMINT.json,/home/student/Desktop/Neptune_2026/Microfluidics-Benchmarks/Results/MINT_TestCases/Expressions/Expression_3/Expression_3_fromMINT.json,tree,success,,,1.019,0.786266,0,,,,,,,,True,,,,/home/student/Desktop/Neptune_2026/Microfluidics-Benchmarks/Results/tree_full_20260918_100349/artifacts/mint__Expressions__Expression_3__Expression_3_fromMINT/result.json,,Microfluidics-Benchmarks/Results/tree_full_20260918_100349/logs/mint__Expressions__Expression_3__Expression_3_fromMINT.log,Microfluidics-Benchmarks/Results/tree_full_20260918_100349/artifacts/mint__Expressions__Expression_3__Expression_3_fromMINT
336,mint,mint__Expressions__Expression_4__Expression_4_fromMINT,Expressions/Expression_4/Expression_4_fromMINT.json,/home/student/Desktop/Neptune_2026/Microfluidics-Benchmarks/Results/MINT_TestCases/Expressions/Expression_4/Expression_4_fromMINT.json,tree,success,,,1.019,0.802133,0,,,,,,,,True,,,,/home/student/Desktop/Neptune_2026/Microfluidics-Benchmarks/Results/tree_full_20260918_100349/artifacts/mint__Expressions__Expression_4__Expression_4_fromMINT/result.json,,Microfluidics-Benchmarks/Results/tree_full_20260918_100349/logs/mint__Expressions__Expression_4__Expression_4_fromMINT.log,Microfluidics-Benchmarks/Results/tree_full_20260918_100349/artifacts/mint__Expressions__Expression_4__Expression_4_fromMINT
337,mint,mint__Expressions__Expression_5__Expression_5_fromMINT,Expressions/Expression_5/Expression_5_fromMINT.json,/home/student/Desktop/Neptune_2026/Microfluidics-Benchmarks/Results/MINT_TestCases/Expressions/Expression_5/Expression_5_fromMINT.json,tree,success,,,1.07,0.823107,0,,,,,,,,True,,,,/home/student/Desktop/Neptune_2026/Microfluidics-Benchmarks/Results/tree_full_20260918_100349/artifacts/mint__Expressions__Expression_5__Expression_5_fromMINT/result.json,,Microfluidics-Benchmarks/Results/tree_full_20260918_100349/logs/mint__Expressions__Expression_5__Expression_5_fromMINT.log,Microfluidics-Benchmarks/Results/tree_full_20260918_100349/artifacts/mint__Expressions__Expression_5__Expression_5_fromMINT
338,mint,mint__Expressions__Expression_6__Expression_6_fromMINT,Expressions/Expression_6/Expression_6_fromMINT.json,/home/student/Desktop/Neptune_2026/Microfluidics-Benchmarks/Results/MINT_TestCases/Expressions/Expression_6/Expression_6_fromMINT.json,tree,success,,,1.119,0.889476,0,,,,,,,,True,,,,/home/student/Desktop/Neptune_2026/Microfluidics-Benchmarks/Results/tree_full_20260918_100349/artifacts/mint__Expressions__Expression_6__Expression_6_fromMINT/result.json,,Microfluidics-Benchmarks/Results/tree_full_20260918_100349/logs/mint__Expressions__Expression_6__Expression_6_fromMINT.log,Microfluidics-Benchmarks/Results/tree_full_20260918_100349/artifacts/mint__Expressions__Expression_6__Expression_6_fromMINT
339,mint,mint__Expressions__Expression_7__Expression_7_fromMINT,Expressions/Expression_7/Expression_7_fromMINT.json,/home/student/Desktop/Neptune_2026/Microfluidics-Benchmarks/Results/MINT_TestCases/Expressions/Expression_7/Expression_7_fromMINT.json,tree,success,,,1.169,0.932177,0,,,,,,,,True,,,,/home/student/Desktop/Neptune_2026/Microfluidics-Benchmarks/Results/tree_full_20260918_100349/artifacts/mint__Expressions__Expression_7__Expression_7_fromMINT/result.json,,Microfluidics-Benchmarks/Results/tree_full_20260918_100349/logs/mint__Expressions__Expression_7__Expression_7_fromMINT.log,Microfluidics-Benchmarks/Results/tree_full_20260918_100349/artifacts/mint__Expressions__Expression_7__Expression_7_fromMINT
340,mint,mint__Expressions__Expression_8__Expression_8_fromMINT,Expressions/Expression_8/Expression_8_fromMINT.json,/home/student/Desktop/Neptune_2026/Microfluidics-Benchmarks/Results/MINT_TestCases/Expressions/Expression_8/Expression_8_fromMINT.json,tree,success,,,1.119,0.878164,0,,,,,,,,True,,,,/home/student/Desktop/Neptune_2026/Microfluidics-Benchmarks/Results/tree_full_20260918_100349/artifacts/mint__Expressions__Expression_8__Expression_8_fromMINT/result.json,,Microfluidics-Benchmarks/Results/tree_full_20260918_100349/logs/mint__Expressions__Expression_8__Expression_8_fromMINT.log,Microfluidics-Benchmarks/Results/tree_full_20260918_100349/artifacts/mint__Expressions__Expression_8__Expression_8_fromMINT
341,mint,mint__Expressions__Expression_9__Expression_9_fromMINT,Expressions/Expression_9/Expression_9_fromMINT.json,/home/student/Desktop/Neptune_2026/Microfluidics-Benchmarks/Results/MINT_TestCases/Expressions/Expression_9/Expression_9_fromMINT.json,tree,success,,,1.019,0.798798,0,,,,,,,,True,,,,/home/student/Desktop/Neptune_2026/Microfluidics-Benchmarks/Results/tree_full_20260918_100349/artifacts/mint__Expressions__Expression_9__Expression_9_fromMINT/result.json,,Microfluidics-Benchmarks/Results/tree_full_20260918_100349/logs/mint__Expressions__Expression_9__Expression_9_fromMINT.log,Microfluidics-Benchmarks/Results/tree_full_20260918_100349/artifacts/mint__Expressions__Expression_9__Expression_9_fromMINT
342,mint,mint__Ghissues__Issue_10__Issue_10_fromMINT,Ghissues/Issue_10/Issue_10_fromMINT.json,/home/student/Desktop/Neptune_2026/Microfluidics-Benchmarks/Results/MINT_TestCases/Ghissues/Issue_10/Issue_10_fromMINT.json,tree,fail,,"ValueError: Invalid layer-1 topology: sink endpoint component 'valve_0', port '1' is driven by multiple source components; connection ids=['Ctrlchannel_0', 'Ctrlchannel_1', 'Ctrlchannel_2', 'Ctrlchannel_3', 'Ctrlchannel_4', 'Ctrlchannel_5', 'Ctrlchannel_6', 'Ctrlchannel_7', 'Ctrlchannel_8', 'Ctrlchannel_9', 'Ctrlchannel_10', 'Ctrlchannel_11', 'Ctrlchannel_12', 'Ctrlchannel_13', 'Ctrlchannel_14', 'Ctrlchannel_15', 'Ctrlchannel_16']; source ids=['Cport_0', 'Cport_1', 'Cport_2', 'Cport_3', 'Cport_4', 'Cport_5', 'Cport_6', 'Cport_7', 'Cport_8', 'Cport_9', 'Cport_10', 'Cport_11', 'Cport_12', 'Cport_13', 'Cport_14', 'Cport_15', 'Cport_16']",0.568,0.363271,1,,,,,,,,,,,,,,Microfluidics-Benchmarks/Results/tree_full_20260918_100349/logs/mint__Ghissues__Issue_10__Issue_10_fromMINT.log,Microfluidics-Benchmarks/Results/tree_full_20260918_100349/artifacts/mint__Ghissues__Issue_10__Issue_10_fromMINT
343,mint,mint__Ghissues__Issue_15__Issue_15_fromMINT,Ghissues/Issue_15/Issue_15_fromMINT.json,/home/student/Desktop/Neptune_2026/Microfluidics-Benchmarks/Results/MINT_TestCases/Ghissues/Issue_15/Issue_15_fromMINT.json,tree,success,,,1.069,0.809212,0,,,,,,,,True,,,,/home/student/Desktop/Neptune_2026/Microfluidics-Benchmarks/Results/tree_full_20260918_100349/artifacts/mint__Ghissues__Issue_15__Issue_15_fromMINT/result.json,,Microfluidics-Benchmarks/Results/tree_full_20260918_100349/logs/mint__Ghissues__Issue_15__Issue_15_fromMINT.log,Microfluidics-Benchmarks/Results/tree_full_20260918_100349/artifacts/mint__Ghissues__Issue_15__Issue_15_fromMINT
344,mint,mint__Ghissues__Issue_2__Issue_2_fromMINT,Ghissues/Issue_2/Issue_2_fromMINT.json,/home/student/Desktop/Neptune_2026/Microfluidics-Benchmarks/Results/MINT_TestCases/Ghissues/Issue_2/Issue_2_fromMINT.json,tree,success,,,0.919,0.691133,0,,,,,,,,True,,,,/home/student/Desktop/Neptune_2026/Microfluidics-Benchmarks/Results/tree_full_20260918_100349/artifacts/mint__Ghissues__Issue_2__Issue_2_fromMINT/result.json,,Microfluidics-Benchmarks/Results/tree_full_20260918_100349/logs/mint__Ghissues__Issue_2__Issue_2_fromMINT.log,Microfluidics-Benchmarks/Results/tree_full_20260918_100349/artifacts/mint__Ghissues__Issue_2__Issue_2_fromMINT
345,mint,mint__Ghissues__Issue_3__Issue_3_fromMINT,Ghissues/Issue_3/Issue_3_fromMINT.json,/home/student/Desktop/Neptune_2026/Microfluidics-Benchmarks/Results/MINT_TestCases/Ghissues/Issue_3/Issue_3_fromMINT.json,tree,success,,,1.319,1.101036,0,,,,,,,,True,,,,/home/student/Desktop/Neptune_2026/Microfluidics-Benchmarks/Results/tree_full_20260918_100349/artifacts/mint__Ghissues__Issue_3__Issue_3_fromMINT/result.json,,Microfluidics-Benchmarks/Results/tree_full_20260918_100349/logs/mint__Ghissues__Issue_3__Issue_3_fromMINT.log,Microfluidics-Benchmarks/Results/tree_full_20260918_100349/artifacts/mint__Ghissues__Issue_3__Issue_3_fromMINT
346,mint,mint__Ghissues__Issue_6__Issue_6_fromMINT,Ghissues/Issue_6/Issue_6_fromMINT.json,/home/student/Desktop/Neptune_2026/Microfluidics-Benchmarks/Results/MINT_TestCases/Ghissues/Issue_6/Issue_6_fromMINT.json,tree,fail,,"ValueError: Invalid layer-1 topology: sink endpoint component 'valve_0', port '1' is driven by multiple source components; connection ids=['Ctrlchannel_0', 'Ctrlchannel_1', 'Ctrlchannel_2', 'Ctrlchannel_3', 'Ctrlchannel_4', 'Ctrlchannel_5']; source ids=['Cport_0', 'Cport_1', 'Cport_2', 'Cport_3', 'Cport_4', 'Cport_5']",0.568,0.362535,1,,,,,,,,,,,,,,Microfluidics-Benchmarks/Results/tree_full_20260918_100349/logs/mint__Ghissues__Issue_6__Issue_6_fromMINT.log,Microfluidics-Benchmarks/Results/tree_full_20260918_100349/artifacts/mint__Ghissues__Issue_6__Issue_6_fromMINT
347,mint,mint__Ghissues__Issue_7__Issue_7_fromMINT,Ghissues/Issue_7/Issue_7_fromMINT.json,/home/student/Desktop/Neptune_2026/Microfluidics-Benchmarks/Results/MINT_TestCases/Ghissues/Issue_7/Issue_7_fromMINT.json,tree,success,,,1.973,1.718284,0,,,,,,,,True,,,,/home/student/Desktop/Neptune_2026/Microfluidics-Benchmarks/Results/tree_full_20260918_100349/artifacts/mint__Ghissues__Issue_7__Issue_7_fromMINT/result.json,,Microfluidics-Benchmarks/Results/tree_full_20260918_100349/logs/mint__Ghissues__Issue_7__Issue_7_fromMINT.log,Microfluidics-Benchmarks/Results/tree_full_20260918_100349/artifacts/mint__Ghissues__Issue_7__Issue_7_fromMINT
348,mint,mint__Ghissues__Issue_8__Issue_8_fromMINT,Ghissues/Issue_8/Issue_8_fromMINT.json,/home/student/Desktop/Neptune_2026/Microfluidics-Benchmarks/Results/MINT_TestCases/Ghissues/Issue_8/Issue_8_fromMINT.json,tree,success,,,2.123,1.852023,0,,,,,,,,True,,,,/home/student/Desktop/Neptune_2026/Microfluidics-Benchmarks/Results/tree_full_20260918_100349/artifacts/mint__Ghissues__Issue_8__Issue_8_fromMINT/result.json,,Microfluidics-Benchmarks/Results/tree_full_20260918_100349/logs/mint__Ghissues__Issue_8__Issue_8_fromMINT.log,Microfluidics-Benchmarks/Results/tree_full_20260918_100349/artifacts/mint__Ghissues__Issue_8__Issue_8_fromMINT
349,mint,mint__Ghissues__Issue_9__Issue_9_fromMINT,Ghissues/Issue_9/Issue_9_fromMINT.json,/home/student/Desktop/Neptune_2026/Microfluidics-Benchmarks/Results/MINT_TestCases/Ghissues/Issue_9/Issue_9_fromMINT.json,tree,fail,,"ValueError: Invalid layer-1 topology: sink endpoint component 'valve_0', port '1' is driven by multiple source components; connection ids=['Ctrlchannel_0', 'Ctrlchannel_1', 'Ctrlchannel_2']; source ids=['Cport_0', 'Cport_1', 'Cport_2']",0.569,0.36121,1,,,,,,,,,,,,,,Microfluidics-Benchmarks/Results/tree_full_20260918_100349/logs/mint__Ghissues__Issue_9__Issue_9_fromMINT.log,Microfluidics-Benchmarks/Results/tree_full_20260918_100349/artifacts/mint__Ghissues__Issue_9__Issue_9_fromMINT
350,mint,mint__Graph_Coverage__Tree_Fanin__Tree_Fanin_fromMINT,Graph_Coverage/Tree_Fanin/Tree_Fanin_fromMINT.json,/home/student/Desktop/Neptune_2026/Microfluidics-Benchmarks/Results/MINT_TestCases/Graph_Coverage/Tree_Fanin/Tree_Fanin_fromMINT.json,tree,success,,,1.119,0.882726,0,,,,,,,,True,,,,/home/student/Desktop/Neptune_2026/Microfluidics-Benchmarks/Results/tree_full_20260918_100349/artifacts/mint__Graph_Coverage__Tree_Fanin__Tree_Fanin_fromMINT/result.json,,Microfluidics-Benchmarks/Results/tree_full_20260918_100349/logs/mint__Graph_Coverage__Tree_Fanin__Tree_Fanin_fromMINT.log,Microfluidics-Benchmarks/Results/tree_full_20260918_100349/artifacts/mint__Graph_Coverage__Tree_Fanin__Tree_Fanin_fromMINT
351,mint,mint__Graph_Coverage__Tree_Fanout__Tree_Fanout_fromMINT,Graph_Coverage/Tree_Fanout/Tree_Fanout_fromMINT.json,/home/student/Desktop/Neptune_2026/Microfluidics-Benchmarks/Results/MINT_TestCases/Graph_Coverage/Tree_Fanout/Tree_Fanout_fromMINT.json,tree,success,,,1.119,0.887606,0,,,,,,,,True,,,,/home/student/Desktop/Neptune_2026/Microfluidics-Benchmarks/Results/tree_full_20260918_100349/artifacts/mint__Graph_Coverage__Tree_Fanout__Tree_Fanout_fromMINT/result.json,,Microfluidics-Benchmarks/Results/tree_full_20260918_100349/logs/mint__Graph_Coverage__Tree_Fanout__Tree_Fanout_fromMINT.log,Microfluidics-Benchmarks/Results/tree_full_20260918_100349/artifacts/mint__Graph_Coverage__Tree_Fanout__Tree_Fanout_fromMINT
352,mint,mint__Grid__Grid_03__Grid_03_fromMINT,Grid/Grid_03/Grid_03_fromMINT.json,/home/student/Desktop/Neptune_2026/Microfluidics-Benchmarks/Results/MINT_TestCases/Grid/Grid_03/Grid_03_fromMINT.json,tree,success,,,19.876,19.638299,0,,,,,,,,True,,,,/home/student/Desktop/Neptune_2026/Microfluidics-Benchmarks/Results/tree_full_20260918_100349/artifacts/mint__Grid__Grid_03__Grid_03_fromMINT/result.json,,Microfluidics-Benchmarks/Results/tree_full_20260918_100349/logs/mint__Grid__Grid_03__Grid_03_fromMINT.log,Microfluidics-Benchmarks/Results/tree_full_20260918_100349/artifacts/mint__Grid__Grid_03__Grid_03_fromMINT
353,mint,mint__Grid__Grid_04__Grid_04_fromMINT,Grid/Grid_04/Grid_04_fromMINT.json,/home/student/Desktop/Neptune_2026/Microfluidics-Benchmarks/Results/MINT_TestCases/Grid/Grid_04/Grid_04_fromMINT.json,tree,success,,,278.378,278.105746,0,,,,,,,,True,,,,/home/student/Desktop/Neptune_2026/Microfluidics-Benchmarks/Results/tree_full_20260918_100349/artifacts/mint__Grid__Grid_04__Grid_04_fromMINT/result.json,,Microfluidics-Benchmarks/Results/tree_full_20260918_100349/logs/mint__Grid__Grid_04__Grid_04_fromMINT.log,Microfluidics-Benchmarks/Results/tree_full_20260918_100349/artifacts/mint__Grid__Grid_04__Grid_04_fromMINT
354,mint,mint__Grid__Grid_05__Grid_05_fromMINT,Grid/Grid_05/Grid_05_fromMINT.json,/home/student/Desktop/Neptune_2026/Microfluidics-Benchmarks/Results/MINT_TestCases/Grid/Grid_05/Grid_05_fromMINT.json,tree,success,,,579.001,578.763867,0,,,,,,,,True,,,,/home/student/Desktop/Neptune_2026/Microfluidics-Benchmarks/Results/tree_full_20260918_100349/artifacts/mint__Grid__Grid_05__Grid_05_fromMINT/result.json,,Microfluidics-Benchmarks/Results/tree_full_20260918_100349/logs/mint__Grid__Grid_05__Grid_05_fromMINT.log,Microfluidics-Benchmarks/Results/tree_full_20260918_100349/artifacts/mint__Grid__Grid_05__Grid_05_fromMINT
355,mint,mint__Grid__Grid_06__Grid_06_fromMINT,Grid/Grid_06/Grid_06_fromMINT.json,/home/student/Desktop/Neptune_2026/Microfluidics-Benchmarks/Results/MINT_TestCases/Grid/Grid_06/Grid_06_fromMINT.json,tree,success,,,1642.24,1641.96633,0,,,,,,,,True,,,,/home/student/Desktop/Neptune_2026/Microfluidics-Benchmarks/Results/tree_full_20260918_100349/artifacts/mint__Grid__Grid_06__Grid_06_fromMINT/result.json,,Microfluidics-Benchmarks/Results/tree_full_20260918_100349/logs/mint__Grid__Grid_06__Grid_06_fromMINT.log,Microfluidics-Benchmarks/Results/tree_full_20260918_100349/artifacts/mint__Grid__Grid_06__Grid_06_fromMINT
356,mint,mint__Grid__Grid_07__Grid_07_fromMINT,Grid/Grid_07/Grid_07_fromMINT.json,/home/student/Desktop/Neptune_2026/Microfluidics-Benchmarks/Results/MINT_TestCases/Grid/Grid_07/Grid_07_fromMINT.json,tree,success,,,2818.775,2818.519322,0,,,,,,,,True,,,,/home/student/Desktop/Neptune_2026/Microfluidics-Benchmarks/Results/tree_full_20260918_100349/artifacts/mint__Grid__Grid_07__Grid_07_fromMINT/result.json,,Microfluidics-Benchmarks/Results/tree_full_20260918_100349/logs/mint__Grid__Grid_07__Grid_07_fromMINT.log,Microfluidics-Benchmarks/Results/tree_full_20260918_100349/artifacts/mint__Grid__Grid_07__Grid_07_fromMINT
357,mint,mint__Grid__Grid_08__Grid_08_fromMINT,Grid/Grid_08/Grid_08_fromMINT.json,/home/student/Desktop/Neptune_2026/Microfluidics-Benchmarks/Results/MINT_TestCases/Grid/Grid_08/Grid_08_fromMINT.json,tree,timeout,timeout,exceeded 3600s,3600.018,,,,,,,,,,,,,,,,Microfluidics-Benchmarks/Results/tree_full_20260918_100349/logs/mint__Grid__Grid_08__Grid_08_fromMINT.log,Microfluidics-Benchmarks/Results/tree_full_20260918_100349/artifacts/mint__Grid__Grid_08__Grid_08_fromMINT
358,mint,mint__Grid__Grid_09__Grid_09_fromMINT,Grid/Grid_09/Grid_09_fromMINT.json,/home/student/Desktop/Neptune_2026/Microfluidics-Benchmarks/Results/MINT_TestCases/Grid/Grid_09/Grid_09_fromMINT.json,tree,timeout,timeout,exceeded 3600s,3600.017,,,,,,,,,,,,,,,,Microfluidics-Benchmarks/Results/tree_full_20260918_100349/logs/mint__Grid__Grid_09__Grid_09_fromMINT.log,Microfluidics-Benchmarks/Results/tree_full_20260918_100349/artifacts/mint__Grid__Grid_09__Grid_09_fromMINT
359,mint,mint__Grid__Grid_10__Grid_10_fromMINT,Grid/Grid_10/Grid_10_fromMINT.json,/home/student/Desktop/Neptune_2026/Microfluidics-Benchmarks/Results/MINT_TestCases/Grid/Grid_10/Grid_10_fromMINT.json,tree,timeout,timeout,exceeded 3600s,3600.017,,,,,,,,,,,,,,,,Microfluidics-Benchmarks/Results/tree_full_20260918_100349/logs/mint__Grid__Grid_10__Grid_10_fromMINT.log,Microfluidics-Benchmarks/Results/tree_full_20260918_100349/artifacts/mint__Grid__Grid_10__Grid_10_fromMINT
360,mint,mint__Grid__Grid_11__Grid_11_fromMINT,Grid/Grid_11/Grid_11_fromMINT.json,/home/student/Desktop/Neptune_2026/Microfluidics-Benchmarks/Results/MINT_TestCases/Grid/Grid_11/Grid_11_fromMINT.json,tree,timeout,timeout,exceeded 3600s,3600.018,,,,,,,,,,,,,,,,Microfluidics-Benchmarks/Results/tree_full_20260918_100349/logs/mint__Grid__Grid_11__Grid_11_fromMINT.log,Microfluidics-Benchmarks/Results/tree_full_20260918_100349/artifacts/mint__Grid__Grid_11__Grid_11_fromMINT
361,mint,mint__Grid__Grid_12__Grid_12_fromMINT,Grid/Grid_12/Grid_12_fromMINT.json,/home/student/Desktop/Neptune_2026/Microfluidics-Benchmarks/Results/MINT_TestCases/Grid/Grid_12/Grid_12_fromMINT.json,tree,timeout,timeout,exceeded 3600s,3600.017,,,,,,,,,,,,,,,,Microfluidics-Benchmarks/Results/tree_full_20260918_100349/logs/mint__Grid__Grid_12__Grid_12_fromMINT.log,Microfluidics-Benchmarks/Results/tree_full_20260918_100349/artifacts/mint__Grid__Grid_12__Grid_12_fromMINT
362,mint,mint__Grid__Grid_13__Grid_13_fromMINT,Grid/Grid_13/Grid_13_fromMINT.json,/home/student/Desktop/Neptune_2026/Microfluidics-Benchmarks/Results/MINT_TestCases/Grid/Grid_13/Grid_13_fromMINT.json,tree,timeout,timeout,exceeded 3600s,3600.017,,,,,,,,,,,,,,,,Microfluidics-Benchmarks/Results/tree_full_20260918_100349/logs/mint__Grid__Grid_13__Grid_13_fromMINT.log,Microfluidics-Benchmarks/Results/tree_full_20260918_100349/artifacts/mint__Grid__Grid_13__Grid_13_fromMINT
363,mint,mint__Grid__Grid_14__Grid_14_fromMINT,Grid/Grid_14/Grid_14_fromMINT.json,/home/student/Desktop/Neptune_2026/Microfluidics-Benchmarks/Results/MINT_TestCases/Grid/Grid_14/Grid_14_fromMINT.json,tree,timeout,timeout,exceeded 3600s,3600.017,,,,,,,,,,,,,,,,Microfluidics-Benchmarks/Results/tree_full_20260918_100349/logs/mint__Grid__Grid_14__Grid_14_fromMINT.log,Microfluidics-Benchmarks/Results/tree_full_20260918_100349/artifacts/mint__Grid__Grid_14__Grid_14_fromMINT
364,mint,mint__Grid__Grid_15__Grid_15_fromMINT,Grid/Grid_15/Grid_15_fromMINT.json,/home/student/Desktop/Neptune_2026/Microfluidics-Benchmarks/Results/MINT_TestCases/Grid/Grid_15/Grid_15_fromMINT.json,tree,timeout,timeout,exceeded 3600s,3600.018,,,,,,,,,,,,,,,,Microfluidics-Benchmarks/Results/tree_full_20260918_100349/logs/mint__Grid__Grid_15__Grid_15_fromMINT.log,Microfluidics-Benchmarks/Results/tree_full_20260918_100349/artifacts/mint__Grid__Grid_15__Grid_15_fromMINT
365,mint,mint__Grid__Grid_16__Grid_16_fromMINT,Grid/Grid_16/Grid_16_fromMINT.json,/home/student/Desktop/Neptune_2026/Microfluidics-Benchmarks/Results/MINT_TestCases/Grid/Grid_16/Grid_16_fromMINT.json,tree,timeout,timeout,exceeded 3600s,3600.034,,,,,,,,,,,,,,,,Microfluidics-Benchmarks/Results/tree_full_20260918_100349/logs/mint__Grid__Grid_16__Grid_16_fromMINT.log,Microfluidics-Benchmarks/Results/tree_full_20260918_100349/artifacts/mint__Grid__Grid_16__Grid_16_fromMINT
366,mint,mint__Literature_Benchmarks__Device_1_Sc_Rna_Seq__Device_1_Sc_Rna_Seq_fromMINT,Literature_Benchmarks/Device_1_Sc_Rna_Seq/Device_1_Sc_Rna_Seq_fromMINT.json,/home/student/Desktop/Neptune_2026/Microfluidics-Benchmarks/Results/MINT_TestCases/Literature_Benchmarks/Device_1_Sc_Rna_Seq/Device_1_Sc_Rna_Seq_fromMINT.json,tree,success,,,1.068,0.828025,0,,,,,,,,True,,,,/home/student/Desktop/Neptune_2026/Microfluidics-Benchmarks/Results/tree_full_20260918_100349/artifacts/mint__Literature_Benchmarks__Device_1_Sc_Rna_Seq__Device_1_Sc_Rna_Seq_fromMINT/result.json,,Microfluidics-Benchmarks/Results/tree_full_20260918_100349/logs/mint__Literature_Benchmarks__Device_1_Sc_Rna_Seq__Device_1_Sc_Rna_Seq_fromMINT.log,Microfluidics-Benchmarks/Results/tree_full_20260918_100349/artifacts/mint__Literature_Benchmarks__Device_1_Sc_Rna_Seq__Device_1_Sc_Rna_Seq_fromMINT
367,mint,mint__Literature_Benchmarks__Device_2_Artificial_Cells__Device_2_Artificial_Cells_fromMINT,Literature_Benchmarks/Device_2_Artificial_Cells/Device_2_Artificial_Cells_fromMINT.json,/home/student/Desktop/Neptune_2026/Microfluidics-Benchmarks/Results/MINT_TestCases/Literature_Benchmarks/Device_2_Artificial_Cells/Device_2_Artificial_Cells_fromMINT.json,tree,fail,,"ValueError: Invalid layer-1 topology: sink endpoint component 'valve_0', port '1' is driven by multiple source components; connection ids=['Ctrlchannel_0', 'Ctrlchannel_1', 'Ctrlchannel_2']; source ids=['Cport_0', 'Cport_1', 'Cport_2']",0.568,0.357653,1,,,,,,,,,,,,,,Microfluidics-Benchmarks/Results/tree_full_20260918_100349/logs/mint__Literature_Benchmarks__Device_2_Artificial_Cells__Device_2_Artificial_Cells_fromMINT.log,Microfluidics-Benchmarks/Results/tree_full_20260918_100349/artifacts/mint__Literature_Benchmarks__Device_2_Artificial_Cells__Device_2_Artificial_Cells_fromMINT
368,mint,mint__Literature_Benchmarks__Device_4_Molecular_Diagnostics__Device_4_Molecular_Diagnostics_fromMINT,Literature_Benchmarks/Device_4_Molecular_Diagnostics/Device_4_Molecular_Diagnostics_fromMINT.json,/home/student/Desktop/Neptune_2026/Microfluidics-Benchmarks/Results/MINT_TestCases/Literature_Benchmarks/Device_4_Molecular_Diagnostics/Device_4_Molecular_Diagnostics_fromMINT.json,tree,success,,,1.119,0.880351,0,,,,,,,,True,,,,/home/student/Desktop/Neptune_2026/Microfluidics-Benchmarks/Results/tree_full_20260918_100349/artifacts/mint__Literature_Benchmarks__Device_4_Molecular_Diagnostics__Device_4_Molecular_Diagnostics_fromMINT/result.json,,Microfluidics-Benchmarks/Results/tree_full_20260918_100349/logs/mint__Literature_Benchmarks__Device_4_Molecular_Diagnostics__Device_4_Molecular_Diagnostics_fromMINT.log,Microfluidics-Benchmarks/Results/tree_full_20260918_100349/artifacts/mint__Literature_Benchmarks__Device_4_Molecular_Diagnostics__Device_4_Molecular_Diagnostics_fromMINT
369,mint,mint__Literature_Benchmarks__Device_5_Bacteria_Diagnostics__Device_5_Bacteria_Diagnostics_fromMINT,Literature_Benchmarks/Device_5_Bacteria_Diagnostics/Device_5_Bacteria_Diagnostics_fromMINT.json,/home/student/Desktop/Neptune_2026/Microfluidics-Benchmarks/Results/MINT_TestCases/Literature_Benchmarks/Device_5_Bacteria_Diagnostics/Device_5_Bacteria_Diagnostics_fromMINT.json,tree,fail,,"ValueError: Invalid layer-1 topology: sink endpoint component 'valve_0', port '1' is driven by multiple source components; connection ids=['Ctrlchannel_0', 'Ctrlchannel_1']; source ids=['Cport_0', 'Cport_1']",0.566,0.359916,1,,,,,,,,,,,,,,Microfluidics-Benchmarks/Results/tree_full_20260918_100349/logs/mint__Literature_Benchmarks__Device_5_Bacteria_Diagnostics__Device_5_Bacteria_Diagnostics_fromMINT.log,Microfluidics-Benchmarks/Results/tree_full_20260918_100349/artifacts/mint__Literature_Benchmarks__Device_5_Bacteria_Diagnostics__Device_5_Bacteria_Diagnostics_fromMINT
370,mint,mint__Literature_Benchmarks__Device_6_Organic_Chemical_Synthesis__Device_6_Organic_Chemical_Synthesis_fromMINT,Literature_Benchmarks/Device_6_Organic_Chemical_Synthesis/Device_6_Organic_Chemical_Synthesis_fromMINT.json,/home/student/Desktop/Neptune_2026/Microfluidics-Benchmarks/Results/MINT_TestCases/Literature_Benchmarks/Device_6_Organic_Chemical_Synthesis/Device_6_Organic_Chemical_Synthesis_fromMINT.json,tree,fail,,"ValueError: Invalid layer-1 topology: sink endpoint component 'valve_0', port '1' is driven by multiple source components; connection ids=['Ctrlchannel_0', 'Ctrlchannel_1', 'Ctrlchannel_2', 'Ctrlchannel_3', 'Ctrlchannel_4', 'Ctrlchannel_5']; source ids=['Cport_0', 'Cport_1', 'Cport_2', 'Cport_3', 'Cport_4', 'Cport_5']",0.568,0.358612,1,,,,,,,,,,,,,,Microfluidics-Benchmarks/Results/tree_full_20260918_100349/logs/mint__Literature_Benchmarks__Device_6_Organic_Chemical_Synthesis__Device_6_Organic_Chemical_Synthesis_fromMINT.log,Microfluidics-Benchmarks/Results/tree_full_20260918_100349/artifacts/mint__Literature_Benchmarks__Device_6_Organic_Chemical_Synthesis__Device_6_Organic_Chemical_Synthesis_fromMINT
371,mint,mint__Literature_Benchmarks__Device_7_Enzyme_Screening__Device_7_Enzyme_Screening_fromMINT,Literature_Benchmarks/Device_7_Enzyme_Screening/Device_7_Enzyme_Screening_fromMINT.json,/home/student/Desktop/Neptune_2026/Microfluidics-Benchmarks/Results/MINT_TestCases/Literature_Benchmarks/Device_7_Enzyme_Screening/Device_7_Enzyme_Screening_fromMINT.json,tree,fail,,"ValueError: Invalid layer-1 topology: sink endpoint component 'valve_0', port '1' is driven by multiple source components; connection ids=['Ctrlchannel_7', 'Ctrlchannel_8', 'Ctrlchannel_9', 'Ctrlchannel_10', 'Ctrlchannel_11', 'Ctrlchannel_12', 'Ctrlchannel_13']; source ids=['Cport_7', 'Cport_8', 'Cport_9', 'Cport_10', 'Cport_11', 'Cport_12', 'Cport_13']",0.568,0.358113,1,,,,,,,,,,,,,,Microfluidics-Benchmarks/Results/tree_full_20260918_100349/logs/mint__Literature_Benchmarks__Device_7_Enzyme_Screening__Device_7_Enzyme_Screening_fromMINT.log,Microfluidics-Benchmarks/Results/tree_full_20260918_100349/artifacts/mint__Literature_Benchmarks__Device_7_Enzyme_Screening__Device_7_Enzyme_Screening_fromMINT
372,mint,mint__Mars__Antibiotic_Resistance__Antibiotic_Resistance_fromMINT,Mars/Antibiotic_Resistance/Antibiotic_Resistance_fromMINT.json,/home/student/Desktop/Neptune_2026/Microfluidics-Benchmarks/Results/MINT_TestCases/Mars/Antibiotic_Resistance/Antibiotic_Resistance_fromMINT.json,tree,success,,,1.17,0.927167,0,,,,,,,,True,,,,/home/student/Desktop/Neptune_2026/Microfluidics-Benchmarks/Results/tree_full_20260918_100349/artifacts/mint__Mars__Antibiotic_Resistance__Antibiotic_Resistance_fromMINT/result.json,,Microfluidics-Benchmarks/Results/tree_full_20260918_100349/logs/mint__Mars__Antibiotic_Resistance__Antibiotic_Resistance_fromMINT.log,Microfluidics-Benchmarks/Results/tree_full_20260918_100349/artifacts/mint__Mars__Antibiotic_Resistance__Antibiotic_Resistance_fromMINT
373,mint,mint__Mars__Cell_Lysis__Cell_Lysis_fromMINT,Mars/Cell_Lysis/Cell_Lysis_fromMINT.json,/home/student/Desktop/Neptune_2026/Microfluidics-Benchmarks/Results/MINT_TestCases/Mars/Cell_Lysis/Cell_Lysis_fromMINT.json,tree,success,,,1.069,0.821943,0,,,,,,,,True,,,,/home/student/Desktop/Neptune_2026/Microfluidics-Benchmarks/Results/tree_full_20260918_100349/artifacts/mint__Mars__Cell_Lysis__Cell_Lysis_fromMINT/result.json,,Microfluidics-Benchmarks/Results/tree_full_20260918_100349/logs/mint__Mars__Cell_Lysis__Cell_Lysis_fromMINT.log,Microfluidics-Benchmarks/Results/tree_full_20260918_100349/artifacts/mint__Mars__Cell_Lysis__Cell_Lysis_fromMINT
374,mint,mint__Mars__Dna_Digest__Dna_Digest_fromMINT,Mars/Dna_Digest/Dna_Digest_fromMINT.json,/home/student/Desktop/Neptune_2026/Microfluidics-Benchmarks/Results/MINT_TestCases/Mars/Dna_Digest/Dna_Digest_fromMINT.json,tree,success,,,2.474,2.223825,0,,,,,,,,True,,,,/home/student/Desktop/Neptune_2026/Microfluidics-Benchmarks/Results/tree_full_20260918_100349/artifacts/mint__Mars__Dna_Digest__Dna_Digest_fromMINT/result.json,,Microfluidics-Benchmarks/Results/tree_full_20260918_100349/logs/mint__Mars__Dna_Digest__Dna_Digest_fromMINT.log,Microfluidics-Benchmarks/Results/tree_full_20260918_100349/artifacts/mint__Mars__Dna_Digest__Dna_Digest_fromMINT
375,mint,mint__Mars__Fluorescence__Fluorescence_fromMINT,Mars/Fluorescence/Fluorescence_fromMINT.json,/home/student/Desktop/Neptune_2026/Microfluidics-Benchmarks/Results/MINT_TestCases/Mars/Fluorescence/Fluorescence_fromMINT.json,tree,success,,,1.67,1.411268,0,,,,,,,,True,,,,/home/student/Desktop/Neptune_2026/Microfluidics-Benchmarks/Results/tree_full_20260918_100349/artifacts/mint__Mars__Fluorescence__Fluorescence_fromMINT/result.json,,Microfluidics-Benchmarks/Results/tree_full_20260918_100349/logs/mint__Mars__Fluorescence__Fluorescence_fromMINT.log,Microfluidics-Benchmarks/Results/tree_full_20260918_100349/artifacts/mint__Mars__Fluorescence__Fluorescence_fromMINT
376,mint,mint__Mars__Ligation__Ligation_fromMINT,Mars/Ligation/Ligation_fromMINT.json,/home/student/Desktop/Neptune_2026/Microfluidics-Benchmarks/Results/MINT_TestCases/Mars/Ligation/Ligation_fromMINT.json,tree,fail,,"ValueError: Invalid layer-1 topology: sink endpoint component 'valve_0', port '1' is driven by multiple source components; connection ids=['Ctrlchannel_0', 'Ctrlchannel_1']; source ids=['Cport_0', 'Cport_1']",0.567,0.364951,1,,,,,,,,,,,,,,Microfluidics-Benchmarks/Results/tree_full_20260918_100349/logs/mint__Mars__Ligation__Ligation_fromMINT.log,Microfluidics-Benchmarks/Results/tree_full_20260918_100349/artifacts/mint__Mars__Ligation__Ligation_fromMINT
377,mint,mint__Mars__Pcr__Pcr_fromMINT,Mars/Pcr/Pcr_fromMINT.json,/home/student/Desktop/Neptune_2026/Microfluidics-Benchmarks/Results/MINT_TestCases/Mars/Pcr/Pcr_fromMINT.json,tree,fail,,"ValueError: Invalid layer-1 topology: sink endpoint component 'valve_0', port '1' is driven by multiple source components; connection ids=['Ctrlchannel_0', 'Ctrlchannel_1']; source ids=['Cport_0', 'Cport_1']",0.568,0.35685,1,,,,,,,,,,,,,,Microfluidics-Benchmarks/Results/tree_full_20260918_100349/logs/mint__Mars__Pcr__Pcr_fromMINT.log,Microfluidics-Benchmarks/Results/tree_full_20260918_100349/artifacts/mint__Mars__Pcr__Pcr_fromMINT
378,mint,mint__Mars__Pre_Processor_Dump__Pre_Processor_Dump_fromMINT,Mars/Pre_Processor_Dump/Pre_Processor_Dump_fromMINT.json,/home/student/Desktop/Neptune_2026/Microfluidics-Benchmarks/Results/MINT_TestCases/Mars/Pre_Processor_Dump/Pre_Processor_Dump_fromMINT.json,tree,success,,,0.968,0.74776,0,,,,,,,,True,,,,/home/student/Desktop/Neptune_2026/Microfluidics-Benchmarks/Results/tree_full_20260918_100349/artifacts/mint__Mars__Pre_Processor_Dump__Pre_Processor_Dump_fromMINT/result.json,,Microfluidics-Benchmarks/Results/tree_full_20260918_100349/logs/mint__Mars__Pre_Processor_Dump__Pre_Processor_Dump_fromMINT.log,Microfluidics-Benchmarks/Results/tree_full_20260918_100349/artifacts/mint__Mars__Pre_Processor_Dump__Pre_Processor_Dump_fromMINT
379,mint,mint__Mars__Sorting__Sorting_fromMINT,Mars/Sorting/Sorting_fromMINT.json,/home/student/Desktop/Neptune_2026/Microfluidics-Benchmarks/Results/MINT_TestCases/Mars/Sorting/Sorting_fromMINT.json,tree,success,,,0.968,0.751561,0,,,,,,,,True,,,,/home/student/Desktop/Neptune_2026/Microfluidics-Benchmarks/Results/tree_full_20260918_100349/artifacts/mint__Mars__Sorting__Sorting_fromMINT/result.json,,Microfluidics-Benchmarks/Results/tree_full_20260918_100349/logs/mint__Mars__Sorting__Sorting_fromMINT.log,Microfluidics-Benchmarks/Results/tree_full_20260918_100349/artifacts/mint__Mars__Sorting__Sorting_fromMINT
380,mint,mint__Mars__Transformation__Transformation_fromMINT,Mars/Transformation/Transformation_fromMINT.json,/home/student/Desktop/Neptune_2026/Microfluidics-Benchmarks/Results/MINT_TestCases/Mars/Transformation/Transformation_fromMINT.json,tree,success,,,1.12,0.89499,0,,,,,,,,True,,,,/home/student/Desktop/Neptune_2026/Microfluidics-Benchmarks/Results/tree_full_20260918_100349/artifacts/mint__Mars__Transformation__Transformation_fromMINT/result.json,,Microfluidics-Benchmarks/Results/tree_full_20260918_100349/logs/mint__Mars__Transformation__Transformation_fromMINT.log,Microfluidics-Benchmarks/Results/tree_full_20260918_100349/artifacts/mint__Mars__Transformation__Transformation_fromMINT
381,mint,mint__Primitive__Capacitance_Sensor__Capacitance_Sensor_fromMINT,Primitive/Capacitance_Sensor/Capacitance_Sensor_fromMINT.json,/home/student/Desktop/Neptune_2026/Microfluidics-Benchmarks/Results/MINT_TestCases/Primitive/Capacitance_Sensor/Capacitance_Sensor_fromMINT.json,tree,success,,,0.919,0.706671,0,,,,,,,,True,,,,/home/student/Desktop/Neptune_2026/Microfluidics-Benchmarks/Results/tree_full_20260918_100349/artifacts/mint__Primitive__Capacitance_Sensor__Capacitance_Sensor_fromMINT/result.json,,Microfluidics-Benchmarks/Results/tree_full_20260918_100349/logs/mint__Primitive__Capacitance_Sensor__Capacitance_Sensor_fromMINT.log,Microfluidics-Benchmarks/Results/tree_full_20260918_100349/artifacts/mint__Primitive__Capacitance_Sensor__Capacitance_Sensor_fromMINT
382,mint,mint__Primitive__Curved_Mixer__Curved_Mixer_fromMINT,Primitive/Curved_Mixer/Curved_Mixer_fromMINT.json,/home/student/Desktop/Neptune_2026/Microfluidics-Benchmarks/Results/MINT_TestCases/Primitive/Curved_Mixer/Curved_Mixer_fromMINT.json,tree,success,,,0.926,0.709153,0,,,,,,,,True,,,,/home/student/Desktop/Neptune_2026/Microfluidics-Benchmarks/Results/tree_full_20260918_100349/artifacts/mint__Primitive__Curved_Mixer__Curved_Mixer_fromMINT/result.json,,Microfluidics-Benchmarks/Results/tree_full_20260918_100349/logs/mint__Primitive__Curved_Mixer__Curved_Mixer_fromMINT.log,Microfluidics-Benchmarks/Results/tree_full_20260918_100349/artifacts/mint__Primitive__Curved_Mixer__Curved_Mixer_fromMINT
383,mint,mint__Primitive__Diamond_Chamber__Diamond_Chamber_fromMINT,Primitive/Diamond_Chamber/Diamond_Chamber_fromMINT.json,/home/student/Desktop/Neptune_2026/Microfluidics-Benchmarks/Results/MINT_TestCases/Primitive/Diamond_Chamber/Diamond_Chamber_fromMINT.json,tree,success,,,0.967,0.707553,0,,,,,,,,True,,,,/home/student/Desktop/Neptune_2026/Microfluidics-Benchmarks/Results/tree_full_20260918_100349/artifacts/mint__Primitive__Diamond_Chamber__Diamond_Chamber_fromMINT/result.json,,Microfluidics-Benchmarks/Results/tree_full_20260918_100349/logs/mint__Primitive__Diamond_Chamber__Diamond_Chamber_fromMINT.log,Microfluidics-Benchmarks/Results/tree_full_20260918_100349/artifacts/mint__Primitive__Diamond_Chamber__Diamond_Chamber_fromMINT
384,mint,mint__Primitive__Droplet_Generator_T__Droplet_Generator_T_fromMINT,Primitive/Droplet_Generator_T/Droplet_Generator_T_fromMINT.json,/home/student/Desktop/Neptune_2026/Microfluidics-Benchmarks/Results/MINT_TestCases/Primitive/Droplet_Generator_T/Droplet_Generator_T_fromMINT.json,tree,success,,,0.918,0.68446,0,,,,,,,,True,,,,/home/student/Desktop/Neptune_2026/Microfluidics-Benchmarks/Results/tree_full_20260918_100349/artifacts/mint__Primitive__Droplet_Generator_T__Droplet_Generator_T_fromMINT/result.json,,Microfluidics-Benchmarks/Results/tree_full_20260918_100349/logs/mint__Primitive__Droplet_Generator_T__Droplet_Generator_T_fromMINT.log,Microfluidics-Benchmarks/Results/tree_full_20260918_100349/artifacts/mint__Primitive__Droplet_Generator_T__Droplet_Generator_T_fromMINT
385,mint,mint__Primitive__Droplet_Merger__Droplet_Merger_fromMINT,Primitive/Droplet_Merger/Droplet_Merger_fromMINT.json,/home/student/Desktop/Neptune_2026/Microfluidics-Benchmarks/Results/MINT_TestCases/Primitive/Droplet_Merger/Droplet_Merger_fromMINT.json,tree,success,,,0.918,0.706384,0,,,,,,,,True,,,,/home/student/Desktop/Neptune_2026/Microfluidics-Benchmarks/Results/tree_full_20260918_100349/artifacts/mint__Primitive__Droplet_Merger__Droplet_Merger_fromMINT/result.json,,Microfluidics-Benchmarks/Results/tree_full_20260918_100349/logs/mint__Primitive__Droplet_Merger__Droplet_Merger_fromMINT.log,Microfluidics-Benchmarks/Results/tree_full_20260918_100349/artifacts/mint__Primitive__Droplet_Merger__Droplet_Merger_fromMINT
386,mint,mint__Primitive__Droplet_Sorter__Droplet_Sorter_fromMINT,Primitive/Droplet_Sorter/Droplet_Sorter_fromMINT.json,/home/student/Desktop/Neptune_2026/Microfluidics-Benchmarks/Results/MINT_TestCases/Primitive/Droplet_Sorter/Droplet_Sorter_fromMINT.json,tree,success,,,0.968,0.747827,0,,,,,,,,True,,,,/home/student/Desktop/Neptune_2026/Microfluidics-Benchmarks/Results/tree_full_20260918_100349/artifacts/mint__Primitive__Droplet_Sorter__Droplet_Sorter_fromMINT/result.json,,Microfluidics-Benchmarks/Results/tree_full_20260918_100349/logs/mint__Primitive__Droplet_Sorter__Droplet_Sorter_fromMINT.log,Microfluidics-Benchmarks/Results/tree_full_20260918_100349/artifacts/mint__Primitive__Droplet_Sorter__Droplet_Sorter_fromMINT
387,mint,mint__Primitive__Filter__Filter_fromMINT,Primitive/Filter/Filter_fromMINT.json,/home/student/Desktop/Neptune_2026/Microfluidics-Benchmarks/Results/MINT_TestCases/Primitive/Filter/Filter_fromMINT.json,tree,success,,,0.918,0.701693,0,,,,,,,,True,,,,/home/student/Desktop/Neptune_2026/Microfluidics-Benchmarks/Results/tree_full_20260918_100349/artifacts/mint__Primitive__Filter__Filter_fromMINT/result.json,,Microfluidics-Benchmarks/Results/tree_full_20260918_100349/logs/mint__Primitive__Filter__Filter_fromMINT.log,Microfluidics-Benchmarks/Results/tree_full_20260918_100349/artifacts/mint__Primitive__Filter__Filter_fromMINT
388,mint,mint__Primitive__Flow_Focus_Droplet_Generator__Flow_Focus_Droplet_Generator_fromMINT,Primitive/Flow_Focus_Droplet_Generator/Flow_Focus_Droplet_Generator_fromMINT.json,/home/student/Desktop/Neptune_2026/Microfluidics-Benchmarks/Results/MINT_TestCases/Primitive/Flow_Focus_Droplet_Generator/Flow_Focus_Droplet_Generator_fromMINT.json,tree,success,,,0.918,0.681463,0,,,,,,,,True,,,,/home/student/Desktop/Neptune_2026/Microfluidics-Benchmarks/Results/tree_full_20260918_100349/artifacts/mint__Primitive__Flow_Focus_Droplet_Generator__Flow_Focus_Droplet_Generator_fromMINT/result.json,,Microfluidics-Benchmarks/Results/tree_full_20260918_100349/logs/mint__Primitive__Flow_Focus_Droplet_Generator__Flow_Focus_Droplet_Generator_fromMINT.log,Microfluidics-Benchmarks/Results/tree_full_20260918_100349/artifacts/mint__Primitive__Flow_Focus_Droplet_Generator__Flow_Focus_Droplet_Generator_fromMINT
389,mint,mint__Primitive__Gradient_Generator__Gradient_Generator_fromMINT,Primitive/Gradient_Generator/Gradient_Generator_fromMINT.json,/home/student/Desktop/Neptune_2026/Microfluidics-Benchmarks/Results/MINT_TestCases/Primitive/Gradient_Generator/Gradient_Generator_fromMINT.json,tree,success,,,1.019,0.77338,0,,,,,,,,True,,,,/home/student/Desktop/Neptune_2026/Microfluidics-Benchmarks/Results/tree_full_20260918_100349/artifacts/mint__Primitive__Gradient_Generator__Gradient_Generator_fromMINT/result.json,,Microfluidics-Benchmarks/Results/tree_full_20260918_100349/logs/mint__Primitive__Gradient_Generator__Gradient_Generator_fromMINT.log,Microfluidics-Benchmarks/Results/tree_full_20260918_100349/artifacts/mint__Primitive__Gradient_Generator__Gradient_Generator_fromMINT
390,mint,mint__Primitive__Long_Cell_Trap__Long_Cell_Trap_fromMINT,Primitive/Long_Cell_Trap/Long_Cell_Trap_fromMINT.json,/home/student/Desktop/Neptune_2026/Microfluidics-Benchmarks/Results/MINT_TestCases/Primitive/Long_Cell_Trap/Long_Cell_Trap_fromMINT.json,tree,success,,,0.919,0.704656,0,,,,,,,,True,,,,/home/student/Desktop/Neptune_2026/Microfluidics-Benchmarks/Results/tree_full_20260918_100349/artifacts/mint__Primitive__Long_Cell_Trap__Long_Cell_Trap_fromMINT/result.json,,Microfluidics-Benchmarks/Results/tree_full_20260918_100349/logs/mint__Primitive__Long_Cell_Trap__Long_Cell_Trap_fromMINT.log,Microfluidics-Benchmarks/Results/tree_full_20260918_100349/artifacts/mint__Primitive__Long_Cell_Trap__Long_Cell_Trap_fromMINT
391,mint,mint__Primitive__Mixer__Mixer_fromMINT,Primitive/Mixer/Mixer_fromMINT.json,/home/student/Desktop/Neptune_2026/Microfluidics-Benchmarks/Results/MINT_TestCases/Primitive/Mixer/Mixer_fromMINT.json,tree,success,,,0.918,0.707025,0,,,,,,,,True,,,,/home/student/Desktop/Neptune_2026/Microfluidics-Benchmarks/Results/tree_full_20260918_100349/artifacts/mint__Primitive__Mixer__Mixer_fromMINT/result.json,,Microfluidics-Benchmarks/Results/tree_full_20260918_100349/logs/mint__Primitive__Mixer__Mixer_fromMINT.log,Microfluidics-Benchmarks/Results/tree_full_20260918_100349/artifacts/mint__Primitive__Mixer__Mixer_fromMINT
392,mint,mint__Primitive__Mixer_To_Mixer__Mixer_To_Mixer_fromMINT,Primitive/Mixer_To_Mixer/Mixer_To_Mixer_fromMINT.json,/home/student/Desktop/Neptune_2026/Microfluidics-Benchmarks/Results/MINT_TestCases/Primitive/Mixer_To_Mixer/Mixer_To_Mixer_fromMINT.json,tree,success,,,0.919,0.683106,0,,,,,,,,True,,,,/home/student/Desktop/Neptune_2026/Microfluidics-Benchmarks/Results/tree_full_20260918_100349/artifacts/mint__Primitive__Mixer_To_Mixer__Mixer_To_Mixer_fromMINT/result.json,,Microfluidics-Benchmarks/Results/tree_full_20260918_100349/logs/mint__Primitive__Mixer_To_Mixer__Mixer_To_Mixer_fromMINT.log,Microfluidics-Benchmarks/Results/tree_full_20260918_100349/artifacts/mint__Primitive__Mixer_To_Mixer__Mixer_To_Mixer_fromMINT
393,mint,mint__Primitive__MUX__MUX_fromMINT,Primitive/MUX/MUX_fromMINT.json,/home/student/Desktop/Neptune_2026/Microfluidics-Benchmarks/Results/MINT_TestCases/Primitive/MUX/MUX_fromMINT.json,tree,success,,,1.018,0.786895,0,,,,,,,,True,,,,/home/student/Desktop/Neptune_2026/Microfluidics-Benchmarks/Results/tree_full_20260918_100349/artifacts/mint__Primitive__MUX__MUX_fromMINT/result.json,,Microfluidics-Benchmarks/Results/tree_full_20260918_100349/logs/mint__Primitive__MUX__MUX_fromMINT.log,Microfluidics-Benchmarks/Results/tree_full_20260918_100349/artifacts/mint__Primitive__MUX__MUX_fromMINT
394,mint,mint__Primitive__MUX_3d__MUX_3d_fromMINT,Primitive/MUX_3d/MUX_3d_fromMINT.json,/home/student/Desktop/Neptune_2026/Microfluidics-Benchmarks/Results/MINT_TestCases/Primitive/MUX_3d/MUX_3d_fromMINT.json,tree,success,,,1.019,0.785845,0,,,,,,,,True,,,,/home/student/Desktop/Neptune_2026/Microfluidics-Benchmarks/Results/tree_full_20260918_100349/artifacts/mint__Primitive__MUX_3d__MUX_3d_fromMINT/result.json,,Microfluidics-Benchmarks/Results/tree_full_20260918_100349/logs/mint__Primitive__MUX_3d__MUX_3d_fromMINT.log,Microfluidics-Benchmarks/Results/tree_full_20260918_100349/artifacts/mint__Primitive__MUX_3d__MUX_3d_fromMINT
395,mint,mint__Primitive__Node__Node_fromMINT,Primitive/Node/Node_fromMINT.json,/home/student/Desktop/Neptune_2026/Microfluidics-Benchmarks/Results/MINT_TestCases/Primitive/Node/Node_fromMINT.json,tree,success,,,0.919,0.705147,0,,,,,,,,True,,,,/home/student/Desktop/Neptune_2026/Microfluidics-Benchmarks/Results/tree_full_20260918_100349/artifacts/mint__Primitive__Node__Node_fromMINT/result.json,,Microfluidics-Benchmarks/Results/tree_full_20260918_100349/logs/mint__Primitive__Node__Node_fromMINT.log,Microfluidics-Benchmarks/Results/tree_full_20260918_100349/artifacts/mint__Primitive__Node__Node_fromMINT
396,mint,mint__Primitive__Nozzle_Droplet_Generator__Nozzle_Droplet_Generator_fromMINT,Primitive/Nozzle_Droplet_Generator/Nozzle_Droplet_Generator_fromMINT.json,/home/student/Desktop/Neptune_2026/Microfluidics-Benchmarks/Results/MINT_TestCases/Primitive/Nozzle_Droplet_Generator/Nozzle_Droplet_Generator_fromMINT.json,tree,success,,,0.968,0.744767,0,,,,,,,,True,,,,/home/student/Desktop/Neptune_2026/Microfluidics-Benchmarks/Results/tree_full_20260918_100349/artifacts/mint__Primitive__Nozzle_Droplet_Generator__Nozzle_Droplet_Generator_fromMINT/result.json,,Microfluidics-Benchmarks/Results/tree_full_20260918_100349/logs/mint__Primitive__Nozzle_Droplet_Generator__Nozzle_Droplet_Generator_fromMINT.log,Microfluidics-Benchmarks/Results/tree_full_20260918_100349/artifacts/mint__Primitive__Nozzle_Droplet_Generator__Nozzle_Droplet_Generator_fromMINT
397,mint,mint__Primitive__Picoinjector__Picoinjector_fromMINT,Primitive/Picoinjector/Picoinjector_fromMINT.json,/home/student/Desktop/Neptune_2026/Microfluidics-Benchmarks/Results/MINT_TestCases/Primitive/Picoinjector/Picoinjector_fromMINT.json,tree,success,,,0.969,0.724467,0,,,,,,,,True,,,,/home/student/Desktop/Neptune_2026/Microfluidics-Benchmarks/Results/tree_full_20260918_100349/artifacts/mint__Primitive__Picoinjector__Picoinjector_fromMINT/result.json,,Microfluidics-Benchmarks/Results/tree_full_20260918_100349/logs/mint__Primitive__Picoinjector__Picoinjector_fromMINT.log,Microfluidics-Benchmarks/Results/tree_full_20260918_100349/artifacts/mint__Primitive__Picoinjector__Picoinjector_fromMINT
398,mint,mint__Primitive__Pump__Pump_fromMINT,Primitive/Pump/Pump_fromMINT.json,/home/student/Desktop/Neptune_2026/Microfluidics-Benchmarks/Results/MINT_TestCases/Primitive/Pump/Pump_fromMINT.json,tree,success,,,0.919,0.714572,0,,,,,,,,True,,,,/home/student/Desktop/Neptune_2026/Microfluidics-Benchmarks/Results/tree_full_20260918_100349/artifacts/mint__Primitive__Pump__Pump_fromMINT/result.json,,Microfluidics-Benchmarks/Results/tree_full_20260918_100349/logs/mint__Primitive__Pump__Pump_fromMINT.log,Microfluidics-Benchmarks/Results/tree_full_20260918_100349/artifacts/mint__Primitive__Pump__Pump_fromMINT
399,mint,mint__Primitive__Pump_3d__Pump_3d_fromMINT,Primitive/Pump_3d/Pump_3d_fromMINT.json,/home/student/Desktop/Neptune_2026/Microfluidics-Benchmarks/Results/MINT_TestCases/Primitive/Pump_3d/Pump_3d_fromMINT.json,tree,success,,,0.969,0.713192,0,,,,,,,,True,,,,/home/student/Desktop/Neptune_2026/Microfluidics-Benchmarks/Results/tree_full_20260918_100349/artifacts/mint__Primitive__Pump_3d__Pump_3d_fromMINT/result.json,,Microfluidics-Benchmarks/Results/tree_full_20260918_100349/logs/mint__Primitive__Pump_3d__Pump_3d_fromMINT.log,Microfluidics-Benchmarks/Results/tree_full_20260918_100349/artifacts/mint__Primitive__Pump_3d__Pump_3d_fromMINT
400,mint,mint__Primitive__Rotary_Mixer__Rotary_Mixer_fromMINT,Primitive/Rotary_Mixer/Rotary_Mixer_fromMINT.json,/home/student/Desktop/Neptune_2026/Microfluidics-Benchmarks/Results/MINT_TestCases/Primitive/Rotary_Mixer/Rotary_Mixer_fromMINT.json,tree,success,,,0.969,0.72325,0,,,,,,,,True,,,,/home/student/Desktop/Neptune_2026/Microfluidics-Benchmarks/Results/tree_full_20260918_100349/artifacts/mint__Primitive__Rotary_Mixer__Rotary_Mixer_fromMINT/result.json,,Microfluidics-Benchmarks/Results/tree_full_20260918_100349/logs/mint__Primitive__Rotary_Mixer__Rotary_Mixer_fromMINT.log,Microfluidics-Benchmarks/Results/tree_full_20260918_100349/artifacts/mint__Primitive__Rotary_Mixer__Rotary_Mixer_fromMINT
401,mint,mint__Primitive__Splitter__Splitter_fromMINT,Primitive/Splitter/Splitter_fromMINT.json,/home/student/Desktop/Neptune_2026/Microfluidics-Benchmarks/Results/MINT_TestCases/Primitive/Splitter/Splitter_fromMINT.json,tree,success,,,0.97,0.729797,0,,,,,,,,True,,,,/home/student/Desktop/Neptune_2026/Microfluidics-Benchmarks/Results/tree_full_20260918_100349/artifacts/mint__Primitive__Splitter__Splitter_fromMINT/result.json,,Microfluidics-Benchmarks/Results/tree_full_20260918_100349/logs/mint__Primitive__Splitter__Splitter_fromMINT.log,Microfluidics-Benchmarks/Results/tree_full_20260918_100349/artifacts/mint__Primitive__Splitter__Splitter_fromMINT
402,mint,mint__Primitive__Square_Cell_Trap__Square_Cell_Trap_fromMINT,Primitive/Square_Cell_Trap/Square_Cell_Trap_fromMINT.json,/home/student/Desktop/Neptune_2026/Microfluidics-Benchmarks/Results/MINT_TestCases/Primitive/Square_Cell_Trap/Square_Cell_Trap_fromMINT.json,tree,success,,,0.968,0.754602,0,,,,,,,,True,,,,/home/student/Desktop/Neptune_2026/Microfluidics-Benchmarks/Results/tree_full_20260918_100349/artifacts/mint__Primitive__Square_Cell_Trap__Square_Cell_Trap_fromMINT/result.json,,Microfluidics-Benchmarks/Results/tree_full_20260918_100349/logs/mint__Primitive__Square_Cell_Trap__Square_Cell_Trap_fromMINT.log,Microfluidics-Benchmarks/Results/tree_full_20260918_100349/artifacts/mint__Primitive__Square_Cell_Trap__Square_Cell_Trap_fromMINT
403,mint,mint__Primitive__Transposer__Transposer_fromMINT,Primitive/Transposer/Transposer_fromMINT.json,/home/student/Desktop/Neptune_2026/Microfluidics-Benchmarks/Results/MINT_TestCases/Primitive/Transposer/Transposer_fromMINT.json,tree,success,,,1.019,0.760295,0,,,,,,,,True,,,,/home/student/Desktop/Neptune_2026/Microfluidics-Benchmarks/Results/tree_full_20260918_100349/artifacts/mint__Primitive__Transposer__Transposer_fromMINT/result.json,,Microfluidics-Benchmarks/Results/tree_full_20260918_100349/logs/mint__Primitive__Transposer__Transposer_fromMINT.log,Microfluidics-Benchmarks/Results/tree_full_20260918_100349/artifacts/mint__Primitive__Transposer__Transposer_fromMINT
404,mint,mint__Primitive__Tree__Tree_fromMINT,Primitive/Tree/Tree_fromMINT.json,/home/student/Desktop/Neptune_2026/Microfluidics-Benchmarks/Results/MINT_TestCases/Primitive/Tree/Tree_fromMINT.json,tree,success,,,1.02,0.776777,0,,,,,,,,True,,,,/home/student/Desktop/Neptune_2026/Microfluidics-Benchmarks/Results/tree_full_20260918_100349/artifacts/mint__Primitive__Tree__Tree_fromMINT/result.json,,Microfluidics-Benchmarks/Results/tree_full_20260918_100349/logs/mint__Primitive__Tree__Tree_fromMINT.log,Microfluidics-Benchmarks/Results/tree_full_20260918_100349/artifacts/mint__Primitive__Tree__Tree_fromMINT
405,mint,mint__Primitive__Valve__Valve_fromMINT,Primitive/Valve/Valve_fromMINT.json,/home/student/Desktop/Neptune_2026/Microfluidics-Benchmarks/Results/MINT_TestCases/Primitive/Valve/Valve_fromMINT.json,tree,success,,,0.969,0.73655,0,,,,,,,,True,,,,/home/student/Desktop/Neptune_2026/Microfluidics-Benchmarks/Results/tree_full_20260918_100349/artifacts/mint__Primitive__Valve__Valve_fromMINT/result.json,,Microfluidics-Benchmarks/Results/tree_full_20260918_100349/logs/mint__Primitive__Valve__Valve_fromMINT.log,Microfluidics-Benchmarks/Results/tree_full_20260918_100349/artifacts/mint__Primitive__Valve__Valve_fromMINT
406,mint,mint__Primitive__Y_Tree__Y_Tree_fromMINT,Primitive/Y_Tree/Y_Tree_fromMINT.json,/home/student/Desktop/Neptune_2026/Microfluidics-Benchmarks/Results/MINT_TestCases/Primitive/Y_Tree/Y_Tree_fromMINT.json,tree,success,,,1.02,0.77522,0,,,,,,,,True,,,,/home/student/Desktop/Neptune_2026/Microfluidics-Benchmarks/Results/tree_full_20260918_100349/artifacts/mint__Primitive__Y_Tree__Y_Tree_fromMINT/result.json,,Microfluidics-Benchmarks/Results/tree_full_20260918_100349/logs/mint__Primitive__Y_Tree__Y_Tree_fromMINT.log,Microfluidics-Benchmarks/Results/tree_full_20260918_100349/artifacts/mint__Primitive__Y_Tree__Y_Tree_fromMINT
407,mint,mint__Protocols__Cell_Sorting__Cell_Sorting_fromMINT,Protocols/Cell_Sorting/Cell_Sorting_fromMINT.json,/home/student/Desktop/Neptune_2026/Microfluidics-Benchmarks/Results/MINT_TestCases/Protocols/Cell_Sorting/Cell_Sorting_fromMINT.json,tree,success,,,0.968,0.730161,0,,,,,,,,True,,,,/home/student/Desktop/Neptune_2026/Microfluidics-Benchmarks/Results/tree_full_20260918_100349/artifacts/mint__Protocols__Cell_Sorting__Cell_Sorting_fromMINT/result.json,,Microfluidics-Benchmarks/Results/tree_full_20260918_100349/logs/mint__Protocols__Cell_Sorting__Cell_Sorting_fromMINT.log,Microfluidics-Benchmarks/Results/tree_full_20260918_100349/artifacts/mint__Protocols__Cell_Sorting__Cell_Sorting_fromMINT
408,mint,mint__Protocols__Directed_Evolution__Directed_Evolution_fromMINT,Protocols/Directed_Evolution/Directed_Evolution_fromMINT.json,/home/student/Desktop/Neptune_2026/Microfluidics-Benchmarks/Results/MINT_TestCases/Protocols/Directed_Evolution/Directed_Evolution_fromMINT.json,tree,fail,,"ValueError: Invalid layer-1 topology: sink endpoint component 'valve_0', port '1' is driven by multiple source components; connection ids=['Ctrlchannel_0', 'Ctrlchannel_1', 'Ctrlchannel_2']; source ids=['Cport_0', 'Cport_1', 'Cport_2']",0.567,0.358002,1,,,,,,,,,,,,,,Microfluidics-Benchmarks/Results/tree_full_20260918_100349/logs/mint__Protocols__Directed_Evolution__Directed_Evolution_fromMINT.log,Microfluidics-Benchmarks/Results/tree_full_20260918_100349/artifacts/mint__Protocols__Directed_Evolution__Directed_Evolution_fromMINT
409,mint,mint__Technology_Mapping__Cycle__Cycle_fromMINT,Technology_Mapping/Cycle/Cycle_fromMINT.json,/home/student/Desktop/Neptune_2026/Microfluidics-Benchmarks/Results/MINT_TestCases/Technology_Mapping/Cycle/Cycle_fromMINT.json,tree,success,,,1.019,0.766213,0,,,,,,,,True,,,,/home/student/Desktop/Neptune_2026/Microfluidics-Benchmarks/Results/tree_full_20260918_100349/artifacts/mint__Technology_Mapping__Cycle__Cycle_fromMINT/result.json,,Microfluidics-Benchmarks/Results/tree_full_20260918_100349/logs/mint__Technology_Mapping__Cycle__Cycle_fromMINT.log,Microfluidics-Benchmarks/Results/tree_full_20260918_100349/artifacts/mint__Technology_Mapping__Cycle__Cycle_fromMINT
410,mint,mint__Technology_Mapping__Instance_Mapping__Instance_Mapping_fromMINT,Technology_Mapping/Instance_Mapping/Instance_Mapping_fromMINT.json,/home/student/Desktop/Neptune_2026/Microfluidics-Benchmarks/Results/MINT_TestCases/Technology_Mapping/Instance_Mapping/Instance_Mapping_fromMINT.json,tree,success,,,0.968,0.708243,0,,,,,,,,True,,,,/home/student/Desktop/Neptune_2026/Microfluidics-Benchmarks/Results/tree_full_20260918_100349/artifacts/mint__Technology_Mapping__Instance_Mapping__Instance_Mapping_fromMINT/result.json,,Microfluidics-Benchmarks/Results/tree_full_20260918_100349/logs/mint__Technology_Mapping__Instance_Mapping__Instance_Mapping_fromMINT.log,Microfluidics-Benchmarks/Results/tree_full_20260918_100349/artifacts/mint__Technology_Mapping__Instance_Mapping__Instance_Mapping_fromMINT
411,mint,mint__Technology_Mapping__N_Greater_M_Map__N_Greater_M_Map_fromMINT,Technology_Mapping/N_Greater_M_Map/N_Greater_M_Map_fromMINT.json,/home/student/Desktop/Neptune_2026/Microfluidics-Benchmarks/Results/MINT_TestCases/Technology_Mapping/N_Greater_M_Map/N_Greater_M_Map_fromMINT.json,tree,success,,,1.119,0.878383,0,,,,,,,,True,,,,/home/student/Desktop/Neptune_2026/Microfluidics-Benchmarks/Results/tree_full_20260918_100349/artifacts/mint__Technology_Mapping__N_Greater_M_Map__N_Greater_M_Map_fromMINT/result.json,,Microfluidics-Benchmarks/Results/tree_full_20260918_100349/logs/mint__Technology_Mapping__N_Greater_M_Map__N_Greater_M_Map_fromMINT.log,Microfluidics-Benchmarks/Results/tree_full_20260918_100349/artifacts/mint__Technology_Mapping__N_Greater_M_Map__N_Greater_M_Map_fromMINT
412,mint,mint__Technology_Mapping__N_Less_M_Map__N_Less_M_Map_fromMINT,Technology_Mapping/N_Less_M_Map/N_Less_M_Map_fromMINT.json,/home/student/Desktop/Neptune_2026/Microfluidics-Benchmarks/Results/MINT_TestCases/Technology_Mapping/N_Less_M_Map/N_Less_M_Map_fromMINT.json,tree,success,,,1.119,0.879042,0,,,,,,,,True,,,,/home/student/Desktop/Neptune_2026/Microfluidics-Benchmarks/Results/tree_full_20260918_100349/artifacts/mint__Technology_Mapping__N_Less_M_Map__N_Less_M_Map_fromMINT/result.json,,Microfluidics-Benchmarks/Results/tree_full_20260918_100349/logs/mint__Technology_Mapping__N_Less_M_Map__N_Less_M_Map_fromMINT.log,Microfluidics-Benchmarks/Results/tree_full_20260918_100349/artifacts/mint__Technology_Mapping__N_Less_M_Map__N_Less_M_Map_fromMINT
413,mint,mint__Technology_Mapping__One_To_One_Mapping__One_To_One_Mapping_fromMINT,Technology_Mapping/One_To_One_Mapping/One_To_One_Mapping_fromMINT.json,/home/student/Desktop/Neptune_2026/Microfluidics-Benchmarks/Results/MINT_TestCases/Technology_Mapping/One_To_One_Mapping/One_To_One_Mapping_fromMINT.json,tree,success,,,0.918,0.707425,0,,,,,,,,True,,,,/home/student/Desktop/Neptune_2026/Microfluidics-Benchmarks/Results/tree_full_20260918_100349/artifacts/mint__Technology_Mapping__One_To_One_Mapping__One_To_One_Mapping_fromMINT/result.json,,Microfluidics-Benchmarks/Results/tree_full_20260918_100349/logs/mint__Technology_Mapping__One_To_One_Mapping__One_To_One_Mapping_fromMINT.log,Microfluidics-Benchmarks/Results/tree_full_20260918_100349/artifacts/mint__Technology_Mapping__One_To_One_Mapping__One_To_One_Mapping_fromMINT
414,mint,mint__Technology_Mapping__Tree_Bus__Tree_Bus_fromMINT,Technology_Mapping/Tree_Bus/Tree_Bus_fromMINT.json,/home/student/Desktop/Neptune_2026/Microfluidics-Benchmarks/Results/MINT_TestCases/Technology_Mapping/Tree_Bus/Tree_Bus_fromMINT.json,tree,success,,,1.127,0.896099,0,,,,,,,,True,,,,/home/student/Desktop/Neptune_2026/Microfluidics-Benchmarks/Results/tree_full_20260918_100349/artifacts/mint__Technology_Mapping__Tree_Bus__Tree_Bus_fromMINT/result.json,,Microfluidics-Benchmarks/Results/tree_full_20260918_100349/logs/mint__Technology_Mapping__Tree_Bus__Tree_Bus_fromMINT.log,Microfluidics-Benchmarks/Results/tree_full_20260918_100349/artifacts/mint__Technology_Mapping__Tree_Bus__Tree_Bus_fromMINT
415,mint,mint__Technology_Mapping__Tree_Fanin_Mapping__Tree_Fanin_Mapping_fromMINT,Technology_Mapping/Tree_Fanin_Mapping/Tree_Fanin_Mapping_fromMINT.json,/home/student/Desktop/Neptune_2026/Microfluidics-Benchmarks/Results/MINT_TestCases/Technology_Mapping/Tree_Fanin_Mapping/Tree_Fanin_Mapping_fromMINT.json,tree,success,,,1.17,0.920548,0,,,,,,,,True,,,,/home/student/Desktop/Neptune_2026/Microfluidics-Benchmarks/Results/tree_full_20260918_100349/artifacts/mint__Technology_Mapping__Tree_Fanin_Mapping__Tree_Fanin_Mapping_fromMINT/result.json,,Microfluidics-Benchmarks/Results/tree_full_20260918_100349/logs/mint__Technology_Mapping__Tree_Fanin_Mapping__Tree_Fanin_Mapping_fromMINT.log,Microfluidics-Benchmarks/Results/tree_full_20260918_100349/artifacts/mint__Technology_Mapping__Tree_Fanin_Mapping__Tree_Fanin_Mapping_fromMINT
416,mint,mint__Technology_Mapping__Tree_Fanout_Mapping_1__Tree_Fanout_Mapping_1_fromMINT,Technology_Mapping/Tree_Fanout_Mapping_1/Tree_Fanout_Mapping_1_fromMINT.json,/home/student/Desktop/Neptune_2026/Microfluidics-Benchmarks/Results/MINT_TestCases/Technology_Mapping/Tree_Fanout_Mapping_1/Tree_Fanout_Mapping_1_fromMINT.json,tree,success,,,1.118,0.897715,0,,,,,,,,True,,,,/home/student/Desktop/Neptune_2026/Microfluidics-Benchmarks/Results/tree_full_20260918_100349/artifacts/mint__Technology_Mapping__Tree_Fanout_Mapping_1__Tree_Fanout_Mapping_1_fromMINT/result.json,,Microfluidics-Benchmarks/Results/tree_full_20260918_100349/logs/mint__Technology_Mapping__Tree_Fanout_Mapping_1__Tree_Fanout_Mapping_1_fromMINT.log,Microfluidics-Benchmarks/Results/tree_full_20260918_100349/artifacts/mint__Technology_Mapping__Tree_Fanout_Mapping_1__Tree_Fanout_Mapping_1_fromMINT
417,mint,mint__Technology_Mapping__Tree_Fanout_Mapping_2__Tree_Fanout_Mapping_2_fromMINT,Technology_Mapping/Tree_Fanout_Mapping_2/Tree_Fanout_Mapping_2_fromMINT.json,/home/student/Desktop/Neptune_2026/Microfluidics-Benchmarks/Results/MINT_TestCases/Technology_Mapping/Tree_Fanout_Mapping_2/Tree_Fanout_Mapping_2_fromMINT.json,tree,success,,,1.118,0.892888,0,,,,,,,,True,,,,/home/student/Desktop/Neptune_2026/Microfluidics-Benchmarks/Results/tree_full_20260918_100349/artifacts/mint__Technology_Mapping__Tree_Fanout_Mapping_2__Tree_Fanout_Mapping_2_fromMINT/result.json,,Microfluidics-Benchmarks/Results/tree_full_20260918_100349/logs/mint__Technology_Mapping__Tree_Fanout_Mapping_2__Tree_Fanout_Mapping_2_fromMINT.log,Microfluidics-Benchmarks/Results/tree_full_20260918_100349/artifacts/mint__Technology_Mapping__Tree_Fanout_Mapping_2__Tree_Fanout_Mapping_2_fromMINT
418,mint,mint__Technology_Mapping__Tree_Fanout_Mapping_3__Tree_Fanout_Mapping_3_fromMINT,Technology_Mapping/Tree_Fanout_Mapping_3/Tree_Fanout_Mapping_3_fromMINT.json,/home/student/Desktop/Neptune_2026/Microfluidics-Benchmarks/Results/MINT_TestCases/Technology_Mapping/Tree_Fanout_Mapping_3/Tree_Fanout_Mapping_3_fromMINT.json,tree,success,,,1.118,0.899842,0,,,,,,,,True,,,,/home/student/Desktop/Neptune_2026/Microfluidics-Benchmarks/Results/tree_full_20260918_100349/artifacts/mint__Technology_Mapping__Tree_Fanout_Mapping_3__Tree_Fanout_Mapping_3_fromMINT/result.json,,Microfluidics-Benchmarks/Results/tree_full_20260918_100349/logs/mint__Technology_Mapping__Tree_Fanout_Mapping_3__Tree_Fanout_Mapping_3_fromMINT.log,Microfluidics-Benchmarks/Results/tree_full_20260918_100349/artifacts/mint__Technology_Mapping__Tree_Fanout_Mapping_3__Tree_Fanout_Mapping_3_fromMINT
419,mint,mint__Technology_Mapping__Tree_Storage_Bus_Mapping__Tree_Storage_Bus_Mapping_fromMINT,Technology_Mapping/Tree_Storage_Bus_Mapping/Tree_Storage_Bus_Mapping_fromMINT.json,/home/student/Desktop/Neptune_2026/Microfluidics-Benchmarks/Results/MINT_TestCases/Technology_Mapping/Tree_Storage_Bus_Mapping/Tree_Storage_Bus_Mapping_fromMINT.json,tree,success,,,1.37,1.122356,0,,,,,,,,True,,,,/home/student/Desktop/Neptune_2026/Microfluidics-Benchmarks/Results/tree_full_20260918_100349/artifacts/mint__Technology_Mapping__Tree_Storage_Bus_Mapping__Tree_Storage_Bus_Mapping_fromMINT/result.json,,Microfluidics-Benchmarks/Results/tree_full_20260918_100349/logs/mint__Technology_Mapping__Tree_Storage_Bus_Mapping__Tree_Storage_Bus_Mapping_fromMINT.log,Microfluidics-Benchmarks/Results/tree_full_20260918_100349/artifacts/mint__Technology_Mapping__Tree_Storage_Bus_Mapping__Tree_Storage_Bus_Mapping_fromMINT
420,mint,mint__Transport_Networks__Distribute_Network_Examples__Distribute_Network_Examples_fromMINT,Transport_Networks/Distribute_Network_Examples/Distribute_Network_Examples_fromMINT.json,/home/student/Desktop/Neptune_2026/Microfluidics-Benchmarks/Results/MINT_TestCases/Transport_Networks/Distribute_Network_Examples/Distribute_Network_Examples_fromMINT.json,tree,success,,,3.826,3.565114,0,,,,,,,,True,,,,/home/student/Desktop/Neptune_2026/Microfluidics-Benchmarks/Results/tree_full_20260918_100349/artifacts/mint__Transport_Networks__Distribute_Network_Examples__Distribute_Network_Examples_fromMINT/result.json,,Microfluidics-Benchmarks/Results/tree_full_20260918_100349/logs/mint__Transport_Networks__Distribute_Network_Examples__Distribute_Network_Examples_fromMINT.log,Microfluidics-Benchmarks/Results/tree_full_20260918_100349/artifacts/mint__Transport_Networks__Distribute_Network_Examples__Distribute_Network_Examples_fromMINT
421,mint,mint__Transport_Networks__One_To_8__One_To_8_fromMINT,Transport_Networks/One_To_8/One_To_8_fromMINT.json,/home/student/Desktop/Neptune_2026/Microfluidics-Benchmarks/Results/MINT_TestCases/Transport_Networks/One_To_8/One_To_8_fromMINT.json,tree,success,,,3.776,3.566311,0,,,,,,,,True,,,,/home/student/Desktop/Neptune_2026/Microfluidics-Benchmarks/Results/tree_full_20260918_100349/artifacts/mint__Transport_Networks__One_To_8__One_To_8_fromMINT/result.json,,Microfluidics-Benchmarks/Results/tree_full_20260918_100349/logs/mint__Transport_Networks__One_To_8__One_To_8_fromMINT.log,Microfluidics-Benchmarks/Results/tree_full_20260918_100349/artifacts/mint__Transport_Networks__One_To_8__One_To_8_fromMINT
422,mint,mint__Transport_Networks__One_To_One__One_To_One_fromMINT,Transport_Networks/One_To_One/One_To_One_fromMINT.json,/home/student/Desktop/Neptune_2026/Microfluidics-Benchmarks/Results/MINT_TestCases/Transport_Networks/One_To_One/One_To_One_fromMINT.json,tree,success,,,0.968,0.727936,0,,,,,,,,True,,,,/home/student/Desktop/Neptune_2026/Microfluidics-Benchmarks/Results/tree_full_20260918_100349/artifacts/mint__Transport_Networks__One_To_One__One_To_One_fromMINT/result.json,,Microfluidics-Benchmarks/Results/tree_full_20260918_100349/logs/mint__Transport_Networks__One_To_One__One_To_One_fromMINT.log,Microfluidics-Benchmarks/Results/tree_full_20260918_100349/artifacts/mint__Transport_Networks__One_To_One__One_To_One_fromMINT
423,quick,quick__diy_with_mixer_demo__diy_with_mixer_demo_fromLFR,diy_with_mixer_demo/diy_with_mixer_demo_fromLFR.json,/home/student/Desktop/Neptune_2026/Microfluidics-Benchmarks/Results/Quick_Examples/diy_with_mixer_demo/diy_with_mixer_demo_fromLFR.json,tree,success,,,0.968,0.747105,0,,,,,,,,True,,,,/home/student/Desktop/Neptune_2026/Microfluidics-Benchmarks/Results/tree_full_20260918_100349/artifacts/quick__diy_with_mixer_demo__diy_with_mixer_demo_fromLFR/result.json,,Microfluidics-Benchmarks/Results/tree_full_20260918_100349/logs/quick__diy_with_mixer_demo__diy_with_mixer_demo_fromLFR.log,Microfluidics-Benchmarks/Results/tree_full_20260918_100349/artifacts/quick__diy_with_mixer_demo__diy_with_mixer_demo_fromLFR
424,quick,quick__DIYcomponent__DIYcomponent_fromLFR,DIYcomponent/DIYcomponent_fromLFR.json,/home/student/Desktop/Neptune_2026/Microfluidics-Benchmarks/Results/Quick_Examples/DIYcomponent/DIYcomponent_fromLFR.json,tree,success,,,0.974,0.712009,0,,,,,,,,True,,,,/home/student/Desktop/Neptune_2026/Microfluidics-Benchmarks/Results/tree_full_20260918_100349/artifacts/quick__DIYcomponent__DIYcomponent_fromLFR/result.json,,Microfluidics-Benchmarks/Results/tree_full_20260918_100349/logs/quick__DIYcomponent__DIYcomponent_fromLFR.log,Microfluidics-Benchmarks/Results/tree_full_20260918_100349/artifacts/quick__DIYcomponent__DIYcomponent_fromLFR
425,quick,quick__droplet_generator__droplet_generator_fromLFR,droplet_generator/droplet_generator_fromLFR.json,/home/student/Desktop/Neptune_2026/Microfluidics-Benchmarks/Results/Quick_Examples/droplet_generator/droplet_generator_fromLFR.json,tree,success,,,0.969,0.745611,0,,,,,,,,True,,,,/home/student/Desktop/Neptune_2026/Microfluidics-Benchmarks/Results/tree_full_20260918_100349/artifacts/quick__droplet_generator__droplet_generator_fromLFR/result.json,,Microfluidics-Benchmarks/Results/tree_full_20260918_100349/logs/quick__droplet_generator__droplet_generator_fromLFR.log,Microfluidics-Benchmarks/Results/tree_full_20260918_100349/artifacts/quick__droplet_generator__droplet_generator_fromLFR
426,quick,quick__flow_and_control_demo__flow_and_control_demo_fromLFR,flow_and_control_demo/flow_and_control_demo_fromLFR.json,/home/student/Desktop/Neptune_2026/Microfluidics-Benchmarks/Results/Quick_Examples/flow_and_control_demo/flow_and_control_demo_fromLFR.json,tree,success,,,1.37,1.119659,0,,,,,,,,True,,,,/home/student/Desktop/Neptune_2026/Microfluidics-Benchmarks/Results/tree_full_20260918_100349/artifacts/quick__flow_and_control_demo__flow_and_control_demo_fromLFR/result.json,,Microfluidics-Benchmarks/Results/tree_full_20260918_100349/logs/quick__flow_and_control_demo__flow_and_control_demo_fromLFR.log,Microfluidics-Benchmarks/Results/tree_full_20260918_100349/artifacts/quick__flow_and_control_demo__flow_and_control_demo_fromLFR
427,quick,quick__flow_and_control_demo__flow_and_control_demo_fromMINT,flow_and_control_demo/flow_and_control_demo_fromMINT.json,/home/student/Desktop/Neptune_2026/Microfluidics-Benchmarks/Results/Quick_Examples/flow_and_control_demo/flow_and_control_demo_fromMINT.json,tree,success,,,1.271,1.048766,0,,,,,,,,True,,,,/home/student/Desktop/Neptune_2026/Microfluidics-Benchmarks/Results/tree_full_20260918_100349/artifacts/quick__flow_and_control_demo__flow_and_control_demo_fromMINT/result.json,,Microfluidics-Benchmarks/Results/tree_full_20260918_100349/logs/quick__flow_and_control_demo__flow_and_control_demo_fromMINT.log,Microfluidics-Benchmarks/Results/tree_full_20260918_100349/artifacts/quick__flow_and_control_demo__flow_and_control_demo_fromMINT
428,quick,quick__flow_only_demo__flow_only_demo_fromLFR,flow_only_demo/flow_only_demo_fromLFR.json,/home/student/Desktop/Neptune_2026/Microfluidics-Benchmarks/Results/Quick_Examples/flow_only_demo/flow_only_demo_fromLFR.json,tree,success,,,0.968,0.726293,0,,,,,,,,True,,,,/home/student/Desktop/Neptune_2026/Microfluidics-Benchmarks/Results/tree_full_20260918_100349/artifacts/quick__flow_only_demo__flow_only_demo_fromLFR/result.json,,Microfluidics-Benchmarks/Results/tree_full_20260918_100349/logs/quick__flow_only_demo__flow_only_demo_fromLFR.log,Microfluidics-Benchmarks/Results/tree_full_20260918_100349/artifacts/quick__flow_only_demo__flow_only_demo_fromLFR
429,quick,quick__flow_only_demo__flow_only_demo_fromMINT,flow_only_demo/flow_only_demo_fromMINT.json,/home/student/Desktop/Neptune_2026/Microfluidics-Benchmarks/Results/Quick_Examples/flow_only_demo/flow_only_demo_fromMINT.json,tree,success,,,0.976,0.73068,0,,,,,,,,True,,,,/home/student/Desktop/Neptune_2026/Microfluidics-Benchmarks/Results/tree_full_20260918_100349/artifacts/quick__flow_only_demo__flow_only_demo_fromMINT/result.json,,Microfluidics-Benchmarks/Results/tree_full_20260918_100349/logs/quick__flow_only_demo__flow_only_demo_fromMINT.log,Microfluidics-Benchmarks/Results/tree_full_20260918_100349/artifacts/quick__flow_only_demo__flow_only_demo_fromMINT
430,quick,quick__import_droplet_reaction__import_droplet_reaction_fromLFR,import_droplet_reaction/import_droplet_reaction_fromLFR.json,/home/student/Desktop/Neptune_2026/Microfluidics-Benchmarks/Results/Quick_Examples/import_droplet_reaction/import_droplet_reaction_fromLFR.json,tree,success,,,2.021,1.796285,0,,,,,,,,True,,,,/home/student/Desktop/Neptune_2026/Microfluidics-Benchmarks/Results/tree_full_20260918_100349/artifacts/quick__import_droplet_reaction__import_droplet_reaction_fromLFR/result.json,,Microfluidics-Benchmarks/Results/tree_full_20260918_100349/logs/quick__import_droplet_reaction__import_droplet_reaction_fromLFR.log,Microfluidics-Benchmarks/Results/tree_full_20260918_100349/artifacts/quick__import_droplet_reaction__import_droplet_reaction_fromLFR
431,quick,quick__import_mixer_and_incubator__import_mixer_and_incubator_fromLFR,import_mixer_and_incubator/import_mixer_and_incubator_fromLFR.json,/home/student/Desktop/Neptune_2026/Microfluidics-Benchmarks/Results/Quick_Examples/import_mixer_and_incubator/import_mixer_and_incubator_fromLFR.json,tree,success,,,0.967,0.746858,0,,,,,,,,True,,,,/home/student/Desktop/Neptune_2026/Microfluidics-Benchmarks/Results/tree_full_20260918_100349/artifacts/quick__import_mixer_and_incubator__import_mixer_and_incubator_fromLFR/result.json,,Microfluidics-Benchmarks/Results/tree_full_20260918_100349/logs/quick__import_mixer_and_incubator__import_mixer_and_incubator_fromLFR.log,Microfluidics-Benchmarks/Results/tree_full_20260918_100349/artifacts/quick__import_mixer_and_incubator__import_mixer_and_incubator_fromLFR
432,quick,quick__import_parallel_premix__import_parallel_premix_fromLFR,import_parallel_premix/import_parallel_premix_fromLFR.json,/home/student/Desktop/Neptune_2026/Microfluidics-Benchmarks/Results/Quick_Examples/import_parallel_premix/import_parallel_premix_fromLFR.json,tree,success,,,1.068,0.837856,0,,,,,,,,True,,,,/home/student/Desktop/Neptune_2026/Microfluidics-Benchmarks/Results/tree_full_20260918_100349/artifacts/quick__import_parallel_premix__import_parallel_premix_fromLFR/result.json,,Microfluidics-Benchmarks/Results/tree_full_20260918_100349/logs/quick__import_parallel_premix__import_parallel_premix_fromLFR.log,Microfluidics-Benchmarks/Results/tree_full_20260918_100349/artifacts/quick__import_parallel_premix__import_parallel_premix_fromLFR
433,quick,quick__incubator__incubator_fromLFR,incubator/incubator_fromLFR.json,/home/student/Desktop/Neptune_2026/Microfluidics-Benchmarks/Results/Quick_Examples/incubator/incubator_fromLFR.json,tree,success,,,0.968,0.708965,0,,,,,,,,True,,,,/home/student/Desktop/Neptune_2026/Microfluidics-Benchmarks/Results/tree_full_20260918_100349/artifacts/quick__incubator__incubator_fromLFR/result.json,,Microfluidics-Benchmarks/Results/tree_full_20260918_100349/logs/quick__incubator__incubator_fromLFR.log,Microfluidics-Benchmarks/Results/tree_full_20260918_100349/artifacts/quick__incubator__incubator_fromLFR
434,quick,quick__mixer_3to1__mixer_3to1_fromLFR,mixer_3to1/mixer_3to1_fromLFR.json,/home/student/Desktop/Neptune_2026/Microfluidics-Benchmarks/Results/Quick_Examples/mixer_3to1/mixer_3to1_fromLFR.json,tree,success,,,1.019,0.765495,0,,,,,,,,True,,,,/home/student/Desktop/Neptune_2026/Microfluidics-Benchmarks/Results/tree_full_20260918_100349/artifacts/quick__mixer_3to1__mixer_3to1_fromLFR/result.json,,Microfluidics-Benchmarks/Results/tree_full_20260918_100349/logs/quick__mixer_3to1__mixer_3to1_fromLFR.log,Microfluidics-Benchmarks/Results/tree_full_20260918_100349/artifacts/quick__mixer_3to1__mixer_3to1_fromLFR
435,quick,quick__mux1to4__mux1to4_fromLFR,mux1to4/mux1to4_fromLFR.json,/home/student/Desktop/Neptune_2026/Microfluidics-Benchmarks/Results/Quick_Examples/mux1to4/mux1to4_fromLFR.json,tree,success,,,1.319,1.101252,0,,,,,,,,True,,,,/home/student/Desktop/Neptune_2026/Microfluidics-Benchmarks/Results/tree_full_20260918_100349/artifacts/quick__mux1to4__mux1to4_fromLFR/result.json,,Microfluidics-Benchmarks/Results/tree_full_20260918_100349/logs/quick__mux1to4__mux1to4_fromLFR.log,Microfluidics-Benchmarks/Results/tree_full_20260918_100349/artifacts/quick__mux1to4__mux1to4_fromLFR
436,quick,quick__mux4to1__mux4to1_fromLFR,mux4to1/mux4to1_fromLFR.json,/home/student/Desktop/Neptune_2026/Microfluidics-Benchmarks/Results/Quick_Examples/mux4to1/mux4to1_fromLFR.json,tree,success,,,1.371,1.138318,0,,,,,,,,True,,,,/home/student/Desktop/Neptune_2026/Microfluidics-Benchmarks/Results/tree_full_20260918_100349/artifacts/quick__mux4to1__mux4to1_fromLFR/result.json,,Microfluidics-Benchmarks/Results/tree_full_20260918_100349/logs/quick__mux4to1__mux4to1_fromLFR.log,Microfluidics-Benchmarks/Results/tree_full_20260918_100349/artifacts/quick__mux4to1__mux4to1_fromLFR
437,quick,quick__test_device__test_device_fromLFR,test_device/test_device_fromLFR.json,/home/student/Desktop/Neptune_2026/Microfluidics-Benchmarks/Results/Quick_Examples/test_device/test_device_fromLFR.json,tree,success,,,16.165,15.923123,0,,,,,,,,True,,,,/home/student/Desktop/Neptune_2026/Microfluidics-Benchmarks/Results/tree_full_20260918_100349/artifacts/quick__test_device__test_device_fromLFR/result.json,,Microfluidics-Benchmarks/Results/tree_full_20260918_100349/logs/quick__test_device__test_device_fromLFR.log,Microfluidics-Benchmarks/Results/tree_full_20260918_100349/artifacts/quick__test_device__test_device_fromLFR
438,quick,quick__test_device_MUX4to1__test_device_MUX4to1_fromLFR,test_device_MUX4to1/test_device_MUX4to1_fromLFR.json,/home/student/Desktop/Neptune_2026/Microfluidics-Benchmarks/Results/Quick_Examples/test_device_MUX4to1/test_device_MUX4to1_fromLFR.json,tree,success,,,1.419,1.184858,0,,,,,,,,True,,,,/home/student/Desktop/Neptune_2026/Microfluidics-Benchmarks/Results/tree_full_20260918_100349/artifacts/quick__test_device_MUX4to1__test_device_MUX4to1_fromLFR/result.json,,Microfluidics-Benchmarks/Results/tree_full_20260918_100349/logs/quick__test_device_MUX4to1__test_device_MUX4to1_fromLFR.log,Microfluidics-Benchmarks/Results/tree_full_20260918_100349/artifacts/quick__test_device_MUX4to1__test_device_MUX4to1_fromLFR
439,quick,quick__test_device_two_MUX4to1__test_device_two_MUX4to1_fromLFR,test_device_two_MUX4to1/test_device_two_MUX4to1_fromLFR.json,/home/student/Desktop/Neptune_2026/Microfluidics-Benchmarks/Results/Quick_Examples/test_device_two_MUX4to1/test_device_two_MUX4to1_fromLFR.json,tree,success,,,5.984,5.737303,0,,,,,,,,True,,,,/home/student/Desktop/Neptune_2026/Microfluidics-Benchmarks/Results/tree_full_20260918_100349/artifacts/quick__test_device_two_MUX4to1__test_device_two_MUX4to1_fromLFR/result.json,,Microfluidics-Benchmarks/Results/tree_full_20260918_100349/logs/quick__test_device_two_MUX4to1__test_device_two_MUX4to1_fromLFR.log,Microfluidics-Benchmarks/Results/tree_full_20260918_100349/artifacts/quick__test_device_two_MUX4to1__test_device_two_MUX4to1_fromLFR
440,quick,quick__test_DIY_crossing__test_DIY_crossing_fromLFR,test_DIY_crossing/test_DIY_crossing_fromLFR.json,/home/student/Desktop/Neptune_2026/Microfluidics-Benchmarks/Results/Quick_Examples/test_DIY_crossing/test_DIY_crossing_fromLFR.json,tree,success,,,0.968,0.748354,0,,,,,,,,True,,,,/home/student/Desktop/Neptune_2026/Microfluidics-Benchmarks/Results/tree_full_20260918_100349/artifacts/quick__test_DIY_crossing__test_DIY_crossing_fromLFR/result.json,,Microfluidics-Benchmarks/Results/tree_full_20260918_100349/logs/quick__test_DIY_crossing__test_DIY_crossing_fromLFR.log,Microfluidics-Benchmarks/Results/tree_full_20260918_100349/artifacts/quick__test_DIY_crossing__test_DIY_crossing_fromLFR
441,quick,quick__test_DIY_fork__test_DIY_fork_fromLFR,test_DIY_fork/test_DIY_fork_fromLFR.json,/home/student/Desktop/Neptune_2026/Microfluidics-Benchmarks/Results/Quick_Examples/test_DIY_fork/test_DIY_fork_fromLFR.json,tree,success,,,0.968,0.728687,0,,,,,,,,True,,,,/home/student/Desktop/Neptune_2026/Microfluidics-Benchmarks/Results/tree_full_20260918_100349/artifacts/quick__test_DIY_fork__test_DIY_fork_fromLFR/result.json,,Microfluidics-Benchmarks/Results/tree_full_20260918_100349/logs/quick__test_DIY_fork__test_DIY_fork_fromLFR.log,Microfluidics-Benchmarks/Results/tree_full_20260918_100349/artifacts/quick__test_DIY_fork__test_DIY_fork_fromLFR
442,quick,quick__three_in_mixer__three_in_mixer_fromLFR,three_in_mixer/three_in_mixer_fromLFR.json,/home/student/Desktop/Neptune_2026/Microfluidics-Benchmarks/Results/Quick_Examples/three_in_mixer/three_in_mixer_fromLFR.json,tree,success,,,0.967,0.759898,0,,,,,,,,True,,,,/home/student/Desktop/Neptune_2026/Microfluidics-Benchmarks/Results/tree_full_20260918_100349/artifacts/quick__three_in_mixer__three_in_mixer_fromLFR/result.json,,Microfluidics-Benchmarks/Results/tree_full_20260918_100349/logs/quick__three_in_mixer__three_in_mixer_fromLFR.log,Microfluidics-Benchmarks/Results/tree_full_20260918_100349/artifacts/quick__three_in_mixer__three_in_mixer_fromLFR
443,quick,quick__two_in_mixer__two_in_mixer_fromLFR,two_in_mixer/two_in_mixer_fromLFR.json,/home/student/Desktop/Neptune_2026/Microfluidics-Benchmarks/Results/Quick_Examples/two_in_mixer/two_in_mixer_fromLFR.json,tree,success,,,0.968,0.724825,0,,,,,,,,True,,,,/home/student/Desktop/Neptune_2026/Microfluidics-Benchmarks/Results/tree_full_20260918_100349/artifacts/quick__two_in_mixer__two_in_mixer_fromLFR/result.json,,Microfluidics-Benchmarks/Results/tree_full_20260918_100349/logs/quick__two_in_mixer__two_in_mixer_fromLFR.log,Microfluidics-Benchmarks/Results/tree_full_20260918_100349/artifacts/quick__two_in_mixer__two_in_mixer_fromLFR
